{"type": "FeatureCollection", "features": [{"type": "Feature", "properties": {"rank": 1, "name": "Kennedy Expressway, Irving Park", "area_m2": 43574, "volume_m3": 79431, "max_depth_m": 3.48}, "geometry": {"type": "Polygon", "coordinates": [[[-87.72071608362715, 41.948784454781126], [-87.72070147575042, 41.94748758568491], [-87.7206894118961, 41.94748766141253], [-87.72068931045757, 41.94747865537609], [-87.7206772466049, 41.94747873110241], [-87.72067714516811, 41.947469725065915], [-87.7206650813171, 41.947469800790955], [-87.72066497988205, 41.94746079475442], [-87.72064085218328, 41.94746094620065], [-87.72064075075167, 41.94745194016405], [-87.72062868690392, 41.94745201588525], [-87.72062858547406, 41.947443009848605], [-87.72061652162796, 41.9474430855685], [-87.72061642019985, 41.94743407953183], [-87.72059229251089, 41.94743423096778], [-87.72059219108621, 41.947425224931045], [-87.72058012724337, 41.9474253006471], [-87.72058002582044, 41.94741629461033], [-87.72056796197923, 41.94741637032509], [-87.72056786055803, 41.947407364288274], [-87.72054373287891, 41.94740751571394], [-87.72054363146115, 41.947398509677065], [-87.72053156762321, 41.947398585387965], [-87.72053146620722, 41.94738957935106], [-87.72051940237093, 41.947389655060675], [-87.72051930095667, 41.94738064902372], [-87.72049517328735, 41.94738080043911], [-87.72049507187653, 41.9473717944021], [-87.7204830080435, 41.947371870107865], [-87.72048290663443, 41.947362864070826], [-87.7204587789716, 41.9473630154785], [-87.72045867756599, 41.94735400944138], [-87.7204466137362, 41.94735408514332], [-87.72044651233232, 41.94734507910616], [-87.7204344485042, 41.947345154806776], [-87.72043434710204, 41.9473361487696], [-87.72041021944905, 41.94733630016699], [-87.72041011805035, 41.94732729412975], [-87.72039805422548, 41.947327369826525], [-87.72039795282853, 41.94731836378924], [-87.72037382518205, 41.947318515178935], [-87.72037372378854, 41.94730950914158], [-87.72036165996693, 41.94730958483451], [-87.72036155857515, 41.947300578797126], [-87.72034949475518, 41.94730065448876], [-87.72034939336515, 41.947291648451326], [-87.72032526572849, 41.94729179983076], [-87.72032516434192, 41.94728279379326], [-87.72030103670845, 41.947282945167565], [-87.7203009353253, 41.94727393913002], [-87.7202888715102, 41.94727401481524], [-87.7202887701288, 41.94726500877766], [-87.72026464250186, 41.94726516014426], [-87.7202645411239, 41.94725615410662], [-87.72025247731206, 41.94725622978799], [-87.72025237593584, 41.9472472237503], [-87.72022824831541, 41.94724737510921], [-87.72022814694265, 41.94723836907145], [-87.72021608313405, 41.947238444748976], [-87.72021598176302, 41.94722943871119], [-87.72019185414909, 41.9472295900624], [-87.72019175278152, 41.94722058402454], [-87.7201676251708, 41.94722073537063], [-87.72016752380665, 41.94721172933271], [-87.72010720478758, 41.947212107675625], [-87.72010730614323, 41.94722111371365], [-87.72009524233758, 41.94722118937846], [-87.72009534369158, 41.947230195416495], [-87.72003502465414, 41.947230573721626], [-87.7200349233086, 41.94722156768347], [-87.71999873189067, 41.94722179465126], [-87.71999863055031, 41.947212788613015], [-87.71997450294151, 41.947212939918494], [-87.71997440160457, 41.94720393388018], [-87.71995027399899, 41.947204085180545], [-87.71995017266549, 41.94719507914218], [-87.71992604506312, 41.94719523043742], [-87.71992594373306, 41.947186224399], [-87.7199018161339, 41.94718637568913], [-87.71990171480729, 41.94717736965063], [-87.71987758721134, 41.94717752093565], [-87.71987809382789, 41.94722255112819], [-87.71986603002136, 41.94722262676891], [-87.71986653663059, 41.947267656961216], [-87.71987860044561, 41.94726758132038], [-87.71987880309302, 41.94728559339715], [-87.71989086691138, 41.94728551775499], [-87.71989096823685, 41.94729452379334], [-87.71986684059668, 41.94729467507643], [-87.7198667392746, 41.947285669038045], [-87.71984261163763, 41.94728582031602], [-87.719842510319, 41.94727681427756], [-87.71981838268523, 41.94727696555042], [-87.71981828137004, 41.94726795951191], [-87.7198062175548, 41.947268035146415], [-87.71980611624134, 41.94725902910787], [-87.71979405242774, 41.94725910474108], [-87.71979395111603, 41.94725009870249], [-87.71978188730408, 41.947250174334414], [-87.71978178599412, 41.947241168295776], [-87.71976972218383, 41.94724124392641], [-87.71976962087561, 41.94723223788775], [-87.71975755706696, 41.947232313517084], [-87.71975745576049, 41.94722330747839], [-87.71973332814646, 41.94722345873321], [-87.71973322684342, 41.947214452694446], [-87.71972116303803, 41.94721452831993], [-87.71972106173675, 41.94720552228112], [-87.719708997933, 41.947205597905324], [-87.71970889663346, 41.94719659186648], [-87.71969683283137, 41.94719666748939], [-87.71969673153356, 41.947187661450506], [-87.71968466773313, 41.94718773707212], [-87.71968456643708, 41.94717873103321], [-87.71967250263829, 41.94717880665354], [-87.71967240134398, 41.947169800614574], [-87.71966033754684, 41.94716987623361], [-87.71966023625428, 41.94716087019461], [-87.71964817245879, 41.94716094581236], [-87.71964807116797, 41.94715193977333], [-87.71963600737413, 41.947152015389776], [-87.71963590608506, 41.947143009350704], [-87.71962384229288, 41.947143084965866], [-87.71962374100553, 41.94713407892676], [-87.71961167721501, 41.94713415454063], [-87.71961157592942, 41.94712514850147], [-87.71959951214055, 41.94712522411406], [-87.71959941085669, 41.94711621807488], [-87.71958734706946, 41.94711629368616], [-87.71958724578737, 41.94710728764693], [-87.71957518200179, 41.94710736325693], [-87.71957508072144, 41.94709835721767], [-87.7195630169375, 41.94709843282637], [-87.7195629156589, 41.94708942678708], [-87.71955085187662, 41.94708950239449], [-87.71955075059974, 41.947080496355156], [-87.71953868681912, 41.94708057196128], [-87.71953858554399, 41.9470715659219], [-87.71952652176503, 41.947071641526726], [-87.71952642049165, 41.94706263548732], [-87.71951435671433, 41.947062711090865], [-87.71951425544268, 41.947053705051395], [-87.719502191667, 41.947053780653654], [-87.71950209039711, 41.94704477461417], [-87.7194900266231, 41.94704485021512], [-87.71948982408684, 41.94702683813606], [-87.71947776031617, 41.947026913735705], [-87.7194776590498, 41.947017907696114], [-87.7194655952808, 41.947017983294465], [-87.71946549401616, 41.947008977254846], [-87.7194534302488, 41.9470090528519], [-87.7194532277231, 41.94699104077258], [-87.71944116395909, 41.946991116368324], [-87.719441062698, 41.94698211032862], [-87.71942899893564, 41.94698218592306], [-87.7194288976763, 41.94697317988332], [-87.71941683391559, 41.946973255476486], [-87.71941673265799, 41.9469642494367], [-87.71940466889893, 41.946964325028574], [-87.71940446638726, 41.94694631294891], [-87.71939240263156, 41.94694638853947], [-87.7193923013775, 41.94693738249958], [-87.71938023762343, 41.94693745808885], [-87.71938013637111, 41.946928452048944], [-87.7193680726187, 41.94692852763691], [-87.71936797136811, 41.94691952159696], [-87.71935590761737, 41.94691959718364], [-87.71935580636853, 41.946910591143656], [-87.71934374261943, 41.946910666729046], [-87.71934364137233, 41.946901660689015], [-87.71933157762489, 41.94690173627312], [-87.71933137513425, 41.94688372419297], [-87.71931931139014, 41.94688379977576], [-87.71931921014658, 41.94687479373564], [-87.71930714640412, 41.94687486931713], [-87.71930704516231, 41.946865863276976], [-87.71929498142151, 41.94686593885718], [-87.71929488018145, 41.94685693281698], [-87.71928281644229, 41.946857008395895], [-87.71928271520396, 41.946848002355665], [-87.71927065146647, 41.94684807793329], [-87.71927044899334, 41.94683006585272], [-87.71925838525921, 41.946830141429025], [-87.71925828402442, 41.9468211353887], [-87.71924622029192, 41.94682121096371], [-87.71924611905887, 41.94681220492337], [-87.71923405532803, 41.946812280497085], [-87.71923395409672, 41.946803274456684], [-87.71922189036752, 41.94680335002912], [-87.71922168790844, 41.94678533794823], [-87.7192096241826, 41.94678541351935], [-87.71920952295483, 41.94677640747886], [-87.71919745923064, 41.94677648304869], [-87.71919735800462, 41.94676747700815], [-87.71918529428207, 41.94676755257669], [-87.71918519305778, 41.94675854653613], [-87.7191731293369, 41.946758622103374], [-87.71917292689186, 41.946740610022154], [-87.71916086317432, 41.94674068558809], [-87.71916076195356, 41.94673167954741], [-87.71914869823769, 41.94673175511205], [-87.71914859701867, 41.946722749071355], [-87.71913653330444, 41.946722824634705], [-87.71913643208718, 41.94671381859397], [-87.7191243683746, 41.94671389415603], [-87.71912426715907, 41.946704888115256], [-87.71911220344812, 41.94670496367602], [-87.71911200102063, 41.946686951594394], [-87.71909993731305, 41.946687027153835], [-87.71909983610107, 41.94667802111299], [-87.71908777239513, 41.94667809667114], [-87.71908767118488, 41.94666909063023], [-87.71907560748059, 41.94666916618711], [-87.7190755062721, 41.946660160146166], [-87.71906344256946, 41.94666023570174], [-87.71906334136271, 41.94665122966075], [-87.71905127766172, 41.94665130521504], [-87.71905107525176, 41.946633293133], [-87.71903901155412, 41.946633368685966], [-87.7190389103509, 41.946624362644904], [-87.71902684665493, 41.94662443819659], [-87.71902674545345, 41.946615432155475], [-87.71901468175912, 41.946615507705864], [-87.7190144793597, 41.94659749562357], [-87.71900241566873, 41.94659757117264], [-87.71900231447079, 41.946588565131435], [-87.71899025078145, 41.946588640679224], [-87.71899014958525, 41.94657963463799], [-87.71897808589758, 41.94657971018449], [-87.71897798470312, 41.94657070414321], [-87.71895385733102, 41.946570855232345], [-87.71895375614, 41.94656184919101], [-87.71894169245559, 41.94656192473366], [-87.71894159126632, 41.94655291869229], [-87.71892952758354, 41.94655299423363], [-87.71892942639602, 41.946543988192225], [-87.7189173627149, 41.94654406373228], [-87.71891716034338, 41.94652605164937], [-87.71890509666562, 41.94652612718813], [-87.71890479311378, 41.94649910906358], [-87.71889272944105, 41.946499184600974], [-87.7188926282589, 41.946490178559415], [-87.71888056458783, 41.94649025409552], [-87.71888036222705, 41.9464722420123], [-87.71886829855933, 41.9464723175471], [-87.71886809620213, 41.946454305463774], [-87.71885603253776, 41.94645438099726], [-87.71885583018414, 41.94643636891382], [-87.71884376652311, 41.94643644444599], [-87.71884336182323, 41.94640042027885], [-87.71883129816895, 41.94640049580966], [-87.71883119699578, 41.94639148976782], [-87.71881913334315, 41.94639156529733], [-87.71881882982905, 41.94636454717163], [-87.71880676618146, 41.94636462269981], [-87.71880666501188, 41.946355616657875], [-87.71879460136596, 41.94635569218476], [-87.71879439903032, 41.94633768010077], [-87.71878233538774, 41.946337755626345], [-87.7187821330557, 41.94631974354225], [-87.71877006941645, 41.9463198190665], [-87.71876976592384, 41.94629280094018], [-87.71875770228964, 41.9462928764631], [-87.71875749996485, 41.946274864378765], [-87.71874543633402, 41.946274939900384], [-87.7187452340128, 41.94625692781593], [-87.7187331703853, 41.94625700333623], [-87.71873306922647, 41.94624799729396], [-87.71872100560063, 41.94624807281295], [-87.71872090444354, 41.94623906677066], [-87.71870884081935, 41.94623914228837], [-87.718708739664, 41.946230136246015], [-87.71869667604145, 41.94623021176243], [-87.71869647373428, 41.94621219967766], [-87.7186844101151, 41.94621227519277], [-87.7186842078115, 41.9461942631079], [-87.71867214419566, 41.94619433862167], [-87.71867184074571, 41.94616732049419], [-87.71865977713493, 41.94616739600665], [-87.71865957483858, 41.946149383921515], [-87.71864751123114, 41.94614945943266], [-87.71864730893837, 41.94613144734744], [-87.71863524533428, 41.94613152285726], [-87.7186350430451, 41.94611351077192], [-87.71862297944436, 41.94611358628043], [-87.71862267601603, 41.94608656815226], [-87.71861061242033, 41.94608664365943], [-87.71861041013841, 41.94606863157387], [-87.71859834654606, 41.94606870707971], [-87.7185981442677, 41.94605069499405], [-87.7185860806787, 41.94605077049858], [-87.71858577726661, 41.946023752369896], [-87.71857371368266, 41.946023827873105], [-87.71857330914065, 41.94598780370122], [-87.71858537271783, 41.945987728198126], [-87.71858527158074, 41.94597872215515], [-87.71859733515615, 41.945978646650794], [-87.71859723401741, 41.94596964060783], [-87.71860929759109, 41.945969565102246], [-87.71860889302981, 41.94593354093031], [-87.71859682946294, 41.9459336164358], [-87.71859652604756, 41.945906598306635], [-87.71858446248572, 41.94590667381079], [-87.71858405793931, 41.945870649638266], [-87.7185719943842, 41.945870725141056], [-87.71857179211469, 41.94585271305466], [-87.71855972856294, 41.94585278855614], [-87.71855932403122, 41.945816764383096], [-87.71854726048623, 41.94581683988321], [-87.71854705822405, 41.945798827796544], [-87.71853499468239, 41.94579890329535], [-87.71853479242378, 41.94578089120857], [-87.71852272888547, 41.94578096670605], [-87.71852262775795, 41.945771960662626], [-87.71851056422128, 41.94577203615882], [-87.71851036196975, 41.945754024071874], [-87.71849829843643, 41.945754099566756], [-87.71849819731244, 41.94574509352324], [-87.71848613378079, 41.945745169016824], [-87.71848593153632, 41.94572715692969], [-87.718473868008, 41.94572723242197], [-87.71847346352641, 41.94569120824744], [-87.71846140000486, 41.94569128373835], [-87.71846109664924, 41.94566426560724], [-87.71844903313271, 41.94566434109682], [-87.71844883089926, 41.94564632900929], [-87.7184367673861, 41.945646404497545], [-87.71843656515622, 41.94562839240991], [-87.7184245016464, 41.94562846789686], [-87.71842440053322, 41.94561946185299], [-87.71841233702507, 41.945619537338644], [-87.71841213480226, 41.94560152525083], [-87.71840007129744, 41.945601600735166], [-87.7183998690782, 41.945583588647246], [-87.71838780557674, 41.945583664130275], [-87.71838750225334, 41.9455566459982], [-87.71837543875691, 41.945556721479896], [-87.71837513543902, 41.94552970334763], [-87.71836307194764, 41.945529778827975], [-87.71836286973934, 41.945511766739685], [-87.71835080625131, 41.945511842218714], [-87.71835050294429, 41.945484824086094], [-87.7183384394613, 41.94548489956379], [-87.7183381361598, 41.94545788143097], [-87.71832607268186, 41.945457956907326], [-87.71832587048448, 41.94543994481866], [-87.71831380700988, 41.945440020293695], [-87.71831350371924, 41.94541300216052], [-87.71830144024972, 41.94541307763423], [-87.71830113696458, 41.94538605950084], [-87.71828907350009, 41.945386134973205], [-87.71828877022048, 41.945359116839626], [-87.71827670676103, 41.94535919231066], [-87.71827650457824, 41.94534118022148], [-87.71826444112214, 41.9453412556912], [-87.71826423894294, 41.945323243601926], [-87.71825217549018, 41.945323319070326], [-87.71825197331457, 41.94530530698094], [-87.71823990986516, 41.94530538244802], [-87.71823960660716, 41.94527836431376], [-87.7182275431628, 41.9452784397795], [-87.71822734099442, 41.94526042768988], [-87.71821527755341, 41.945260503154316], [-87.71821507538861, 41.94524249106458], [-87.71820301195095, 41.945242566527696], [-87.7182027087092, 41.94521554839293], [-87.7181906452766, 41.9452156238547], [-87.71819034204034, 41.945188605719736], [-87.71817827861277, 41.94518868118017], [-87.7181780764589, 41.94517066909008], [-87.71816601303469, 41.945170744549195], [-87.71816570980931, 41.94514372641387], [-87.71815364639015, 41.94514380187165], [-87.71815354531681, 41.94513479582649], [-87.7181414818993, 41.94513487128298], [-87.7181409765418, 41.945089841056856], [-87.71812891313272, 41.94508991651196], [-87.71812871099344, 41.945071904421354], [-87.7181166475877, 41.945071979875145], [-87.71811644545201, 41.94505396778443], [-87.71810438204963, 41.945054043236915], [-87.71810407885151, 41.945027025100664], [-87.71809201545418, 41.94502710055181], [-87.71809181332573, 41.94500908846086], [-87.71807974993175, 41.94500916391069], [-87.71807944674451, 41.944982145774084], [-87.71806738335557, 41.94498222122257], [-87.71806728229494, 41.944973215176994], [-87.71805521890766, 41.94497329062418], [-87.71805501678995, 41.944955278532916], [-87.71804295340601, 41.94495535397879], [-87.71804275129188, 41.944937341887425], [-87.7180306879113, 41.94493741733199], [-87.71803048580074, 41.94491940524053], [-87.7180184224235, 41.94491948068378], [-87.71801822031652, 41.944901468592185], [-87.71800615694264, 41.94490154403413], [-87.71800595483924, 41.94488353194245], [-87.7179938914687, 41.944883607383076], [-87.71799368936888, 41.94486559529129], [-87.71798162600169, 41.944865670730586], [-87.71798142390546, 41.94484765863869], [-87.7179693605416, 41.94484773407669], [-87.71796915844895, 41.944829721984696], [-87.71795709508847, 41.94482979742136], [-87.71795699404389, 41.94482079137533], [-87.71794493068505, 41.94482086681073], [-87.71794472859946, 41.944802854718546], [-87.71793266524396, 41.94480293015261], [-87.71793246316194, 41.944784918060336], [-87.7179203998098, 41.94478499349308], [-87.71792019773136, 41.94476698140071], [-87.71790813438257, 41.94476705683214], [-87.71790783127037, 41.94474003869338], [-87.7178957679266, 41.94474011412348], [-87.71789556585543, 41.94472210203086], [-87.71788350251502, 41.94472217745964], [-87.71788330044743, 41.94470416536691], [-87.71787123711037, 41.94470424079439], [-87.71787103504634, 41.944686228701556], [-87.71785897171264, 41.94468630412771], [-87.71785866862204, 41.94465928598827], [-87.71784660529337, 41.944659361413095], [-87.7178464032366, 41.94464134932003], [-87.71783433991129, 41.94464142474354], [-87.71783413785812, 41.94462341265035], [-87.71782207453614, 41.94462348807254], [-87.7178217714618, 41.9445964699326], [-87.71780970814488, 41.94459654535345], [-87.71780950609893, 41.94457853326004], [-87.71779744278537, 41.94457860867957], [-87.71779724074301, 41.944560596586044], [-87.71778517743279, 41.944560672004265], [-87.71778487437467, 41.94453365386382], [-87.71777281106951, 41.9445337292807], [-87.7177726090344, 41.94451571718694], [-87.71776054573257, 41.94451579260251], [-87.71776034370104, 41.94449778050865], [-87.71774828040256, 41.944497855922904], [-87.7177479773607, 41.94447083778192], [-87.71773591406728, 41.94447091319484], [-87.717735712043, 41.94445290110074], [-87.71772364875291, 41.94445297651234], [-87.71772344673221, 41.94443496441813], [-87.71771138344548, 41.94443503982843], [-87.71771118142836, 41.94441702773411], [-87.71769911814498, 41.94441710314308], [-87.71769891613143, 41.944399091048666], [-87.71768685285139, 41.94439916645633], [-87.71768665084142, 41.9443811543618], [-87.71767458756473, 41.94438122976814], [-87.71767438555835, 41.94436321767351], [-87.71766232228501, 41.94436329307854], [-87.71766201928087, 41.94433627493642], [-87.71764995601258, 41.94433635034011], [-87.71764975401344, 41.94431833824524], [-87.71763769074852, 41.944318413647615], [-87.71763748875294, 41.944300401552645], [-87.71762542549136, 41.94430047695371], [-87.71762522349937, 41.94428246485864], [-87.71761316024113, 41.94428254025837], [-87.7176130592469, 41.944273534210794], [-87.71760099599032, 41.94427360960925], [-87.71760109698285, 41.94428261565686], [-87.7175890337245, 41.94428269105408], [-87.7175898416528, 41.944354739434594], [-87.71757777838083, 41.94435481483074], [-87.71757798035996, 41.944372826925765], [-87.71756591708456, 41.94437290232069], [-87.71756611906048, 41.94439091441572], [-87.71755405578163, 41.944390989809406], [-87.71755415676797, 41.944399995856934], [-87.71753003020675, 41.94440014664057], [-87.71752992922382, 41.944391140593], [-87.71750580266581, 41.94439129137152], [-87.71750570168629, 41.9443822853239], [-87.71749363840892, 41.94438236071123], [-87.71749353743117, 41.94437335466356], [-87.71745734760385, 41.94437358081789], [-87.71745724663124, 41.94436457477015], [-87.71744518335707, 41.944364650152366], [-87.7174450823862, 41.944355644104576], [-87.71742095584112, 41.94435579486517], [-87.71742075390631, 41.94433778276945], [-87.71740869063709, 41.944337858147804], [-87.71740858967145, 41.9443288520999], [-87.71739652640389, 41.94432892747697], [-87.71739642543999, 41.94431992142901], [-87.71738436217407, 41.94431999680478], [-87.71738426121192, 41.9443109907568], [-87.71737219794767, 41.94431106613128], [-87.71737239986862, 41.94432907822726], [-87.71738446313628, 41.94432900285274], [-87.71738486698554, 41.94436502704445], [-87.71739693025994, 41.94436495166857], [-87.71739703122408, 41.94437395771643], [-87.71738496794798, 41.94437403309233], [-87.71738506891046, 41.944383039140206], [-87.71739713218825, 41.944382963764276], [-87.71739733411675, 41.94440097585994], [-87.71738527083556, 41.94440105123593], [-87.71738537179817, 41.94441005728375], [-87.71739743508105, 41.944409981907754], [-87.71739763700982, 41.94442799400332], [-87.71738557372355, 41.94442806937937], [-87.71738587661196, 41.9444550875227], [-87.71737381332053, 41.94445516289755], [-87.71737401524297, 41.944473174993064], [-87.71736195194812, 41.9444732503667], [-87.71736185098857, 41.94446424431893], [-87.71734978769535, 41.944464319691264], [-87.71734968673758, 41.94445531364345], [-87.71732556015442, 41.944455464384276], [-87.71732545920004, 41.94444645833641], [-87.7173133959101, 41.9444465337049], [-87.71731329495748, 41.94443752765697], [-87.71730123166918, 41.94443760302417], [-87.71730113071831, 41.94442859697621], [-87.71728906743166, 41.94442867234213], [-87.71728896648253, 41.94441966629413], [-87.71727690319754, 41.94441974165875], [-87.71727700414498, 41.944428747706766], [-87.71728906743166, 41.94442867234213], [-87.71728937027933, 41.944455690486016], [-87.71730143357107, 41.94445561512005], [-87.7173018373754, 41.944491639311586], [-87.71731390067387, 41.94449156394425], [-87.7173141025797, 41.94450957603989], [-87.71732616588153, 41.94450950067124], [-87.71732646874572, 41.94453651881454], [-87.7173385320526, 41.94453644344454], [-87.7173388349223, 41.94456346158763], [-87.71735089823422, 41.94456338621629], [-87.71735110015098, 41.94458139831158], [-87.71736316346626, 41.94458132293892], [-87.71736346634681, 41.944608341081654], [-87.71737552966714, 41.944608265707664], [-87.71737573159115, 41.9446262778027], [-87.71738779491481, 41.94462620242741], [-87.71738809780626, 41.944653220569776], [-87.71740016113496, 41.94465314519314], [-87.71740046403193, 41.94468016333531], [-87.71741252736568, 41.94468008795734], [-87.71741283026815, 41.94470710609931], [-87.71742489360695, 41.94470703072], [-87.71742519651492, 41.94473404886177], [-87.71743725985877, 41.944733973481114], [-87.71743746180104, 41.944751985575515], [-87.71744952514824, 41.944751910193546], [-87.71744972709409, 41.94476992228785], [-87.71746179044464, 41.944769846904556], [-87.71746209336885, 41.9447968650458], [-87.71747415672444, 41.94479678966119], [-87.71747445965416, 41.944823807802244], [-87.7174865230148, 41.944823732416296], [-87.71748692692853, 41.94485975660406], [-87.7174748635611, 41.94485983199012], [-87.71747506551483, 41.944877844083976], [-87.71746300214397, 41.944877919468816], [-87.71746310311921, 41.944886925515746], [-87.7174510397466, 41.94488700089933], [-87.7174507368261, 41.94485998275843], [-87.71743867345852, 41.94486005814068], [-87.7174388754021, 41.94487807023467], [-87.71742681203106, 41.94487814561571], [-87.71742691300122, 41.944887151662705], [-87.71741484962847, 41.9448872270425], [-87.71741474866002, 41.94487822099548], [-87.71740268528892, 41.94487829637398], [-87.71740248335554, 41.94486028427985], [-87.71739041998778, 41.94486035965702], [-87.71739031902287, 41.94485135360991], [-87.71737825565677, 41.94485142898581], [-87.71737805373044, 41.94483341689148], [-87.7173659903677, 41.94483349226606], [-87.71736568748368, 41.94480647412441], [-87.71735362412596, 41.94480654949765], [-87.71735342220691, 41.94478853740309], [-87.71734135885254, 41.944788612775014], [-87.71734115693707, 41.94477060068036], [-87.71732909358606, 41.944770676050965], [-87.71732889167414, 41.944752663956216], [-87.7173168283265, 41.94475273932551], [-87.71731652546408, 41.944725721183175], [-87.71730446212148, 41.944725796551126], [-87.71730426021682, 41.94470778445613], [-87.71729219687755, 41.94470785982277], [-87.71729199497648, 41.944689847727666], [-87.71727993164056, 41.944689923092994], [-87.7172796287944, 41.94466290495014], [-87.71726756546353, 41.94466298031413], [-87.7172673635697, 41.94464496821879], [-87.71725530024217, 41.94464504358146], [-87.71725509835194, 41.944627031486], [-87.71724303502776, 41.94462710684737], [-87.7172428331411, 41.944609094751804], [-87.71723076982028, 41.94460917011186], [-87.71723046699572, 41.944582151968355], [-87.71721840367994, 41.94458222732706], [-87.71721820180052, 41.94456421523125], [-87.7172061384881, 41.94456429058865], [-87.71720593661227, 41.944546278492744], [-87.71719387330317, 41.94454635384883], [-87.71719367143093, 41.94452834175281], [-87.7171816081252, 41.944528417107584], [-87.71718130532226, 41.9445013989634], [-87.71716924202157, 41.94450147431684], [-87.71716904015656, 41.94448346222059], [-87.71715697685921, 41.9444835375727], [-87.7171567749978, 41.94446552547634], [-87.71714471170381, 41.94446560082715], [-87.71714450984597, 41.94444758873069], [-87.71713244655533, 41.94444766408018], [-87.71713224470106, 41.94442965198361], [-87.71712018141376, 41.94442972733177], [-87.71712088789263, 41.944492769669644], [-87.7171088245934, 41.94449284501671], [-87.71710902644152, 41.94451085711315], [-87.71709696313886, 41.944510932458996], [-87.7170972659063, 41.94453795060364], [-87.7170852025985, 41.944538025948304], [-87.71708530351937, 41.9445470319965], [-87.71707324020983, 41.9445471073399], [-87.71707334112905, 41.944556113388124], [-87.71703715119506, 41.9445563394108], [-87.71703705028092, 41.94454733336251], [-87.71701292366143, 41.94454748403791], [-87.71701282275073, 41.94453847798957], [-87.71698869613445, 41.944538628659856], [-87.71698859522719, 41.944529622611434], [-87.71696446861412, 41.944529773276614], [-87.71696436771032, 41.94452076722815], [-87.7169523044054, 41.9445208425588], [-87.71695220350334, 41.94451183651029], [-87.71694014020008, 41.944511911839655], [-87.71694003929976, 41.94450290579111], [-87.71692797599815, 41.94450298111919], [-87.71692787509959, 41.9444939750706], [-87.71691581179961, 41.944494050397395], [-87.7169157109028, 41.94448504434877], [-87.71690364760448, 41.94448511967426], [-87.71690354670939, 41.944476113625605], [-87.71689148341274, 41.94447618894981], [-87.71689138251939, 41.94446718290111], [-87.71687931922439, 41.94446725822402], [-87.71687942011603, 41.944476264272744], [-87.7168673568193, 41.94447633959442], [-87.71686725592934, 41.94446733354567], [-87.71685519263424, 41.944467408866046], [-87.71685549529916, 41.94449442701231], [-87.71684343199891, 41.9444945023315], [-87.71684333111227, 41.944485496282745], [-87.71683126781369, 41.94448557160063], [-87.71683116692878, 41.944476565551824], [-87.71679497703785, 41.94447679149783], [-87.71679487615808, 41.94446778544893], [-87.7167828128627, 41.94446786076172], [-87.71678271198468, 41.944458854712785], [-87.71677064869097, 41.944458930024275], [-87.71677054781469, 41.9444499239753], [-87.71675848452261, 41.944449999285496], [-87.7167587871465, 41.944477017432426], [-87.71677085044367, 41.944476942122165], [-87.71677135482622, 41.94452197236663], [-87.71675929152057, 41.94452204767702], [-87.7167590897708, 41.94450403557923], [-87.71674702646851, 41.944504110888296], [-87.71674692559539, 41.944495104839355], [-87.71673486229474, 41.94449518014713], [-87.71673466055205, 41.944477168049154], [-87.71672259725476, 41.944477243355614], [-87.71672300073355, 41.9445132675516], [-87.71673506403762, 41.94451319224504], [-87.71673546752395, 41.944549216440706], [-87.71674753083478, 41.94454914113279], [-87.71674783345509, 41.944576159279315], [-87.71675989677097, 41.944576083970055], [-87.71676030027214, 41.944612108165124], [-87.71677236359477, 41.94461203285451], [-87.71677256534903, 41.94463004495191], [-87.71678462867501, 41.94462996963997], [-87.71678483043284, 41.94464798173727], [-87.71679689376217, 41.94464790642401], [-87.71679709552359, 41.94466591852121], [-87.71680915885625, 41.944665843206636], [-87.71680936062127, 41.94468385530374], [-87.71682142395728, 41.94468377998786], [-87.71682162572586, 41.944701792084835], [-87.71683368906523, 41.94470171676765], [-87.71683389083739, 41.944719728864534], [-87.7168459541801, 41.94471965354602], [-87.71684625684377, 41.94474667169116], [-87.71685832019153, 41.94474659637131], [-87.71685862286071, 41.94477361451625], [-87.71687068621353, 41.944773539195076], [-87.71687078710504, 41.94478254524333], [-87.7168828504595, 41.94478246992085], [-87.71688305224606, 41.944800482017286], [-87.71689511560388, 41.94480040669348], [-87.71689531739402, 41.944818418789815], [-87.71690738075517, 41.94481834346471], [-87.7169075825489, 41.94483635556093], [-87.7169196459134, 41.94483628023451], [-87.71691994860943, 41.944863298378664], [-87.71693201197898, 41.9448632230509], [-87.71693221377996, 41.944881235146894], [-87.71694427715285, 41.94488115981782], [-87.7169443780551, 41.944890165865765], [-87.71695644142966, 41.944890090535395], [-87.71695684504593, 41.94492611472694], [-87.71696890842723, 41.94492603939522], [-87.7169690093331, 41.944935045443046], [-87.71698107271605, 41.944934970110026], [-87.71698137543906, 41.944961988253354], [-87.71699343882705, 41.94496191291899], [-87.71699364064601, 41.94497992501443], [-87.71700570403735, 41.94497984967877], [-87.71700600677123, 41.945006867821725], [-87.71701807016763, 41.945006792484705], [-87.71701827199384, 41.945024804579916], [-87.71703033539357, 41.94502472924159], [-87.71703063813833, 41.94505174738419], [-87.71704270154311, 41.94505167204453], [-87.71704300429337, 41.94507869018693], [-87.7170550677032, 41.94507861484593], [-87.71705526954034, 41.94509662694076], [-87.7170673329535, 41.94509655159844], [-87.71706753479424, 41.94511456369316], [-87.71707959821074, 41.94511448834954], [-87.71707980005505, 41.94513250044414], [-87.71709186347492, 41.945132425099196], [-87.71709216624681, 41.94515944324093], [-87.71710422967172, 41.94515936789465], [-87.71710443152327, 41.94517737998902], [-87.71711649495154, 41.945177304641426], [-87.71711669680667, 41.9451953167357], [-87.71712876023828, 41.94519524138678], [-87.71712886116761, 41.945204247433864], [-87.71714092460087, 41.94520417208366], [-87.71714102553194, 41.945213178130714], [-87.71715308896687, 41.94521310277922], [-87.71715318989969, 41.945222108826236], [-87.71717731677279, 41.94522195811939], [-87.71717741770905, 41.94523096416635], [-87.71718948114722, 41.945230888811004], [-87.71718958208523, 41.94523989485791], [-87.71720164552505, 41.94523981950128], [-87.7172017464648, 41.94524882554816], [-87.71721380990628, 41.945248750190245], [-87.71721411273089, 41.9452757683307], [-87.7172261761774, 41.94527569297144], [-87.7172263780641, 41.94529370506497], [-87.71723844151397, 41.94529362970439], [-87.71723874434944, 41.94532064784449], [-87.71725080780438, 41.94532057248258], [-87.71725100969832, 41.945338584575865], [-87.71726307315657, 41.94533850921264], [-87.71726337600293, 41.945365527352386], [-87.71727543946625, 41.94536545198782], [-87.71727574231811, 41.94539247012736], [-87.71728780578648, 41.94539239476145], [-87.71728800769134, 41.945410406854364], [-87.71730007116305, 41.94541033148715], [-87.71730047498012, 41.94544635567271], [-87.71731253845857, 41.94544628030413], [-87.71731304323944, 41.94549131053563], [-87.71732510672634, 41.94549123516566], [-87.7173253086424, 41.94550924725811], [-87.7173132451521, 41.94550932262813], [-87.71731354802145, 41.94553634076679], [-87.71732561151684, 41.9455362653967], [-87.71732591439168, 41.94556328353514], [-87.71733797789213, 41.94556320816371], [-87.7173380788522, 41.94557221420981], [-87.71735014235428, 41.94557213883709], [-87.71735034427796, 41.9455901509292], [-87.7173624077834, 41.94559007555516], [-87.717362508747, 41.94559908160117], [-87.71739869926812, 41.945598855471395], [-87.71739859829941, 41.94558984942546], [-87.71741066180466, 41.94558977404636], [-87.71741056083432, 41.94558076800043], [-87.71742262433781, 41.9455806926201], [-87.71742252336581, 41.945571686574176], [-87.71743458686758, 41.945571611192584], [-87.71743448589393, 41.945562605146684], [-87.71744654939394, 41.94556252976384], [-87.71744634744338, 41.94554451767204], [-87.71745841093995, 41.94554444228799], [-87.71745851191692, 41.94555344833388], [-87.71747057541515, 41.94555337294853], [-87.71747077737258, 41.945571385040225], [-87.71748284087417, 41.94557130965356], [-87.71748294185466, 41.94558031569935], [-87.71750706886107, 41.9455801649222], [-87.71750747279707, 41.94561618910505], [-87.717519536307, 41.94561611371448], [-87.71751973827867, 41.945634125805775], [-87.71753180179195, 41.94563405041387], [-87.7175321047549, 41.945661068550635], [-87.71754416827321, 41.945660993157404], [-87.71754437025213, 41.945679005248465], [-87.7175564337738, 41.94567892985391], [-87.71755673674762, 41.94570594799032], [-87.71756880027434, 41.945705872594424], [-87.71756900226052, 41.94572388468525], [-87.71758106579058, 41.945723809288054], [-87.71758136877529, 41.945750827424106], [-87.7175934323104, 41.94575075202557], [-87.71759363430382, 41.94576876411615], [-87.71760569784229, 41.945768688716285], [-87.71760600083786, 41.94579570685197], [-87.71761806438136, 41.94579563145078], [-87.71761826638203, 41.945813643541136], [-87.7176303299289, 41.94581356813863], [-87.71763063293535, 41.94584058627396], [-87.71764269648726, 41.94584051087011], [-87.7176429994992, 41.94586752900525], [-87.71765506305616, 41.945867453600066], [-87.71765526506776, 41.94588546569004], [-87.71766732862805, 41.945885390283536], [-87.71766753064324, 41.9459034023734], [-87.71767959420688, 41.9459033269656], [-87.71767989723509, 41.94593034510021], [-87.71769196080378, 41.945930269691054], [-87.71769226383749, 41.94595728782548], [-87.71770432741123, 41.94595721241498], [-87.71770463045046, 41.94598423054921], [-87.71771669402924, 41.94598415513737], [-87.71771689605902, 41.94600216722672], [-87.71772895964115, 41.94600209181359], [-87.71772916167451, 41.94602010390284], [-87.71774122525999, 41.946020028488384], [-87.71774152831544, 41.94604704662209], [-87.71775359190597, 41.94604697120629], [-87.71775369292627, 41.94605597725081], [-87.71776575651845, 41.946055901833724], [-87.71776605958465, 41.946082919967104], [-87.71777812318187, 41.94608284454868], [-87.71777842625359, 41.946109862681865], [-87.71779048985587, 41.94610978726211], [-87.7177906919073, 41.946127799350776], [-87.71780275551293, 41.94612772392971], [-87.71780305859552, 41.94615474206253], [-87.71781512220619, 41.94615466664012], [-87.71781532426486, 41.94617267872856], [-87.7178273878789, 41.946172603304824], [-87.71782769097236, 41.94619962143729], [-87.71783975459142, 41.946199546012224], [-87.71783995665736, 41.946217558100415], [-87.71785202027976, 41.94621748267403], [-87.71785232338411, 41.946244500806145], [-87.71786438701157, 41.94624442537842], [-87.71786458908475, 41.94626243746637], [-87.71787665271559, 41.94626236203734], [-87.7178769558308, 41.94628938016909], [-87.71788901946665, 41.946289304738706], [-87.7178892215471, 41.94630731682643], [-87.7179012851863, 41.94630724139474], [-87.7179015883124, 41.94633425952614], [-87.71791365195665, 41.94633418409311], [-87.71791395508825, 41.9463612022243], [-87.71792601873756, 41.946361126789945], [-87.71792622082891, 41.94637913887729], [-87.71793828448156, 41.94637906344161], [-87.7179384865765, 41.94639707552884], [-87.7179505502325, 41.94639700009186], [-87.71795065128174, 41.946406006135426], [-87.71796271493939, 41.94640593069714], [-87.71796281599038, 41.94641493674067], [-87.71797487964967, 41.94641486130109], [-87.71797498070241, 41.946423867344585], [-87.71798704436335, 41.94642379190372], [-87.71798734752689, 41.946450810034065], [-87.71799941119289, 41.94645073459185], [-87.71799981541838, 41.94648675876534], [-87.71801187909112, 41.94648668332177], [-87.71801218226582, 41.946513701451664], [-87.71802424594361, 41.946513626006755], [-87.7180244480637, 41.94653163809324], [-87.71803651174484, 41.94653156264702], [-87.71803681493041, 41.946558580776546], [-87.71804887861661, 41.94655850532898], [-87.71804908074395, 41.946576517415224], [-87.71806114443349, 41.946576441966336], [-87.71806124549892, 41.94658544800942], [-87.71804918180769, 41.946585523458324], [-87.71804988925516, 41.9466485657596], [-87.71806195295828, 41.94664849031053], [-87.71806215508994, 41.94666650239645], [-87.7180742187964, 41.94666642694606], [-87.71807442093164, 41.94668443903186], [-87.71808648464146, 41.94668436358017], [-87.71808678784976, 41.94671138170868], [-87.7180988515646, 41.94671130625565], [-87.7180990537071, 41.946729318341205], [-87.71811111742531, 41.94672924288685], [-87.71811131957138, 41.94674725497232], [-87.71812338329295, 41.94674717951665], [-87.71812368651749, 41.94677419764465], [-87.71813575024409, 41.946774122187655], [-87.71813595239742, 41.94679213427286], [-87.71814801612736, 41.946792058814545], [-87.71814821828427, 41.94681007089966], [-87.71816028201758, 41.946809995440034], [-87.71816048417806, 41.94682800752504], [-87.71817254791472, 41.94682793206408], [-87.71817275007878, 41.94684594414898], [-87.71818481381878, 41.94684586868672], [-87.7181850159864, 41.94686388077152], [-87.71819707972976, 41.946863805307935], [-87.71819728190098, 41.94688181739264], [-87.7182093456477, 41.94688174192775], [-87.71820954782248, 41.946899754012335], [-87.71822161157255, 41.946899678546124], [-87.7182217126617, 41.94690868458837], [-87.71823377641341, 41.946908609120875], [-87.71823397859528, 41.946926621205286], [-87.71824604235032, 41.946926545736474], [-87.71824624453576, 41.94694455782077], [-87.71825830829417, 41.94694448235064], [-87.7182585104832, 41.946962494434835], [-87.71827057424494, 41.94696241896341], [-87.71827077643755, 41.94698043104749], [-87.71828284020265, 41.94698035557474], [-87.71828294130071, 41.94698936161673], [-87.71829500506746, 41.946989286142696], [-87.71829520726713, 41.9470072982266], [-87.71830727103723, 41.94700722275124], [-87.7183074732405, 41.947025234835046], [-87.71831953701393, 41.94702515935836], [-87.71831973922077, 41.94704317144207], [-87.71833180299755, 41.94704309596408], [-87.71833200520798, 41.94706110804766], [-87.71834406898812, 41.94706103256835], [-87.71834427120211, 41.94707904465185], [-87.71835633498561, 41.94707896917123], [-87.71835653720318, 41.94709698125462], [-87.71836860099003, 41.947096905772675], [-87.71836870210058, 41.947105911814326], [-87.71838076588908, 41.9471058363311], [-87.71838096811372, 41.9471238484143], [-87.71839303190556, 41.94712377292976], [-87.71839323413379, 41.947141785012846], [-87.71840529792897, 41.947141709527], [-87.71840539904485, 41.9471507155685], [-87.7184174628417, 41.947150640081354], [-87.71841766507698, 41.94716865216426], [-87.71842972887717, 41.94716857667581], [-87.71842993111605, 41.947186588758626], [-87.71841786731245, 41.94718666424715], [-87.71841796843026, 41.94719567028854], [-87.71840590462493, 41.947195745775815], [-87.71840600574109, 41.947204751817225], [-87.71839394193401, 41.94720482730325], [-87.71839404304852, 41.94721383334468], [-87.71836991543083, 41.947213984312974], [-87.71837001654198, 41.94722299035445], [-87.71835795273137, 41.9472230658367], [-87.71835805384087, 41.94723207187818], [-87.71837011765318, 41.94723199639589], [-87.71837031987572, 41.94725000847874], [-87.71838238369136, 41.94724993299513], [-87.71838248480441, 41.94725893903652], [-87.71839454862172, 41.94725886355161], [-87.71839475085132, 41.94727687563427], [-87.71840681467198, 41.947276800148074], [-87.71840691578855, 41.94728580618935], [-87.71841897961086, 41.94728573070184], [-87.71841908072916, 41.9472947367431], [-87.71843114455312, 41.947294661254304], [-87.71843124567319, 41.94730366729552], [-87.7184433094988, 41.94730359180543], [-87.71844351174245, 41.94732160388776], [-87.71845557557141, 41.94732152839635], [-87.71845567669499, 41.94733053443749], [-87.7184677405256, 41.94733045894479], [-87.71846784165095, 41.94733946498589], [-87.7184799054832, 41.9473393894919], [-87.7184801077374, 41.947357401573974], [-87.71849217157302, 41.94735732607867], [-87.71849227270188, 41.947366332119664], [-87.71850433653916, 41.94736625662307], [-87.71850443766976, 41.94737526266403], [-87.71851650150867, 41.94737518716615], [-87.71851670377345, 41.94739319924797], [-87.7185287676157, 41.94739312374877], [-87.71852886874984, 41.94740212978963], [-87.71854093259377, 41.94740205428914], [-87.71854103372965, 41.947411060329976], [-87.71855309757522, 41.94741098482819], [-87.71855319871285, 41.94741999086898], [-87.71856526256008, 41.94741991536591], [-87.71856536369945, 41.947428921406676], [-87.71857742754833, 41.94742884590231], [-87.7185776298306, 41.947446857983714], [-87.71858969368283, 41.94744678247803], [-87.71858979482573, 41.9474557885187], [-87.71860185867962, 41.94745571301173], [-87.71860195982427, 41.94746471905235], [-87.71861402367979, 41.947464643544095], [-87.71861412482619, 41.94747364958469], [-87.71862618868337, 41.94747357407513], [-87.7186262898315, 41.947482580115675], [-87.71863835369034, 41.947482504604835], [-87.71863855599015, 41.947500516685835], [-87.71865061985233, 41.94750044117368], [-87.71865072100401, 41.94750944721414], [-87.71866278486782, 41.94750937170069], [-87.71866288602125, 41.94751837774111], [-87.71867494988673, 41.94751830222638], [-87.71867505104188, 41.94752730826676], [-87.71868711490903, 41.94752723275073], [-87.71868721606593, 41.947536238791066], [-87.71869927993471, 41.947536163273746], [-87.71869938109336, 41.94754516931405], [-87.71871144496379, 41.94754509379543], [-87.71871164728462, 41.94756310587596], [-87.71872371115842, 41.94756303035603], [-87.7187238123206, 41.947572036396245], [-87.71873587619604, 41.947571960875024], [-87.71873597735997, 41.9475809669152], [-87.71874804123705, 41.94758089139269], [-87.71874814240272, 41.94758989743281], [-87.71876020628144, 41.94758982190903], [-87.71876030744887, 41.94759882794912], [-87.71877237132925, 41.94759875242403], [-87.71877247249842, 41.94760775846409], [-87.71878453638045, 41.94760768293771], [-87.71878463755137, 41.947616688977725], [-87.71879670143505, 41.94761661345006], [-87.7187969037804, 41.947634625530014], [-87.71880896766743, 41.94763455000103], [-87.71880906884188, 41.94764355604096], [-87.71882113273055, 41.94764348051068], [-87.71882123390675, 41.94765248655057], [-87.71883329779709, 41.94765241101899], [-87.71883339897502, 41.94766141705886], [-87.71884546286701, 41.947661341526], [-87.71884556404667, 41.94767034756581], [-87.71885762794034, 41.94767027203165], [-87.71885772912174, 41.94767927807144], [-87.71886979301703, 41.94767920253599], [-87.7188698942002, 41.94768820857573], [-87.71888195809714, 41.947688133039], [-87.71888205928205, 41.9476971390787], [-87.71889412318065, 41.94769706354068], [-87.71889422436729, 41.94770606958034], [-87.71890628826753, 41.947705994041016], [-87.71890638945594, 41.94771500008065], [-87.71891845335784, 41.947714924540044], [-87.71891855454797, 41.94772393057963], [-87.71893061845152, 41.94772385503772], [-87.71893071964341, 41.94773286107728], [-87.7189427835486, 41.947732785534086], [-87.71894288474223, 41.9477417915736], [-87.71895494864908, 41.947741716029114], [-87.71895504984445, 41.9477507220686], [-87.71896711375295, 41.94775064652282], [-87.71896721495007, 41.94775965256226], [-87.71897927886023, 41.947759577015184], [-87.71897938005908, 41.94776858305459], [-87.71899144397089, 41.94776850750623], [-87.71899154517149, 41.947777513545596], [-87.71900360908495, 41.94777743799594], [-87.71900371028728, 41.947786444035266], [-87.71901577420242, 41.94778636848432], [-87.7190158754065, 41.94779537452361], [-87.71902793932325, 41.94779529897139], [-87.71902804052908, 41.94780430501063], [-87.7190401044475, 41.94780422945711], [-87.71904020565508, 41.94781323549633], [-87.71905226957514, 41.94781315994152], [-87.71905237078447, 41.94782216598067], [-87.71906443470618, 41.947822090424566], [-87.71906453591724, 41.94783109646371], [-87.71907659984062, 41.94783102090632], [-87.71907670105342, 41.9478400269454], [-87.71908876497845, 41.94783995138672], [-87.71908886619299, 41.94784895742578], [-87.7191129940463, 41.947848806304556], [-87.71911309526429, 41.94785781234355], [-87.71912515919257, 41.94785773678101], [-87.7191252604123, 41.947866742819976], [-87.71913732434223, 41.947866667256136], [-87.71913742556372, 41.94787567329506], [-87.71914948949528, 41.94787559772994], [-87.71914959071852, 41.94788460376883], [-87.71916165465174, 41.94788452820241], [-87.71916185710172, 41.94790254028007], [-87.7191739210383, 41.94790246471236], [-87.71917402226507, 41.947911470751144], [-87.7191860862033, 41.947911395182125], [-87.71918618743179, 41.94792040122087], [-87.71919825137168, 41.94792032565057], [-87.71919835260192, 41.94792933168928], [-87.71921041654346, 41.947929256117696], [-87.71921051777545, 41.94793826215636], [-87.71922258171864, 41.94793818658347], [-87.71922268295236, 41.94794719262211], [-87.71923474689721, 41.94794711704793], [-87.71923484813269, 41.94795612308653], [-87.71924691207917, 41.947956047511056], [-87.7192470133164, 41.94796505354962], [-87.71925907726454, 41.94796497797286], [-87.7192591785035, 41.94797398401138], [-87.7192712424533, 41.94797390843331], [-87.719271343694, 41.9479829144718], [-87.71928340764545, 41.94798283889246], [-87.7192835088879, 41.9479918449309], [-87.719295572841, 41.947991769350274], [-87.71929567408519, 41.94800077538868], [-87.71930773803994, 41.94800069980674], [-87.71930783928589, 41.948009705845124], [-87.7193199032423, 41.9480096302619], [-87.71932000448997, 41.948018636300226], [-87.71933206844803, 41.94801856071572], [-87.71933216969745, 41.94802756675402], [-87.71935629761681, 41.948027415581144], [-87.71935639886969, 41.94803642161937], [-87.719368462831, 41.948036346031024], [-87.7193685640856, 41.94804535206921], [-87.71938062804857, 41.94804527647956], [-87.71938072930492, 41.94805428251772], [-87.7194048572341, 41.94805413133457], [-87.71940495849391, 41.94806313737266], [-87.71941702246012, 41.94806306177916], [-87.71941712372166, 41.94807206781721], [-87.71942918768953, 41.94807199222242], [-87.71942928895281, 41.94808099826044], [-87.71944135292233, 41.94808092266436], [-87.71944145418736, 41.94808992870234], [-87.71945351815855, 41.948089853104975], [-87.71945361942531, 41.9480988591429], [-87.71946568339814, 41.94809878354424], [-87.71946578466665, 41.94810778958214], [-87.71947784864113, 41.94810771398218], [-87.7194779499114, 41.94811672002005], [-87.7195020778636, 41.948116568816296], [-87.7195021791373, 41.94812557485408], [-87.71951424311503, 41.94812549925028], [-87.71951434439048, 41.948134505288046], [-87.71952640836986, 41.94813442968296], [-87.71952650964705, 41.948143435720674], [-87.71953857362809, 41.94814336011429], [-87.71953867490701, 41.94815236615197], [-87.71955073888971, 41.9481522905443], [-87.71955084017038, 41.94816129658194], [-87.71956290415473, 41.94816122097297], [-87.71956300543715, 41.948170227010586], [-87.71957506942314, 41.94817015140032], [-87.7195751707073, 41.94817915743789], [-87.71958723469494, 41.94817908182634], [-87.71958733598086, 41.948188087863876], [-87.7196114639594, 41.94818793663691], [-87.71961156524874, 41.94819694267439], [-87.71962362923963, 41.948196867058996], [-87.71962373053074, 41.94820587309643], [-87.7196357945233, 41.94820579747974], [-87.71963589581613, 41.94821480351713], [-87.71964795981033, 41.94821472789915], [-87.71964806110492, 41.9482237339365], [-87.71966012510076, 41.948223658317225], [-87.7196602263971, 41.948232664354556], [-87.7196722903946, 41.94823258873399], [-87.71967239169267, 41.948241594771254], [-87.71969651969093, 41.948241443526264], [-87.71969662099245, 41.948250449563496], [-87.71972074899392, 41.9482502983134], [-87.71972085029888, 41.94825930435055], [-87.71974497830357, 41.948259153095336], [-87.7197451809204, 41.94827716516951], [-87.71975724492606, 41.94827708953995], [-87.71975734623626, 41.948286095577004], [-87.71976941024359, 41.948286019946146], [-87.71976951155551, 41.94829502598316], [-87.71978157556447, 41.94829495035101], [-87.71978167687816, 41.94830395638798], [-87.71979374088878, 41.94830388075455], [-87.7197938422042, 41.94831288679148], [-87.71980590621646, 41.94831281115675], [-87.71980600753363, 41.94832181719365], [-87.71983013556144, 41.948321665920346], [-87.71983023688205, 41.94833067195718], [-87.71984230089757, 41.948330596318606], [-87.71984240221992, 41.9483396023554], [-87.71985446623711, 41.94833952671552], [-87.7198545675612, 41.94834853275229], [-87.71986663158003, 41.94834845711113], [-87.71986673290587, 41.94835746314785], [-87.7198908609468, 41.948357311861685], [-87.71989096227608, 41.94836631789835], [-87.71990302629816, 41.94836624225334], [-87.71990312762918, 41.94837524828995], [-87.71992725567662, 41.94837509699608], [-87.71992735701109, 41.94838410303264], [-87.71993942103644, 41.94838402738378], [-87.71993952237266, 41.948393033420295], [-87.71995158639965, 41.94839295777015], [-87.71995168773759, 41.948401963806624], [-87.71996375176626, 41.948401888155196], [-87.71996385310594, 41.94841089419163], [-87.7199879811665, 41.9484107428849], [-87.71998808250963, 41.94841974892128], [-87.72000014654155, 41.948419673265995], [-87.72000024788643, 41.948428679302324], [-87.7200243759535, 41.9484285279879], [-87.72002447730183, 41.94843753402417], [-87.720036541337, 41.94843745836504], [-87.72003664268705, 41.948446464401265], [-87.72006077076064, 41.948446313079145], [-87.72006087211415, 41.94845531911533], [-87.72007293615258, 41.94845524345234], [-87.72007303750782, 41.94846424948849], [-87.72008510154791, 41.9484641738242], [-87.7200852029049, 41.9484731798603], [-87.72010933098831, 41.948473028527886], [-87.72010943234874, 41.94848203456393], [-87.72012149639207, 41.9484819588958], [-87.72012159775424, 41.9484909649318], [-87.72014572584418, 41.94849081359168], [-87.72014582720978, 41.94849981962763], [-87.72015789125638, 41.94849974395566], [-87.72015799262374, 41.94850874999155], [-87.72018212072018, 41.94850859864374], [-87.72018222209098, 41.94851760467959], [-87.72019428614082, 41.948517529003745], [-87.72019438751337, 41.948526535039555], [-87.72021851561632, 41.94852638368404], [-87.72021861699231, 41.94853538971977], [-87.72023068104541, 41.9485353140401], [-87.72023078242316, 41.9485443200758], [-87.7202428464779, 41.94854424439482], [-87.7202429478574, 41.94855325043049], [-87.72026707597014, 41.9485530990647], [-87.72026717735308, 41.9485621051003], [-87.72027924141108, 41.94856202941548], [-87.72027934279575, 41.94857103545104], [-87.72029140685542, 41.94857095976492], [-87.72029150824183, 41.94857996580045], [-87.7203156363644, 41.94857981442438], [-87.72031573775425, 41.94858882045984], [-87.72033986588004, 41.948588669078646], [-87.72033996727333, 41.94859767511405], [-87.72035203133785, 41.94859759942152], [-87.7203521327329, 41.948606605456895], [-87.72036419679908, 41.948606529763076], [-87.72036429819586, 41.9486155357984], [-87.72038842633145, 41.948615384406914], [-87.72038852773169, 41.948624390442184], [-87.72040059180112, 41.94862431474452], [-87.72040069320308, 41.948633320779756], [-87.7204248213452, 41.94863316938058], [-87.72042492275061, 41.94864217541575], [-87.7204369868233, 41.94864209971422], [-87.72043708823045, 41.948651105749356], [-87.72046121637909, 41.948650954342476], [-87.72046131778968, 41.94865996037754], [-87.72047338186563, 41.94865988467218], [-87.72047348327797, 41.948668890707204], [-87.7204976114331, 41.94866873929262], [-87.7204977128489, 41.948677745327586], [-87.7205097769281, 41.94867766961838], [-87.72050987834562, 41.948686675653306], [-87.72053400650728, 41.94868652423102], [-87.72053410792826, 41.94869553026589], [-87.7205461720107, 41.94869545455282], [-87.72054627343341, 41.94870446058764], [-87.72057040160159, 41.94870430915767], [-87.72057050302774, 41.94871331519244], [-87.72058256711345, 41.948713239475516], [-87.72058266854135, 41.94872224551025], [-87.72060679671604, 41.94872209407257], [-87.72060689814738, 41.948731100107224], [-87.72061896223636, 41.94873102438646], [-87.72061906366945, 41.94874003042109], [-87.72063112776006, 41.94873995469904], [-87.72063122919488, 41.948748960733624], [-87.72065535737939, 41.94874880928567], [-87.72065545881766, 41.9487578153202], [-87.72066752291154, 41.948757739594285], [-87.72066762435155, 41.94876674562878], [-87.72069175254256, 41.94876659417312], [-87.72069185398601, 41.94877560020753], [-87.72070391808316, 41.94877552447778], [-87.72070401952837, 41.94878453051218], [-87.72071608362715, 41.948784454781126]], [[-87.71678351901016, 41.94453090310381], [-87.71677145570287, 41.944530978415486], [-87.71677135482622, 41.94452197236663], [-87.71678341813181, 41.944521897054976], [-87.71678351901016, 41.94453090310381]]]}}, {"type": "Feature", "properties": {"rank": 2, "name": "West Wolfram Street, Hamlin Park", "area_m2": 60838, "volume_m3": 22674, "max_depth_m": 0.9}, "geometry": {"type": "Polygon", "coordinates": [[[-87.67818740315228, 41.936290076236546], [-87.67818606728858, 41.93616399033391], [-87.678174005459, 41.93616406157887], [-87.67817209713101, 41.935983938855514], [-87.67816003533534, 41.935984010098764], [-87.6781598445069, 41.93596599782605], [-87.67814778271457, 41.93596606906801], [-87.6781475918897, 41.935948056795205], [-87.67813553010073, 41.935948128035825], [-87.67813524386882, 41.935921109626456], [-87.6781473056527, 41.935921038385885], [-87.6781470194161, 41.93589401997645], [-87.67815908119485, 41.935893948734694], [-87.67815879495355, 41.93586693032521], [-87.67817085672716, 41.93586685908224], [-87.67816961633068, 41.93574977930653], [-87.67818167808218, 41.9357497080626], [-87.67817824311538, 41.935425487133436], [-87.67816618142494, 41.93542555837657], [-87.6781660860117, 41.93541655223935], [-87.67817814770044, 41.935416480996246], [-87.67817757521172, 41.93536244417283], [-87.67818963689022, 41.935362372928594], [-87.67818830106556, 41.935236287005566], [-87.67817623941079, 41.9352363582495], [-87.67817471279163, 41.93509226004796], [-87.67816265116397, 41.935092331290264], [-87.6781623649292, 41.935065312877], [-87.6781503033066, 41.93506538411797], [-87.67814992166764, 41.93502935956666], [-87.67813786005178, 41.935029430806274], [-87.6781375738281, 41.93500241239258], [-87.67814963543887, 41.93500234115303], [-87.67814944461992, 41.934984328877206], [-87.67816150622726, 41.93498425763644], [-87.67816121999407, 41.93495723922265], [-87.67817328159627, 41.93495716798068], [-87.67817242288376, 41.93487611273877], [-87.67816036129682, 41.93487618398053], [-87.67815950260311, 41.93479512873726], [-87.67817156417478, 41.93479505749569], [-87.67816851101585, 41.93450686106643], [-87.67815644949847, 41.934506932307286], [-87.67815520918745, 41.93438985250343], [-87.67814314769208, 41.934389923742714], [-87.6781428614726, 41.93436290532602], [-87.67815492296288, 41.9343628340868], [-87.67815482755478, 41.93435382794789], [-87.6781427660662, 41.934353899187094], [-87.67814066713623, 41.93415576412711], [-87.67812860568493, 41.93415583536455], [-87.67812841487755, 41.93413782308598], [-87.6781163534296, 41.93413789432211], [-87.6781161626258, 41.93411988204343], [-87.6781041011812, 41.934119953278255], [-87.67810391038095, 41.934101940999476], [-87.67811597182217, 41.93410186976471], [-87.6781157810187, 41.934083857485916], [-87.67812784245648, 41.934083786249914], [-87.67812698382777, 41.93400273099487], [-87.67813904525023, 41.9340026597578], [-87.6781364693395, 41.93375949398628], [-87.67812440796286, 41.93375956522274], [-87.6781233585455, 41.93366049768296], [-87.67811129718748, 41.9336605689179], [-87.67811072479043, 41.93360653207715], [-87.67812278613827, 41.933606460842334], [-87.67812249993524, 41.93357944242183], [-87.67811043859247, 41.933579513656575], [-87.6781091984059, 41.93346243383261], [-87.67809713708516, 41.93346250506579], [-87.67809503836199, 41.93326436997307], [-87.67808297707852, 41.93326444120449], [-87.6780826908957, 41.93323742278215], [-87.6780706296173, 41.93323749401224], [-87.67807043883236, 41.93321948173057], [-87.67805837755729, 41.93321955295935], [-87.67805828216659, 41.933210546818465], [-87.6780341596197, 41.93321068927219], [-87.67803396884523, 41.93319267699028], [-87.6780460301153, 41.933192605764106], [-87.67804593472641, 41.93318359962315], [-87.67805799599475, 41.93318352839573], [-87.67805780521374, 41.93316551611384], [-87.67806986647864, 41.933165444885184], [-87.67806958030236, 41.933138426462314], [-87.67808164156213, 41.93313835523246], [-87.67808106920057, 41.93308431838645], [-87.67809313045011, 41.93308424715548], [-87.67809189031674, 41.93296716732095], [-87.67810395154417, 41.932967096089], [-87.67810280679183, 41.9328590223937], [-87.67809074558474, 41.93285909362539], [-87.67809036400882, 41.93282306905975], [-87.67807830280847, 41.932823140290076], [-87.67807792124003, 41.932787115724125], [-87.67806586004643, 41.93278718695309], [-87.67806547848545, 41.932751162386815], [-87.6780534172986, 41.932751233614425], [-87.67805313113342, 41.9327242151895], [-87.6780048864059, 41.93272450008703], [-87.67800507716908, 41.93274251237052], [-87.67799301598369, 41.93274258359177], [-87.67799311136366, 41.93275158973352], [-87.67800517255073, 41.932751518512234], [-87.67800526793242, 41.93276052465394], [-87.67802939030985, 41.93276038220751], [-87.67802948569496, 41.932769388349165], [-87.6780415468853, 41.93276931712404], [-87.67804164227218, 41.932778323265644], [-87.67802958108015, 41.93277839449079], [-87.67802967646537, 41.932787400632414], [-87.67801761527159, 41.93278747185632], [-87.67801771065515, 41.93279647799795], [-87.67804183304605, 41.93279633554883], [-87.67804335924329, 41.932940433812135], [-87.67803129802073, 41.93294050503769], [-87.67803158417885, 41.93296752346172], [-87.67804364540652, 41.932967452236106], [-87.67804383618223, 41.93298546451868], [-87.67805589741323, 41.93298539329175], [-87.67805599280284, 41.93299439943298], [-87.67804393157014, 41.93299447065994], [-87.6780441223461, 41.93301248294242], [-87.67803206110995, 41.93301255416816], [-87.6780326334287, 41.9330665910154], [-87.67805675592132, 41.9330664485624], [-87.67805694670136, 41.93308446084461], [-87.67804488545168, 41.933084532071796], [-87.67804507622851, 41.93310254435398], [-87.67805713748159, 41.933102473126766], [-87.67805742365225, 41.93312949154986], [-87.67802123987765, 41.93312970522795], [-87.67802114449249, 41.93312069908686], [-87.67800908323589, 41.933120770310325], [-87.67800898785246, 41.9331117641692], [-87.67797280408753, 41.93311197783193], [-87.67797270870922, 41.93310297169072], [-87.67796064745585, 41.93310304290908], [-87.67796045670278, 41.933085030626565], [-87.67794839545274, 41.93308510184361], [-87.67794830007797, 41.93307609570232], [-87.6779362388296, 41.93307616691806], [-87.67793642957581, 41.93309417920069], [-87.67792436832401, 41.93309425041522], [-87.677924559067, 41.93311226269784], [-87.67788837530115, 41.93311247633397], [-87.67788827993472, 41.93310347019259], [-87.67787621868105, 41.9331035414021], [-87.67787602795173, 41.93308552911927], [-87.67786396670141, 41.933085600327445], [-87.67786387133849, 41.933076594185984], [-87.67785181008983, 41.933076665392875], [-87.67785171472866, 41.93306765925138], [-87.67783965348164, 41.933067730456976], [-87.67783946276283, 41.9330497181739], [-87.67782740151918, 41.93304978937819], [-87.67782730616153, 41.933040783236606], [-87.67781524491951, 41.93304085443961], [-87.67781514956361, 41.93303184829799], [-87.67782721080393, 41.93303177709502], [-87.67782682937398, 41.9329957525285], [-87.6779112580075, 41.93299525407282], [-87.67791097189986, 41.93296823564826], [-87.677935094356, 41.932968093221085], [-87.67793480823859, 41.93294107479651], [-87.67792274701563, 41.93294114601066], [-87.67792265164493, 41.932932139869095], [-87.67791059042362, 41.932932211081955], [-87.67791068579263, 41.932941217223544], [-87.67789862456956, 41.932941288435174], [-87.67789852920228, 41.93293228229355], [-87.67788646798088, 41.932932353503894], [-87.67788656334648, 41.93294135964552], [-87.67787450212334, 41.93294143085461], [-87.67787459748729, 41.932950436996265], [-87.6778504750375, 41.93295057941068], [-87.67785037967694, 41.93294157326898], [-87.67783831845367, 41.93294164447426], [-87.67783841381254, 41.932950650615986], [-87.67779016891224, 41.93295093542453], [-87.67779007356016, 41.932941929282734], [-87.67777801233669, 41.93294200048168], [-87.67777782163606, 41.93292398819799], [-87.67776576041592, 41.932924059395624], [-87.67776547437042, 41.9328970409699], [-87.67775341315533, 41.9328971121662], [-87.67775322246193, 41.93287909988227], [-87.67774116125018, 41.93287917107726], [-87.67774106590524, 41.93287016493527], [-87.67772900469515, 41.932870236128956], [-87.67772890935196, 41.93286122998691], [-87.67771684814352, 41.93286130117933], [-87.67771665746065, 41.93284328889514], [-87.67772871866569, 41.93284321770278], [-87.67772862332262, 41.932834211560696], [-87.67771656211929, 41.932834282753035], [-87.67771608541308, 41.93278925204227], [-87.67772814660793, 41.93278918085003], [-87.67772805126513, 41.93278017470785], [-87.67774011245825, 41.93278010351437], [-87.6777400171138, 41.9327710973722], [-87.67776413949652, 41.93277095498149], [-87.67776423484436, 41.932779961123614], [-87.67777629603735, 41.93277988992633], [-87.67777620068782, 41.93277088378424], [-87.67783650664364, 41.93277052777895], [-87.67783641128565, 41.932761521636934], [-87.67782435009627, 41.9327615928405], [-87.67782406402766, 41.93273457441434], [-87.67781200284331, 41.932734645616584], [-87.6778119074889, 41.93272563947448], [-87.67769129566011, 41.932726351426936], [-87.6776912003227, 41.932717345284594], [-87.67753440496082, 41.932718270633124], [-87.67753430964551, 41.93270926449048], [-87.67752224846521, 41.93270933566224], [-87.6775220578381, 41.93269132337685], [-87.67750999666117, 41.93269139454732], [-87.67750971072593, 41.93266437611905], [-87.67749764955403, 41.932664447288175], [-87.67749745893414, 41.93264643500257], [-87.67741303075341, 41.932646933150615], [-87.67741312605145, 41.93265593929358], [-87.67738900371032, 41.93265608161025], [-87.67738890841567, 41.93264707546723], [-87.67730448023218, 41.93264757353548], [-87.67730457551497, 41.93265657967865], [-87.67729251434403, 41.9326566508262], [-87.67729241906295, 41.93264764468302], [-87.67723211321608, 41.93264800040171], [-87.67723201794354, 41.93263899425838], [-87.67719583443997, 41.93263920767433], [-87.67719573917256, 41.93263020153092], [-87.67718367800632, 41.932630272667026], [-87.67718358274062, 41.93262126652359], [-87.67719564390518, 41.93262119538752], [-87.67719545337054, 41.932603183100646], [-87.6771833922094, 41.93260325423667], [-87.67718320167833, 41.93258524194969], [-87.67719526283608, 41.9325851708137], [-87.67719516756893, 41.93257616467021], [-87.67718310641287, 41.932576235806174], [-87.67718224902562, 41.93249518051392], [-87.67717018788478, 41.93249525164842], [-87.67717009262145, 41.93248624550475], [-87.67715803148226, 41.93248631663794], [-87.67715784095913, 41.93246830435049], [-87.67712165755148, 41.93246851774238], [-87.67712156229507, 41.932459511598566], [-87.67709744002649, 41.93245965385343], [-87.6770973447735, 41.932450647709565], [-87.6770249779769, 41.932451074443634], [-87.6770250732197, 41.93246008058763], [-87.67700095095041, 41.93246022282223], [-87.67700104618987, 41.93246922896627], [-87.67697692391704, 41.93246937119584], [-87.67697711438929, 41.93248738348396], [-87.6769650532494, 41.93248745459689], [-87.6769651484839, 41.93249646074094], [-87.67695308734228, 41.93249653185263], [-87.67695318257513, 41.932505537996704], [-87.67694112143177, 41.932505609107146], [-87.6769413118942, 41.932523621395276], [-87.67692925074739, 41.932523692504496], [-87.67692963166598, 41.93255971708067], [-87.67694169281955, 41.93255964597137], [-87.67694178805101, 41.93256865211535], [-87.67692972689574, 41.93256872322468], [-87.67692991735538, 41.932586735512665], [-87.67691785619665, 41.93258680662076], [-87.67691776096851, 41.932577800476764], [-87.67678508823845, 41.93257858258213], [-87.6767848978196, 41.932560570293596], [-87.67679695897372, 41.93256049919949], [-87.67679686376268, 41.93255149305522], [-87.67686923067619, 41.9325510664641], [-87.67686913545501, 41.932542060319946], [-87.67691738005637, 41.93254177590061], [-87.67691728482845, 41.93253276975655], [-87.67689316253124, 41.93253291196869], [-87.67689306730675, 41.93252390582456], [-87.67688100615977, 41.93252397692872], [-87.67688091093703, 41.932514970784545], [-87.67685678864635, 41.932515112989016], [-87.67685669342704, 41.932506106844784], [-87.67684463228333, 41.932506177945086], [-87.67684444184822, 41.932488165656544], [-87.67682031956747, 41.93248830785328], [-87.67682022435336, 41.93247930170893], [-87.67679610207583, 41.932479443900554], [-87.67679600686517, 41.93247043775616], [-87.67678394572803, 41.93247050885004], [-87.67678375531023, 41.93245249656116], [-87.67675963304262, 41.93245263874505], [-87.67675982345362, 41.932470651034016], [-87.67674776231635, 41.9324707221241], [-87.67674785752023, 41.93247972826858], [-87.67675991865919, 41.93247965717847], [-87.67676001386481, 41.932488663322935], [-87.67677207500542, 41.93248859223153], [-87.67677226542018, 41.93250660452034], [-87.67676020427616, 41.93250667561179], [-87.67676029948191, 41.93251568175621], [-87.67677236062761, 41.93251561066473], [-87.6767724558351, 41.932524616809104], [-87.67676039468769, 41.93252468790058], [-87.67676048989352, 41.93253369404497], [-87.67670018414736, 41.93253404948351], [-87.67670027934477, 41.93254305562798], [-87.6766882181937, 41.93254312671191], [-87.67668831338945, 41.9325521328564], [-87.67677274145781, 41.932551635242135], [-87.67677283666546, 41.93256064138644], [-87.67676077551128, 41.93256071247802], [-87.67676096592334, 41.93257872476665], [-87.6767489047657, 41.932578795857005], [-87.6767489999701, 41.93258780200131], [-87.67673693881073, 41.93258787309043], [-87.67673703401348, 41.93259687923475], [-87.67672497285237, 41.93259695032261], [-87.67672516325459, 41.93261496261127], [-87.67673722441909, 41.93261489152336], [-87.67673731962196, 41.93262389766763], [-87.67676144195421, 41.93262375548797], [-87.67676163236688, 41.932641767776396], [-87.67671338768861, 41.93264205213083], [-87.67671357808787, 41.93266006441938], [-87.6767015169148, 41.93266013550487], [-87.67670161211281, 41.93266914164916], [-87.67667748976315, 41.932669283816374], [-87.6766776801525, 41.932687296104966], [-87.67668974133073, 41.93268722502194], [-87.67668983652717, 41.9326962311662], [-87.67667777534723, 41.93269630224924], [-87.6766780609317, 41.932723320681994], [-87.67666599974663, 41.93272339176384], [-87.67666609493983, 41.93273239790807], [-87.67665403375302, 41.93273246898867], [-87.67665393856151, 41.93272346284441], [-87.67662981619115, 41.932723605001755], [-87.67662991137928, 41.93273261114606], [-87.67661785019233, 41.93273268222287], [-87.67661756463318, 41.93270566378983], [-87.67660550345127, 41.932705734865294], [-87.6766053130821, 41.93268772257648], [-87.67659325190357, 41.932687793650636], [-87.67659306153797, 41.93266978136174], [-87.67658100036277, 41.93266985243457], [-87.67658109554385, 41.932678858579045], [-87.67652078965872, 41.93267921392436], [-87.67652069448613, 41.93267020777978], [-87.67650863331068, 41.93267027884502], [-87.67650844296901, 41.93265226655574], [-87.67652050414107, 41.93265219549053], [-87.6765204089686, 41.9326431893459], [-87.67653247013892, 41.93264311827945], [-87.67653227979073, 41.932625105990184], [-87.67652021862379, 41.93262517705658], [-87.67651993310692, 41.93259815862248], [-87.67650787194503, 41.93259822968755], [-87.67650749126325, 41.932562205108475], [-87.67649543010812, 41.93256227617218], [-87.67649533493947, 41.93255327002735], [-87.67642296801786, 41.932553696382854], [-87.67642287285945, 41.932544690237876], [-87.6763987505553, 41.9325448323462], [-87.67639836993563, 41.93250880776598], [-87.67638630879027, 41.93250887881814], [-87.6763856427194, 41.93244583580204], [-87.67637358158589, 41.932445906852784], [-87.67637405734209, 41.932490937578756], [-87.67636199620003, 41.932491008628354], [-87.67636209134972, 41.932500014773524], [-87.67635003020592, 41.932500085821864], [-87.67635012535393, 41.932509091967056], [-87.67632600306283, 41.932509234059985], [-87.67632609820751, 41.93251824020521], [-87.67637434279634, 41.93251795601417], [-87.67637443794783, 41.93252696215928], [-87.67636237679899, 41.93252703320895], [-87.67636247194883, 41.93253603935408], [-87.67630216619553, 41.93253639458359], [-87.67630235647837, 41.932554406874], [-87.67632647878662, 41.9325542647859], [-87.67632666907645, 41.93257227707616], [-87.67631460791895, 41.9325723481209], [-87.67631470306223, 41.93258135426603], [-87.676302641903, 41.93258142530951], [-87.67630292732801, 41.9326084437449], [-87.67629086616364, 41.93260851478716], [-87.67629115158395, 41.93263553322249], [-87.67627909041445, 41.932635604263574], [-87.67627918555294, 41.93264461040867], [-87.67626712438171, 41.93264468144851], [-87.67626721951855, 41.93265368759362], [-87.67625515834557, 41.932653758632206], [-87.67625506321042, 41.93264475248707], [-87.6762430020391, 41.93264482352437], [-87.67624309717256, 41.93265382966953], [-87.67623103599949, 41.9326539007056], [-87.67623113113127, 41.93266290685075], [-87.67621906995647, 41.93266297788557], [-87.67621964073798, 41.93271701475636], [-87.67620757955295, 41.932717085790046], [-87.67620767468165, 41.93272609193516], [-87.6761956134949, 41.93272616296759], [-87.67619570862195, 41.932735169112696], [-87.67614746386766, 41.93273545322987], [-87.676147178507, 41.93270843479422], [-87.6761351173234, 41.93270850582027], [-87.6761354977976, 41.932744530401195], [-87.6760993142262, 41.93274474347204], [-87.67609940933978, 41.9327537496173], [-87.67607528695524, 41.932753891658244], [-87.67607519184506, 41.93274488551293], [-87.67606313065443, 41.93274495653149], [-87.67606332087142, 41.93276296882212], [-87.67605125967735, 41.93276303983946], [-87.67605135478422, 41.93277204598477], [-87.67606341597998, 41.93277197496742], [-87.6760635110886, 41.93278098111272], [-87.67602732749607, 41.93278119416102], [-87.67602742259963, 41.93279020030636], [-87.67601536140035, 41.932790271319945], [-87.6760156467062, 41.932817289755945], [-87.67600358550177, 41.93281736076833], [-87.67600377570251, 41.93283537305897], [-87.67599171449464, 41.93283544407014], [-87.67599180959338, 41.932844450215455], [-87.67597974838377, 41.93284452122539], [-87.67597984348086, 41.93285352737071], [-87.67596778226951, 41.93285359837938], [-87.67596787736494, 41.93286260452473], [-87.67595581615186, 41.932862675532164], [-87.67595572105813, 41.9328536693868], [-87.67593159863523, 41.93285381139782], [-87.67593169372557, 41.93286281754323], [-87.67591963251236, 41.932862888546865], [-87.67591982268976, 41.932880900837674], [-87.67589570025643, 41.932881042841224], [-87.67589560517109, 41.93287203669579], [-87.67588354395605, 41.93287210769564], [-87.67588344887245, 41.93286310155017], [-87.67585932644565, 41.93286324354604], [-87.67585913628537, 41.932845231254944], [-87.67584707507528, 41.93284530225094], [-87.67584678984029, 41.93281828381413], [-87.67583472863525, 41.93281835480879], [-87.67583463355871, 41.93280934866314], [-87.67582257235533, 41.9328094196565], [-87.67582238220575, 41.93279140736511], [-87.67585856580558, 41.932791194381345], [-87.67585847072577, 41.9327821882357], [-87.67587053192392, 41.932782117238595], [-87.67587043684246, 41.93277311109295], [-87.675858375646, 41.93277318209003], [-87.67585828056627, 41.93276417594435], [-87.67583415817661, 41.932764317934655], [-87.67583406310031, 41.93275531178892], [-87.67580994071386, 41.932755453774114], [-87.67580984564101, 41.93274644762831], [-87.67579778444943, 41.932746518619], [-87.67579768937831, 41.93273751247317], [-87.67578562818836, 41.932737583462554], [-87.675785533119, 41.93272857731668], [-87.67577347193071, 41.93272864830479], [-87.67577337686308, 41.932719642158865], [-87.67576131567645, 41.93271971314567], [-87.6757610304789, 41.932692694707804], [-87.6757489692973, 41.932692765693275], [-87.67574877916921, 41.932674753401244], [-87.67576084034741, 41.93267468241581], [-87.6757605551505, 41.932647663977725], [-87.67574849397741, 41.93264773496308], [-87.67574820878599, 41.9326207165248], [-87.67573614761793, 41.932620787508824], [-87.67573709824055, 41.93271084896951], [-87.67572503705549, 41.93271091995249], [-87.67572570248203, 41.93277396297427], [-87.67571364128504, 41.932774033956136], [-87.6757139264634, 41.93280105239389], [-87.67570186526129, 41.932801123374574], [-87.67570205537703, 41.93281913566639], [-87.67568999417146, 41.93281920664583], [-87.67568989911528, 41.93281020049992], [-87.67567783791138, 41.93281027147808], [-87.67567745769382, 41.93277424689416], [-87.67566539649667, 41.93277431787097], [-87.67566492123419, 41.93272928714066], [-87.67565286004547, 41.93272935811609], [-87.67565238479256, 41.93268432738528], [-87.67564032361227, 41.93268439835934], [-87.67564498105446, 41.93312569950674], [-87.675632919791, 41.93312577048062], [-87.67563320493882, 41.93315278891717], [-87.67559702113294, 41.93315300183141], [-87.67559721122153, 41.93317101412249], [-87.67553690486055, 41.933171368954426], [-87.67553699989644, 41.93318037510006], [-87.67551287734834, 41.933180517024006], [-87.67551297238087, 41.93318952316968], [-87.67547678855334, 41.93318973604616], [-87.67547697860833, 41.933207748337594], [-87.67548903988761, 41.933207677379976], [-87.67548913491687, 41.93321668352565], [-87.67553738004035, 41.93321639968246], [-87.67553747507645, 41.933225405828026], [-87.67552541379395, 41.93322547679074], [-87.67552550882837, 41.933234482936314], [-87.67547726369116, 41.93323476677462], [-87.67547754877437, 41.93326178521151], [-87.67550167135325, 41.93326164329476], [-87.67550176638446, 41.933270649440324], [-87.67553795025755, 41.93327043655563], [-87.6755380452939, 41.9332794427011], [-87.67556216787914, 41.9332793007716], [-87.67556207283938, 41.93327029462616], [-87.67557413413024, 41.933270223659534], [-87.67557422917169, 41.93327922980494], [-87.67559835175665, 41.93327908786784], [-87.67559854184645, 41.93329710015852], [-87.67562266443804, 41.93329695821625], [-87.67562256938973, 41.93328795207096], [-87.67563463068376, 41.93328788109795], [-87.67563472573377, 41.933296887243216], [-87.67564678702945, 41.93329681626892], [-87.67564764249676, 41.93337787157551], [-87.67565970380765, 41.93337780059975], [-87.6756599889693, 41.93340481903495], [-87.6756479276533, 41.93340489001078], [-87.67564830786264, 41.93344091459094], [-87.67566036918542, 41.93344084361502], [-87.67566084445654, 41.93348587433978], [-87.6756487831253, 41.933485945315816], [-87.67564897323065, 41.93350395760566], [-87.67566103456531, 41.93350388662959], [-87.67566217522149, 41.933611960367216], [-87.67565011386647, 41.93361203134357], [-87.67565020891973, 41.93362103748831], [-87.67566227027645, 41.933620966511924], [-87.67566341093939, 41.933729040247314], [-87.67565134956233, 41.93372911122397], [-87.67565172977791, 41.933765135802055], [-87.67566379116177, 41.93376506482533], [-87.67566673790867, 41.93404425529709], [-87.67565467647222, 41.93404432627449], [-87.67565477152758, 41.93405333241854], [-87.6755703414593, 41.93405382922515], [-87.67557043650282, 41.934062835369325], [-87.67555837506264, 41.93406290633666], [-87.6755584701045, 41.934071912480846], [-87.67553434722059, 41.93407205441176], [-87.6755344422591, 41.934081060555975], [-87.67543795070816, 41.93408162822906], [-87.67543785568321, 41.93407262208467], [-87.67542579424085, 41.93407269303808], [-87.6754256041945, 41.934054680749185], [-87.67541354275546, 41.934054751701304], [-87.67541335271268, 41.934036739412306], [-87.67543747558389, 41.93403659750692], [-87.67543738055916, 41.93402759136245], [-87.67542531912527, 41.93402766231574], [-87.6754252241023, 41.93401865617124], [-87.67541316267007, 41.93401872712326], [-87.67541306764882, 41.9340097209787], [-87.67540100621824, 41.934009791929434], [-87.67540081617926, 41.93399177964025], [-87.6754249390336, 41.93399163773763], [-87.67542474898802, 41.93397362544848], [-87.67541268756428, 41.933973696400386], [-87.67541259254324, 41.93396469025576], [-87.67538846969902, 41.93396483215573], [-87.67538837468143, 41.933955826011044], [-87.67540043610187, 41.93395575506173], [-87.67540034108262, 41.93394674891705], [-87.67542446391998, 41.933946607014654], [-87.67542427387482, 41.93392859472536], [-87.67540015104426, 41.93392873662768], [-87.67540005602515, 41.93391973048296], [-87.67538799461148, 41.9339198014322], [-87.67538780457679, 41.933901789142695], [-87.67541192739726, 41.93390164724304], [-87.67541173735594, 41.93388363495356], [-87.67539967594912, 41.93388370590397], [-87.67539958093022, 41.93387469975919], [-87.67538751952506, 41.933874770708314], [-87.6753872344737, 41.933847752273806], [-87.67537517307359, 41.93384782322161], [-87.67537469799736, 41.933802792497026], [-87.67538675938901, 41.93380272154935], [-87.6753866643722, 41.9337937154044], [-87.6753987257621, 41.93379364445548], [-87.67539844070684, 41.933766626020656], [-87.67538637932202, 41.93376669696951], [-87.67538628430539, 41.93375769082452], [-87.67537422292222, 41.93375776177209], [-87.67537412790732, 41.933748755627064], [-87.67532588238103, 41.933749039404574], [-87.67532607239731, 41.933767051694794], [-87.67531401101222, 41.93376712263605], [-87.67531477106546, 41.93383917179654], [-87.67532683246411, 41.9338391008551], [-87.67532692747264, 41.93384810700009], [-87.6753148660723, 41.93384817794154], [-87.6753149610792, 41.93385718408652], [-87.6753028996771, 41.93385725502672], [-87.67530318469296, 41.93388427346166], [-87.67531524610013, 41.93388420252139], [-87.6753153411072, 41.9338932086663], [-87.67530327969833, 41.9338932796066], [-87.67530365972024, 41.93392930418625], [-87.67529159830453, 41.93392937512537], [-87.67529235833685, 41.934001424284155], [-87.67528029690754, 41.93400149522219], [-87.67528067691795, 41.934037519801315], [-87.6752203697368, 41.93403787447292], [-87.67522046473103, 41.934046880617785], [-87.67518428041673, 41.93404709340561], [-87.67518437540592, 41.93405609955053], [-87.67516025252611, 41.93405624140279], [-87.67516034751193, 41.934065247547736], [-87.67512416318681, 41.93406546031668], [-87.67512406820606, 41.93405645417167], [-87.6750758224454, 41.93405673784579], [-87.6750757274715, 41.93404773170068], [-87.67503954315562, 41.9340479444429], [-87.67503973309331, 41.93406595673324], [-87.67501561020907, 41.93406609855515], [-87.6750155152436, 41.93405709240994], [-87.67499139236257, 41.93405723422673], [-87.67499148732465, 41.93406624037199], [-87.67490705722783, 41.934066736690994], [-87.67490715217806, 41.93407574283639], [-87.67488302928949, 41.93407588463046], [-87.67488283939582, 41.93405787233958], [-87.67487077795485, 41.934057943234656], [-87.67486982850606, 41.93396788177911], [-87.67485776708203, 41.93396795267271], [-87.67485767213908, 41.93395894652705], [-87.67480942644926, 41.93395923008871], [-87.67480952138541, 41.933968236234456], [-87.67479745996114, 41.93396830712172], [-87.67479755489565, 41.93397731326748], [-87.67478549346966, 41.93397738415349], [-87.67478663266671, 41.93408545790169], [-87.67475044832737, 41.93408567055295], [-87.67475063818397, 41.93410368284425], [-87.67476269963386, 41.93410361196172], [-87.67476279456392, 41.93411261810733], [-87.67478691746695, 41.93411247633842], [-87.67478701240044, 41.93412148248396], [-87.67479907385359, 41.93412141159758], [-87.67479916878882, 41.9341304177431], [-87.67481123024363, 41.934130346855426], [-87.67481142011765, 41.93414835914636], [-87.67487172740795, 41.934148004688794], [-87.6748718223535, 41.93415701083412], [-87.67489594527272, 41.93415686904218], [-87.67489566042602, 41.93412985060626], [-87.67523338113433, 41.93412786498886], [-87.67523328613801, 41.93411885884416], [-87.67524534758955, 41.9341187879109], [-87.67524544258757, 41.93412779405559], [-87.67528162694703, 41.934127581248156], [-87.67528172195018, 41.934136587392764], [-87.67529378340495, 41.934136516454394], [-87.67529397341475, 41.93415452874352], [-87.6752698504984, 41.93415467061907], [-87.67526994549998, 41.93416367676366], [-87.6748960402217, 41.934165875187446], [-87.67489613517074, 41.93417488133271], [-87.67487201224473, 41.934175023124745], [-87.67487210719041, 41.934184029270035], [-87.67483592279599, 41.93418424194864], [-87.67483601773662, 41.93419324809398], [-87.67482395627005, 41.93419331898434], [-87.67482414614804, 41.93421133127503], [-87.67480002320794, 41.93421147305203], [-87.67480011814361, 41.9342204791974], [-87.6747880566718, 41.93422055008403], [-87.67478853134234, 41.934265580810745], [-87.67488502318346, 41.93426501368138], [-87.67488464339266, 41.934228989100745], [-87.67490876633893, 41.934228847305924], [-87.67490867138794, 41.93421984116077], [-87.67493279433066, 41.93421969936091], [-87.67493288928503, 41.934228705506015], [-87.67499319664952, 41.93422835098411], [-87.67499329161242, 41.934237357129085], [-87.67501741456131, 41.93423721531139], [-87.67501750952766, 41.934246221456334], [-87.67504163247978, 41.934246079633525], [-87.67504153751004, 41.934237073488646], [-87.6750777219328, 41.93423686074503], [-87.675077626958, 41.9342278546002], [-87.6751741187365, 41.93422728722831], [-87.6751744037017, 41.934254305662215], [-87.67516234222445, 41.9342543765882], [-87.67516253219806, 41.93427238887744], [-87.67515047071738, 41.93427245980221], [-87.67515037573224, 41.93426345365757], [-87.6751383142532, 41.93426352458104], [-87.67513878917083, 41.93430855530419], [-87.67512672768328, 41.9343086262265], [-87.67512682266523, 41.93431763237111], [-87.67511476117593, 41.934317703292194], [-87.67511485615624, 41.934326709436796], [-87.6750907331741, 41.9343268512752], [-87.67509082815107, 41.93433585741985], [-87.67511495113658, 41.9343357155814], [-87.67511485615624, 41.934326709436796], [-87.67512691764723, 41.93432663851571], [-87.67512701262926, 41.93433564466029], [-87.67517525859961, 41.934335360963125], [-87.67517516361079, 41.934326354818644], [-87.67518722510157, 41.93432628389121], [-87.67518713011108, 41.93431727774672], [-87.67519919160013, 41.93431720681805], [-87.6751992865923, 41.93432621296251], [-87.67522340957365, 41.93432607110131], [-87.67522350456927, 41.934335077245706], [-87.67523556606157, 41.93433500631319], [-87.67523547106425, 41.93432600016881], [-87.67527165553582, 41.934325787363704], [-87.67527175053823, 41.934334793508015], [-87.67529587352244, 41.934334651631566], [-87.67529606353416, 41.93435266392005], [-87.6753081250296, 41.934352592979884], [-87.67530850506036, 41.9343886175566], [-87.67529644355814, 41.93438868849687], [-87.67529663357038, 41.93440670078519], [-87.67528457206471, 41.934406771724234], [-87.67528476207373, 41.93442478401253], [-87.6752968235828, 41.93442471307345], [-87.67529701359538, 41.934442725361656], [-87.67530907510779, 41.93444265442126], [-87.67530936013209, 41.93446967285338], [-87.6752972986146, 41.93446974379385], [-87.67529739362108, 41.93447874993788], [-87.67528533210185, 41.9344788208771], [-87.67528571212146, 41.934514845453194], [-87.67530983517345, 41.93451470357333], [-87.67531002519031, 41.93453271586119], [-87.67532208671962, 41.93453264491931], [-87.67532246676065, 41.934568669494794], [-87.67527422061592, 41.93456895325507], [-87.6752743156195, 41.93457795939899], [-87.6752260694673, 41.9345782431391], [-87.67522616446414, 41.93458724928309], [-87.6752502875437, 41.93458710741553], [-87.67525038254398, 41.934596113559465], [-87.67523832100252, 41.934596184493905], [-87.67523841600114, 41.934605190637846], [-87.6752504775443, 41.93460511970339], [-87.67525038254398, 41.934596113559465], [-87.6752624440854, 41.93459604262377], [-87.67526234908343, 41.93458703647985], [-87.67527441062312, 41.934586965542906], [-87.67527460063049, 41.93460497783067], [-87.67532284680233, 41.93460469407004], [-87.67532303682344, 41.93462270635758], [-87.67533509836969, 41.9346226354142], [-87.67533500335742, 41.934613629270466], [-87.67534706490193, 41.93461355832586], [-87.675346969888, 41.934604552182115], [-87.67535903143077, 41.93460448123626], [-87.6753591264464, 41.93461348737997], [-87.67539531107953, 41.93461327453472], [-87.67539521605882, 41.93460426839108], [-87.67540727760142, 41.934604197440144], [-87.67540718257905, 41.934595191296516], [-87.67543130566071, 41.93459504939091], [-87.6754310205837, 41.93456803096005], [-87.6754672051906, 41.934567818092326], [-87.67546692009871, 41.93454079966155], [-87.67547898162917, 41.93454072870317], [-87.67547822137244, 41.93446867955395], [-87.67550234440607, 41.93446853763375], [-87.67550243944142, 41.93447754377742], [-87.67549037792291, 41.93447761473817], [-87.6754904729566, 41.934486620881835], [-87.67550253447679, 41.93448654992106], [-87.67550272454767, 41.93450456220831], [-87.67551478607122, 41.93450449124622], [-87.67551497614566, 41.93452250353336], [-87.67552703767255, 41.93452243256996], [-87.67552713271154, 41.9345314387135], [-87.67553919424009, 41.934531367748804], [-87.67553938432158, 41.93454938003578], [-87.67556350738533, 41.934549238102505], [-87.67556360242953, 41.934558244245935], [-87.67557566396304, 41.934558173277374], [-87.67557575900898, 41.93456717942075], [-87.67559988207925, 41.93456703747981], [-87.67559997712864, 41.93457604362313], [-87.67564822327546, 41.93457575972593], [-87.67564727271572, 41.93448569829296], [-87.67563521119605, 41.93448576926894], [-87.67563502108801, 41.93446775698213], [-87.67564708260429, 41.934467686006194], [-87.67564660732648, 41.93442265528903], [-87.6756345458187, 41.934422726264856], [-87.67563388044346, 41.93435968326006], [-87.67564594193938, 41.93435961228439], [-87.67564584688425, 41.934350606140804], [-87.67563378539003, 41.93435067711645], [-87.67563273980515, 41.93425160953592], [-87.67562067832954, 41.934251680510044], [-87.67562058327833, 41.934242674366246], [-87.67563264475224, 41.93424260339214], [-87.67563235959378, 41.93421558496074], [-87.67564442106254, 41.93421551398543], [-87.67564451611702, 41.934224520129234], [-87.67565657758745, 41.93422444915262], [-87.67565695781258, 41.93426047372757], [-87.67564489633537, 41.93426054470425], [-87.67564565677414, 41.93433259385361], [-87.67565771826492, 41.93433252287675], [-87.67565857377711, 41.934413578168495], [-87.67567063528313, 41.93441350719016], [-87.67567073034195, 41.934422513333594], [-87.67565866883423, 41.934422584311946], [-87.67565895400588, 41.93444960274223], [-87.67567101551869, 41.93444953176379], [-87.67567139575493, 41.93448555633721], [-87.67565933423535, 41.93448562731572], [-87.67565999963858, 41.9345486703188], [-87.67568412270145, 41.934548528360196], [-87.6756844078851, 41.93457554678974], [-87.6756723463486, 41.93457561776974], [-87.67567244140821, 41.934584623912905], [-87.67564831833167, 41.93458476586915], [-87.67564850844421, 41.93460277815555], [-87.67563644690249, 41.934602849131814], [-87.67563654195715, 41.93461185527501], [-87.67562448041366, 41.93461192625004], [-87.67562457546666, 41.93462093239323], [-87.67556426774019, 41.93462128724944], [-87.67556436278474, 41.93463029339275], [-87.67555230123762, 41.93463036436022], [-87.67555249132346, 41.93464837664683], [-87.67557661442444, 41.934648234710544], [-87.67557651937811, 41.934639228567285], [-87.67560064247553, 41.93463908662597], [-87.67560073752526, 41.93464809276919], [-87.6756127990756, 41.93464802179662], [-87.67561289412707, 41.93465702793978], [-87.67562495567907, 41.93465695696591], [-87.67562505073226, 41.93466596310905], [-87.67561298917857, 41.93466603408293], [-87.67561308423014, 41.93467504022607], [-87.67560102267471, 41.934675111198715], [-87.67560111772461, 41.93468411734187], [-87.67557699461022, 41.934684259283394], [-87.67557708965678, 41.93469326542659], [-87.67556502809782, 41.93469333639548], [-87.67556521818767, 41.93471134868184], [-87.67555315662527, 41.934711419649496], [-87.67555325166856, 41.934720425792676], [-87.67556531323265, 41.93472035482499], [-87.67556540827768, 41.93472936096814], [-87.67562571610596, 41.93472900611059], [-87.67562609632044, 41.93476503068258], [-87.67561403474808, 41.9347651016567], [-87.6756142248522, 41.93478311394265], [-87.67562628642794, 41.93478304296848], [-87.67562638148176, 41.934792049111415], [-87.67561431990431, 41.93479212008562], [-87.67561470011323, 41.934828144657295], [-87.67562676169746, 41.934828073683], [-87.67562695180557, 41.934846085968715], [-87.67561489021794, 41.934846156943046], [-87.67561498527036, 41.9348551630859], [-87.6755908620916, 41.93485530503081], [-87.67559076704256, 41.934846298887905], [-87.6755787054548, 41.93484636985845], [-87.67557880050214, 41.934855376001366], [-87.6755546773231, 41.93485551793868], [-87.67555458227916, 41.93484651179572], [-87.67553045910336, 41.93484665372791], [-87.67553036406285, 41.93483764758487], [-87.67551830247658, 41.934837718549055], [-87.6755181123991, 41.93481970626292], [-87.6754939892332, 41.93481984818739], [-87.67549389419791, 41.93481084204425], [-87.67548183261661, 41.934810913004554], [-87.67548173758306, 41.93480190686139], [-87.6754696760034, 41.934801977820406], [-87.67546977103524, 41.934810983963594], [-87.67545770945385, 41.93481105492137], [-87.67545808957489, 41.9348470794941], [-87.67547015116307, 41.93484700853623], [-87.67547024619515, 41.93485601467935], [-87.67545818460526, 41.934856085637236], [-87.67545856472715, 41.934892110209674], [-87.67544650313044, 41.93489218116637], [-87.67544659815933, 41.93490118730947], [-87.67545865975774, 41.93490111635274], [-87.67545922994216, 41.93495515321087], [-87.67544716833356, 41.93495522416774], [-87.67544726336276, 41.93496423031073], [-87.67542314014204, 41.9349643722207], [-87.67542304511626, 41.93495536607767], [-87.6752662441995, 41.934956288368674], [-87.67526633920325, 41.934965294512], [-87.67515778470285, 41.934965932895935], [-87.67515787969137, 41.93497493903947], [-87.67512169485202, 41.93497515181136], [-87.6751217898355, 41.934984157954936], [-87.6751097282206, 41.93498422887639], [-87.67510982320242, 41.93499323501997], [-87.6750856999691, 41.93499337685912], [-87.67508588992608, 41.93501138914632], [-87.67507382830597, 41.93501146006405], [-87.67507392328282, 41.93502046620765], [-87.67504980003908, 41.93502060803934], [-87.6750497050656, 41.93501160189569], [-87.67503764344536, 41.93501167280961], [-87.67503754847364, 41.93500266666594], [-87.6749410555237, 41.93500323393153], [-87.67494115048186, 41.93501224007538], [-87.67492908886122, 41.9350123109779], [-87.67492918381771, 41.93502131712178], [-87.67488093732796, 41.93502160071927], [-87.6748810322777, 41.935030606863215], [-87.67491721715018, 41.935030394166915], [-87.67491731210507, 41.93503940031078], [-87.67494143535654, 41.935039258506876], [-87.67494134039828, 41.935030252363056], [-87.67501371014153, 41.93502982692106], [-87.67501380511, 41.935038833064745], [-87.67513442136224, 41.93503812389318], [-87.67513451634773, 41.935047130036615], [-87.6752551326126, 41.93504642073813], [-87.6752552276151, 41.935055426881355], [-87.6752431659871, 41.935055497816926], [-87.67524326098791, 41.93506450396013], [-87.6750985214283, 41.93506535508844], [-87.6750986164088, 41.93507436123192], [-87.67500212335202, 41.9350749285496], [-87.67500221831898, 41.93508393469323], [-87.67494191014859, 41.935084289225735], [-87.67494200510714, 41.93509329536947], [-87.67503849819282, 41.93509272810209], [-87.67503859316497, 41.93510173424562], [-87.67505065480218, 41.93510166333148], [-87.67505055982832, 41.93509265718796], [-87.67513499127571, 41.935092160753626], [-87.67513508626145, 41.93510116689698], [-87.67526776426456, 41.93510038666022], [-87.675267859269, 41.93510939280331], [-87.67527992090707, 41.93510932186507], [-87.67527982590094, 41.935100315721996], [-87.67535219571836, 41.935099890066084], [-87.67535229073468, 41.93510889620903], [-87.67536435237245, 41.935108825261935], [-87.6753644473905, 41.93511783140483], [-87.67537650902995, 41.93511776045644], [-87.67537660404973, 41.93512676659931], [-87.6754730971772, 41.93512619896634], [-87.67547300214385, 41.935117192823654], [-87.6754850637829, 41.935117121863854], [-87.6754848737129, 41.93509910957846], [-87.67550899698406, 41.93509896765515], [-87.67550909202244, 41.935107973797805], [-87.67552115365966, 41.93510790283423], [-87.67552105861958, 41.935098896691606], [-87.67555724352589, 41.93509868379333], [-87.67555714848078, 41.93508967765075], [-87.67558127174804, 41.93508953571228], [-87.67558136679654, 41.935098541854806], [-87.67560549006701, 41.93509839991123], [-87.67560568017095, 41.93511641219617], [-87.67559361853233, 41.93511648316865], [-87.67559371358267, 41.93512548931112], [-87.67558165194231, 41.93512556028234], [-87.67558184203972, 41.93514357256727], [-87.67559390368345, 41.93514350159601], [-87.67559399873392, 41.93515250773844], [-87.67561812202467, 41.93515236579204], [-87.6756183121325, 41.93517037807677], [-87.67564243542986, 41.93517023612523], [-87.67564272060214, 41.93519725455206], [-87.67563065894839, 41.93519732552853], [-87.6756307540042, 41.9352063316708], [-87.6756186923487, 41.93520640264603], [-87.67561878740287, 41.9352154087883], [-87.67563084906006, 41.935215337813055], [-87.67563094411595, 41.935224343955305], [-87.67566712909233, 41.9352241310219], [-87.67566703403135, 41.93521512487971], [-87.67567909568837, 41.93521505389939], [-87.67567890556313, 41.93519704161504], [-87.6756909672167, 41.935196970633505], [-87.67569087215246, 41.93518796449134], [-87.67571499545608, 41.935187822524504], [-87.67571556586259, 41.93524185937708], [-87.67570350420063, 41.93524193036126], [-87.67570359926682, 41.935250936503316], [-87.67569153760311, 41.93525100748626], [-87.67569172773227, 41.9352690197704], [-87.67570378939938, 41.935268948787424], [-87.67570388446572, 41.93527795492944], [-87.67571594613447, 41.935277883945176], [-87.67571642147531, 41.93532291465496], [-87.67572848315251, 41.93532284366932], [-87.6757300042776, 41.93546694193788], [-87.6757420659819, 41.9354668709506], [-87.675741780765, 41.9354398525256], [-87.67575384246418, 41.93543978153712], [-87.67575317694774, 41.93537673854509], [-87.67576523863498, 41.935376667555495], [-87.67576457310881, 41.93531362456291], [-87.67577663478413, 41.93531355357222], [-87.67577644463078, 41.93529554128854], [-87.67578850630268, 41.935295470296616], [-87.67578898169485, 41.935340501005605], [-87.67580104337517, 41.9353404300123], [-87.67580151877691, 41.935385460720816], [-87.67581358046569, 41.93538538972614], [-87.67581396079463, 41.935421414292605], [-87.67582602249014, 41.935421343296575], [-87.67582706841701, 41.935520410852895], [-87.67589943870117, 41.935519984848625], [-87.67589905832281, 41.93548396028343], [-87.67585081149402, 41.93548424429098], [-87.67585071640632, 41.935475238149564], [-87.67583865470071, 41.93547530914826], [-87.67583855961475, 41.9354663030068], [-87.67585062131867, 41.93546623200812], [-87.67584938518313, 41.93534915216809], [-87.67586144686493, 41.93534908116844], [-87.67586135177619, 41.935340075026815], [-87.67589753681628, 41.93533986202033], [-87.67589725153503, 41.93531284359557], [-87.67590931320989, 41.93531277259094], [-87.67590921811454, 41.93530376644935], [-87.67589715644138, 41.935303837453965], [-87.67589706134777, 41.93529483131234], [-87.67590912301922, 41.935294760307755], [-87.67590893282873, 41.935276748024506], [-87.67589687116067, 41.935276819029056], [-87.67589649078698, 41.935240794462295], [-87.67594473743183, 41.93524051043687], [-87.67594464233173, 41.93523150429523], [-87.67595670399115, 41.935231433285736], [-87.6759566088894, 41.93522242714411], [-87.67592042391612, 41.935222640168746], [-87.67592032881952, 41.93521363402703], [-87.67596857544365, 41.93521334999174], [-87.6759684803403, 41.935204343850124], [-87.67595641868603, 41.935204414860806], [-87.6759563235844, 41.93519540871914], [-87.675992508542, 41.935195195683306], [-87.67599260364871, 41.93520420182491], [-87.67600466530286, 41.93520413081041], [-87.6760048555198, 41.93522214309353], [-87.6760169171773, 41.935222072077714], [-87.6760163465168, 41.93516803522832], [-87.67602840816407, 41.935167964211374], [-87.67602831305244, 41.93515895806977], [-87.67604037469798, 41.93515888705158], [-87.6760402795847, 41.93514988091001], [-87.67606440287224, 41.935149738869875], [-87.6760644979889, 41.93515874501141], [-87.67610068292498, 41.93515853194164], [-87.67610049268148, 41.93514051965867], [-87.67611255432337, 41.93514044863292], [-87.67611264944678, 41.9351494547744], [-87.67612471109032, 41.93514938374736], [-87.67612480621547, 41.935158389888784], [-87.6761609911509, 41.935158176800016], [-87.67616108628118, 41.93516718294136], [-87.67617314792794, 41.93516711190922], [-87.67617295766401, 41.93514909962655], [-87.676221204237, 41.935148815485455], [-87.67622129937573, 41.9351578216267], [-87.67623336102056, 41.93515775058825], [-87.67623326588014, 41.93514874444701], [-87.6762694508093, 41.935148531324096], [-87.67626964110038, 41.93516654360641], [-87.67629376439305, 41.935166401518046], [-87.6762936692441, 41.93515739537695], [-87.67631779253321, 41.93515725328354], [-87.6763176973809, 41.93514824714248], [-87.67634182066644, 41.935148105044064], [-87.67634172551078, 41.93513909890302], [-87.67636584879277, 41.93513895679958], [-87.67636594395181, 41.93514796294058], [-87.67637800559443, 41.93514789188694], [-87.67637810075522, 41.9351568980279], [-87.67642634733205, 41.93515661380057], [-87.67642625216448, 41.93514760765971], [-87.67645037544922, 41.93514746553849], [-87.6764504706202, 41.93515647167931], [-87.67646253226421, 41.935156400616776], [-87.67646281778246, 41.935183419039106], [-87.67647487943152, 41.93518334797524], [-87.67647497460605, 41.93519235411596], [-87.67648703625676, 41.93519228305081], [-87.67648732178571, 41.935219301472834], [-87.67649938344148, 41.93521923040634], [-87.67649957379773, 41.93523724268758], [-87.67651163545683, 41.935237171619775], [-87.67651211135669, 41.9352822023225], [-87.67652417302423, 41.93528213125331], [-87.67652426820604, 41.935291137393804], [-87.67653632987525, 41.935291066323316], [-87.67653652024237, 41.9353090786042], [-87.67654858191491, 41.93530900753242], [-87.67654867710024, 41.9353180136728], [-87.67656073877444, 41.93531794259973], [-87.67656092914861, 41.93533595488043], [-87.67657299082616, 41.93533588380605], [-87.67657308601501, 41.93534488994634], [-87.67662133273159, 41.935344605636054], [-87.67662152312298, 41.93536261791644], [-87.6766335848054, 41.93536254683566], [-87.67663368000285, 41.935371552975816], [-87.67665780337099, 41.935371410810404], [-87.6766579937728, 41.93538942309056], [-87.67671830220931, 41.93538906765463], [-87.67671839741878, 41.93539807379458], [-87.67673045910765, 41.93539800270358], [-87.67673036389648, 41.93538899656365], [-87.67674242558361, 41.9353889254714], [-87.67674156866981, 41.93530787021162], [-87.67675363034162, 41.93530779911829], [-87.67675315427145, 41.935262768418035], [-87.67676521593474, 41.935262697323566], [-87.67676502550357, 41.935244685043386], [-87.67677708716343, 41.93524461394769], [-87.67677699194621, 41.935235607807606], [-87.67678905360432, 41.935235536710664], [-87.67678895838544, 41.93522653057059], [-87.67680102004182, 41.9352264594724], [-87.67680082960084, 41.93520844719226], [-87.67681289125376, 41.93520837609285], [-87.6768126055875, 41.935181357672604], [-87.67676435899588, 41.93518164206236], [-87.6767641685655, 41.93516362978194], [-87.67677623021008, 41.93516355868645], [-87.67677632542694, 41.935172564826644], [-87.67683663365767, 41.93517220933004], [-87.67683653843233, 41.935163203189965], [-87.67684860007664, 41.93516313208686], [-87.67684850484964, 41.93515412594679], [-87.67686056649221, 41.93515405484245], [-87.67686047126357, 41.93514504870238], [-87.6768725329044, 41.9351449775968], [-87.67687262813476, 41.93515398373684], [-87.67688468977724, 41.935153912629964], [-87.67688478500932, 41.935162918769976], [-87.67695715487355, 41.93516249210199], [-87.67695734535822, 41.935180504381684], [-87.6769452837109, 41.93518057549623], [-87.6769453789516, 41.93518958163608], [-87.6769091940043, 41.93518979497218], [-87.67690938447565, 41.93520780725199], [-87.67692144612819, 41.935207736141166], [-87.67692154136563, 41.93521674228104], [-87.67693360301982, 41.93521667116893], [-87.676933698259, 41.93522567730875], [-87.67694575991486, 41.93522560619536], [-87.67694585515578, 41.93523461233515], [-87.67693379349824, 41.935234683448556], [-87.6769338887375, 41.93524368958835], [-87.67694595039674, 41.93524361847491], [-87.6769461408788, 41.93526163075441], [-87.6769943875289, 41.93526134628784], [-87.67699448277678, 41.935270352427466], [-87.67701860610497, 41.93527021018654], [-87.67701841560246, 41.93525219790734], [-87.67703047726309, 41.935252126785], [-87.67703057251602, 41.935261132924595], [-87.67705469584054, 41.935260990676106], [-87.67705450532794, 41.935242978397], [-87.6770303820102, 41.9352431206454], [-87.67702971524123, 41.93518007766783], [-87.67704177688823, 41.93518000654441], [-87.67704168163401, 41.93517100040472], [-87.67705374327929, 41.93517092928006], [-87.67705364802339, 41.93516192314038], [-87.67704158637981, 41.935161994265016], [-87.67704149112566, 41.935152988125296], [-87.67706561440939, 41.935152845874796], [-87.67706542389445, 41.935134833595406], [-87.67707748553283, 41.93513476246831], [-87.67707777131042, 41.93516178088732], [-87.67708983295387, 41.93516170975888], [-87.67709002347587, 41.93517972203809], [-87.67710208512267, 41.935179650908346], [-87.67710198985995, 41.93517064476877], [-87.677114051505, 41.93517057363777], [-87.6771138609763, 41.935152561358606], [-87.67712592261793, 41.93515249022641], [-87.67712582735194, 41.93514348408682], [-87.67716201227147, 41.93514327068265], [-87.67716210754253, 41.93515227682216], [-87.67717416918398, 41.93515220568488], [-87.67717435972965, 41.9351702179638], [-87.67716229808481, 41.93517028910113], [-87.67716258389854, 41.93519730751949], [-87.67715052224857, 41.93519737865562], [-87.67715090332737, 41.93523340321332], [-87.67713884167057, 41.935233474348266], [-87.67713912747503, 41.93526049276647], [-87.67716325079877, 41.93526035049516], [-87.67716334607042, 41.93526935663448], [-87.6771995310608, 41.93526914321797], [-87.67720019799908, 41.93533218619236], [-87.67721225967433, 41.93533211505083], [-87.67721254551077, 41.93535913346815], [-87.67720048383043, 41.93535920460974], [-87.67720038855327, 41.93535019847063], [-87.6771400801594, 41.93535055415949], [-87.67714017542808, 41.935359560298714], [-87.67712811374749, 41.93535963143271], [-87.67712839954868, 41.93538664985037], [-87.67715252292003, 41.935386507580986], [-87.67715280873179, 41.93541352599838], [-87.67716487042249, 41.93541345486171], [-87.67716477515016, 41.93540444872261], [-87.67717683683911, 41.93540437758471], [-87.6771770273872, 41.93542238986284], [-87.67718908907952, 41.93542231872362], [-87.67718927963118, 41.93544033100164], [-87.67720134132684, 41.93544025986111], [-87.67720086493952, 41.93539522916605], [-87.67722498831372, 41.93539508688141], [-87.67722479775232, 41.93537707460337], [-87.67724892111957, 41.93537693231376], [-87.67724882583553, 41.93536792617477], [-87.67729707256272, 41.93536764158041], [-87.6772972631444, 41.935385653858205], [-87.67733344819952, 41.93538544039902], [-87.67733335290356, 41.93537643426018], [-87.67734541458682, 41.93537636310461], [-87.67734512869414, 41.93534934468813], [-87.67732100533776, 41.93534948699788], [-87.67732091004368, 41.935340480858976], [-87.67730884836712, 41.93534055201193], [-87.677308467198, 41.935304527456076], [-87.67726022051849, 41.93530481205486], [-87.67726012523312, 41.935295805915786], [-87.67724806356482, 41.9352958770623], [-87.67724796828118, 41.93528687092317], [-87.67723590661454, 41.935286942068394], [-87.67723581133264, 41.93527793592922], [-87.67722374966766, 41.93527800707316], [-87.67722365438749, 41.93526900093395], [-87.6772839627035, 41.93526864520175], [-87.67728367683782, 41.93524162678441], [-87.6772957384958, 41.93524155563423], [-87.67729564320562, 41.935232549495105], [-87.67736801314241, 41.93523212256759], [-87.67736810844276, 41.93524112870658], [-87.67738017010043, 41.93524105754752], [-87.67738026540252, 41.935250063686496], [-87.67739232706185, 41.93524999252616], [-87.67739242236568, 41.935258998665084], [-87.6774165456876, 41.935258856340575], [-87.67741664099488, 41.93526786247941], [-87.67745282598251, 41.935267648983086], [-87.6774529212949, 41.93527665512186], [-87.67746498295907, 41.93527658395386], [-87.6774650782732, 41.93528559009258], [-87.67747713993901, 41.935285518923294], [-87.67747733057081, 41.93530353120069], [-87.67746526890161, 41.93530360237001], [-87.67746536421588, 41.93531260850871], [-87.67747742588678, 41.93531253733936], [-87.67747761651884, 41.93533054961665], [-87.67746555484455, 41.935330620786054], [-87.6774657454734, 41.935348633063334], [-87.67747780715108, 41.93534856189389], [-87.67747799778348, 41.93536657417108], [-87.67749005946453, 41.93536650300032], [-87.67749025010052, 41.9353845152774], [-87.6775023117849, 41.935384444105324], [-87.67750240710465, 41.935393450243815], [-87.67751446879069, 41.93539337907046], [-87.67751456411219, 41.93540238520892], [-87.67752662579987, 41.93540231403427], [-87.67752653047668, 41.935393307895836], [-87.67757477722023, 41.93539302318465], [-87.67757544453097, 41.93545606615279], [-87.67756338283327, 41.93545613733264], [-87.67756347816186, 41.935465143470914], [-87.67749110796457, 41.93546557052355], [-87.6774912986015, 41.93548358280031], [-87.67750336030454, 41.93548351162799], [-87.67750355094506, 41.935501523904655], [-87.67757592118281, 41.9355010968439], [-87.67757630250505, 41.935537121396514], [-87.67758836421798, 41.935537050215196], [-87.67758845955035, 41.935546056353296], [-87.67762464469395, 41.93554584280167], [-87.67762474003145, 41.93555484893968], [-87.67763680174761, 41.935554777753254], [-87.67763575301882, 41.935455710234535], [-87.67764781471625, 41.935455639047085], [-87.67764686131405, 41.935365577665166], [-87.67765892299448, 41.935365506476664], [-87.6776588276528, 41.935356500338415], [-87.67764676597407, 41.93535657152689], [-87.67764638461459, 41.935320546973664], [-87.6776343229426, 41.93532061816078], [-87.67763422760453, 41.93531161202242], [-87.67764628927482, 41.935311540835315], [-87.6776456218977, 41.93524849786652], [-87.67763356023929, 41.93524856905345], [-87.67763298821362, 41.935194532222354], [-87.67764504986185, 41.93519446103554], [-87.6776449545227, 41.935185454896995], [-87.6776570161692, 41.93518538370895], [-87.67765711151004, 41.935194389847474], [-87.6776812348063, 41.935194247467535], [-87.67768133015059, 41.93520325360599], [-87.67770545345006, 41.935203111220936], [-87.67770535810239, 41.93519410508253], [-87.67771741975035, 41.93519403388812], [-87.67771732440102, 41.93518502774971], [-87.67776557098568, 41.93518474295951], [-87.67776547562963, 41.93517573682117], [-87.6777895989183, 41.93517559441852], [-87.67778950355887, 41.9351665882802], [-87.67781362684399, 41.93516644587252], [-87.6778135314812, 41.935157439734255], [-87.67786177804412, 41.93515715490378], [-87.67786158730513, 41.93513914262737], [-87.67788571057955, 41.93513900020463], [-87.67788580595241, 41.935148006342786], [-87.67789786759126, 41.935147935129486], [-87.67789805834052, 41.935165947405736], [-87.67791011998271, 41.93516587619112], [-87.67791021535909, 41.93517488232921], [-87.67780166056257, 41.935175523215285], [-87.67780232809166, 41.93523856618286], [-87.67781438974777, 41.93523849497821], [-87.67781448511093, 41.93524750111635], [-87.6778265467687, 41.935247429910405], [-87.67782597458016, 41.93519339308145], [-87.6778380362277, 41.93519332187438], [-87.67783870379301, 41.935256364841294], [-87.67785076545239, 41.9352562936328], [-87.6778506700841, 41.93524728749474], [-87.67787479339931, 41.93524714507397], [-87.67787469802765, 41.93523813893594], [-87.6778867596835, 41.935238067723674], [-87.6778866643102, 41.93522906158565], [-87.6778987259643, 41.93522899037216], [-87.67789882133931, 41.93523799651016], [-87.67791088299506, 41.93523792529537], [-87.67791097837181, 41.93524693143335], [-87.67803159494399, 41.93524621921556], [-87.67803149955029, 41.935237213077805], [-87.67805562286081, 41.93523707061909], [-87.67805552746374, 41.93522806448138], [-87.67806758911725, 41.935227993250145], [-87.678067684516, 41.93523699938782], [-87.67807974617115, 41.935236928155305], [-87.67807984157164, 41.93524593429297], [-87.67804365660098, 41.93524614798681], [-87.67804375199641, 41.935255154124526], [-87.67805581365505, 41.93525508289448], [-87.67805590905225, 41.935264089032145], [-87.67806797071252, 41.93526401780082], [-87.67806806611145, 41.93527302393846], [-87.6780801277734, 41.935272952705844], [-87.67808022317406, 41.93528195884343], [-87.67806816151042, 41.935282030076074], [-87.67806844770762, 41.93530904848884], [-87.67808050937633, 41.93530897725614], [-87.67808079557899, 41.9353359956687], [-87.67806873390518, 41.935336066901485], [-87.67806882930445, 41.935345073038995], [-87.6780567676289, 41.935345144270514], [-87.67805686302651, 41.93535415040804], [-87.67804480134923, 41.93535422163832], [-87.67804451516157, 41.93532720322564], [-87.67802039181703, 41.935327345682275], [-87.67802096417238, 41.935381382507785], [-87.67800890248986, 41.93538145373434], [-87.67800899788087, 41.93539045987188], [-87.67802105956507, 41.93539038864531], [-87.67802115495783, 41.93539939478284], [-87.6780332166437, 41.935399323554975], [-87.6780335028273, 41.93542634196739], [-87.67802144113635, 41.935426413195316], [-87.67802153652927, 41.93543541933277], [-87.67797328975823, 41.93543570423191], [-87.67797309898599, 41.935417691956786], [-87.67796103729651, 41.93541776317836], [-87.6779620865273, 41.93551683069105], [-87.67798620994354, 41.935516688246146], [-87.6779863053318, 41.935525694383536], [-87.67803455217054, 41.93552540947844], [-87.67803464756564, 41.93553441561574], [-87.67807083269933, 41.93553420192355], [-87.67807073729915, 41.93552519578632], [-87.67808279900859, 41.93552512455308], [-87.67808251280319, 41.93549810614142], [-87.67807045109883, 41.93549817737459], [-87.6780701648989, 41.93547115896273], [-87.6780942882974, 41.93547101649524], [-87.67809495612158, 41.93553405945575], [-87.67810701783263, 41.93553398821995], [-87.67810749485969, 41.93557901890548], [-87.67811955657919, 41.93557894766831], [-87.67811984280104, 41.93560596607938], [-87.67810778107645, 41.93560603731662], [-87.6781081626994, 41.93564206186461], [-87.67812022443078, 41.93564199062728], [-87.6781204152459, 41.93566000290115], [-87.67810835351113, 41.935660074138525], [-87.67810844891707, 41.93566908027546], [-87.67809638718057, 41.93566915151159], [-87.67809648258486, 41.93567815764853], [-87.6780844208466, 41.93567822888342], [-87.67808470705464, 41.93570524729423], [-87.67809676879796, 41.93570517605927], [-87.67809686420242, 41.935714182196165], [-87.67810892594741, 41.935714110959914], [-87.6781090213536, 41.935723117096764], [-87.67809695960692, 41.93572318833302], [-87.67809705501146, 41.935732194469885], [-87.67810911675984, 41.93573212323359], [-87.67810930757244, 41.93575013550721], [-87.67812136932419, 41.93575006426961], [-87.67812184636496, 41.9357950949533], [-87.67810978460473, 41.93579516619103], [-87.67810988001132, 41.935804172327735], [-87.67812194177324, 41.93580410109], [-87.67812213258993, 41.93582211336336], [-87.6781341943552, 41.93582204212431], [-87.6781346714062, 41.93586707280732], [-87.67811054785867, 41.935867215284375], [-87.6781106432656, 41.93587622142096], [-87.67799002550834, 41.93587693373044], [-87.67799012089834, 41.935885939867255], [-87.67797805912069, 41.935886011091256], [-87.67797796373237, 41.93587700495441], [-87.67792971662809, 41.935877289837656], [-87.67792962124659, 41.93586828370072], [-87.6779175594721, 41.93586835491834], [-87.6779176548519, 41.9358773610553], [-87.67790559307566, 41.93587743227168], [-87.6779056884538, 41.93588643840866], [-87.67767651466502, 41.935887791279505], [-87.67767632397326, 41.935869779004705], [-87.67765220042241, 41.93586992138545], [-87.67765210508, 41.935860915247986], [-87.67764004330621, 41.93586098643645], [-87.67763994796553, 41.93585198029895], [-87.67760376264899, 41.935852193856654], [-87.67760366731345, 41.93584318771906], [-87.67759160554287, 41.935843258902416], [-87.67759179621062, 41.935861271177615], [-87.6775797344366, 41.935861342359736], [-87.67757992510113, 41.93587935463493], [-87.67756786332369, 41.93587942581583], [-87.67756795865431, 41.93588843195343], [-87.6775438350959, 41.93588857431147], [-87.67754373976867, 41.93587956817383], [-87.67751961621346, 41.935879710526756], [-87.67751952088967, 41.93587070438907], [-87.67750745911371, 41.93587077556361], [-87.6775075544358, 41.93587978170133], [-87.67749549265811, 41.935879852874635], [-87.67749558797856, 41.935888859012366], [-87.67742321730123, 41.93588928602569], [-87.67742293137056, 41.935862267612045], [-87.67738674604658, 41.93586248110141], [-87.67738684135168, 41.935871487239375], [-87.67737477957523, 41.935871558399974], [-87.67737497018214, 41.93588957067589], [-87.67733878484238, 41.935889784150255], [-87.67733868954397, 41.93588077801222], [-87.6773145659873, 41.935880920322084], [-87.6773146612823, 41.935889926460156], [-87.67726641416165, 41.93589021106476], [-87.67726631887344, 41.9358812049266], [-87.67725425709487, 41.93588127607455], [-87.67725435238137, 41.93589028221274], [-87.67724229060106, 41.935890353359454], [-87.67724238588593, 41.93589935949764], [-87.67721826232176, 41.935899501787304], [-87.6772181670403, 41.93589049564908], [-87.67718198169884, 41.93589070907402], [-87.6771820769752, 41.93589971521232], [-87.67715795341063, 41.935899857489325], [-87.67715814395672, 41.93591786976596], [-87.67713402038517, 41.935918012037995], [-87.67713392511548, 41.93590900589964], [-87.67712186333135, 41.935909077033735], [-87.67712176806342, 41.93590007089533], [-87.67704939736782, 41.93590049767314], [-87.6770493021101, 41.9358914915346], [-87.67701311676682, 41.935891704906325], [-87.67701321201943, 41.93590071104494], [-87.67689259418866, 41.93590142220191], [-87.67689268942436, 41.935910428340726], [-87.67685650406919, 41.93591064166318], [-87.67685640883859, 41.935901635524296], [-87.67683228527166, 41.93590177773288], [-87.67683238049887, 41.935910783871805], [-87.67682031871364, 41.935910854974225], [-87.6768204139392, 41.93591986111317], [-87.67683247572612, 41.93591979001072], [-87.67683257095342, 41.93592879614962], [-87.67689287989589, 41.935928440618326], [-87.67689297513172, 41.93593744675709], [-87.6769170987118, 41.93593730453565], [-87.67691728919037, 41.93595531681307], [-87.6768931656035, 41.93595545903461], [-87.67689326083946, 41.935964465173335], [-87.67685707545375, 41.93596467849618], [-87.67685717068467, 41.935973684634966], [-87.67676067630728, 41.93597425344035], [-87.67676077152467, 41.9359832595793], [-87.67685726591563, 41.935982690773734], [-87.67685736114662, 41.9359916969125], [-87.67686942294698, 41.93599162580608], [-87.6768693277143, 41.93598261966734], [-87.6768934513115, 41.93598247745076], [-87.67689354654759, 41.93599148358944], [-87.67690560834784, 41.93599141247922], [-87.67690551311004, 41.93598240634055], [-87.67692963670702, 41.93598226411636], [-87.67692973194818, 41.93599127025498], [-87.67695385554836, 41.93599112802568], [-87.67695376030379, 41.93598212188709], [-87.6769778839004, 41.93598197965276], [-87.67697797914836, 41.9359909857913], [-87.67713478254414, 41.93599006114433], [-87.6771346872741, 41.93598105500608], [-87.67714674907178, 41.93598098387055], [-87.67714684434351, 41.935989990008764], [-87.67718302974136, 41.93598977659449], [-87.67718293446455, 41.93598077045634], [-87.67729149064048, 41.93598013014529], [-87.67729139534845, 41.935971124007324], [-87.67730345714386, 41.935971052855336], [-87.67730355243759, 41.935980058993295], [-87.67753272657438, 41.93597870686443], [-87.67753253592248, 41.935960694589376], [-87.67744810337135, 41.93596119279502], [-87.67744800805735, 41.935952186657296], [-87.67742388447431, 41.93595232899033], [-87.67742397978492, 41.93596133512808], [-87.67741191799165, 41.935961406292705], [-87.67741182268273, 41.93595240015494], [-87.6773997608911, 41.93595247131828], [-87.67739985619832, 41.935961477456075], [-87.67738779440495, 41.935961548618174], [-87.67738769909943, 41.93595254248035], [-87.67736357551595, 41.9359526848007], [-87.67736367081808, 41.93596169093857], [-87.67733954723106, 41.93596183325389], [-87.67733945193231, 41.93595282711599], [-87.67711027787901, 41.93595417885841], [-87.67711018261255, 41.935945172720075], [-87.67704987365703, 41.935945528365636], [-87.6770497783991, 41.93593652222715], [-87.67709802555682, 41.935936237713335], [-87.67709793029215, 41.935927231574944], [-87.67710999207978, 41.935927160443335], [-87.67710989681345, 41.93591815430496], [-87.67712195859933, 41.9359180831721], [-87.67712205386735, 41.935927089310475], [-87.67723060995361, 41.93592644905763], [-87.67723051467033, 41.935917442919475], [-87.67735113252286, 41.9359167314073], [-87.67735122782312, 41.93592573754525], [-87.67748390747454, 41.93592495473528], [-87.67748381215561, 41.935915948597575], [-87.67762855356717, 41.935915094448504], [-87.67762845822793, 41.935906088311064], [-87.67770082892118, 41.93590566116824], [-87.67770092427061, 41.93591466730554], [-87.67772504783807, 41.935914524914416], [-87.67772495248525, 41.93590551877716], [-87.67776113783103, 41.93590530518105], [-87.67776123318892, 41.935914311318236], [-87.67782154210617, 41.93591395529925], [-87.67782163747259, 41.93592296143632], [-87.67784576104259, 41.93592281901982], [-87.67784595178237, 41.93594083129383], [-87.6777856428401, 41.9359411873258], [-87.67778573820159, 41.935950193462894], [-87.67774955283063, 41.935950407066954], [-87.67774964818706, 41.935959413204095], [-87.67768933922608, 41.93595976918563], [-87.6776895299221, 41.9359777814601], [-87.67788251864765, 41.935976642207], [-87.67788261402286, 41.93598564834385], [-87.6779308612093, 41.935985363479816], [-87.67793095659135, 41.93599436961656], [-87.6778947711965, 41.935994583266556], [-87.67789486657351, 41.93600358940336], [-87.67787074297333, 41.936003731830404], [-87.67787102909442, 41.93603075024086], [-87.67802783255864, 41.93602982437363], [-87.67802773716284, 41.9360208182371], [-87.67806392257151, 41.9360206045451], [-87.67806382717067, 41.93601159840863], [-87.67807588897179, 41.936011527175445], [-87.67807579356928, 41.936002521038986], [-87.67808785536866, 41.93600244980457], [-87.67808775996451, 41.935993443668124], [-87.67809982176213, 41.93599337243245], [-87.67809972635634, 41.93598436629601], [-87.67811178815222, 41.93598429505909], [-87.67811188355972, 41.9359933011955], [-87.67813600715478, 41.93599315871783], [-87.6781361979767, 41.936011170990525], [-87.67814825977754, 41.936011099749756], [-87.67814892766751, 41.93607414270359], [-87.6781609894802, 41.936074071461384], [-87.67816108489492, 41.936083077597566], [-87.67814902308054, 41.936083148839806], [-87.67814911849361, 41.93609215497599], [-87.67816118030969, 41.93609208373374], [-87.67816137113935, 41.93611009600603], [-87.67814930931988, 41.936110167248344], [-87.67814940473309, 41.93611917338449], [-87.67816146655426, 41.936119102142165], [-87.6781619436294, 41.936164132822576], [-87.67814988179975, 41.93616420406501], [-87.67815045428118, 41.93621824088117], [-87.67816251612102, 41.9362181696386], [-87.6781627069519, 41.93623618191049], [-87.67815064510867, 41.936236253153105], [-87.67815074052248, 41.93624525928906], [-87.6781628023674, 41.93624518804642], [-87.6781632794456, 41.936290218725844], [-87.67818740315228, 41.936290076236546]], [[-87.67797920378388, 41.93599408473215], [-87.67794301838954, 41.935994298397354], [-87.67794292300579, 41.935985292260625], [-87.67797910839504, 41.935985078595486], [-87.67797920378388, 41.93599408473215]], [[-87.67809400208769, 41.935443998083386], [-87.67805781700515, 41.9354442117825], [-87.6780570538219, 41.935372162683045], [-87.67804499214121, 41.935372233913384], [-87.67804489674519, 41.935363227775866], [-87.6780569584242, 41.935363156545556], [-87.67805686302651, 41.93535415040804], [-87.67806892470378, 41.9353540791765], [-87.67806911550254, 41.93537209145145], [-87.67808117718316, 41.935372020218594], [-87.6780812725843, 41.93538102635604], [-87.67809333426655, 41.935380955121886], [-87.67809400208769, 41.935443998083386]], [[-87.6772128313476, 41.935386151885325], [-87.67720076966218, 41.935386223026995], [-87.67720057910763, 41.93536821074884], [-87.67721264078968, 41.93536813960722], [-87.6772128313476, 41.935386151885325]], [[-87.67729697727194, 41.935358635441496], [-87.67727285391183, 41.93535877774116], [-87.67727275862448, 41.935349771602176], [-87.67728482030286, 41.935349700453], [-87.67728472501388, 41.93534069431403], [-87.67729678669052, 41.93534062316361], [-87.67729697727194, 41.935358635441496]], [[-87.67728472501388, 41.93534069431403], [-87.67727266333719, 41.93534076546319], [-87.67727256804993, 41.93533175932419], [-87.67728462972494, 41.935331688175054], [-87.67728472501388, 41.93534069431403]], [[-87.6772240355084, 41.935305025490656], [-87.67721197383828, 41.935305096633385], [-87.67721187855969, 41.93529609049421], [-87.6772239402281, 41.935296019351505], [-87.6772240355084, 41.935305025490656]], [[-87.67747647272907, 41.93522247595199], [-87.67746441107515, 41.93522254712112], [-87.67746431576131, 41.935213540982296], [-87.67747637741354, 41.935213469813185], [-87.67747647272907, 41.93522247595199]], [[-87.67746431576131, 41.935213540982296], [-87.67745225410903, 41.935213612150136], [-87.67745215879694, 41.93520460601126], [-87.67746422044752, 41.93520453484344], [-87.67746431576131, 41.935213540982296]], [[-87.67793462478636, 41.93520175831017], [-87.67792256313747, 41.9352018295274], [-87.67792246775925, 41.935192823389386], [-87.67793452940643, 41.93519275217217], [-87.67793462478636, 41.93520175831017]], [[-87.67658362465075, 41.93520072062447], [-87.67657156299867, 41.93520079169978], [-87.67657137262242, 41.935182779418696], [-87.67658343427108, 41.93518270834343], [-87.67658362465075, 41.93520072062447]], [[-87.67807898296876, 41.93516487905357], [-87.67805485968556, 41.935165021516994], [-87.67805466889219, 41.93514700924132], [-87.67807879216859, 41.93514686677799], [-87.67807898296876, 41.93516487905357]], [[-87.67659540072825, 41.93517363112637], [-87.67658333908133, 41.93517370220288], [-87.67658314870194, 41.93515568992177], [-87.67659521034547, 41.93515561884529], [-87.67659540072825, 41.93517363112637]], [[-87.6765830535123, 41.93514668378119], [-87.6765589302285, 41.93514682593028], [-87.67655883504231, 41.935137819789645], [-87.67657089668252, 41.93513774871575], [-87.67657080149468, 41.935128742575124], [-87.67658286313316, 41.93512867149999], [-87.6765830535123, 41.93514668378119]], [[-87.67530299908073, 41.93501011241065], [-87.67527887584203, 41.93501025429044], [-87.67527868583075, 41.93499224200396], [-87.67530280906269, 41.934992100124255], [-87.67530299908073, 41.93501011241065]], [[-87.67519444450515, 41.9350107508298], [-87.67515825964585, 41.93501096361337], [-87.67515797467993, 41.93498394518297], [-87.67519415952395, 41.934983732399594], [-87.67519444450515, 41.9350107508298]], [[-87.67553159959277, 41.93495472744309], [-87.67551953798446, 41.93495479840755], [-87.67551944294512, 41.93494579226468], [-87.67553150455176, 41.93494572130023], [-87.67553159959277, 41.93495472744309]], [[-87.67644818652896, 41.93494032429548], [-87.6763637553047, 41.934940821693985], [-87.67636356498865, 41.93492280941131], [-87.67637562658885, 41.93492273835824], [-87.6763755314292, 41.9349137322169], [-87.67644790101932, 41.93491330587193], [-87.67644818652896, 41.93494032429548]], [[-87.67806434558548, 41.93492178456016], [-87.67804022239382, 41.93492192701985], [-87.67803993621243, 41.93489490860509], [-87.6780519978032, 41.93489483737594], [-87.67805218859414, 41.93491284965242], [-87.67806425018826, 41.93491277842195], [-87.67806434558548, 41.93492178456016]], [[-87.6779557912216, 41.93492242558883], [-87.67790754483653, 41.93492271045752], [-87.67790735408623, 41.93490469818053], [-87.67789529249323, 41.9349047693945], [-87.67789510174649, 41.93488675711741], [-87.67787097856719, 41.934886899541446], [-87.67787107393714, 41.93489590568004], [-87.67785901234572, 41.93489597689017], [-87.67785882160925, 41.93487796461294], [-87.67787088319727, 41.93487789340284], [-87.6778707878274, 41.93486888726421], [-87.67785872624108, 41.93486895847429], [-87.67785863087295, 41.93485995233563], [-87.67783450770355, 41.934860094751926], [-87.67783460306828, 41.93486910089064], [-87.67782254148183, 41.934869172096896], [-87.6778224461188, 41.93486016595818], [-87.67771389185397, 41.93486080675739], [-87.67771398720174, 41.934869812896316], [-87.67768986402791, 41.934869955282245], [-87.67768957799491, 41.934842936865294], [-87.67770163957675, 41.93484286567302], [-87.67770154423081, 41.93483385953404], [-87.67768948265066, 41.934833930726285], [-87.67768938730646, 41.93482492458725], [-87.67762907941355, 41.93482528052936], [-87.67762898407787, 41.9348162743902], [-87.67766516880866, 41.93481606082881], [-87.67766507346795, 41.9348070546897], [-87.6776891966182, 41.93480691230914], [-87.67768910127413, 41.934797906170076], [-87.67770116284748, 41.93479783497792], [-87.67770106750177, 41.93478882883886], [-87.67772519064496, 41.93478868645079], [-87.6777250952959, 41.93477968031176], [-87.67773715686575, 41.93477960911585], [-87.67773696616433, 41.93476159683778], [-87.67774902773074, 41.93476152564065], [-87.67774883702612, 41.93474351336257], [-87.67771265233695, 41.93474372695004], [-87.6777128430314, 41.93476173922824], [-87.67770078146486, 41.93476181042158], [-87.67770087681045, 41.93477081656069], [-87.67767675367385, 41.9347709589436], [-87.67767665833166, 41.93476195280444], [-87.677664596765, 41.934762023993976], [-87.67766450142454, 41.93475301785478], [-87.6776765629895, 41.934752946665284], [-87.67767646764739, 41.9347439405261], [-87.67768852921063, 41.934743869335335], [-87.67768833852314, 41.93472585705698], [-87.6776762769633, 41.934725928247694], [-87.67767608627938, 41.934707915969234], [-87.67770020939221, 41.93470777358663], [-87.67770040008293, 41.934725785865005], [-87.67774864632166, 41.934725501084436], [-87.67774874167387, 41.93473450722351], [-87.67789348040624, 41.9347336527599], [-87.67789357577885, 41.9347426588987], [-87.6779176989037, 41.93474251647031], [-87.67791779427974, 41.93475152260905], [-87.6779298558438, 41.934751451392934], [-87.67792995122159, 41.934760457531624], [-87.67796613591858, 41.934760243875616], [-87.67796632668446, 41.934778256152825], [-87.67797838825342, 41.934778184931574], [-87.67797848363813, 41.93478719107015], [-87.67800260677933, 41.934787048623804], [-87.67800270216748, 41.93479605476231], [-87.6780147637397, 41.9347959835372], [-87.67801485912959, 41.93480498967568], [-87.67802692070347, 41.9348049184493], [-87.6780270160951, 41.93481392458772], [-87.67803907767063, 41.934813853360055], [-87.67803926845738, 41.93483186563684], [-87.67805133003628, 41.93483179440785], [-87.67805161622184, 41.93485881282283], [-87.67806367780577, 41.934858741592514], [-87.67806386859975, 41.93487675386905], [-87.67803974542505, 41.93487689632851], [-87.67803993621243, 41.93489490860509], [-87.67802787462162, 41.93489497983297], [-87.67802768383764, 41.93487696755634], [-87.67801562225019, 41.93487703878291], [-87.67801571764045, 41.93488604492124], [-87.677991594462, 41.934886187370616], [-87.67799168984892, 41.93489519350898], [-87.67797962825794, 41.934895264731786], [-87.67797972364322, 41.93490427087017], [-87.67795560045774, 41.934904413312026], [-87.6779557912216, 41.93492242558883]], [[-87.67565202555777, 41.93493600544346], [-87.67562790234871, 41.93493614739638], [-87.6756278072942, 41.93492714125368], [-87.67565193049987, 41.934926999300814], [-87.67565202555777, 41.93493600544346]], [[-87.6756037791395, 41.93493628934423], [-87.6755796559301, 41.934936431287014], [-87.67557946583469, 41.934918419001406], [-87.67561565063855, 41.93491820608547], [-87.6756157456913, 41.93492721222821], [-87.67560368408837, 41.934927283201475], [-87.6756037791395, 41.93493628934423]], [[-87.67623088738355, 41.934923590911616], [-87.67619470258126, 41.934923804021466], [-87.67619451231288, 41.93490579173812], [-87.67618245071542, 41.93490586277214], [-87.676182355583, 41.93489685663044], [-87.67617029398718, 41.934896927663175], [-87.67617010372585, 41.93487891537965], [-87.6761580421334, 41.93487898641108], [-87.67615785187564, 41.93486097412746], [-87.67613372869738, 41.93486111618643], [-87.67613363357195, 41.934852110044545], [-87.6761456951594, 41.93485203901571], [-87.6761455049053, 41.934834026731956], [-87.67618168965723, 41.93483381363799], [-87.67618216531827, 41.93487884434695], [-87.6762304116875, 41.934878560203465], [-87.67623022140937, 41.9348605479201], [-87.67621815982054, 41.934860618957835], [-87.6762177792716, 41.93482459439085], [-87.67622984085365, 41.93482452335322], [-87.67622974571482, 41.934815517211455], [-87.67624180729516, 41.93481544617257], [-87.67624171215468, 41.93480644003081], [-87.67625377373325, 41.93480636899069], [-87.67625358344905, 41.93478835670719], [-87.67626564502419, 41.93478828566584], [-87.67626545473676, 41.93477027338233], [-87.67627751630846, 41.93477020233976], [-87.6762774211631, 41.934761196198004], [-87.67624123645295, 41.93476140932184], [-87.67624133159322, 41.93477041546366], [-87.67619308530561, 41.934770699611136], [-87.67619299017214, 41.93476169346923], [-87.67618092860182, 41.934761764502895], [-87.67618083347008, 41.93475275836095], [-87.67616877190143, 41.93475282939335], [-87.67616801086272, 41.93468078025705], [-87.6761800724178, 41.93468070922483], [-87.67617997728647, 41.934671703082756], [-87.67616791573306, 41.93467177411494], [-87.67616801086272, 41.93468078025705], [-87.67615594930757, 41.934680851287986], [-87.67615642494796, 41.9347258819984], [-87.67613230182062, 41.9347260240567], [-87.67613239694543, 41.93473503019879], [-87.67609621224898, 41.934735243276826], [-87.67609564153128, 41.9346812064237], [-87.67608357997588, 41.93468127744704], [-87.67608348485811, 41.934672271304784], [-87.67609554641182, 41.93467220028146], [-87.67609507081514, 41.93462716957007], [-87.6761071323603, 41.934627098545604], [-87.67610722748125, 41.934636104687876], [-87.67615547366829, 41.93463582057722], [-87.67615537854056, 41.93462681443503], [-87.67616744008551, 41.93462674340422], [-87.67616753521493, 41.934635749546395], [-87.67617959676153, 41.9346356785143], [-87.67617950163041, 41.93462667237215], [-87.67619156317528, 41.9346266013388], [-87.67619146804249, 41.934617595196656], [-87.67627589884346, 41.934617097927934], [-87.67627580369886, 41.93460809178593], [-87.6763240498631, 41.9346078076046], [-87.67632424016594, 41.9346258198884], [-87.67630011707712, 41.93462596198169], [-87.6763004025215, 41.934652980407435], [-87.67628834097195, 41.93465305145225], [-87.67628853126503, 41.93467106373605], [-87.67627646971204, 41.934671134779634], [-87.6762766600019, 41.93468914706343], [-87.67626459844546, 41.93468921810581], [-87.67626469358876, 41.93469822424769], [-87.6762767551469, 41.9346981532053], [-87.67627704058216, 41.93472517163084], [-87.67628910214535, 41.93472510058711], [-87.6762891972922, 41.9347341067289], [-87.67631332042184, 41.9347339646376], [-87.6763135107225, 41.934751976921056], [-87.67632557229064, 41.93475190587346], [-87.67632566744273, 41.93476091201516], [-87.67633772901252, 41.93476084096626], [-87.67633791932022, 41.93477885324953], [-87.67634998089336, 41.934778782199345], [-87.67635007604898, 41.93478778834094], [-87.67633801447414, 41.93478785939116], [-87.6763381096281, 41.93479686553276], [-87.67632604805152, 41.934796936581726], [-87.67632623835618, 41.93481494886493], [-87.67631417677617, 41.93481501991269], [-87.67631446222839, 41.93484203833746], [-87.6763265238135, 41.93484196728965], [-87.67632642866101, 41.93483296114808], [-87.6763505518277, 41.9348328190487], [-87.67635083729546, 41.93485983747318], [-87.67632671411859, 41.9348599795727], [-87.6763268092712, 41.93486898571421], [-87.676314747681, 41.93486905676208], [-87.67631484283196, 41.934878062903614], [-87.67632690442386, 41.93487799185571], [-87.67632699957655, 41.93488699799719], [-87.6763390611701, 41.934886926947996], [-87.67633915632453, 41.934895933089436], [-87.6762909099433, 41.9348962172787], [-87.67629081479565, 41.93488721113717], [-87.67630287638933, 41.934887140091774], [-87.67630278124003, 41.93487813395025], [-87.67629071964804, 41.93487820499562], [-87.67629081479565, 41.93488721113717], [-87.67626669160816, 41.93488735322414], [-87.67626678675242, 41.93489635936574], [-87.67625472515692, 41.93489643040735], [-87.67625482029953, 41.934905436548924], [-87.67624275870229, 41.9349055075893], [-87.67624285384323, 41.9349145137309], [-87.67623079224425, 41.93491458477002], [-87.67623088738355, 41.934923590911616]], [[-87.67617038911791, 41.93490593380491], [-87.67615832752037, 41.934906004836414], [-87.67615823239133, 41.93489699869465], [-87.67617029398718, 41.934896927663175], [-87.67617038911791, 41.93490593380491]], [[-87.67691811284512, 41.93489252123717], [-87.67689398965875, 41.934892663455955], [-87.67689389442627, 41.934883657315524], [-87.67691801760924, 41.93488351509679], [-87.67691811284512, 41.93489252123717]], [[-87.6765561698465, 41.93488564784585], [-87.67654410825374, 41.93488571891786], [-87.67654401307051, 41.934876712776784], [-87.67655607466158, 41.9348766417048], [-87.6765561698465, 41.93488564784585]], [[-87.67665247219009, 41.93486706694249], [-87.67664041060107, 41.934867138024586], [-87.67664031540434, 41.93485813188366], [-87.67660413064209, 41.93485834512226], [-87.67660403545051, 41.934849338981245], [-87.67655578910703, 41.934849623281536], [-87.67655569392227, 41.93484061714043], [-87.67661600184303, 41.934840261762], [-87.67661609703626, 41.934849267903], [-87.67665228179328, 41.93484905466067], [-87.67665247219009, 41.93486706694249]], [[-87.67591652499036, 41.93485338834692], [-87.67590446340208, 41.93485345935168], [-87.67590436830893, 41.93484445320935], [-87.67591642989551, 41.93484438220462], [-87.67591652499036, 41.93485338834692]], [[-87.67695372617919, 41.93483827105743], [-87.67688135668145, 41.9348386977206], [-87.67688107098999, 41.93481167929897], [-87.6769534404572, 41.93481125263621], [-87.67695353569782, 41.934820258776625], [-87.67694147411837, 41.93482032989028], [-87.67694156935733, 41.93482933603071], [-87.67695363093848, 41.93482926491704], [-87.67695372617919, 41.93483827105743]], [[-87.67612119149, 41.934816156504354], [-87.67609706832845, 41.93481629855552], [-87.67609697320832, 41.93480729241349], [-87.67608491162919, 41.934807363437145], [-87.67608481651081, 41.934798357295094], [-87.67609687808825, 41.93479828627146], [-87.67609678296823, 41.93478928012941], [-87.67610884454393, 41.93478920910453], [-87.67610874942226, 41.93478020296249], [-87.67614493414402, 41.93477998988033], [-87.6761448390173, 41.934770983738346], [-87.67618102373359, 41.93477077064484], [-87.67618111886541, 41.93477977678676], [-87.67616905729166, 41.93477984781923], [-87.67616924755202, 41.93479786010305], [-87.67615718597484, 41.9347979311343], [-87.6761572811034, 41.934806937276214], [-87.67612109636647, 41.934807150362374], [-87.67612119149, 41.934816156504354]], [[-87.67704974256944, 41.934792671401055], [-87.67702561942136, 41.93479281364722], [-87.67702552417069, 41.93478380750688], [-87.67701346259828, 41.934783878628046], [-87.67701327210047, 41.9347658663473], [-87.67702533366948, 41.93476579522617], [-87.67702542892008, 41.934774801366544], [-87.67704955206136, 41.934774659120464], [-87.67704974256944, 41.934792671401055]], [[-87.67689294210382, 41.93479359591056], [-87.67688088052924, 41.93479366701782], [-87.67688078529893, 41.93478466087721], [-87.67689284687182, 41.93478458976999], [-87.67689294210382, 41.93479359591056]], [[-87.67706142312063, 41.93475657571492], [-87.67703729998622, 41.93475671796345], [-87.67703720473403, 41.934747711823086], [-87.67702514316845, 41.93474778294543], [-87.67702523841895, 41.93475678908581], [-87.67700111528427, 41.934756931326746], [-87.67700073429612, 41.93472090676493], [-87.67702485741724, 41.93472076452418], [-87.6770249526676, 41.9347297706646], [-87.677061137354, 41.93472955729392], [-87.6770612326095, 41.93473856343427], [-87.67704917104571, 41.93473863455911], [-87.67704926629956, 41.93474764069948], [-87.67706132786505, 41.934747569574604], [-87.67706142312063, 41.93475657571492]], [[-87.6770854509959, 41.93474742732106], [-87.67706132786505, 41.934747569574604], [-87.6770612326095, 41.93473856343427], [-87.67708535573696, 41.93473842118076], [-87.6770854509959, 41.93474742732106]], [[-87.6770368237257, 41.93471168726148], [-87.67702476216691, 41.93471175838373], [-87.67702466691664, 41.93470275224327], [-87.67703672847372, 41.934702681121045], [-87.6770368237257, 41.93471168726148]], [[-87.67630106855995, 41.93471602340033], [-87.67628900699852, 41.9347160944453], [-87.67628891185173, 41.9347070883035], [-87.67630097341147, 41.93470701725853], [-87.67630106855995, 41.93471602340033]], [[-87.67770011404694, 41.934698767447436], [-87.67767599093749, 41.93469890982998], [-87.67767580025382, 41.934680897551445], [-87.67769992335649, 41.934680755168976], [-87.67770011404694, 41.934698767447436]], [[-87.67651808147944, 41.93470573823285], [-87.67650601992048, 41.934705809300596], [-87.6765059247432, 41.934696803159156], [-87.6764938631859, 41.93469687422563], [-87.67649395836148, 41.93470588036709], [-87.67648189680243, 41.93470595143229], [-87.67648180162854, 41.93469694529082], [-87.6764576785137, 41.93469708741742], [-87.67645748817284, 41.93467907513431], [-87.67646954972689, 41.934679004071704], [-87.67646945455483, 41.93466999793015], [-87.67648151610715, 41.93466992686629], [-87.67648142093343, 41.93466092072477], [-87.67650554403451, 41.93466077859329], [-87.67650544885745, 41.93465177245177], [-87.67651751040624, 41.93465170138416], [-87.67651732004884, 41.934633689101155], [-87.67650525850347, 41.93463376016872], [-87.67650516332654, 41.934624754027176], [-87.6764931017828, 41.93462482509346], [-87.67649291143246, 41.93460681281027], [-87.6765049729728, 41.934606741744034], [-87.67650506814964, 41.934615747885616], [-87.67654125277551, 41.93461553467923], [-87.67654134795748, 41.93462454082073], [-87.67655340950104, 41.93462446974938], [-87.6765529335831, 41.93457943904186], [-87.67657705665313, 41.934579296895585], [-87.67657696146628, 41.93457029075409], [-87.67664933066514, 41.934569864284974], [-87.67664923546815, 41.9345608581436], [-87.67663717393681, 41.934560929224915], [-87.676636507571, 41.934497886234695], [-87.67666063060987, 41.93449774407107], [-87.67666053541156, 41.934488737929605], [-87.67668465844686, 41.93448859576097], [-87.67668475364859, 41.93449760190239], [-87.67672093820633, 41.934497388639876], [-87.67672103341319, 41.93450639478124], [-87.67673309493405, 41.93450632369116], [-87.67673299972547, 41.934497317549834], [-87.67680536883952, 41.93449689098298], [-87.67680565449587, 41.93452390940651], [-87.67681771601981, 41.93452383830753], [-87.67681790646098, 41.93454185058976], [-87.67682996798828, 41.934541779489464], [-87.67682987276598, 41.934532773348394], [-87.67687811886793, 41.93453248893466], [-87.67687821409703, 41.93454149507565], [-87.6768902756241, 41.93454142396903], [-87.67689046608581, 41.93455943625094], [-87.67681809690234, 41.93455986287194], [-87.67681819212308, 41.934568869013006], [-87.67686643825235, 41.934568584603994], [-87.67686653347992, 41.93457759074496], [-87.67687859501383, 41.934577519639504], [-87.67687849978456, 41.93456851349857], [-87.67689056131672, 41.93456844239188], [-87.67689065654768, 41.93457744853279], [-87.67690271808151, 41.934577377424816], [-87.67690281331421, 41.9345863835657], [-87.67692693638512, 41.93458624134589], [-87.67692703162126, 41.93459524748671], [-87.67693909315834, 41.93459517637489], [-87.6769393788721, 41.934622194797214], [-87.67691525578772, 41.93462233701973], [-87.67691535102233, 41.93463134316052], [-87.67689122793438, 41.93463148537801], [-87.67689132316563, 41.934640491518834], [-87.6768792616199, 41.934640562625695], [-87.67687916639034, 41.93463155648486], [-87.67686710484625, 41.934631627590434], [-87.67686700961842, 41.93462262144956], [-87.6768428865335, 41.934622763656876], [-87.67684279130911, 41.93461375751593], [-87.67680660668651, 41.934613970817345], [-87.67680670190582, 41.93462297695835], [-87.67678257882048, 41.934623119152995], [-87.67678248360457, 41.93461411301194], [-87.67673423744014, 41.934614397385936], [-87.67673414223107, 41.934605391244794], [-87.67669795761238, 41.934605604511916], [-87.67669805281636, 41.93461461065313], [-87.6766377451092, 41.93461496607311], [-87.6766376499137, 41.9346059599318], [-87.67662558837384, 41.93460603101197], [-87.6766257787615, 41.93462404329466], [-87.67660165567486, 41.934624185451305], [-87.67660184605592, 41.93464219773402], [-87.67657772296229, 41.934642339885684], [-87.67657800852402, 41.9346693583098], [-87.67656594697208, 41.93466942938378], [-87.67656585178648, 41.93466042324241], [-87.67655379023617, 41.93466049431512], [-87.67655369505232, 41.93465148817371], [-87.67654163350367, 41.934651559245125], [-87.67654153832157, 41.93464255310367], [-87.67652947677456, 41.934642624173804], [-87.67652957195499, 41.93465163031528], [-87.67654163350367, 41.934651559245125], [-87.67654172868583, 41.934660565386565], [-87.67652966713544, 41.93466063645674], [-87.67652995267706, 41.93468765488104], [-87.67651789112153, 41.93468772595001], [-87.67651808147944, 41.93470573823285]], [[-87.67703653796991, 41.934684668840134], [-87.67702447641621, 41.934684739962314], [-87.67702438116606, 41.9346757338218], [-87.67701231961401, 41.93467580494271], [-87.67701222436561, 41.93466679880216], [-87.67702428591596, 41.93466672768128], [-87.67702409541589, 41.934648715400215], [-87.67703615696279, 41.93464864427811], [-87.6770362522145, 41.93465765041864], [-87.67704831376308, 41.934657579295255], [-87.67704850427002, 41.93467559157621], [-87.67703644271806, 41.93467566269965], [-87.67703653796991, 41.934684668840134]], [[-87.67707262737382, 41.93467544932555], [-87.67706056582195, 41.93467552045151], [-87.67706047056674, 41.934666514311076], [-87.67707253211692, 41.93466644318513], [-87.67707262737382, 41.93467544932555]], [[-87.6771207783172, 41.934666158668705], [-87.67710871676721, 41.934666229799696], [-87.67710862150527, 41.93465722365933], [-87.67709655995691, 41.934657294789055], [-87.6770964646967, 41.93464828864864], [-87.67713264933654, 41.934648075255744], [-87.67713274460183, 41.93465708139609], [-87.67712068305357, 41.93465715252836], [-87.6771207783172, 41.934666158668705]], [[-87.67716892924635, 41.93465686799174], [-87.67715686769822, 41.93465693912779], [-87.67715677242954, 41.934647932987495], [-87.67716883397598, 41.93464786185146], [-87.67716892924635, 41.93465686799174]], [[-87.67794067747852, 41.93463430037148], [-87.67792861593655, 41.934634371588565], [-87.67792842518226, 41.93461635931076], [-87.67791636364365, 41.93461643052654], [-87.67791626826826, 41.934607424387586], [-87.67792832980517, 41.93460735317182], [-87.67792823442812, 41.93459834703289], [-87.67794029596328, 41.934598275815894], [-87.67794067747852, 41.93463430037148]], [[-87.67769944663114, 41.934635724472564], [-87.67767532354544, 41.93463586685481], [-87.6776752282039, 41.93462686071544], [-87.67766316666268, 41.93462693190464], [-87.67766297598311, 41.93460891962581], [-87.67769916059645, 41.93460870605456], [-87.67769944663114, 41.934635724472564]], [[-87.67701193862065, 41.93463978038046], [-87.67699987707535, 41.9346398515], [-87.67699978182881, 41.93463084535937], [-87.67701184337241, 41.934630774239864], [-87.67701193862065, 41.93463978038046]], [[-87.67590227627078, 41.9346463180747], [-87.67589021472148, 41.93464638907768], [-87.67589011963103, 41.93463738293501], [-87.67590218117863, 41.934637311932036], [-87.67590227627078, 41.9346463180747]], [[-87.67769906525164, 41.934599699915196], [-87.67768700371559, 41.93459977110685], [-87.67768690837252, 41.93459076496745], [-87.67769896990687, 41.93459069377581], [-87.67769906525164, 41.934599699915196]], [[-87.67775927757793, 41.9345903377986], [-87.67773515450963, 41.93459048019329], [-87.67773505915983, 41.93458147405397], [-87.67772299762731, 41.93458154524938], [-87.67772252088739, 41.93453651455242], [-87.67775870545935, 41.934536300962705], [-87.67775880081234, 41.93454530710206], [-87.67777086233794, 41.93454523590294], [-87.67777095769266, 41.934554242042246], [-87.67779508074713, 41.93455409964014], [-87.67779517610529, 41.93456310577939], [-87.67780723763414, 41.93456303457642], [-87.67780742835401, 41.934581046854845], [-87.67775918222472, 41.93458133165933], [-87.67775927757793, 41.9345903377986]], [[-87.67802453592714, 41.93457976498385], [-87.67801247439567, 41.93457983620967], [-87.67801237900689, 41.93457083007085], [-87.67802444053666, 41.934570758845034], [-87.67802453592714, 41.93457976498385]], [[-87.6778556744826, 41.93458076203011], [-87.67781948988622, 41.93458097565057], [-87.67781929916296, 41.93456296337218], [-87.67784342222048, 41.9345628209599], [-87.67784351758547, 41.93457182709905], [-87.67785557911586, 41.934571755890985], [-87.6778556744826, 41.93458076203011]], [[-87.67806062512572, 41.934570545160035], [-87.67804856359608, 41.934570616389635], [-87.67804837280845, 41.93455260411208], [-87.6780724958609, 41.93455246165169], [-87.6780725912581, 41.934561467790445], [-87.67806052973019, 41.93456153902129], [-87.67806062512572, 41.934570545160035]], [[-87.67649243555736, 41.93456178210206], [-87.67635975870404, 41.93456256374585], [-87.6763594732355, 41.93453554532002], [-87.67634741170819, 41.93453561637087], [-87.67634760201713, 41.93455362865482], [-87.67629935589396, 41.93455391284576], [-87.67629926074626, 41.9345449067037], [-87.67631132227542, 41.93454483565788], [-87.67631113197676, 41.93452682337378], [-87.676299070451, 41.93452689441955], [-87.67629878500843, 41.934499875993204], [-87.6763108465291, 41.93449980494749], [-87.67631075137996, 41.934490798805385], [-87.6763348744178, 41.934490656710224], [-87.6763347792653, 41.93448165056813], [-87.67634684078246, 41.934481579518675], [-87.67634722139945, 41.93451760408686], [-87.67635928292334, 41.93451753303604], [-87.67635918776733, 41.93450852689405], [-87.6763712492895, 41.93450845584199], [-87.67637115413183, 41.934499449699985], [-87.67639527717263, 41.93449930759212], [-87.67639537233369, 41.93450831373408], [-87.67643155689964, 41.934508100562695], [-87.67643165206582, 41.93451710670456], [-87.67644371358942, 41.93451703564488], [-87.67644380875734, 41.934526041786725], [-87.67646793180779, 41.93452589966351], [-87.67646802697917, 41.93453490580529], [-87.67648008850603, 41.93453483474177], [-87.67648018367912, 41.9345438408835], [-87.67649224520764, 41.93454376981868], [-87.67649243555736, 41.93456178210206]], [[-87.67660089415239, 41.93455213631982], [-87.67657677109271, 41.934552278471045], [-87.67657667590599, 41.9345432723295], [-87.67660079896227, 41.93454313017833], [-87.67660089415239, 41.93455213631982]], [[-87.67625110977009, 41.93455419701643], [-87.6762269867079, 41.93455433909416], [-87.67622689157038, 41.93454533295197], [-87.67625101462917, 41.93454519087429], [-87.67625110977009, 41.93455419701643]], [[-87.67614255598885, 41.934554836326306], [-87.67613049445738, 41.93455490735442], [-87.67613039933345, 41.93454590121205], [-87.6761424608632, 41.93454583018397], [-87.67614255598885, 41.934554836326306]], [[-87.67733655209537, 41.93453879213332], [-87.6773244905699, 41.93453886328682], [-87.67732439527803, 41.93452985714665], [-87.67733645680181, 41.93452978599318], [-87.67733655209537, 41.93453879213332]], [[-87.67615452239293, 41.934545759154624], [-87.6761424608632, 41.93454583018397], [-87.6761423657376, 41.934536824041615], [-87.67615442726564, 41.934536753012296], [-87.67615452239293, 41.934545759154624]], [[-87.67803602510612, 41.934525656923846], [-87.67799984054226, 41.93452587060092], [-87.67799974515542, 41.93451686446198], [-87.67797562211601, 41.93451700690698], [-87.67797543134925, 41.93449899462898], [-87.6779633698329, 41.934499065849536], [-87.67796308368818, 41.93447204743236], [-87.67795102217684, 41.93447211865157], [-87.67795092679705, 41.93446311251247], [-87.67796298830669, 41.93446304129327], [-87.67796289292525, 41.93445403515417], [-87.677987015941, 41.934453892712014], [-87.67798692055622, 41.93444488657294], [-87.67805928959221, 41.9344444592162], [-87.67805948038219, 41.934462471494065], [-87.67804741887291, 41.9344625427234], [-87.67804751426627, 41.934471548862334], [-87.67805957577725, 41.934471477632975], [-87.67805986196267, 41.93449849604961], [-87.67807192347871, 41.934498424818926], [-87.67807201887562, 41.93450743095775], [-87.6780599573579, 41.93450750218847], [-87.67806005275317, 41.93451650832732], [-87.67803592971421, 41.93451665078498], [-87.67803602510612, 41.934525656923846]], [[-87.6762146397694, 41.93452739170444], [-87.67619051671713, 41.93452753377444], [-87.67619032645257, 41.93450952148982], [-87.67617826492976, 41.934509592522886], [-87.67617816979924, 41.93450058638052], [-87.67619023132036, 41.93450051534749], [-87.67618985079194, 41.93446449077803], [-87.67621397382047, 41.934464348708346], [-87.67621387868508, 41.93445534256599], [-87.67622594019757, 41.93445527152927], [-87.67622622560896, 41.934482289956236], [-87.67623828712651, 41.93448221891817], [-87.67623838226542, 41.93449122506045], [-87.67622632074617, 41.93449129609852], [-87.67622651102074, 41.93450930838306], [-87.67621444949806, 41.93450937941992], [-87.6762146397694, 41.93452739170444]], [[-87.67606990145315, 41.934528244048416], [-87.67603371687309, 41.9345284571059], [-87.67603362176285, 41.9345194509633], [-87.67605774481287, 41.93451930892629], [-87.67605764969929, 41.93451030278373], [-87.67606971122252, 41.934510231763355], [-87.67606990145315, 41.934528244048416]], [[-87.6759009449847, 41.93452023207628], [-87.67588888345915, 41.93452030307896], [-87.6758887883693, 41.9345112969361], [-87.67590084989317, 41.93451122593345], [-87.6759009449847, 41.93452023207628]], [[-87.67610589579199, 41.934510018694596], [-87.67609383426888, 41.93451008971878], [-87.67609373915023, 41.93450108357626], [-87.67608167762879, 41.93450115459917], [-87.67608158251187, 41.93449214845663], [-87.67609364403165, 41.93449207743375], [-87.67609354891309, 41.93448307129121], [-87.67615385650278, 41.93448271615795], [-87.6761539516298, 41.93449172230038], [-87.67611776707105, 41.9344919353842], [-87.67611786219302, 41.934500941526686], [-87.67610580067166, 41.93450101255211], [-87.67610589579199, 41.934510018694596]], [[-87.67592497294075, 41.93451108392435], [-87.67590084989317, 41.93451122593345], [-87.67590056461881, 41.93448420750481], [-87.67588850310005, 41.934484278507384], [-87.67588812274164, 41.93444825393558], [-87.67590018425362, 41.9344481829331], [-87.67589989898018, 41.93442116450415], [-87.67592402199382, 41.934421022495506], [-87.67592392689937, 41.93441201635254], [-87.67594804990944, 41.93441187433887], [-87.67594795481165, 41.93440286819593], [-87.67596001631492, 41.93440279718723], [-87.67596011141443, 41.93441180333013], [-87.67597217291934, 41.93441173232013], [-87.67597302883206, 41.934492787605485], [-87.67596096731187, 41.934492858615684], [-87.6759610624118, 41.934501864758445], [-87.67592487784584, 41.93450207778154], [-87.67592497294075, 41.93451108392435]], [[-87.67623800171003, 41.93445520049129], [-87.67622594019757, 41.93445527152927], [-87.67622584506053, 41.934446265386924], [-87.6762379065713, 41.934446194348965], [-87.67623800171003, 41.93445520049129]], [[-87.67772118602139, 41.93441042859903], [-87.67767294001983, 41.93441071336634], [-87.67767274933895, 41.934392701086864], [-87.67768481083601, 41.93439262989699], [-87.67768490617813, 41.9344016360367], [-87.67772109067414, 41.934401422459395], [-87.67772118602139, 41.93441042859903]], [[-87.67805862182867, 41.934381416243234], [-87.67804656033464, 41.934381487472365], [-87.678046274156, 41.93435446905509], [-87.67805833564493, 41.93435439782602], [-87.67805862182867, 41.934381416243234]], [[-87.67599610571993, 41.93439357801061], [-87.6759840442185, 41.93439364902309], [-87.67598394911568, 41.9343846428802], [-87.67599601061544, 41.93438457186773], [-87.67599610571993, 41.93439357801061]], [[-87.67550158412499, 41.93439648848398], [-87.67547746111849, 41.93439663040381], [-87.67547736608694, 41.93438762425997], [-87.67546530458532, 41.934387695217964], [-87.67546511452575, 41.93436968293021], [-87.67558572950603, 41.93436897329371], [-87.67558591959954, 41.934386985581014], [-87.67550148909004, 41.934387482340185], [-87.67550158412499, 41.93439648848398]], [[-87.67775689376084, 41.93436518431225], [-87.67774483226914, 41.93436525550966], [-87.67774473691873, 41.93435624937], [-87.67773267542867, 41.934356320566124], [-87.67773238938275, 41.934329302146985], [-87.67774445086772, 41.93432923095093], [-87.67774435551746, 41.9343202248112], [-87.67775641700071, 41.934320153613896], [-87.67775651235264, 41.934329159753595], [-87.67776857383753, 41.934329088555], [-87.67776866919121, 41.93433809469466], [-87.67775660770464, 41.93433816589328], [-87.67775689376084, 41.93436518431225]], [[-87.67805824025045, 41.934345391686925], [-87.67802205578863, 41.93434560537026], [-87.67802196039928, 41.934336599231074], [-87.67800989891361, 41.934336670456304], [-87.67800970813842, 41.93431865817785], [-87.67802176962068, 41.934318586952685], [-87.67802186500997, 41.93432759309189], [-87.67804598797775, 41.934327450637696], [-87.67804608337046, 41.93433645677684], [-87.67805814485601, 41.934336385547816], [-87.67805824025045, 41.934345391686925]], [[-87.6780580494616, 41.9343273794087], [-87.67804598797775, 41.934327450637696], [-87.6780458925851, 41.93431844449854], [-87.67803383110292, 41.93431851572623], [-87.67803364032113, 41.93430050344783], [-87.67805776327866, 41.93430036099123], [-87.67805785867293, 41.9343093671304], [-87.67806992015332, 41.934309295900185], [-87.67807001554934, 41.93431830203931], [-87.67805795406724, 41.93431837326956], [-87.6780580494616, 41.9343273794087]], [[-87.67768404810067, 41.93432058077872], [-87.67765992513367, 41.93432072315686], [-87.67765982979535, 41.93431171701697], [-87.67767189127717, 41.93431164582855], [-87.67767179593719, 41.93430263968867], [-87.67768385741729, 41.934302568499014], [-87.67768404810067, 41.93432058077872]], [[-87.67799726511305, 41.93428270484462], [-87.6779610806862, 41.93428291850847], [-87.67796069916419, 41.934246893950835], [-87.67797276063307, 41.934246822730906], [-87.67797256986893, 41.93422881045203], [-87.67798463133437, 41.934228739230896], [-87.67798453595066, 41.93421973309146], [-87.67799659741435, 41.934219661869065], [-87.67799669279975, 41.934228668008465], [-87.6780087542651, 41.93422859678479], [-87.67800884965223, 41.93423760292416], [-87.67802091111923, 41.93423753169918], [-87.67802100650812, 41.93424653783852], [-87.67804512944538, 41.93424639538472], [-87.67804532023005, 41.934264407663264], [-87.67800913581391, 41.93426462134219], [-87.67800923120122, 41.93427362748151], [-87.67799716972739, 41.9342736987053], [-87.67799726511305, 41.93428270484462]], [[-87.67791283478313, 41.93428320337589], [-87.67788871183134, 41.93428334580198], [-87.67788861646096, 41.93427433966246], [-87.6778765549867, 41.93427441087359], [-87.67787626888088, 41.934247392454864], [-87.67788833035006, 41.9342473212438], [-87.67788813960966, 41.934229308964625], [-87.6779122625411, 41.9342291665388], [-87.67791254866192, 41.9342561849574], [-87.67792461013266, 41.93425611374253], [-87.67792480088349, 41.93427412602148], [-87.67791273940935, 41.934274197236405], [-87.67791283478313, 41.93428320337589]], [[-87.67547641577384, 41.93429756282087], [-87.67546435428918, 41.93429763377864], [-87.67546425925981, 41.934288627634636], [-87.67547632074276, 41.93428855667688], [-87.67547641577384, 41.93429756282087]], [[-87.67786449351237, 41.934274482083445], [-87.677780063191, 41.934274980517], [-87.6777798724809, 41.93425696823752], [-87.67784017983655, 41.9342566122201], [-87.67784008447309, 41.93424760608045], [-87.6778521459424, 41.93424753487318], [-87.67785224130756, 41.93425654101283], [-87.67786430277852, 41.93425646980427], [-87.67786449351237, 41.934274482083445]], [[-87.67776800171633, 41.93427505171674], [-87.67774387876689, 41.93427519411239], [-87.67774378341691, 41.934266187972575], [-87.67776790636296, 41.93426604557697], [-87.67776800171633, 41.93427505171674]], [[-87.67566930446414, 41.9342874211806], [-87.67565724298188, 41.934287492158624], [-87.6756571479254, 41.93427848601495], [-87.67566920940597, 41.93427841503695], [-87.67566930446414, 41.9342874211806]], [[-87.67528305199878, 41.934262673415724], [-87.67524686756296, 41.93426288622416], [-87.67524677256431, 41.93425388007969], [-87.67522264961028, 41.93425402194559], [-87.67522245961987, 41.93423600965652], [-87.6752345210935, 41.93423593872424], [-87.67523442609668, 41.93422693257972], [-87.67524648756857, 41.93422686164619], [-87.67524658256711, 41.934235867790704], [-87.67525864404067, 41.93423579685588], [-87.67525854904044, 41.93422679071139], [-87.67528267198402, 41.93422664883802], [-87.67528276698765, 41.93423565498246], [-87.67529482846108, 41.93423558404385], [-87.67529492346642, 41.934244590188264], [-87.6752828619913, 41.9342446611269], [-87.67528305199878, 41.934262673415724]], [[-87.67547575055724, 41.934234519812634], [-87.67546368908448, 41.93423459077026], [-87.6754635940554, 41.93422558462615], [-87.67547565552648, 41.93422551366855], [-87.67547575055724, 41.934234519812634]], [[-87.67548771699751, 41.934225442709696], [-87.67547565552648, 41.93422551366855], [-87.67547556049576, 41.93421650752444], [-87.6754876219651, 41.93421643656561], [-87.67548771699751, 41.934225442709696]], [[-87.6754996834344, 41.9342163656055], [-87.6754876219651, 41.93421643656561], [-87.67548752693271, 41.93420743042152], [-87.67549958840031, 41.93420735946144], [-87.6754996834344, 41.9342163656055]], [[-87.67552304607432, 41.93414417452886], [-87.67541449297204, 41.934144813145394], [-87.67541439795019, 41.93413580700106], [-87.67552295103721, 41.93413516838472], [-87.67552304607432, 41.93414417452886]], [[-87.67604054730761, 41.93403304822542], [-87.67602848587418, 41.934033119242095], [-87.67602829565853, 41.934015106955314], [-87.67605241851852, 41.9340149649208], [-87.67605251362973, 41.93402397106415], [-87.67604045219805, 41.93402404208206], [-87.67604054730761, 41.93403304822542]], [[-87.678030587836, 41.934012306985444], [-87.67801852641148, 41.93401237821112], [-87.67801843102373, 41.93400337207142], [-87.6779943081779, 41.93400351451893], [-87.67799421279359, 41.93399450837917], [-87.67800627421484, 41.93399443715606], [-87.67800617882887, 41.93398543101631], [-87.67801824024836, 41.93398535979196], [-87.67801814486076, 41.933976353652206], [-87.6780302062785, 41.93397628242661], [-87.67803011088924, 41.93396727628688], [-87.67804217230527, 41.933967205060036], [-87.67804236308723, 41.93398521733946], [-87.67803030166783, 41.93398528856635], [-87.678030587836, 41.934012306985444]], [[-87.6779701853319, 41.93400365696139], [-87.67795812390885, 41.93400372818071], [-87.67795802852962, 41.93399472204088], [-87.67794596710822, 41.93399479325891], [-87.6779457763533, 41.93397678097916], [-87.67793371493524, 41.93397685219588], [-87.6779335241839, 41.933958839916016], [-87.67792146276918, 41.933958911131434], [-87.67792098590006, 41.933913880431426], [-87.67794510871248, 41.933913737999546], [-87.67794539484399, 41.93394075641947], [-87.67795745625523, 41.93394068520156], [-87.67795783777132, 41.93397670976117], [-87.67796989918929, 41.933976638541914], [-87.6779701853319, 41.93400365696139]], [[-87.67631776996699, 41.93401340220668], [-87.67630570853795, 41.93401347325243], [-87.67630561339116, 41.934004467109546], [-87.67631767481849, 41.9340043960638], [-87.67631776996699, 41.93401340220668]], [[-87.67630561339116, 41.934004467109546], [-87.6762814905364, 41.934004609197224], [-87.67628139539303, 41.93399560305427], [-87.67630551824442, 41.93399546096664], [-87.67630561339116, 41.934004467109546]], [[-87.6780415999604, 41.9339131682214], [-87.67802953855455, 41.933913239448096], [-87.67802944316558, 41.93390423330827], [-87.67800532035717, 41.93390437575782], [-87.67800522497166, 41.93389536961792], [-87.67801728637419, 41.93389529839379], [-87.678017190987, 41.93388629225391], [-87.6780292523878, 41.93388622102853], [-87.67802915699897, 41.93387721488864], [-87.67804121839801, 41.93387714366203], [-87.6780415999604, 41.9339131682214]], [[-87.6778722634406, 41.93386913457914], [-87.67786020204264, 41.933869205788], [-87.67786010667766, 41.93386019964776], [-87.67782392248859, 41.93386041326666], [-87.67782382712872, 41.93385140712635], [-87.67778764294437, 41.933851620733776], [-87.67778754758963, 41.93384261459338], [-87.67773930201665, 41.93384289938545], [-87.67773920666876, 41.933833893244966], [-87.67770302249366, 41.93383410682566], [-87.67770283180818, 41.93381609454449], [-87.67772695458483, 41.93381595215871], [-87.67772685923876, 41.93380694601815], [-87.67773892062533, 41.93380687482338], [-87.67773872992993, 41.93378886254226], [-87.67775079131306, 41.933788791346274], [-87.67775060061443, 41.93377077906515], [-87.67766617095536, 41.93377127741014], [-87.67766626629277, 41.93378028355085], [-87.67765420491102, 41.93378035473795], [-87.67765391890401, 41.93375333631565], [-87.67764185752732, 41.93375340750141], [-87.67764176219343, 41.9337444013606], [-87.6776297008184, 41.93374447254506], [-87.67762960548625, 41.9337354664042], [-87.67764166685959, 41.93373539521976], [-87.67764147619202, 41.93371738293804], [-87.67765353756194, 41.93371731175238], [-87.67765363289739, 41.933726317893225], [-87.67770187838336, 41.93372603313778], [-87.67770178304113, 41.93371702699702], [-87.67771384441082, 41.93371695580501], [-87.67771403509873, 41.93373496808646], [-87.67772609647176, 41.93373489689314], [-87.6777261918175, 41.933743903033815], [-87.67773825319217, 41.9337438318392], [-87.67773834853963, 41.93375283797986], [-87.67775040991599, 41.933752766783954], [-87.67775031456684, 41.93374376064334], [-87.67779856006499, 41.93374347584717], [-87.67779865542093, 41.9337524819877], [-87.67783483954918, 41.93375226837721], [-87.67783474418815, 41.93374326223675], [-87.67784680556244, 41.93374319103074], [-87.67784671019976, 41.93373418489029], [-87.6778587715723, 41.933734113683045], [-87.67785867620796, 41.9337251075426], [-87.67787073757879, 41.9337250363341], [-87.67787083294483, 41.933734042474526], [-87.67789495568974, 41.93373390005368], [-87.6778948603203, 41.93372489391331], [-87.67790692169099, 41.93372482270101], [-87.67790720780451, 41.93375184112203], [-87.67791926918024, 41.933751769908405], [-87.67791936455319, 41.933760776048686], [-87.67790730317574, 41.93376084726235], [-87.67790739854706, 41.933769853402644], [-87.67785915303011, 41.93377013824467], [-87.67785924839467, 41.93377914438504], [-87.67787130977567, 41.933779073176424], [-87.67787140514196, 41.93378807931675], [-87.67788346652462, 41.93378800810684], [-87.67788356189266, 41.93379701424713], [-87.67790768466122, 41.93379687182345], [-87.6779077800327, 41.933805877963685], [-87.67791984141861, 41.93380580674992], [-87.67792003216509, 41.93382381903031], [-87.67794415494356, 41.933823676598905], [-87.67794405956691, 41.93381467045876], [-87.67796818234183, 41.9338145280223], [-87.67796808696183, 41.933805521882185], [-87.67799220973318, 41.93380537944071], [-87.67799230511656, 41.933814385580796], [-87.67800436650388, 41.933814314358145], [-87.67800446188902, 41.93382332049818], [-87.67799240050002, 41.93382339172085], [-87.67799249588349, 41.93383239786089], [-87.67798043449274, 41.933832469082326], [-87.67798062525645, 41.93385048136241], [-87.67792031828512, 41.9338508374508], [-87.67792041365855, 41.93385984359093], [-87.67787216807392, 41.93386012843893], [-87.6778722634406, 41.93386913457914]], [[-87.67701466587941, 41.933757107415204], [-87.67690611346687, 41.93375774743714], [-87.6769059230061, 41.933739735152756], [-87.67691798438206, 41.933739664044325], [-87.67691760345427, 41.933703639475475], [-87.6768934807159, 41.93370378169092], [-87.67689338548746, 41.93369477554862], [-87.6768813241199, 41.93369484665441], [-87.6768812288932, 41.933685840512084], [-87.6768691675273, 41.9336859116166], [-87.6768692627523, 41.933694917758935], [-87.67683307864925, 41.93369513106491], [-87.67683298342932, 41.93368612492249], [-87.6767726765985, 41.933686480407], [-87.67677229575321, 41.933650455836734], [-87.67678435711268, 41.933650384742464], [-87.67678416668689, 41.93363237245729], [-87.67679622804292, 41.9336323013618], [-87.67679613282839, 41.93362329521922], [-87.67682025553692, 41.93362315302446], [-87.67682006510123, 41.93360514073934], [-87.67683212645201, 41.933605069640116], [-87.67683222167156, 41.93361407578265], [-87.67684428302402, 41.93361400468212], [-87.67684437824528, 41.93362301082464], [-87.67685643959939, 41.93362293972283], [-87.67685634437643, 41.93361393358034], [-87.67686840572881, 41.93361386247727], [-87.67686831050418, 41.93360485633481], [-87.67688037185482, 41.9336047852305], [-87.67688018140232, 41.93358677294555], [-87.67689224274952, 41.93358670184003], [-87.67689214752166, 41.93357769569755], [-87.6769042088671, 41.93357762459078], [-87.67690411363756, 41.93356861844831], [-87.67691617498129, 41.9335685473403], [-87.6769160797501, 41.93355954119784], [-87.67692814109209, 41.93355947008858], [-87.67692804585924, 41.93355046394613], [-87.67695216853967, 41.933550321723864], [-87.6769524542485, 41.93357734015105], [-87.67696451559374, 41.93357726903794], [-87.67696461083179, 41.93358627518028], [-87.67695254948485, 41.9335863462934], [-87.67695273995771, 41.933604358578094], [-87.67692861725692, 41.933604500800634], [-87.67692871249002, 41.933613506943], [-87.67696489654622, 41.933613293607216], [-87.67696518226106, 41.933640312034036], [-87.67697724361813, 41.93364024091951], [-87.6769773388582, 41.93364924706172], [-87.6770014615756, 41.933649104828824], [-87.67700155681909, 41.933658110970995], [-87.67697743409828, 41.93365825320393], [-87.67697752933844, 41.93366725934613], [-87.67694134525182, 41.93366747268611], [-87.67694153572207, 41.933685484970574], [-87.67706214937652, 41.93368477379254], [-87.67706224462867, 41.93369377993453], [-87.67712255146276, 41.93369342429788], [-87.67712245620213, 41.933684418156005], [-87.67713451756711, 41.9336843470249], [-87.67713461282945, 41.93369335316675], [-87.67714667419608, 41.93369328203436], [-87.67714676946017, 41.93370228817619], [-87.67709852398654, 41.93370257269825], [-87.67709861924388, 41.933711578840146], [-87.67708655787366, 41.93371164996752], [-87.67708665312934, 41.93372065610943], [-87.67707459175739, 41.933720727235546], [-87.67707487751957, 41.933747745661236], [-87.6770628161425, 41.93374781678617], [-87.67706262563772, 41.93372980450234], [-87.67705056426398, 41.933729875625964], [-87.67705075476538, 41.933747887909824], [-87.67701457063374, 41.93374810127321], [-87.67701466587941, 41.933757107415204]], [[-87.67671313139145, 41.93375888500054], [-87.67670107001136, 41.93375895608749], [-87.6767009748098, 41.93374994994492], [-87.67671303618819, 41.933749878857995], [-87.67671313139145, 41.93375888500054]], [[-87.67658036102354, 41.93375066074446], [-87.67655623826577, 41.933750802889165], [-87.67655614308462, 41.933741796746325], [-87.676580265839, 41.93374165460167], [-87.67658036102354, 41.93375066074446]], [[-87.67670087960828, 41.933740943802356], [-87.67666469547795, 41.933741157055444], [-87.67666450508523, 41.93372314477011], [-87.67662832096468, 41.93372335801168], [-87.67662813058232, 41.93370534572616], [-87.67660400784186, 41.93370548788078], [-87.67660391265413, 41.933696481737954], [-87.6766883422331, 41.933695984174776], [-87.67668862783204, 41.93372300260275], [-87.67670068920538, 41.93372293151716], [-87.67670087960828, 41.933740943802356]], [[-87.67802734461942, 41.93370609822805], [-87.67801528325258, 41.933706169452975], [-87.6780151878663, 41.93369716331278], [-87.67802724923148, 41.933697092087876], [-87.67802734461942, 41.93370609822805]], [[-87.67673677811867, 41.93371371211023], [-87.6767126553756, 41.9337138542877], [-87.67671256017255, 41.93370484814509], [-87.67672462154242, 41.93370477705701], [-87.67672452633774, 41.933695770914404], [-87.67674864907391, 41.933695628734505], [-87.67674874428202, 41.93370463487705], [-87.67673668291224, 41.93370470596768], [-87.67673677811867, 41.93371371211023]], [[-87.6780031265011, 41.93369723453641], [-87.67793075830895, 41.933697661851596], [-87.67793066293459, 41.93368865571123], [-87.67791860157078, 41.93368872692597], [-87.67791841082561, 41.933670714645146], [-87.67790634946515, 41.93367078585857], [-87.67790625409431, 41.93366177971813], [-87.67789419273551, 41.93366185093027], [-87.67789428810462, 41.933670857070744], [-87.67785810402285, 41.93367107069963], [-87.67785800865882, 41.9336620645591], [-87.67784594729983, 41.93366213576616], [-87.67784585193752, 41.93365312962558], [-87.6778337905802, 41.93365320083136], [-87.67783417202284, 41.93368922539369], [-87.6778221106587, 41.9336892965983], [-87.67782201529965, 41.93368029045772], [-87.67780995393714, 41.933680361661025], [-87.67781014465186, 41.933698373942235], [-87.67778602191991, 41.93369851634515], [-87.67778564050424, 41.93366249178253], [-87.67779770186344, 41.93366242058179], [-87.67779760650794, 41.93365341444111], [-87.67778554515041, 41.933653485641834], [-87.67778535444292, 41.9336354733604], [-87.67779741579704, 41.93363540215973], [-87.67779684366542, 41.93358136531523], [-87.67778478232148, 41.93358143651577], [-87.67778449626134, 41.93355441809326], [-87.67779655760019, 41.93355434689279], [-87.67779646224521, 41.93354534075195], [-87.67780852358231, 41.93354526955023], [-87.67780842822567, 41.93353626340939], [-87.67789285757233, 41.93353576496206], [-87.67789276220385, 41.93352675882137], [-87.67791688487054, 41.9335266163965], [-87.6779169802424, 41.933535622537136], [-87.67792904157737, 41.93353555132278], [-87.67792894620382, 41.933526545182154], [-87.67794100753706, 41.93352647396655], [-87.6779405306614, 41.93348144326331], [-87.67795259198611, 41.93348137204654], [-87.67795240123277, 41.9334633597652], [-87.6779162172687, 41.93346357341156], [-87.67791612189718, 41.93345456727078], [-87.67790406057743, 41.93345463848368], [-87.67790396520766, 41.93344563234289], [-87.67789190388956, 41.93344570355448], [-87.67789180852151, 41.93343669741365], [-87.67787974720508, 41.93343676862397], [-87.67787965183878, 41.93342776248309], [-87.67789171315353, 41.93342769127281], [-87.67789161778558, 41.93341868513193], [-87.67793986303734, 41.93341840027818], [-87.67793976766265, 41.9334093941374], [-87.67797595159593, 41.93340918048384], [-87.6779760469757, 41.93341818662457], [-87.67802429222627, 41.933417901735346], [-87.67802438761287, 41.933426907875976], [-87.67800026498428, 41.93342705032316], [-87.67800036036755, 41.933436056463805], [-87.67801242168356, 41.93343598524082], [-87.67801270783869, 41.933463003662624], [-87.67802476915975, 41.9334629324383], [-87.67802505532038, 41.9334899508599], [-87.67803711664648, 41.93348987963424], [-87.67803721203512, 41.93349888577474], [-87.67802515070733, 41.9334989570004], [-87.67802534148137, 41.93351696928137], [-87.67803740281258, 41.93351689805565], [-87.67803768897906, 41.93354391647693], [-87.67804975031531, 41.93354384524988], [-87.6780495595342, 41.93352583296909], [-87.67807368219977, 41.933525690511274], [-87.67807425456394, 41.93357972735321], [-87.678062193221, 41.933579798582876], [-87.67806200243615, 41.93356178630225], [-87.67804994109657, 41.93356185753061], [-87.67804984570591, 41.93355285139025], [-87.67803778436797, 41.933552922617324], [-87.67803787975694, 41.93356192875772], [-87.67801375707755, 41.93356207120811], [-87.67801356630646, 41.93354405892725], [-87.67800150497008, 41.93354413015049], [-87.67800160035392, 41.93355313629095], [-87.67796541633948, 41.93355334995317], [-87.6779656070971, 41.93357136223419], [-87.67795354575546, 41.93357143345245], [-87.67795373650983, 41.933589445733446], [-87.67796579785487, 41.93358937451515], [-87.67796598861281, 41.933607386796055], [-87.67799011130953, 41.933607244355564], [-87.67799001592714, 41.93359823821516], [-87.67803826131322, 41.9335979533191], [-87.6780386428702, 41.93363397788025], [-87.67802658151696, 41.93363404910626], [-87.67802686768006, 41.93366106752704], [-87.6780389290384, 41.93366099630096], [-87.67803902442787, 41.933670002441175], [-87.67802696306785, 41.933670073667265], [-87.67802705845567, 41.93367907980749], [-87.6780029357321, 41.93367922225593], [-87.6780031265011, 41.93369723453641]], [[-87.67768953099042, 41.93369908590618], [-87.67767746962404, 41.9336991570956], [-87.67767737428532, 41.93369015095477], [-87.67768943565001, 41.933690079765356], [-87.67768953099042, 41.93369908590618]], [[-87.67767737428532, 41.93369015095477], [-87.6776653129206, 41.93369022214291], [-87.67766521758362, 41.933681216002036], [-87.67765315622054, 41.933681287188875], [-87.67765287021496, 41.933654268766105], [-87.67766493157295, 41.93365419757932], [-87.67766502690979, 41.93366320372024], [-87.67768914962903, 41.933663061342834], [-87.67768934030964, 41.933681073624534], [-87.67767727894665, 41.93368114481392], [-87.67767737428532, 41.93369015095477]], [[-87.67774945642635, 41.933662705377145], [-87.67773739506697, 41.93366277657281], [-87.67773729971995, 41.933653770432024], [-87.67774936107763, 41.93365369923638], [-87.67774945642635, 41.933662705377145]], [[-87.67772533370756, 41.933662847767216], [-87.67768914962903, 41.933663061342834], [-87.67768905428879, 41.933654055201956], [-87.67772523836221, 41.93365384162641], [-87.67772533370756, 41.933662847767216]], [[-87.67717022532537, 41.93363910291481], [-87.677158163969, 41.93363917404961], [-87.67715797343811, 41.93362116176579], [-87.677133850732, 41.933621304031504], [-87.67713375547004, 41.933612297889525], [-87.67712169411861, 41.93361236902045], [-87.67712150359817, 41.93359435673642], [-87.67714562629418, 41.93359421447338], [-87.67714553103063, 41.93358520833139], [-87.67721789910742, 41.933584781512025], [-87.67721799438115, 41.93359378765388], [-87.67723005572883, 41.933593716512874], [-87.6772301510043, 41.9336027226547], [-87.6772060283055, 41.9336028649355], [-87.67720612357763, 41.933611871077346], [-87.67719406222646, 41.93361194221588], [-87.67719415749694, 41.93362094835774], [-87.67717003479109, 41.93362109063105], [-87.67717022532537, 41.93363910291481]], [[-87.67677220054199, 41.933641449694136], [-87.67676013918418, 41.933641520787134], [-87.6767600439747, 41.9336325146445], [-87.67677210533081, 41.93363244355153], [-87.67677220054199, 41.933641449694136]], [[-87.67673601646842, 41.93364166296931], [-87.67669983239448, 41.93364187623307], [-87.67669935638993, 41.93359684551919], [-87.67668729504035, 41.93359691660447], [-87.67668719984125, 41.933587910461625], [-87.67667513849332, 41.933587981545614], [-87.67667485290143, 41.93356096311694], [-87.67669897558707, 41.933560820947825], [-87.67669916598842, 41.93357883323353], [-87.67671122733458, 41.933578762147036], [-87.67671141773947, 41.933596774432644], [-87.67674760178785, 41.93359656116541], [-87.6767478874108, 41.93362357959353], [-87.67675994876527, 41.93362350850185], [-87.6767600439747, 41.9336325146445], [-87.67673592126233, 41.933632656826624], [-87.67673601646842, 41.93364166296931]], [[-87.67776085033366, 41.933599591194735], [-87.67774878898621, 41.933599662391515], [-87.67774850294109, 41.933572643968894], [-87.67777262562578, 41.9335725015742], [-87.67777281632927, 41.93359051385587], [-87.67776075498355, 41.9335905850539], [-87.67776085033366, 41.933599591194735]], [[-87.67766350152544, 41.93351910546384], [-87.6776514401929, 41.93351917665028], [-87.67765134485845, 41.933510170509116], [-87.67763928352757, 41.93351024169427], [-87.67763909286218, 41.93349222941184], [-87.67765115418968, 41.933492158226734], [-87.67765124952405, 41.93350116436793], [-87.67766331085319, 41.93350109318153], [-87.67766350152544, 41.93351910546384]], [[-87.6780733006245, 41.93348966594969], [-87.67806123929854, 41.933489737179144], [-87.67806047616371, 41.93341768805513], [-87.67807253747611, 41.93341761682585], [-87.6780733006245, 41.93348966594969]], [[-87.67657664885823, 41.93339942116468], [-87.6765525262328, 41.93339956330765], [-87.67655243105334, 41.93339055716424], [-87.67654036974224, 41.9333906282338], [-87.67654027456452, 41.933381622090366], [-87.67652821325507, 41.93338169315864], [-87.67652792772725, 41.933354674728164], [-87.6765399890316, 41.933354603659964], [-87.67653989385406, 41.933345597516464], [-87.67655195515665, 41.933345526447006], [-87.67655185997747, 41.93333652030353], [-87.67660010518067, 41.93333623601315], [-87.67660039073877, 41.9333632544433], [-87.67658832943293, 41.93336332551787], [-87.67658861498634, 41.933390343947956], [-87.67657655367537, 41.93339041502132], [-87.67657664885823, 41.93339942116468]], [[-87.6780116586051, 41.933363936115406], [-87.67799959730266, 41.93336400733821], [-87.67799950191976, 41.93335500119744], [-87.6780115632205, 41.93335492997466], [-87.6780116586051, 41.933363936115406]], [[-87.67801146783593, 41.933345923833905], [-87.67799940653688, 41.93334599505667], [-87.67799931115405, 41.93333698891586], [-87.67801137245141, 41.933336917693126], [-87.67801146783593, 41.933345923833905]], [[-87.67805961764036, 41.933336632789505], [-87.67804755634319, 41.933336704017314], [-87.6780473655641, 41.93331869173588], [-87.67805942685787, 41.93331862050811], [-87.67805961764036, 41.933336632789505]], [[-87.67795106596424, 41.93333727379416], [-87.67792694336907, 41.93333741622568], [-87.6779267526239, 41.9333194039438], [-87.67791469132965, 41.93331947515762], [-87.67791440521731, 41.9332924567346], [-87.67796265037373, 41.93329217187197], [-87.6779628411288, 41.93331018415382], [-87.6779749024212, 41.93331011293495], [-87.67797499780049, 41.93331911907582], [-87.67796293650642, 41.93331919029472], [-87.67796303188406, 41.93332819643561], [-87.67795097058823, 41.93332826765326], [-87.67795106596424, 41.93333727379416]], [[-87.67802314759031, 41.9333098280468], [-87.67799902500583, 41.93330997049341], [-87.67799883424058, 41.93329195821169], [-87.67802295681825, 41.93329181576517], [-87.67802314759031, 41.9333098280468]], [[-87.67627178613799, 41.933085982541904], [-87.67624766362911, 41.93308612461996], [-87.6762475684936, 41.9330771184755], [-87.67627169099906, 41.93307697639749], [-87.67627178613799, 41.933085982541904]], [[-87.6776575907663, 41.932960724685586], [-87.67763346831154, 41.93296086705445], [-87.67763337298149, 41.93295186091237], [-87.67762131175574, 41.93295193209487], [-87.67762121642743, 41.93294292595275], [-87.67760915520333, 41.932942997133964], [-87.67760905987674, 41.932933990991806], [-87.67762112109914, 41.932933919810615], [-87.6776210257709, 41.932924913668465], [-87.6776089645502, 41.93292498484964], [-87.6776088692237, 41.93291597870744], [-87.67763299166168, 41.932915836343895], [-87.67763289633183, 41.93290683020174], [-87.67768114120045, 41.93290654545951], [-87.67768123653708, 41.93291555160156], [-87.67769329775582, 41.932915480412824], [-87.67769348843261, 41.93293349269686], [-87.67768142721047, 41.932933563885655], [-87.67768152254725, 41.93294257002768], [-87.67766946132336, 41.93294264121522], [-87.67766955665846, 41.93295164735726], [-87.67765749543285, 41.93295171854356], [-87.6776575907663, 41.932960724685586]], [[-87.67578743451472, 41.93290870023135], [-87.67577537329251, 41.93290877121991], [-87.67577518315554, 41.93289075892865], [-87.67578724437436, 41.932890687940144], [-87.67578743451472, 41.93290870023135]], [[-87.67769282106462, 41.93287044970247], [-87.67768075985438, 41.93287052089111], [-87.67768056918159, 41.93285250860682], [-87.6777046915953, 41.93285236622837], [-87.67770478693505, 41.93286137237047], [-87.67769272572653, 41.932861443560355], [-87.67769282106462, 41.93287044970247]], [[-87.67625753673829, 41.93287891225578], [-87.67624547552286, 41.932878983293676], [-87.67624528525384, 41.932860971004075], [-87.67623322404177, 41.93286104204065], [-87.67623293864365, 41.93283402360608], [-87.67624499985064, 41.932833952569574], [-87.67624490471633, 41.93282494642471], [-87.67626902712678, 41.93282480434794], [-87.67626893198911, 41.932815798203094], [-87.67628099319259, 41.93281572716283], [-87.676280802914, 41.93279771487318], [-87.67631698651397, 41.93279750174492], [-87.67631708165833, 41.9328065078897], [-87.6763050204567, 41.932806578933736], [-87.67630511559939, 41.932815585078515], [-87.67629305439601, 41.93281565612131], [-87.67629324467818, 41.93283366841088], [-87.67628118347136, 41.93283373945245], [-87.6762813737503, 41.932851751742], [-87.67629343496051, 41.93285168070039], [-87.67629353010174, 41.932860686845125], [-87.67626940767788, 41.93286082892713], [-87.67626950281577, 41.93286983507189], [-87.67625744160206, 41.932869906111016], [-87.67625753673829, 41.93287891225578]], [[-87.67635374101093, 41.932851325473294], [-87.67634167980093, 41.93285139652125], [-87.67634110891373, 41.93279735965308], [-87.67635317011356, 41.93279728860527], [-87.67635345556204, 41.93282430703935], [-87.67636551676691, 41.9328242359902], [-87.67636570706951, 41.932842248279464], [-87.67635364586125, 41.932842319328664], [-87.67635374101093, 41.932851325473294]], [[-87.67619685014998, 41.93284324285292], [-87.67616066652324, 41.932843455943505], [-87.67616057140077, 41.9328344497985], [-87.67614851019347, 41.93283452082614], [-87.67614841507272, 41.93282551468109], [-87.67613635386708, 41.93282558570745], [-87.67613625874807, 41.93281657956236], [-87.67612419754408, 41.93281665058741], [-87.67612410242683, 41.932807644442306], [-87.6760758576172, 41.93280792852978], [-87.6760760478382, 41.93282594082019], [-87.67603986422036, 41.932826153872625], [-87.67603967400953, 41.932808141582086], [-87.67605173521214, 41.932808070565926], [-87.67605164010509, 41.93279906442066], [-87.67611194610895, 41.93279870932092], [-87.67611185099346, 41.93278970317575], [-87.67612391219241, 41.93278963215203], [-87.67612381707528, 41.93278062600686], [-87.67620824545482, 41.93278012880547], [-87.6762087211003, 41.93282515953035], [-87.67619665989487, 41.93282523056303], [-87.67619685014998, 41.93284324285292]], [[-87.6768583121613, 41.93265921129472], [-87.67684625098876, 41.93265928239541], [-87.67684615577043, 41.932650276251394], [-87.67678584991553, 41.93265063173572], [-87.67678537386703, 41.93260560101484], [-87.67679743502961, 41.93260552992062], [-87.67679753024093, 41.9326145360648], [-87.6768337137335, 41.93261432277447], [-87.67683361851711, 41.93260531663035], [-87.67690598549093, 41.932604890015625], [-87.6769058902644, 41.93259588387162], [-87.67693001258526, 41.93259574165663], [-87.67693020304516, 41.93261375394451], [-87.67694226420892, 41.93261368283506], [-87.67694264513602, 41.93264970741059], [-87.6768582169413, 41.93265020515073], [-87.6768583121613, 41.93265921129472]]]}}, {"type": "Feature", "properties": {"rank": 3, "name": "North California Avenue, Maplewood", "area_m2": 10052, "volume_m3": 9868, "max_depth_m": 1.52}, "geometry": {"type": "Polygon", "coordinates": [[[-87.69762790169362, 41.93477756284404], [-87.69762760724674, 41.93475054453973], [-87.69763966876069, 41.93475047125319], [-87.6976394724596, 41.934732459050295], [-87.6976515339701, 41.93473238576253], [-87.69765143581793, 41.93472337966109], [-87.69766349732672, 41.93472330637207], [-87.69766339917288, 41.93471430027064], [-87.69771164520077, 41.934714007102066], [-87.69771174336138, 41.93472301320342], [-87.69773586637845, 41.93472286661147], [-87.6977360627066, 41.93474087881404], [-87.69774812421846, 41.93474080551613], [-87.69774832055019, 41.934758817718574], [-87.6977603820654, 41.93475874441936], [-87.69776008756278, 41.93473172611572], [-87.69777214907285, 41.934731652815294], [-87.69777185456556, 41.9347046345116], [-87.69780803908024, 41.934704414602926], [-87.69780794090613, 41.93469540850173], [-87.69784412541533, 41.934695188581735], [-87.69784392905709, 41.934677176379445], [-87.69788011355568, 41.93467695644817], [-87.69788001537154, 41.93466795034708], [-87.697904138367, 41.934667803719954], [-87.6979040401795, 41.93465879761887], [-87.69792816317138, 41.93465865098672], [-87.69792806498054, 41.93464964488568], [-87.69800043394493, 41.934649204958966], [-87.69800033574396, 41.93464019885805], [-87.69801239723616, 41.93464012553252], [-87.69801210262841, 41.93461310722977], [-87.69803622560252, 41.934612960575045], [-87.69803593098499, 41.93458594227231], [-87.69802386950305, 41.93458601560023], [-87.69802377129899, 41.93457700949927], [-87.6980117098187, 41.93457708282592], [-87.6980116116164, 41.9345680767249], [-87.69799955013775, 41.93456815005025], [-87.69799945193718, 41.934559143949215], [-87.69797532898316, 41.934559290596056], [-87.69797523078603, 41.93455028449495], [-87.69796316931065, 41.93455035781646], [-87.69796307111525, 41.93454135171532], [-87.69795100964153, 41.934541425035526], [-87.69795091144788, 41.934532418934346], [-87.6979388499758, 41.93453249225327], [-87.69793875178388, 41.93452348615206], [-87.69792669031347, 41.934523559469696], [-87.6979265921233, 41.934514553368444], [-87.69791453065453, 41.93451462668479], [-87.6979144324661, 41.934505620583494], [-87.69789030953181, 41.93450576721233], [-87.69789021134682, 41.93449676111099], [-87.6978781498813, 41.93449683442348], [-87.69787805169805, 41.9344878283221], [-87.69786599023419, 41.9344879016333], [-87.69786589205269, 41.934478895531875], [-87.69785383059047, 41.9344789688418], [-87.69785373241072, 41.93446996274033], [-87.69782960948956, 41.93447010935631], [-87.69782951131323, 41.9344611032548], [-87.69781744985428, 41.934461176560866], [-87.69781686080742, 41.934407139951304], [-87.69780479935861, 41.93440721325597], [-87.69780421032357, 41.93435317664575], [-87.69779214888489, 41.934353249949005], [-87.69779038181993, 41.934191140114834], [-87.69780244322807, 41.934191066811984], [-87.69780214871356, 41.93416404850591], [-87.69781421011658, 41.93416397520187], [-87.69781411194347, 41.934154969099836], [-87.69783823474597, 41.93415482248799], [-87.69783833292247, 41.93416382858998], [-87.69785039432533, 41.934163755282135], [-87.69785049250359, 41.9341727613841], [-87.69786255390811, 41.93417268807495], [-87.69786265208809, 41.93418169417687], [-87.69787471349427, 41.93418162086644], [-87.697874811676, 41.934190626968324], [-87.69789893449162, 41.93419048034364], [-87.69789903267679, 41.93419948644543], [-87.69792315549562, 41.93419933981563], [-87.69792325368421, 41.934208345917384], [-87.69793531509525, 41.934208272600564], [-87.69793541328559, 41.93421727870228], [-87.69795953611094, 41.93421713206479], [-87.69795963430472, 41.93422613816644], [-87.69798375713329, 41.934225991523824], [-87.6979838553305, 41.93423499762542], [-87.69799591674642, 41.93423492430218], [-87.69799601494537, 41.934243930403746], [-87.69802013778045, 41.93424378375344], [-87.69802023598284, 41.93425278985494], [-87.69803229740201, 41.93425271652786], [-87.69803239560615, 41.93426172262932], [-87.69804445702697, 41.934261649300964], [-87.69804455523285, 41.93427065540239], [-87.69806867807776, 41.93427050874181], [-87.69806877628707, 41.934279514843176], [-87.69808083771115, 41.93427944151095], [-87.69808093592222, 41.934288447612296], [-87.69809299734794, 41.934288374278786], [-87.69809309556074, 41.934297380380066], [-87.69811721841546, 41.93429723370921], [-87.6981173166317, 41.93430623981044], [-87.69812937806068, 41.9343061664731], [-87.69812947627867, 41.93431517257428], [-87.69814153770932, 41.93431509923564], [-87.69814163592903, 41.9343241053368], [-87.69815369736132, 41.93432403199686], [-87.6981537955828, 41.934333038097975], [-87.69817791845063, 41.93433289141427], [-87.69817801667553, 41.934341897515324], [-87.69819007811108, 41.93434182417155], [-87.69819017633772, 41.934350830272564], [-87.69820223777492, 41.93435075692749], [-87.69820233600332, 41.93435976302849], [-87.69822645888098, 41.93435961633451], [-87.6982265571128, 41.93436862243541], [-87.69823861855326, 41.93436854908651], [-87.69823871678682, 41.934377555187396], [-87.698262839671, 41.934377408485716], [-87.69826293790801, 41.934386414586534], [-87.69827499935172, 41.934386341233775], [-87.69827509759047, 41.93439534733457], [-87.69829922048118, 41.934395200625204], [-87.69829931872336, 41.93440420672593], [-87.69831138017032, 41.93440413336933], [-87.69831147841425, 41.93441313947], [-87.69833560131147, 41.934412992752954], [-87.69833569955883, 41.93442199885357], [-87.6983718839094, 41.93442177876841], [-87.6983719821619, 41.934430784868965], [-87.6983840436137, 41.93443071150468], [-87.69838394535951, 41.93442170540416], [-87.69842012970955, 41.9344214853038], [-87.69841924537805, 41.93434043039911], [-87.69840718394335, 41.934340503766954], [-87.69840698742912, 41.93432249156571], [-87.69839492599777, 41.934322564932245], [-87.69839482774242, 41.93431355883158], [-87.69838276631272, 41.93431363219682], [-87.69838266805911, 41.93430462609612], [-87.69837060663107, 41.93430469946008], [-87.6983705083792, 41.93429569335933], [-87.6983584469528, 41.93429576672199], [-87.69835834870268, 41.93428676062121], [-87.69834628727793, 41.9342868339826], [-87.69834618902955, 41.934277827881765], [-87.69833412760646, 41.93427790124185], [-87.69833402935981, 41.934268895140995], [-87.69832196793838, 41.93426896849979], [-87.69832186969347, 41.9342599623989], [-87.69830980827368, 41.934260035756395], [-87.69830961178741, 41.934242023554525], [-87.69829755037097, 41.93424209691071], [-87.6982974521296, 41.93423309080973], [-87.69828539071482, 41.93423316416463], [-87.69828529247518, 41.934224158063614], [-87.69827323106203, 41.934224231417225], [-87.69827313282414, 41.934215225316166], [-87.69826107141266, 41.934215298668484], [-87.6982609731765, 41.934206292567396], [-87.69824891176668, 41.93420636591843], [-87.69824871529791, 41.934188353716145], [-87.69823665389141, 41.93418842706586], [-87.69823645742622, 41.93417041486349], [-87.69822439602308, 41.93417048821188], [-87.69822429779225, 41.93416148211066], [-87.69820017498922, 41.93416162880362], [-87.69820007676184, 41.934152622702335], [-87.69818801536195, 41.934152696046894], [-87.6981879171363, 41.93414368994555], [-87.69817585573807, 41.93414376328882], [-87.69817575751416, 41.934134757187465], [-87.69816369611759, 41.93413483052943], [-87.6981635978954, 41.934125824428016], [-87.69815153650049, 41.93412589776872], [-87.69815143828005, 41.93411689166727], [-87.69813937688679, 41.93411696500667], [-87.6981392786681, 41.93410795890519], [-87.6981151558848, 41.93410810558014], [-87.69811505766955, 41.93409909947859], [-87.69810299627953, 41.93409917281414], [-87.69810289806603, 41.93409016671257], [-87.69809083667766, 41.934090240046835], [-87.69809073846591, 41.93408123394521], [-87.6980786770792, 41.93408130727819], [-87.69807857886916, 41.93407230117654], [-87.69805445609899, 41.93407244783863], [-87.6980543578924, 41.93406344173691], [-87.69804229650894, 41.934063515066036], [-87.69804219830411, 41.93405450896429], [-87.69803013692231, 41.93405458229212], [-87.6980300387192, 41.93404557619033], [-87.69801797733905, 41.93404564951688], [-87.69801787913768, 41.934036643415055], [-87.69800581775918, 41.93403671674031], [-87.69800571955956, 41.93402771063844], [-87.69799365818272, 41.934027783962414], [-87.69799355998482, 41.93401877786051], [-87.69798149860964, 41.9340188511832], [-87.6979814004135, 41.93400984508124], [-87.69795727766638, 41.93400999172275], [-87.697957081281, 41.93399197951874], [-87.69794501991076, 41.93399205283755], [-87.69794482352897, 41.93397404063342], [-87.69793276216208, 41.93397411395092], [-87.69793030744721, 41.93374896139403], [-87.69794236877169, 41.93374888807711], [-87.69794089593077, 41.93361379653901], [-87.69792883463174, 41.93361386985558], [-87.69792579084503, 41.933334680665894], [-87.69793785209147, 41.93333460735002], [-87.69793745934113, 41.93329858293754], [-87.6979253981015, 41.9332986562533], [-87.69792274710137, 41.93305549146238], [-87.69793480829523, 41.93305541814724], [-87.69793382643465, 41.932965357111144], [-87.69792176525776, 41.93296543042606], [-87.69792137252158, 41.93292940601112], [-87.69790931135144, 41.93292947932467], [-87.697909114987, 41.93291146711707], [-87.69789705382021, 41.93291154042932], [-87.69789685745936, 41.93289352822162], [-87.69788479629591, 41.93289360153255], [-87.69788469811725, 41.93288459542865], [-87.6979088204407, 41.93288444880557], [-87.69790872225867, 41.93287544270169], [-87.69793284457857, 41.932875296073604], [-87.6979327463932, 41.932866289969766], [-87.69794480755138, 41.93286621665384], [-87.69794470936436, 41.93285721055002], [-87.6979567705208, 41.93285713723284], [-87.69795667233214, 41.93284813112903], [-87.69796873348683, 41.93284805781062], [-87.697968438916, 41.93282103949914], [-87.69795637776642, 41.9328211128175], [-87.69795618138947, 41.93280310060973], [-87.69794412024322, 41.93280317392677], [-87.69794402205653, 41.93279416782284], [-87.69793196091192, 41.93279424113858], [-87.69793186272695, 41.93278523503463], [-87.69791980158399, 41.932785308349075], [-87.6979196052176, 41.932767296141066], [-87.69790754407799, 41.93276736945421], [-87.69790744589658, 41.932758363350146], [-87.69789538475861, 41.932758436662006], [-87.69789528657891, 41.93274943055792], [-87.69788322544262, 41.93274950386848], [-87.69788312726467, 41.93274049776435], [-87.69787106613002, 41.93274057107362], [-87.6978709679538, 41.93273156496947], [-87.69785890682081, 41.93273163827745], [-87.69785880864634, 41.93272263217325], [-87.6978346863836, 41.93272277878536], [-87.69783439187064, 41.932695760472534], [-87.6978102696179, 41.93269590707945], [-87.6978101714504, 41.932686900975106], [-87.69779811032565, 41.93268697427662], [-87.6977980121599, 41.93267796817225], [-87.6977859510368, 41.9326780414725], [-87.69778585287278, 41.93266903536806], [-87.69776173062986, 41.9326691819647], [-87.69776163246928, 41.932660175860214], [-87.69774957134945, 41.93266024915661], [-87.69774947319061, 41.93265124305208], [-87.69773741207243, 41.9326513163472], [-87.69773731391533, 41.932642310242635], [-87.69772525279879, 41.93264238353645], [-87.6977253509542, 41.93265138964103], [-87.69771328983593, 41.932651462933606], [-87.6977133879897, 41.932660469038204], [-87.69768926574962, 41.93266061561958], [-87.69768936390003, 41.932669621724216], [-87.69767730277822, 41.93266969501304], [-87.69767740092698, 41.932678701117666], [-87.69766533980344, 41.93267877440524], [-87.69766543795055, 41.93268778050987], [-87.69765337682526, 41.93268785379621], [-87.6976534749707, 41.93269685990087], [-87.69761729158951, 41.93269707975232], [-87.69761719344915, 41.932688073647604], [-87.69758101007262, 41.932688293487594], [-87.69758091193741, 41.9326792873828], [-87.69755678968957, 41.93267943393641], [-87.69755669155778, 41.932670427831546], [-87.69754463043549, 41.93267050110643], [-87.69754453230544, 41.93266149500154], [-87.69752041006413, 41.93266164154745], [-87.69752070444422, 41.932688659862244], [-87.69744833768866, 41.93268909947002], [-87.69744823957208, 41.932680093364965], [-87.6974361784477, 41.93268016662847], [-87.69743608033286, 41.932671160523384], [-87.69739989696453, 41.93267138030622], [-87.69739999507425, 41.93268038641139], [-87.69738793394968, 41.93268045966983], [-87.69738813016589, 41.93269847188016], [-87.69737606903789, 41.93269854513737], [-87.69737636335745, 41.93272556345282], [-87.69738842449054, 41.93272549019553], [-87.69738852259886, 41.932734496300625], [-87.6974005837336, 41.93273442304204], [-87.69740068184365, 41.93274342914711], [-87.69741274298005, 41.93274335588725], [-87.69741293920367, 41.932761368097275], [-87.69742500034343, 41.93276129483609], [-87.69742578525327, 41.93283334367547], [-87.69741372409996, 41.93283341693683], [-87.69741411654917, 41.932869441356274], [-87.69740205538902, 41.93286951461646], [-87.69740234972132, 41.932896532930954], [-87.69739028855602, 41.93289660618994], [-87.69739058288364, 41.932923624504376], [-87.69737852171322, 41.93292369776216], [-87.69737871792846, 41.93294170997177], [-87.6973666567546, 41.93294178322833], [-87.6973667548606, 41.93295078933314], [-87.69735469368499, 41.93295086258846], [-87.69735538041628, 41.93301390532182], [-87.69736744160377, 41.93301383206634], [-87.69736753971011, 41.93302283817103], [-87.69737960089924, 41.93302276491424], [-87.69737979711546, 41.933040777123516], [-87.69739185830792, 41.93304070386542], [-87.6973919564178, 41.93304970997002], [-87.69740401761192, 41.93304963671064], [-87.6974042138352, 41.93306764891974], [-87.69741627503267, 41.933067575659045], [-87.697416569373, 41.93309459397253], [-87.69740450817045, 41.93309466723329], [-87.69740666664123, 41.93329280152868], [-87.69739460540131, 41.93329287478868], [-87.69739470351244, 41.93330188089287], [-87.69737058102906, 41.93330202740912], [-87.69737077724466, 41.93332003961756], [-87.69735871599951, 41.93332011287383], [-87.69735989327654, 41.93342818612352], [-87.69737195454205, 41.93342811286697], [-87.6973721507589, 41.93344612507501], [-87.69738421202774, 41.93344605181714], [-87.69738431013795, 41.933455057921115], [-87.69739637140846, 41.933454984661964], [-87.69739794120476, 41.9335990823232], [-87.69738587990712, 41.93359915558272], [-87.69738597801806, 41.93360816168644], [-87.69737391671866, 41.933608234944714], [-87.69737430915613, 41.933644259359575], [-87.69736224784992, 41.93364433261668], [-87.6973623459577, 41.933653338720376], [-87.69733822334173, 41.93365348523083], [-87.69733841955065, 41.93367149743828], [-87.6973263582392, 41.933671570691644], [-87.69732684875379, 41.933716601210165], [-87.69731478743381, 41.93371667446236], [-87.69731517983949, 41.933752698876994], [-87.69727899585895, 41.93375291862632], [-87.6972790939554, 41.93376192473001], [-87.69725497129808, 41.93376207122327], [-87.69725487320503, 41.93375306511953], [-87.69719456656944, 41.93375343133041], [-87.69719446848491, 41.933744425226536], [-87.69717034583375, 41.93374457170197], [-87.69717044391489, 41.93375357780589], [-87.69718250524218, 41.933753504568784], [-87.69718270140797, 41.93377151677651], [-87.69719476273862, 41.9337714435381], [-87.69719486082329, 41.933780449641915], [-87.69720692215557, 41.933780376402204], [-87.69720702024198, 41.933789382506], [-87.69723114290984, 41.933789236022726], [-87.69723124099967, 41.93379824212646], [-87.69724330233522, 41.933798168882895], [-87.6972434004268, 41.93380717498659], [-87.69725546176402, 41.93380710174174], [-87.69725555985734, 41.933816107845395], [-87.69726762119619, 41.93381603459925], [-87.69726771929126, 41.93382504070287], [-87.69727978063177, 41.93382496745544], [-87.69727987872858, 41.93383397355902], [-87.69729194007074, 41.93383390031032], [-87.69729203816928, 41.93384290641385], [-87.69731616085687, 41.933842759912565], [-87.69731625895885, 41.93385176601605], [-87.69732832030427, 41.93385169276349], [-87.69732841840799, 41.93386069886693], [-87.69734047975508, 41.93386062561307], [-87.69734057786053, 41.933869631716476], [-87.69735263920927, 41.93386955846134], [-87.69735273731646, 41.9338785645647], [-87.69737686001719, 41.933878418050575], [-87.69737695812783, 41.93388742415387], [-87.69738901947981, 41.93388735089489], [-87.69738911759221, 41.933896356998154], [-87.69741324029943, 41.93389621047634], [-87.69741333841525, 41.933905216579554], [-87.6974253997705, 41.93390514331671], [-87.69742549788806, 41.93391414941988], [-87.69743755924495, 41.933914076155745], [-87.69743765736426, 41.933923082258886], [-87.69744971872281, 41.933923008993474], [-87.69744981684384, 41.93393201509657], [-87.6974739395642, 41.93393186856189], [-87.69747403768869, 41.933940874664934], [-87.6974860990505, 41.93394080139567], [-87.69748619717673, 41.93394980749867], [-87.69749825854018, 41.93394973422812], [-87.69749835666815, 41.93395874033108], [-87.69751041803326, 41.933958667059244], [-87.69751051616296, 41.93396767316216], [-87.69752257752972, 41.93396759988902], [-87.69752267566118, 41.933976605991916], [-87.69753473702959, 41.9339765327175], [-87.69753552209639, 41.9340485815399], [-87.69754758347831, 41.93404850826402], [-87.6975492517836, 41.934201612008145], [-87.69756131319434, 41.93420153873061], [-87.6975615094698, 41.93421955093549], [-87.69754944805565, 41.934219624213064], [-87.69754984060032, 41.934255648622724], [-87.69753777917936, 41.93425572189913], [-87.69753797544855, 41.93427373410393], [-87.69752591402417, 41.934273807379114], [-87.69752601215714, 41.93428281348151], [-87.69750188930482, 41.9342829600281], [-87.69750179117524, 41.93427395392567], [-87.6974897297507, 41.93427402719705], [-87.69748963162287, 41.93426502109456], [-87.69746550877706, 41.93426516763348], [-87.69746541065265, 41.93425616153093], [-87.69745334923138, 41.93425623479846], [-87.69745325110871, 41.93424722869589], [-87.69742912826943, 41.9342473752271], [-87.6974290301502, 41.934238369124465], [-87.6974169687322, 41.93423844238814], [-87.69741687061472, 41.93422943628547], [-87.69740480919836, 41.93422950954787], [-87.69740471108263, 41.93422050344515], [-87.69738058825314, 41.9342206499661], [-87.69738049014084, 41.93421164386333], [-87.69736842872774, 41.934211717121876], [-87.69736833061718, 41.93420271101907], [-87.69733214638269, 41.93420293078704], [-87.69733204827726, 41.934193924684145], [-87.69730792545744, 41.93419407118976], [-87.69730782735546, 41.934185065086794], [-87.69728370453883, 41.93418521158728], [-87.6972836064403, 41.934176205484285], [-87.6972594836269, 41.93417635197965], [-87.69725938553178, 41.93416734587657], [-87.69722320131643, 41.93416756561007], [-87.69722310322646, 41.93415855950691], [-87.69713867340097, 41.9341590721739], [-87.69713877147906, 41.93416807827722], [-87.69715083288455, 41.934168005042864], [-87.69715093096438, 41.93417701114613], [-87.6971629923715, 41.934176937910486], [-87.69716309045309, 41.93418594401372], [-87.69717515186187, 41.93418587077678], [-87.69717524994519, 41.93419487688], [-87.69718731135562, 41.93419480364176], [-87.69718740944069, 41.934203809744936], [-87.69719947085277, 41.93420373650541], [-87.69719986320027, 41.934239760917855], [-87.6972119246191, 41.93423968767698], [-87.69721202270777, 41.93424869378003], [-87.69722408412825, 41.93424862053786], [-87.69722418221866, 41.93425762664087], [-87.6972362436408, 41.93425755339741], [-87.69723634173296, 41.93426655950039], [-87.69726046458048, 41.934266413009624], [-87.69726056267608, 41.934275419112545], [-87.69732086980254, 41.934275052863335], [-87.69732096790668, 41.93428405896613], [-87.69733302933354, 41.934283985712455], [-87.6973331274394, 41.93429299181521], [-87.69734518886791, 41.93429291856025], [-87.69734528697552, 41.93430192466297], [-87.69735734840569, 41.934301851406715], [-87.69735744651504, 41.934310857509395], [-87.69736950794686, 41.93431078425187], [-87.69736960605795, 41.93431979035449], [-87.69738166749141, 41.934319717095676], [-87.69738176560425, 41.93432872319827], [-87.69739382703936, 41.934328649938166], [-87.69739392515395, 41.93433765604073], [-87.69740598659072, 41.93433758277932], [-87.69740608470704, 41.934346588881844], [-87.69741814614545, 41.93434651561915], [-87.69741834238162, 41.934364527824115], [-87.69743040382339, 41.93436445456011], [-87.69743050194323, 41.93437346066254], [-87.69745462483003, 41.934373314130674], [-87.69745472295332, 41.93438232023306], [-87.69747884584332, 41.93438217369608], [-87.69747894397004, 41.934391179798396], [-87.69749100541668, 41.93439110652799], [-87.69749120167366, 41.93440911873254], [-87.69750326312364, 41.93440904546082], [-87.6975033612539, 41.93441805156304], [-87.69751542270552, 41.93441797829002], [-87.69751571710164, 41.93444499659656], [-87.69752777855832, 41.93444492332221], [-87.69752856363017, 41.934516972138795], [-87.69754062510036, 41.934516898863], [-87.69754160646117, 41.93460695988222], [-87.697529544974, 41.93460703315825], [-87.69752964310862, 41.934616039260135], [-87.6975175816197, 41.93461611253492], [-87.69751787601878, 41.93464313084049], [-87.69754199900675, 41.93464298428951], [-87.69754209714326, 41.934651990391295], [-87.69756622013442, 41.934651843835205], [-87.6975667108346, 41.93469687434369], [-87.69757877233859, 41.93469680106363], [-87.69757887048046, 41.93470580716525], [-87.69759093198611, 41.93470573388391], [-87.69759103012971, 41.93471473998551], [-87.69760309163702, 41.93471466670285], [-87.6976033860732, 41.93474168500748], [-87.69761544758555, 41.934741611723496], [-87.69761584017454, 41.934777636129375], [-87.69762790169362, 41.93477756284404]]]}}, {"type": "Feature", "properties": {"rank": 4, "name": "North Mozart Street, Maplewood", "area_m2": 29405, "volume_m3": 9571, "max_depth_m": 0.89}, "geometry": {"type": "Polygon", "coordinates": [[[-87.70108837219105, 41.934648404455395], [-87.70108827355565, 41.93463939836042], [-87.70110033503977, 41.934639324710524], [-87.70110023640272, 41.934630318615554], [-87.70108817492032, 41.934630392265426], [-87.701088076285, 41.93462138617043], [-87.70106395332346, 41.93462153346634], [-87.70106385469158, 41.934612527371286], [-87.70105179321243, 41.934612601017314], [-87.70105159595225, 41.9345945888271], [-87.701063657428, 41.93459451518112], [-87.70106355879628, 41.934585509086], [-87.70107562027029, 41.93458543543878], [-87.70107552163691, 41.93457642934369], [-87.70109964458142, 41.93457628204547], [-87.70109954594469, 41.93456727595039], [-87.70103923859158, 41.93456764418633], [-87.70103913996337, 41.934558638091126], [-87.70097883261762, 41.93455900629525], [-87.70097863537832, 41.9345409941046], [-87.70099069684416, 41.934540920466354], [-87.70099079546549, 41.934549926561665], [-87.70100285693299, 41.934549852922125], [-87.70100275830997, 41.934540846826835], [-87.70101481977572, 41.93454077318606], [-87.70101472115105, 41.93453176709077], [-87.70103884407905, 41.93453161980544], [-87.70103864682305, 41.93451360761493], [-87.70105070828357, 41.93451353397042], [-87.70105060965396, 41.93450452787515], [-87.70109885548887, 41.93450423328453], [-87.70109895412529, 41.934513239379704], [-87.70112307704585, 41.934513092076756], [-87.70112297840605, 41.93450408598162], [-87.70113503986457, 41.934504012328276], [-87.7011349412231, 41.934495006233156], [-87.70115906413663, 41.93449485892269], [-87.70115896549181, 41.93448585282761], [-87.70117102694682, 41.934485779170494], [-87.70117043506875, 41.934431742599855], [-87.70118249651352, 41.93443166894162], [-87.70118220057, 41.9344046506562], [-87.70117013913033, 41.93440472431437], [-87.70117004048427, 41.93439571821915], [-87.70115797904626, 41.93439579187603], [-87.70115788040194, 41.9343867857808], [-87.70113375752913, 41.934386933090714], [-87.70113365888827, 41.93437792699541], [-87.70112159745351, 41.934378000648444], [-87.70112120289724, 41.93434197626702], [-87.70114532575317, 41.93434182895987], [-87.70114522711083, 41.934332822864526], [-87.70106079712617, 41.93433333841721], [-87.70106069849575, 41.934324332321694], [-87.70098832994591, 41.93432477417445], [-87.70098793546539, 41.93428874979165], [-87.70096381262866, 41.934288897065585], [-87.70096400986205, 41.93430690925709], [-87.70091576417447, 41.93430720378994], [-87.70091566556454, 41.93429819769409], [-87.70090360414422, 41.93429827132412], [-87.70090350553603, 41.93428926522824], [-87.70092762837322, 41.934289117966976], [-87.70092752976167, 41.934280111871125], [-87.70093959117851, 41.93428003823861], [-87.70093949256533, 41.93427103214279], [-87.70095155398042, 41.93427095850903], [-87.70095145536557, 41.93426195241319], [-87.70096351677893, 41.934261878778194], [-87.70096341816243, 41.93425287268238], [-87.70097547957404, 41.93425279904614], [-87.7009753809559, 41.93424379295031], [-87.70099950377558, 41.93424364567409], [-87.70099930653265, 41.934225633482505], [-87.70103549075165, 41.934225412558796], [-87.70103539212515, 41.93421640646305], [-87.70105951493422, 41.93421625917429], [-87.70105961356408, 41.93422526526999], [-87.70111992059442, 41.93422489702579], [-87.70111982195606, 41.93421589093021], [-87.70113188336028, 41.93421581727759], [-87.7011316860803, 41.93419780508644], [-87.70114374748108, 41.93419773143261], [-87.70114364883946, 41.93418872533703], [-87.70115571023851, 41.93418865168195], [-87.70115482245066, 41.93410759682133], [-87.70114276106688, 41.9341076704762], [-87.70114256378457, 41.93408965828475], [-87.70113050240415, 41.934089731938315], [-87.70113000920767, 41.9340447014593], [-87.70110588646362, 41.93404484876239], [-87.70110568919213, 41.934026836570595], [-87.70109362782344, 41.9340269102202], [-87.70109372645747, 41.93403591631612], [-87.70108166508703, 41.93403598996447], [-87.7010817637194, 41.934044996060415], [-87.70103351823042, 41.93404529064124], [-87.70103312372832, 41.934009266257036], [-87.70102106236276, 41.93400933989899], [-87.70102096373905, 41.934000333802885], [-87.70100890237512, 41.93400040744355], [-87.70100900099715, 41.93400941353968], [-87.70098487826577, 41.93400956081723], [-87.70098507550316, 41.934027573009544], [-87.70094889139557, 41.934027793916535], [-87.70094899000924, 41.93403680001274], [-87.70091280589618, 41.93403702090839], [-87.7009129045048, 41.934046027004655], [-87.70090084313199, 41.93404610063402], [-87.70090094173896, 41.9340551067303], [-87.7007562052414, 41.934055990184234], [-87.70075630382804, 41.93406499628076], [-87.70073218107443, 41.93406514350539], [-87.70073227965774, 41.93407414960196], [-87.70072021827916, 41.934074223212406], [-87.70072041544253, 41.93409223540554], [-87.70068423129638, 41.93409245622939], [-87.70068432987301, 41.934101462326005], [-87.7006602071053, 41.93410160953562], [-87.70066010853203, 41.934092603438955], [-87.70063598576752, 41.93409275064346], [-87.70063608433738, 41.93410175674016], [-87.70062402295336, 41.934101830340545], [-87.70062412152159, 41.93411083643725], [-87.7006361829073, 41.934110762836845], [-87.70063628147727, 41.934119768933535], [-87.70043123788507, 41.934121019968394], [-87.70043113934396, 41.934112013871314], [-87.70040701657094, 41.93411216102776], [-87.70040691803327, 41.93410315493063], [-87.70038279526347, 41.93410330208197], [-87.70038269672922, 41.934094295984785], [-87.70037063534593, 41.93409436955853], [-87.70037043828098, 41.934076357364056], [-87.70035837690105, 41.93407643093649], [-87.70035827837035, 41.93406742483921], [-87.70034621699207, 41.93406749841036], [-87.70034611846309, 41.93405849231304], [-87.7003219957098, 41.934058639451486], [-87.70032189718427, 41.93404963335411], [-87.70033395855924, 41.93404955978554], [-87.7003337615049, 41.934031547590784], [-87.70035788424792, 41.934031400449946], [-87.70035778571743, 41.934022394352596], [-87.70036984708716, 41.9340223207803], [-87.70036974855502, 41.934013314682964], [-87.70038180992303, 41.93401324110942], [-87.70038171138923, 41.93400423501209], [-87.7004058341217, 41.934004087861254], [-87.70040573558455, 41.93399508176395], [-87.70041779694903, 41.93399500818666], [-87.70041789548787, 41.93400401428394], [-87.70044201822009, 41.93400386712551], [-87.70044211676236, 41.93401287322273], [-87.70047830086541, 41.93401265247551], [-87.70047820231805, 41.93400364637835], [-87.70049026368396, 41.93400357279345], [-87.70049036223303, 41.93401257889057], [-87.70050242360057, 41.93401250530436], [-87.70050252215137, 41.934021511401454], [-87.70052664488973, 41.93402136422519], [-87.70052654633554, 41.934012358128136], [-87.70053860770295, 41.93401228453814], [-87.70053850914711, 41.93400327844111], [-87.70056263187841, 41.93400313125734], [-87.70056253331921, 41.93399412516034], [-87.70059871741076, 41.93399390437524], [-87.7005986188465, 41.933984898278304], [-87.70061068020856, 41.933984824680756], [-87.7006107787745, 41.93399383077767], [-87.70063490150187, 41.933993683578755], [-87.70063509864067, 41.93401169577247], [-87.70064716000769, 41.934011622171056], [-87.70064686429447, 41.93398460388053], [-87.70065892565634, 41.93398453027795], [-87.70065902422907, 41.93399353637476], [-87.70069520831952, 41.93399331555927], [-87.70069510974172, 41.9339843094625], [-87.70067098701817, 41.933984456674054], [-87.7006708884438, 41.93397545057723], [-87.70069501116393, 41.93397530336573], [-87.70069491258621, 41.93396629726894], [-87.70070697394452, 41.933966223661315], [-87.70070707252394, 41.933975229758076], [-87.7007191338839, 41.93397515614916], [-87.70071923246506, 41.933984162245885], [-87.70074335518822, 41.933984015024215], [-87.70074325660367, 41.93397500892753], [-87.70075531796348, 41.93397493531481], [-87.70075512079111, 41.933956923121436], [-87.7007671821475, 41.93395684950749], [-87.70076708355968, 41.93394784341081], [-87.70086357439556, 41.93394725445387], [-87.70086347579422, 41.933938248357364], [-87.7009237825567, 41.933937880218224], [-87.70092368394691, 41.93392887412181], [-87.70085131584199, 41.93392931588484], [-87.70085121724243, 41.933920309788284], [-87.70073060374759, 41.93392104595843], [-87.70073050516503, 41.93391203986162], [-87.70070638246892, 41.933912187080395], [-87.70070628388982, 41.93390318098353], [-87.70068216119691, 41.9339033281972], [-87.70068206262124, 41.93389432210026], [-87.70069412396602, 41.933894248494084], [-87.7006940253887, 41.933885242397174], [-87.70075433210343, 41.933884874347406], [-87.70075423351767, 41.93387586825058], [-87.70080247888187, 41.93387557378805], [-87.70080238028936, 41.93386656769132], [-87.70079031895008, 41.933866641308825], [-87.70079022035932, 41.933857635212036], [-87.7007781590217, 41.93385770882826], [-87.70077806043267, 41.933848702731446], [-87.70076599909669, 41.93384877634638], [-87.70076580192219, 41.93383076415265], [-87.70075374058955, 41.93383083776627], [-87.70075364200406, 41.93382183166937], [-87.70074158067308, 41.9338219052817], [-87.70074148208934, 41.93381289918475], [-87.70071735943063, 41.93381304640556], [-87.70071726085031, 41.933804040308544], [-87.7007051995226, 41.93380411391703], [-87.70070529810121, 41.93381312001406], [-87.70069323677174, 41.9338131936213], [-87.70069353250275, 41.93384021191235], [-87.70068147116817, 41.933840285518386], [-87.70068156974357, 41.93384929161541], [-87.70065744707084, 41.93384943882373], [-87.70065734849884, 41.93384043272666], [-87.70066940983352, 41.93384035912316], [-87.70066931125986, 41.933831353026115], [-87.70068137259281, 41.93383127942137], [-87.70068127401751, 41.93382227332432], [-87.70066921268625, 41.93382234692904], [-87.70066911411269, 41.93381334083197], [-87.70064499145344, 41.933813488037565], [-87.7006448928833, 41.93380448194043], [-87.70054840225811, 41.933805070711976], [-87.70054820514513, 41.933787058517275], [-87.70053614382016, 41.93378713210798], [-87.70053604526544, 41.93377812601058], [-87.70052398394213, 41.93377819959999], [-87.70052408249516, 41.933787205697406], [-87.70049995984502, 41.933787352872464], [-87.7005000583947, 41.93379635896991], [-87.70046387441405, 41.93379657972306], [-87.7004639729587, 41.933805585820565], [-87.70042778897256, 41.9338058065624], [-87.70042769043302, 41.933796800464826], [-87.70043975176007, 41.9337967268855], [-87.70043965321887, 41.93378772078795], [-87.7004517145442, 41.93378764720738], [-87.70045112328776, 41.933733610621836], [-87.70048730723292, 41.93373338987297], [-87.70048720868523, 41.9337243837754], [-87.70051133131172, 41.9337242366032], [-87.70051142986279, 41.93373324270072], [-87.70052349117765, 41.9337331691127], [-87.70052358973045, 41.93374217521019], [-87.70057183499628, 41.933741880845325], [-87.70057163787715, 41.93372386865051], [-87.70052339262489, 41.93372416301519], [-87.70052329407217, 41.93371515691768], [-87.70053535538361, 41.93371508332844], [-87.70053525682926, 41.93370607723092], [-87.70055937944858, 41.933705930048674], [-87.70055888666045, 41.933660899561154], [-87.70057094796158, 41.933660825968246], [-87.70057084940238, 41.933651819870725], [-87.70060703330039, 41.93365159908447], [-87.70060693473614, 41.933642592987], [-87.7006189960337, 41.93364251938906], [-87.70061909459963, 41.93365152548651], [-87.70066733979614, 41.93365123108204], [-87.70066724122343, 41.93364222498468], [-87.70065517992606, 41.93364229858768], [-87.70065498278416, 41.93362428639288], [-87.70064292149014, 41.93362435999457], [-87.70064282292097, 41.933615353897125], [-87.70065488421328, 41.93361528029547], [-87.70065468707165, 41.933597268100584], [-87.70067880964938, 41.93359712089355], [-87.70067871107524, 41.93358811479613], [-87.70069077236234, 41.933588041190745], [-87.70069096951406, 41.93360605338552], [-87.70070303080449, 41.93360597977881], [-87.70070322795979, 41.933623991973484], [-87.70071528925358, 41.93362391836546], [-87.7007151906742, 41.93361491226816], [-87.70072725196627, 41.933614838658904], [-87.70072715338526, 41.933605832561604], [-87.70073921467555, 41.9336057589511], [-87.70073891892768, 41.9335787406592], [-87.70075098021286, 41.9335786670475], [-87.70075078304446, 41.933560654852876], [-87.70073872176268, 41.93356072846452], [-87.70073862318021, 41.93355172236718], [-87.7007265619001, 41.93355179597753], [-87.70072636473873, 41.933533783782714], [-87.70073842601548, 41.933533710172405], [-87.70073832743316, 41.933524704075], [-87.70075038870816, 41.93352463046344], [-87.7007502901242, 41.933515624366045], [-87.70077441267067, 41.93351547713917], [-87.70077451125802, 41.93352448323652], [-87.70084687890652, 41.93352404152534], [-87.70084747049265, 41.93357807810828], [-87.70085953177743, 41.93357800448518], [-87.70085972897654, 41.933596016679324], [-87.70088385155273, 41.93359586942924], [-87.70088395015577, 41.93360487552624], [-87.7008960114455, 41.933604801899264], [-87.70089611005025, 41.933613807996245], [-87.70090817134164, 41.933613734367974], [-87.70090826994814, 41.933622740464905], [-87.70094445382709, 41.933622519572445], [-87.70094455243873, 41.93363152566931], [-87.70095661373333, 41.933631452035925], [-87.70095671234671, 41.93364045813274], [-87.70099289623529, 41.93364023722493], [-87.70099279761682, 41.93363123112819], [-87.7010169202056, 41.933631083850045], [-87.70101662434027, 41.93360406555986], [-87.7010286856295, 41.93360399191895], [-87.70102819251304, 41.93355896143515], [-87.70101613123228, 41.93355903507594], [-87.70101563812543, 41.933514004591665], [-87.70100357685311, 41.93351407823107], [-87.70100347823357, 41.933505072134146], [-87.70101553950418, 41.933504998494755], [-87.70101524364074, 41.93347798020398], [-87.70102730490622, 41.9334779065634], [-87.7010266145479, 41.93341486388455], [-87.70105073705497, 41.93341471659991], [-87.70105044117761, 41.93338769830889], [-87.70106250242598, 41.93338762466474], [-87.7010624037986, 41.93337861856774], [-87.70107446504524, 41.93337854492235], [-87.70107436641618, 41.93336953882534], [-87.70108642766108, 41.9333694651787], [-87.70108632903039, 41.93336045908171], [-87.70111045151664, 41.93336031178467], [-87.7011102542486, 41.93334229959074], [-87.70112231548828, 41.93334222594037], [-87.70112211821703, 41.93332421374643], [-87.70111005698075, 41.93332428739676], [-87.70110995834689, 41.933315281299734], [-87.70109789711225, 41.933315354948775], [-87.70109779848013, 41.93330634885172], [-87.70108573724715, 41.93330642249947], [-87.70108553998644, 41.93328841030527], [-87.70109760121603, 41.933288336657576], [-87.7010974039521, 41.933270324463365], [-87.70110946517825, 41.933270250814445], [-87.7011092679111, 41.93325223862023], [-87.70112132913381, 41.93325216497008], [-87.70112083595825, 41.9332071344844], [-87.70110877474403, 41.93320720813443], [-87.70110857747753, 41.93318919594001], [-87.70109651626665, 41.93318926958872], [-87.70109641763514, 41.933180263491465], [-87.70108435642592, 41.93318033713889], [-87.70108415916647, 41.93316232494429], [-87.70107209796059, 41.9331623985904], [-87.7010719007047, 41.93314438639569], [-87.70105983950216, 41.933144460040495], [-87.70105964224987, 41.933126447845694], [-87.70104758105069, 41.93312652148918], [-87.70104738380195, 41.933108509294264], [-87.70105944499774, 41.93310843565082], [-87.70105934637174, 41.93309942955337], [-87.70107140756578, 41.93309935590869], [-87.70107130893814, 41.93309034981124], [-87.70105924774579, 41.9330904234559], [-87.70105914911987, 41.93308141735842], [-87.70104708792918, 41.933081491001786], [-87.70104698930501, 41.933072484904265], [-87.70103492811596, 41.93307255854635], [-87.70103482949354, 41.93306355244879], [-87.70102276830615, 41.93306362608958], [-87.70102247244424, 41.93303660779675], [-87.70099835007947, 41.93303675507438], [-87.70099815284522, 41.93301874287901], [-87.70098609166617, 41.93301881651588], [-87.7009859930508, 41.93300981041814], [-87.70093774834093, 41.93301010495286], [-87.7009376497324, 41.93300109885502], [-87.70092558855652, 41.93300117248552], [-87.70092548994971, 41.932992166387635], [-87.7009375511239, 41.93299209275716], [-87.70093735390705, 41.93297408056141], [-87.7009494150778, 41.932974006929726], [-87.70094921785773, 41.93295599473395], [-87.70096127902504, 41.93295592110105], [-87.70096118041337, 41.932946915003164], [-87.70097324157895, 41.93294684136902], [-87.70097314296564, 41.932937835271126], [-87.70099726529325, 41.93293768799907], [-87.70099716667659, 41.932928681901224], [-87.70102128900062, 41.93292853462415], [-87.70102119038062, 41.932919528526355], [-87.70105737386123, 41.932919307601296], [-87.7010572752362, 41.93291030150353], [-87.70108139755298, 41.932910154213886], [-87.70108129892459, 41.932901148116166], [-87.70109336008122, 41.93290107446945], [-87.70109326145118, 41.932892068371736], [-87.70108120029623, 41.932892142018424], [-87.70108110166792, 41.93288313592067], [-87.70106904051464, 41.932883209566064], [-87.70106894188807, 41.93287420346827], [-87.70105688073642, 41.93287427711238], [-87.70105678211159, 41.932865271014556], [-87.70104472096162, 41.93286534465737], [-87.70104452371548, 41.93284733246162], [-87.70103246256886, 41.93284740610312], [-87.70103236394755, 41.9328384000052], [-87.70102030280256, 41.93283847364541], [-87.7010199083246, 41.9328024492535], [-87.7010319694628, 41.93280237561339], [-87.7010317722207, 41.932784363417404], [-87.70104383335546, 41.932784289776066], [-87.70104363611014, 41.932766277580065], [-87.70106775837274, 41.932766130293686], [-87.70106756112082, 41.93274811809772], [-87.701043438865, 41.932748265384014], [-87.7010433402425, 41.932739259285945], [-87.70103127911622, 41.93273933292718], [-87.70103118049546, 41.93273032682909], [-87.70100705824616, 41.93273047410767], [-87.70100695962884, 41.93272146800953], [-87.70103108187475, 41.93272132073098], [-87.70103098325409, 41.932712314632866], [-87.70105510549642, 41.932712167349294], [-87.70105500687241, 41.93270316125121], [-87.70110325134975, 41.93270286666896], [-87.70110334998056, 41.93271187276696], [-87.70112747222235, 41.93271172546818], [-87.70112737358815, 41.932702719370226], [-87.70113943470729, 41.93270264571896], [-87.70113923743564, 41.93268463352308], [-87.7011271763199, 41.93268470717429], [-87.70112697905182, 41.9326666949783], [-87.70111491793942, 41.9326667686282], [-87.70111481930715, 41.93265776253017], [-87.70110275819641, 41.93265783617879], [-87.70110265956588, 41.93264883008071], [-87.70111472067492, 41.932648756432116], [-87.7011145234106, 41.93263074423596], [-87.70110246230495, 41.93263081788451], [-87.70110167326303, 41.93255876909913], [-87.7010896121709, 41.932558842746225], [-87.70108951354256, 41.93254983664796], [-87.70104126918038, 41.93255013122357], [-87.70104136780193, 41.932559137321924], [-87.70102930670959, 41.93255921096269], [-87.70102920808972, 41.9325502048643], [-87.7008241695417, 41.932551456563], [-87.70082466249724, 41.9325964870567], [-87.7008126013973, 41.93259656067474], [-87.70081269998686, 41.932605566773475], [-87.70076445557983, 41.932605861233085], [-87.70076435699706, 41.93259685513427], [-87.7007161125961, 41.93259714957354], [-87.70071621117208, 41.932606155672424], [-87.70070415007002, 41.93260622927911], [-87.70070405149573, 41.93259722318019], [-87.70066786819442, 41.93259744399252], [-87.70066776962527, 41.93258843789351], [-87.70065570852643, 41.93258851149506], [-87.70065541282436, 41.93256149319788], [-87.7006674739181, 41.93256141959639], [-87.70066737534913, 41.93255241349732], [-87.7006914975331, 41.932552266290585], [-87.70069139896077, 41.932543260191544], [-87.70071552114116, 41.93254311297979], [-87.7007153239899, 41.932525100781774], [-87.7006791407294, 41.93252532159736], [-87.70067904215892, 41.93251631549825], [-87.70065491998844, 41.932516462702274], [-87.7006548214214, 41.93250745660311], [-87.70064276033779, 41.93250753020319], [-87.70064285890312, 41.93251653630237], [-87.70060667564692, 41.93251675709509], [-87.70060657708667, 41.93250775099584], [-87.70058245491904, 41.932507898184596], [-87.70058235636222, 41.932498892085285], [-87.70057029528003, 41.93249896567774], [-87.70057019672494, 41.93248995957838], [-87.70054607456383, 41.93249010675945], [-87.70054627166725, 41.932508118958246], [-87.70053421058324, 41.932508192546926], [-87.70053391493326, 41.932481174248665], [-87.70052185385428, 41.932481247835995], [-87.70052175530608, 41.93247224173652], [-87.70050969422876, 41.93247231532257], [-87.70050959568229, 41.93246330922307], [-87.70049753460663, 41.932463382807825], [-87.70049763315139, 41.932472388907364], [-87.70048557207397, 41.932472462490885], [-87.70048596624672, 41.932508486888985], [-87.70031711106321, 41.93250951692658], [-87.7003170125437, 41.93250051082675], [-87.70030495146054, 41.932500584391335], [-87.70030504997834, 41.93250959049119], [-87.70020856129774, 41.93251017896249], [-87.70020846279351, 41.932501172862445], [-87.70019640170992, 41.932501246415626], [-87.70019630320743, 41.932492240315554], [-87.7001842421255, 41.93249231386746], [-87.70018414362475, 41.93248330776735], [-87.70013589930338, 41.9324836019622], [-87.70013550532795, 41.93244757756124], [-87.70011138318057, 41.93244772465087], [-87.70011148167096, 41.93245673075117], [-87.7000994205955, 41.93245680429411], [-87.70009991303967, 41.93250183479553], [-87.70008785195569, 41.93250190833732], [-87.70008795044295, 41.93251091443759], [-87.70006382827145, 41.93251106151741], [-87.70006363130373, 41.93249304931676], [-87.70005157022132, 41.93249312285473], [-87.70005127477518, 41.93246610455359], [-87.70003921369779, 41.93246617809023], [-87.70003872129693, 41.93242114758794], [-87.700026660228, 41.93242122112319], [-87.70002646327137, 41.932403208922125], [-87.70003852433692, 41.93240313538692], [-87.70003832737707, 41.93238512318586], [-87.70002626631492, 41.93238519672101], [-87.70002616783675, 41.93237619062043], [-87.70001410677625, 41.932376264154286], [-87.70001528849677, 41.9324843373606], [-87.70000322741588, 41.932484410893466], [-87.70000342436653, 41.93250242309436], [-87.69996724111336, 41.93250264368552], [-87.69996733958367, 41.932511649786015], [-87.69994321741126, 41.93251179684051], [-87.69994311894436, 41.93250279073995], [-87.69991899677515, 41.93250293778933], [-87.6999188983117, 41.932493931688725], [-87.69988271506267, 41.932494152253206], [-87.69988291197949, 41.932512164454536], [-87.69975024002562, 41.93251297309395], [-87.69975014158585, 41.932503966993046], [-87.69971395832984, 41.932504187504385], [-87.69971405676452, 41.932513193605374], [-87.69967787350303, 41.93251341410538], [-87.69967777507344, 41.932504408004334], [-87.69964159181663, 41.93250462849287], [-87.69964169024114, 41.93251363459401], [-87.69961756806632, 41.932513781580084], [-87.69961766648747, 41.93252278768123], [-87.6996056053983, 41.932522861172394], [-87.6996057038178, 41.93253186727355], [-87.69959364272688, 41.93253194076347], [-87.69959374114472, 41.932540946864634], [-87.69960580223734, 41.93254087337469], [-87.69960590065693, 41.93254987947583], [-87.6996420839396, 41.93254965899833], [-87.69964228078909, 41.93256767120042], [-87.69956991420302, 41.932568112144274], [-87.69957020944707, 41.9325951304477], [-87.69955814834415, 41.93259520393398], [-87.69955834517036, 41.93261321613623], [-87.69954628406398, 41.9326132896213], [-87.69954638247546, 41.93262229572244], [-87.69948607693448, 41.932622663128846], [-87.69948637214372, 41.93264968143249], [-87.69946224991685, 41.93264982838633], [-87.69946244671644, 41.93266784058879], [-87.69943832448259, 41.93266798753764], [-87.69943861967215, 41.93269500584135], [-87.69942655855007, 41.932695079313945], [-87.69942665694498, 41.932704085415196], [-87.69939047357337, 41.932704305825446], [-87.69939037518355, 41.932695299724145], [-87.69935419181664, 41.932695520122934], [-87.69935409343195, 41.93268651402155], [-87.6993782156732, 41.93268636709033], [-87.69937811728518, 41.93267736098899], [-87.69936605616627, 41.9326774344552], [-87.69936566262136, 41.932641410049534], [-87.69943802929343, 41.9326409692338], [-87.6994378325009, 41.93262295703116], [-87.6993895880666, 41.93262325091321], [-87.69938948967717, 41.93261424481178], [-87.69935330635607, 41.93261446520995], [-87.69935320797178, 41.93260545910843], [-87.69934114686635, 41.93260553257194], [-87.69934075333644, 41.932569508165635], [-87.69932869223776, 41.93256958162778], [-87.69932859385708, 41.932560575526146], [-87.69930447166297, 41.932560722446574], [-87.69930457004024, 41.93256972854826], [-87.69925632564467, 41.93257002237402], [-87.69925622727418, 41.932561016272246], [-87.69923210507952, 41.932561163177475], [-87.69923220344661, 41.932570169279295], [-87.69922014234753, 41.93257024273004], [-87.69922024071296, 41.93257924883186], [-87.69920817961213, 41.93257932228135], [-87.69920827797593, 41.93258832838319], [-87.69922033907847, 41.93258825493368], [-87.69922073254087, 41.93262427934077], [-87.69918454921277, 41.93262449968581], [-87.6991844508522, 41.93261549358398], [-87.69917238974445, 41.932615567029764], [-87.6991722913856, 41.93260656092791], [-87.6991602302795, 41.932606634372405], [-87.69916032863664, 41.93261564047429], [-87.6991362064209, 41.93261578735953], [-87.6991363047747, 41.93262479346144], [-87.69910012144567, 41.932625013779884], [-87.69910021979442, 41.932634019881846], [-87.69907609757144, 41.93263416675451], [-87.6990759992261, 41.93262516065249], [-87.69906393811623, 41.93262523408689], [-87.6990646265228, 41.93268827680088], [-87.69905256540102, 41.93268835023418], [-87.6990526637433, 41.93269735633615], [-87.69902854149622, 41.93269750319901], [-87.69902863983515, 41.93270650930099], [-87.6990045175845, 41.93270665615883], [-87.69900441924896, 41.93269765005679], [-87.69901648037262, 41.93269757662852], [-87.69901628369828, 41.93267956442445], [-87.6990283448185, 41.93267949099497], [-87.6990282464797, 41.932670484892924], [-87.69901618536117, 41.93267055832239], [-87.69901589035015, 41.932643540016116], [-87.69904001257697, 41.93264339315608], [-87.69903991423666, 41.932634387054], [-87.69900373090145, 41.9326346073421], [-87.69900382923667, 41.93264361344425], [-87.6989797070096, 41.93264376029668], [-87.69897931368254, 41.932607735887856], [-87.69899137478933, 41.93260766246236], [-87.69899127645598, 41.93259865636013], [-87.699015398666, 41.93259850950538], [-87.69901530032931, 41.9325895034032], [-87.69900323922602, 41.932589576831184], [-87.69900314089105, 41.93258057072895], [-87.69901520199267, 41.932580497301004], [-87.69901510365607, 41.93257149119878], [-87.69903922585573, 41.9325713443391], [-87.69903902917586, 41.93255333213471], [-87.69905109027223, 41.93255325870301], [-87.69905099193068, 41.93254425260083], [-87.6990751141199, 41.9325441057337], [-87.699075015775, 41.93253509963153], [-87.69915944342398, 41.93253458555681], [-87.69915934506724, 41.932525579454804], [-87.69919552833963, 41.93252535911814], [-87.6991952332544, 41.93249834081221], [-87.69920729434001, 41.93249826736419], [-87.69920719597668, 41.93248926126221], [-87.69923131814437, 41.93248911436242], [-87.69923121977767, 41.932480108260464], [-87.69924328085978, 41.932480034808684], [-87.69924318249143, 41.932471028706765], [-87.69925524357177, 41.93247095525373], [-87.69925504683182, 41.93245294304987], [-87.6992791689856, 41.93245279614011], [-87.69927926735893, 41.932461802242], [-87.69931545059434, 41.93246158186783], [-87.6993153522159, 41.932452575766], [-87.69933947436922, 41.93245242884359], [-87.69933937598744, 41.932443422741784], [-87.69932731491251, 41.9324434962036], [-87.69932711815247, 41.93242548399992], [-87.69931505708087, 41.932425557460434], [-87.69931495870263, 41.93241655135854], [-87.69926671442259, 41.932416845187795], [-87.69926622256592, 41.93237181467769], [-87.69924210044262, 41.932371961584494], [-87.69924200207481, 41.93236295548238], [-87.69922994101476, 41.93236302893385], [-87.69922964591672, 41.93233601062737], [-87.69921758486173, 41.932336084077505], [-87.6992174864975, 41.93232707797529], [-87.69920542544416, 41.93232715142415], [-87.69920532708167, 41.932318145321894], [-87.69919326602998, 41.93231821876946], [-87.69919316766924, 41.93230921266717], [-87.69914492346884, 41.93230950644464], [-87.6991450218228, 41.93231851254702], [-87.69913296077088, 41.93231858598825], [-87.69913315747556, 41.93233659819301], [-87.69914521853086, 41.93233652475174], [-87.6991454152391, 41.9323545369564], [-87.6991333541804, 41.932354610397724], [-87.6991334525329, 41.932363616500055], [-87.69907314723027, 41.93236398368775], [-87.69907324557433, 41.932372989790196], [-87.69908530663663, 41.93237291635516], [-87.69908619175042, 41.9324539712762], [-87.69911031390545, 41.932453824401925], [-87.69911080565386, 41.93249885491288], [-87.6991228667398, 41.932498781473726], [-87.69912306344287, 41.93251679367797], [-87.69907481908531, 41.93251708742718], [-87.69907491743012, 41.93252609352936], [-87.69906285633894, 41.93252616696351], [-87.69906275799582, 41.932517160861295], [-87.69903863581668, 41.93251730772576], [-87.699038537477, 41.93250830162349], [-87.69902647638907, 41.9325083750538], [-87.69902627971321, 41.93249036284916], [-87.69901421862863, 41.93249043627816], [-87.69901402195636, 41.93247242407342], [-87.69902608303757, 41.93247235064448], [-87.69902578802441, 41.93244533233732], [-87.6989775437197, 41.93244562604526], [-87.6989776420506, 41.932454632147746], [-87.69895351989457, 41.93245477899414], [-87.69895332323964, 41.93243676678907], [-87.69892920109024, 41.93243691363031], [-87.6989293977384, 41.932454925835486], [-87.69891733666022, 41.93245499925425], [-87.69891743498268, 41.93246400535684], [-87.69890537390278, 41.93246407877436], [-87.69890488229944, 41.93241904826117], [-87.69889282122799, 41.932419121677306], [-87.69889291954686, 41.93242812778], [-87.69888085847366, 41.932428201194895], [-87.69888115342548, 41.93245521950297], [-87.69886909234712, 41.932455292916664], [-87.69886938729425, 41.93248231122467], [-87.69885732621078, 41.932482384637176], [-87.69885762115322, 41.932509402945115], [-87.69884556006461, 41.932509476356415], [-87.69884536343966, 41.93249146415109], [-87.6988333023544, 41.932491537561084], [-87.69883300742241, 41.93246451925292], [-87.69882094634218, 41.93246459266158], [-87.69882074972448, 41.93244658045601], [-87.6988086886476, 41.93244665386335], [-87.69880839372645, 41.93241963555484], [-87.69879633265464, 41.93241970896084], [-87.69879623434936, 41.932410702857965], [-87.6987600511387, 41.93241092306832], [-87.69876014943888, 41.93241992917128], [-87.69878427158275, 41.93241978236559], [-87.69878456649373, 41.93244680067424], [-87.69874838326258, 41.93244702088108], [-87.69874857985994, 41.93246503308692], [-87.69872445769883, 41.932465179885234], [-87.69872455599419, 41.932474185988184], [-87.69871249491186, 41.93247425938546], [-87.69871269149931, 41.93249227159135], [-87.69868856932776, 41.932492418382196], [-87.69868876590859, 41.93251043058813], [-87.69866464373007, 41.932510577373996], [-87.69866454544302, 41.932501571271], [-87.6986766065306, 41.93250149787872], [-87.69867631166464, 41.93247447956969], [-87.6986521894996, 41.93247462635286], [-87.69865228778482, 41.93248363245593], [-87.69861610453184, 41.932483852621225], [-87.69861659593315, 41.932528883136705], [-87.69860453484026, 41.93252895652272], [-87.69860463311896, 41.932537962625794], [-87.69859257202432, 41.93253803601057], [-87.69859276857846, 41.93255604821672], [-87.6986048296765, 41.9325559748319], [-87.69860492795534, 41.93256498093493], [-87.69866523345331, 41.932564613991715], [-87.69866533174068, 41.932573620094615], [-87.69867739284184, 41.93257354670216], [-87.69867768770929, 41.932600565010695], [-87.69865356549676, 41.93260071179451], [-87.69865346721096, 41.93259170569163], [-87.6986172838969, 41.93259192585776], [-87.69861718561623, 41.93258291975479], [-87.69859306341003, 41.932583066525844], [-87.6985929651328, 41.93257406042281], [-87.69858090403132, 41.93257413380642], [-87.69858100230685, 41.93258313990947], [-87.69854481899709, 41.932583360052725], [-87.69854491726758, 41.93259236615583], [-87.69853285616253, 41.93259243953442], [-87.69853275789374, 41.93258343343128], [-87.6985086356869, 41.93258358018459], [-87.69850873395231, 41.93259258628776], [-87.69846048953133, 41.93259287977927], [-87.69846068604869, 41.93261089198576], [-87.69844862493994, 41.93261096535551], [-87.6984488214541, 41.932628977561976], [-87.6984367603419, 41.93262905093051], [-87.69843685859735, 41.932638057033756], [-87.69830418634166, 41.93263886400429], [-87.69830438281535, 41.93265687621123], [-87.69831644393314, 41.932656802856556], [-87.69831654217175, 41.93266580895999], [-87.69832860329117, 41.93266573560403], [-87.69832879977193, 41.93268374781079], [-87.6983408608947, 41.932683674453514], [-87.69834095913686, 41.93269268055685], [-87.69835302026127, 41.9326926071983], [-87.69835390445785, 41.93277366212747], [-87.6983780267371, 41.93277351540613], [-87.69837812498479, 41.93278252150925], [-87.69839018612603, 41.932782448146654], [-87.69839008787666, 41.93277344204355], [-87.6984745158523, 41.932772928470094], [-87.69847441759107, 41.93276392236715], [-87.69853472327813, 41.932763555491064], [-87.69853491981755, 41.932781567696736], [-87.69851079753609, 41.93278171445106], [-87.69851089580247, 41.93279072055391], [-87.69848677351743, 41.932790867303204], [-87.69848687178046, 41.932799873406104], [-87.69847481063618, 41.93279994677887], [-87.698475007159, 41.93281795898466], [-87.6984508848635, 41.93281810572649], [-87.69845078660548, 41.932809099623576], [-87.69842666431319, 41.93280924636029], [-87.69842686082254, 41.93282725856622], [-87.69836655507409, 41.9328276253861], [-87.69836694805937, 41.932863649798264], [-87.69834282574611, 41.93286379651753], [-87.69834312047537, 41.93289081482662], [-87.69835518163711, 41.93289074146756], [-87.69835527988198, 41.93289974757055], [-87.69836734104538, 41.93289967421019], [-87.69836753753864, 41.932917686416076], [-87.69837959870539, 41.9329176130544], [-87.69837979520224, 41.932935625260164], [-87.69839185637233, 41.93293555189719], [-87.69839205287275, 41.932953564102846], [-87.69837999169926, 41.932953637465886], [-87.69838008994783, 41.93296264356872], [-87.69836802877262, 41.932962716930504], [-87.69836812701955, 41.932971723033354], [-87.69835606584257, 41.93297179639389], [-87.69835616408784, 41.93298080249676], [-87.6983682252665, 41.93298072913618], [-87.69836842176059, 41.93299874134181], [-87.69838048294261, 41.93299866797992], [-87.6983805811914, 41.93300767408269], [-87.69839264237507, 41.93300760071951], [-87.69839274062561, 41.93301660682224], [-87.69840480181092, 41.933016533457796], [-87.69840499831555, 41.93303454566316], [-87.69841705950421, 41.933034472297386], [-87.69841715775827, 41.93304347840001], [-87.69840509656792, 41.933043551765806], [-87.69840519482034, 41.933052557868464], [-87.69839313362824, 41.93305263123302], [-87.69839323187901, 41.93306163733567], [-87.69840529307281, 41.933061563971094], [-87.69840539132531, 41.93307057007371], [-87.69841745252076, 41.93307049670785], [-87.69841764902931, 41.933088508913], [-87.6984297102281, 41.93308843554582], [-87.69842990674023, 41.933106447750866], [-87.69844196794237, 41.93310637438237], [-87.69844206620019, 41.93311538048486], [-87.69845412740399, 41.933115307115074], [-87.69845432392317, 41.93313331931994], [-87.6984663851303, 41.933133245948845], [-87.69846648339166, 41.93314225205123], [-87.69847854460045, 41.93314217867886], [-87.69847874112668, 41.93316019088355], [-87.69850286355093, 41.93316004413489], [-87.6985029618175, 41.93316905023716], [-87.69855120667222, 41.93316875672455], [-87.69855130494564, 41.933177762826716], [-87.69876840681358, 41.93317644176874], [-87.69876850511757, 41.933185447870464], [-87.69878056633372, 41.933185374466305], [-87.69878095955691, 41.93322139887303], [-87.69879302077982, 41.93322132546751], [-87.69879420047401, 41.93332939868602], [-87.69880626171722, 41.93332932527893], [-87.69880665495684, 41.93336534968457], [-87.69881871620679, 41.93336527627614], [-87.69881891283028, 41.933383288478815], [-87.69883097408356, 41.93338321506908], [-87.69883107239707, 41.933392221170365], [-87.69884313365202, 41.933392147759335], [-87.69884333028254, 41.933410159961824], [-87.69885539154085, 41.933410086549486], [-87.69885558817495, 41.9334280987519], [-87.6988676494366, 41.93342802533823], [-87.6988677477554, 41.93343703143938], [-87.6988798090187, 41.93343695802444], [-87.69887990733926, 41.93344596412555], [-87.69889196860422, 41.933445890709315], [-87.69889206692652, 41.9334548968104], [-87.69891618945967, 41.93345474997407], [-87.6989163861112, 41.933472762176095], [-87.69892844738108, 41.933472688755984], [-87.69892854570861, 41.933481694856944], [-87.69895266825168, 41.933481548012885], [-87.69895276658264, 41.93349055411378], [-87.69896482785579, 41.933490480689834], [-87.6989649261885, 41.9334994867907], [-87.69897698746331, 41.93349941336546], [-87.69897708579775, 41.933508419466285], [-87.69900120835064, 41.933508272611945], [-87.69900130668852, 41.93351727871273], [-87.6990133679666, 41.93351720528363], [-87.69901346630621, 41.93352621138436], [-87.69902552758595, 41.933526137954], [-87.6990256259273, 41.93353514405468], [-87.69903768720869, 41.93353507062301], [-87.6990377855518, 41.93354407672367], [-87.69904984683481, 41.933544003290706], [-87.69904994517965, 41.93355300939133], [-87.69907406774898, 41.933552862521566], [-87.69907416609726, 41.933561868622114], [-87.69908622738355, 41.93356179518532], [-87.69908632573357, 41.93357080128584], [-87.69909838702151, 41.93357072784774], [-87.69909848537327, 41.93357973394822], [-87.69911054666285, 41.93357966050883], [-87.69911064501638, 41.93358866660928], [-87.6991347675988, 41.93358851972666], [-87.69913486595574, 41.93359752582705], [-87.69914692724859, 41.933597452383815], [-87.69914702560729, 41.93360645848417], [-87.69915908690179, 41.93360638503963], [-87.6991591852622, 41.933615391139945], [-87.69917124655836, 41.93361531769413], [-87.69917134492053, 41.93362432379442], [-87.69918340621834, 41.93362425034731], [-87.69918350458224, 41.93363325644755], [-87.6991955658817, 41.933633182999145], [-87.69919566424734, 41.933642189099345], [-87.69920772554846, 41.93364211564966], [-87.69920782391584, 41.93365112174983], [-87.6992198852186, 41.933651048298856], [-87.69921998358774, 41.93366005439898], [-87.69924410619652, 41.933659907493194], [-87.69924420456908, 41.93366891359326], [-87.69925626587509, 41.93366884013843], [-87.69925636424941, 41.93367784623846], [-87.69926842555708, 41.93367777278235], [-87.69926852393314, 41.93368677888233], [-87.69928058524246, 41.93368670542495], [-87.69928068362026, 41.9336957115249], [-87.69929274493123, 41.93369563806621], [-87.69929294169035, 41.93371365026602], [-87.69931706431895, 41.93371350334475], [-87.69931726108503, 41.93373151554441], [-87.69934138372022, 41.93373136861798], [-87.69934158049328, 41.9337493808175], [-87.69936570313509, 41.9337492338859], [-87.69936580152508, 41.9337582399856], [-87.6993778628476, 41.933758166517876], [-87.69937796123934, 41.93376717261753], [-87.6993900225635, 41.933767099148525], [-87.69939012095699, 41.933776105248135], [-87.6994142436086, 41.93377595830628], [-87.69941444040246, 41.93379397050536], [-87.69942650173161, 41.93379389703249], [-87.6994266001303, 41.93380290313199], [-87.69945072279184, 41.93380275618239], [-87.69945091959615, 41.93382076838126], [-87.69947504226428, 41.93382062142649], [-87.69947523907555, 41.933838633625214], [-87.6994993617503, 41.933838486665294], [-87.6994994601594, 41.93384749276458], [-87.69951152149841, 41.93384741928269], [-87.69951161990925, 41.93385642538195], [-87.6995236812499, 41.933856351898775], [-87.69952377966247, 41.93386535799799], [-87.69953584100479, 41.93386528451352], [-87.6995359394191, 41.93387429061271], [-87.69954800076306, 41.93387421712695], [-87.69954809917913, 41.93388322322609], [-87.6995722218703, 41.93388307625074], [-87.6995723202898, 41.933892082349814], [-87.69958438163702, 41.93389200886022], [-87.69958448005825, 41.93390101495926], [-87.69959654140713, 41.933900941468366], [-87.6995966398301, 41.93390994756737], [-87.69960870118062, 41.9339098740752], [-87.69960879960536, 41.93391888017416], [-87.69962086095752, 41.93391880668069], [-87.69962095938399, 41.93392781277962], [-87.69963302073782, 41.93392773928486], [-87.69963311916602, 41.933936745383754], [-87.6996451805215, 41.9339366718877], [-87.69964527895145, 41.933945677986564], [-87.69965734030858, 41.933945604489224], [-87.69965743874026, 41.93395461058803], [-87.69966950009903, 41.933954537089406], [-87.69966959853247, 41.93396354318819], [-87.6996816598929, 41.93396346968827], [-87.69968175832808, 41.933972475787016], [-87.69969381969015, 41.93397240228581], [-87.69969391812707, 41.933981408384525], [-87.69971804085449, 41.93398126137826], [-87.69971813929484, 41.933990267476894], [-87.69973020066018, 41.933990193971844], [-87.69973029910228, 41.933999200070446], [-87.69974236046927, 41.933999126564096], [-87.69974245891311, 41.93400813266268], [-87.69975452028174, 41.93400805915503], [-87.69975461872733, 41.93401706525357], [-87.69976668009762, 41.93401699174464], [-87.69976677854494, 41.93402599784314], [-87.69977883991687, 41.93402592433292], [-87.69977893836595, 41.93403493043138], [-87.69979099973955, 41.93403485691987], [-87.69979109819035, 41.93404386301829], [-87.69980315956559, 41.93404378950551], [-87.69980325801814, 41.934052795603876], [-87.69981531939503, 41.93405272208979], [-87.69981541784931, 41.93406172818815], [-87.69982747922786, 41.93406165467277], [-87.6998275776839, 41.93407066077107], [-87.6998396390641, 41.934070587254396], [-87.69983973752187, 41.934079593352685], [-87.69985179890372, 41.93407951983472], [-87.69985189736322, 41.93408852593295], [-87.69986395874673, 41.934088452413704], [-87.69986405720799, 41.934097458511914], [-87.69988817997826, 41.934097311469564], [-87.69988827844296, 41.9341063175677], [-87.69990033982971, 41.934106244044614], [-87.69990043829614, 41.9341152501427], [-87.69991249968456, 41.93411517661832], [-87.69991259815274, 41.93412418271638], [-87.69992465954279, 41.93412410919072], [-87.69992475801271, 41.93413311528873], [-87.69993681940443, 41.93413304176177], [-87.69993691787607, 41.93414204785975], [-87.69994897926945, 41.9341419743315], [-87.69994907774284, 41.93415098042946], [-87.69997320053285, 41.934150833369095], [-87.69997329900968, 41.93415983946699], [-87.69998536040632, 41.934159765934886], [-87.6999854588849, 41.93416877203274], [-87.69999752028316, 41.93416869849935], [-87.69999761876348, 41.934177704597154], [-87.70000968016342, 41.934177631062475], [-87.70000977864547, 41.93418663716025], [-87.70002184004706, 41.93418656362428], [-87.70002193853085, 41.93419556972203], [-87.70003399993409, 41.93419549618476], [-87.70003409841964, 41.934204502282455], [-87.70004615982452, 41.93420442874392], [-87.70004625831181, 41.934213434841574], [-87.70005831971835, 41.934213361301744], [-87.70005841820738, 41.934222367399364], [-87.7000825410237, 41.93422222031584], [-87.70008263951617, 41.93423122641341], [-87.70009470092596, 41.93423115286972], [-87.70009479942017, 41.934240158967235], [-87.70010686083161, 41.93424008542226], [-87.70010695932757, 41.93424909151975], [-87.70011902074067, 41.934249017973485], [-87.70011911923835, 41.93425802407096], [-87.7001311806531, 41.9342579505234], [-87.70013127915254, 41.9342669566208], [-87.7001554019853, 41.934266809521844], [-87.70015550048817, 41.9342758156192], [-87.70016756190618, 41.934275742067804], [-87.70016766041078, 41.93428474816512], [-87.70017972183045, 41.93428467461242], [-87.70017982033679, 41.93429368070971], [-87.70020394317937, 41.934293533600474], [-87.70020404168916, 41.934302539697676], [-87.70022816453495, 41.934302392583334], [-87.70022826304819, 41.93431139868051], [-87.7002403244727, 41.934311325121406], [-87.70024042298768, 41.93432033121853], [-87.70025248441385, 41.934320257658136], [-87.70025258293057, 41.934329263755224], [-87.7002646443584, 41.934329190193544], [-87.70026474287684, 41.9343381962906], [-87.70028886573576, 41.93433804916339], [-87.70028896425765, 41.93434705526037], [-87.70030102568874, 41.934346981694844], [-87.70030112421237, 41.934355987791804], [-87.7003252470778, 41.9343558406569], [-87.70032534560488, 41.93436484675379], [-87.70033740703921, 41.93436477318441], [-87.70033750556803, 41.934373779281266], [-87.70036162843998, 41.934373632138666], [-87.70036182550452, 41.93439164433225], [-87.70037388694382, 41.934391570759], [-87.70037398547785, 41.93440057685574], [-87.70041016980058, 41.93440035612836], [-87.70041036687897, 41.93441836832164], [-87.70042242832317, 41.93441829474326], [-87.70042252686413, 41.93442730083987], [-87.7004466497558, 41.934427153679266], [-87.7004467483002, 41.93443615977581], [-87.70045880974766, 41.934436086193585], [-87.70045890829381, 41.93444509229009], [-87.70047096974292, 41.93444501870657], [-87.70047106829081, 41.93445402480304], [-87.70048312974157, 41.93445395121823], [-87.70048322829119, 41.93446295731466], [-87.70051941264833, 41.93446273655257], [-87.70051951120308, 41.934471742648924], [-87.70053157265707, 41.934471669059], [-87.70053167121357, 41.934480675155314], [-87.70054373266919, 41.9344806015641], [-87.70054383122744, 41.934489607660375], [-87.70055589268472, 41.93448953406788], [-87.7005559912447, 41.93449854016411], [-87.70056805270363, 41.934498466570325], [-87.70056815126536, 41.934507472666525], [-87.70058021272595, 41.934507399071435], [-87.7005803112894, 41.93451640516759], [-87.70060443421386, 41.9345162579736], [-87.70060453278074, 41.934525264069684], [-87.70061659424461, 41.93452519047076], [-87.70061669281324, 41.93453419656683], [-87.70062875427874, 41.93453412296661], [-87.70062885284912, 41.93454312906264], [-87.70064091431627, 41.93454305546114], [-87.7006410128884, 41.93455206155712], [-87.70066513582597, 41.93455191435026], [-87.70066523440153, 41.93456092044619], [-87.70067729587194, 41.93456084684084], [-87.70067739444923, 41.93456985293672], [-87.70068945592129, 41.93456977933008], [-87.70068955450034, 41.93457878542594], [-87.70070161597405, 41.934578711818], [-87.70070171455484, 41.934587717913814], [-87.7007378989808, 41.93458749708233], [-87.70073799756673, 41.93459650317807], [-87.70075005904366, 41.93459642956502], [-87.70075015763132, 41.934605435660714], [-87.7007622191099, 41.934605362046376], [-87.7007623176993, 41.93461436814204], [-87.70078644065973, 41.93461422090952], [-87.70078663784545, 41.93463223310069], [-87.70082282229592, 41.93463201224227], [-87.70082292089393, 41.93464101833776], [-87.70088322831896, 41.93464065021493], [-87.70088332692552, 41.934649656310306], [-87.70108837219105, 41.934648404455395]], [[-87.70065130003535, 41.93438987822476], [-87.7006151157204, 41.93439009902812], [-87.7006150171525, 41.93438109293183], [-87.70060295571578, 41.93438116653038], [-87.7006028571496, 41.934372160434044], [-87.70059079571455, 41.93437223403131], [-87.70059069715012, 41.934363227934945], [-87.70057863571671, 41.93436330153092], [-87.70057814290368, 41.93431827104876], [-87.7005902043286, 41.934318197452896], [-87.70059000720032, 41.93430018525997], [-87.70060206862179, 41.93430011166289], [-87.7006018714903, 41.93428209946997], [-87.70062599432634, 41.9342819522721], [-87.70062609289546, 41.93429095836853], [-87.70063815431512, 41.93429088476766], [-87.70063805574429, 41.934281878671264], [-87.70066217858006, 41.93428173146579], [-87.70066257287718, 41.934317755851126], [-87.70067463430178, 41.9343176822464], [-87.70067483145401, 41.934335694438936], [-87.70068689288196, 41.9343356208329], [-87.70068699145983, 41.93434462692912], [-87.70069905288943, 41.934344553321786], [-87.70069934862842, 41.93437157161031], [-87.70068728719373, 41.9343716452177], [-87.70068738577177, 41.93438065131388], [-87.70065120146234, 41.93438087212854], [-87.70065130003535, 41.93438987822476]], [[-87.70071022708922, 41.93426342484707], [-87.70068610426058, 41.934263572062584], [-87.70068600568312, 41.93425456596623], [-87.70067394427043, 41.93425463957206], [-87.70067345139223, 41.93420960908995], [-87.70068551279644, 41.93420953548423], [-87.70068570995097, 41.93422754767707], [-87.70069777135852, 41.93422747407003], [-87.70069786993756, 41.934236480166405], [-87.70070993134676, 41.93423640655809], [-87.70071022708922, 41.93426342484707]], [[-87.70038427328255, 41.9342383935381], [-87.70037221187212, 41.93423846711222], [-87.70037211333891, 41.93422946101523], [-87.70036005193013, 41.93422953458806], [-87.70035985486722, 41.93421152239397], [-87.7003960390832, 41.93421130167183], [-87.7003958420103, 41.93419328947782], [-87.70040790341213, 41.934193215901296], [-87.70040780487403, 41.934184209804286], [-87.70048017327396, 41.93418376831862], [-87.70048037037054, 41.934201780512325], [-87.70045624756396, 41.93420192767937], [-87.70045634610892, 41.93421093377626], [-87.70043222329878, 41.9342110809383], [-87.70043242038204, 41.93422909313208], [-87.70038417474763, 41.934229387441135], [-87.70038427328255, 41.9342383935381]], [[-87.70069737704286, 41.9341914496844], [-87.70064913143953, 41.93419174410456], [-87.7006490328675, 41.93418273800802], [-87.7006610942667, 41.934182664404894], [-87.70066089711942, 41.93416465221183], [-87.70067295851518, 41.934164578607486], [-87.7006728599399, 41.93415557251095], [-87.70068492133393, 41.93415549890538], [-87.700684822757, 41.93414649280884], [-87.70069688414927, 41.93414641920202], [-87.70069737704286, 41.9341914496844]], [[-87.70034759640247, 41.93419358377129], [-87.70032347359827, 41.93419373091042], [-87.7003232765459, 41.934175718716084], [-87.7003473993433, 41.93417557157705], [-87.70034759640247, 41.93419358377129]], [[-87.70066050282536, 41.9341286278255], [-87.70063638004727, 41.934128775030196], [-87.70063628147727, 41.934119768933535], [-87.70066040425196, 41.9341196217289], [-87.70066050282536, 41.9341286278255]], [[-87.70079307950958, 41.93411881201279], [-87.70076895673587, 41.934118959245296], [-87.7007684637932, 41.93407392876304], [-87.70079258654994, 41.93407378153076], [-87.70079307950958, 41.93411881201279]], [[-87.69969135878189, 41.93374724981343], [-87.6996672361425, 41.93374739681343], [-87.69966713771015, 41.93373839071431], [-87.69969126034614, 41.93373824371435], [-87.69969135878189, 41.93374724981343]], [[-87.69959467137897, 41.93372982558449], [-87.69957054874565, 41.93372997256412], [-87.69957045032697, 41.9337209664648], [-87.69959457295688, 41.933720819485195], [-87.69959467137897, 41.93372982558449]], [[-87.70049917144918, 41.93371530409237], [-87.70046298751434, 41.93371552484489], [-87.70046288897016, 41.93370651874725], [-87.7004990728999, 41.93370629799478], [-87.70049917144918, 41.93371530409237]], [[-87.70025715708778, 41.93364472677583], [-87.70024509578887, 41.933644800335756], [-87.70024499727558, 41.933635794237574], [-87.70025705857277, 41.93363572067768], [-87.70025715708778, 41.93364472677583]], [[-87.69946111126434, 41.93364957901334], [-87.69943698866058, 41.93364972596469], [-87.69943689026094, 41.93364071986497], [-87.69942482896069, 41.933640793338725], [-87.6994247305628, 41.933631787238966], [-87.69940060796556, 41.93363193418262], [-87.69940050957112, 41.933622928082805], [-87.69938844827412, 41.93362300155272], [-87.6993883498814, 41.93361399545286], [-87.69937628858607, 41.93361406892147], [-87.6993757966317, 41.93356903842184], [-87.69935167405784, 41.93356918535505], [-87.69935128050872, 41.933533160954894], [-87.6993392192285, 41.93353323441951], [-87.69933912084304, 41.933524228319406], [-87.69932705956448, 41.933524301782725], [-87.69932696118076, 41.93351529568259], [-87.69935108373443, 41.93351514875473], [-87.69935118212156, 41.93352415485482], [-87.69936324340003, 41.93352408138897], [-87.69936344017779, 41.933542093589054], [-87.69937550145961, 41.933542020121884], [-87.69937559985026, 41.933551026221885], [-87.69938766113373, 41.93355095275343], [-87.69938775952612, 41.93355995885339], [-87.69939982081124, 41.933559885383644], [-87.69939991920538, 41.93356889148357], [-87.69942404177887, 41.93356874454023], [-87.69942364818904, 41.93353272014063], [-87.6994115869091, 41.933532793612855], [-87.69941148851345, 41.9335237875129], [-87.69939942723516, 41.933523860983826], [-87.69939932884124, 41.93351485488382], [-87.6993631450112, 41.93351507528891], [-87.6993629482337, 41.93349706308873], [-87.69935088696032, 41.93349713655452], [-87.69935078857334, 41.93348813045438], [-87.69932666602983, 41.933488277382104], [-87.69932656764628, 41.93347927128191], [-87.69931450637617, 41.93347934474385], [-87.69931440799435, 41.93347033864363], [-87.69929028545737, 41.933470485563646], [-87.69929038383579, 41.933479491663924], [-87.69926626129524, 41.93347963857894], [-87.69926616292021, 41.93347063247861], [-87.69921791784535, 41.93347092629333], [-87.69921781947716, 41.933461920192904], [-87.69919369694286, 41.93346206709262], [-87.69919359857809, 41.93345306099213], [-87.69918153731257, 41.93345313444006], [-87.69918114386078, 41.93341711003787], [-87.69915702134318, 41.93341725692976], [-87.69915711970266, 41.93342626303038], [-87.6991691809632, 41.93342618958504], [-87.69916957440836, 41.93346221398726], [-87.69915751314105, 41.933462287432675], [-87.69915741478138, 41.933453281332135], [-87.69913329225002, 41.93345342821913], [-87.6991331938938, 41.933444422118505], [-87.69910907136564, 41.93344456900039], [-87.69910897301286, 41.93343556289972], [-87.6990969117504, 41.93343563633873], [-87.69909671504837, 41.93341762413729], [-87.69908465378927, 41.93341769757499], [-87.69908455544001, 41.93340869147423], [-87.6990966166974, 41.93340861803653], [-87.69909641999563, 41.93339060583501], [-87.69907229748756, 41.93339075270901], [-87.69907239583505, 41.933399758809834], [-87.69903621206751, 41.933399979111414], [-87.69903611372513, 41.93339097301051], [-87.69902405247089, 41.93339104644182], [-87.69902395413025, 41.933382040340895], [-87.69901189287768, 41.93338211377091], [-87.6990116961999, 41.93336410156896], [-87.6990237574491, 41.933364028138996], [-87.69902365910859, 41.93335502203803], [-87.69903572035604, 41.93335494860682], [-87.69903562201388, 41.933345942505866], [-87.69904768325958, 41.933345869073406], [-87.69904758491577, 41.93333686297246], [-87.69905964615972, 41.933336789538764], [-87.69905954781427, 41.93332778343782], [-87.6991077927829, 41.93332748969045], [-87.69910808783979, 41.933354507992966], [-87.69912014908691, 41.93335443455288], [-87.6991199523789, 41.933336422351275], [-87.69913201362257, 41.93333634890997], [-87.69913191526693, 41.933327342809164], [-87.69914397650888, 41.93332726936663], [-87.69914387815159, 41.93331826326583], [-87.6992162455922, 41.933317822584115], [-87.69921634395966, 41.93332682868476], [-87.69922840520131, 41.93332675523336], [-87.69922830683214, 41.93331774913273], [-87.6992644905517, 41.93331752877097], [-87.69926439217748, 41.93330852267039], [-87.69927645341555, 41.93330844921395], [-87.69927576478543, 41.933245406509656], [-87.69925164233301, 41.93324555342093], [-87.69925154396084, 41.93323654732021], [-87.69923948273626, 41.933236620773926], [-87.69923928599547, 41.93321860857241], [-87.69922722477423, 41.93321868202481], [-87.6992271264056, 41.933209675924005], [-87.69921506518602, 41.933209749375095], [-87.69921477008548, 41.93318273107254], [-87.69922683129998, 41.9331826576215], [-87.69922692966847, 41.93319166372234], [-87.69933548061219, 41.93319100260575], [-87.69933538222843, 41.93318199650512], [-87.69937156587044, 41.93318177611019], [-87.69937146748163, 41.9331727700096], [-87.69938352869384, 41.93317269654212], [-87.69938343030339, 41.93316369044154], [-87.69939549151385, 41.933163616972806], [-87.69939519633765, 41.933136598671055], [-87.69937107392684, 41.933136745607115], [-87.6993707787612, 41.933109727305094], [-87.69926222795613, 41.93311038845401], [-87.69926212958295, 41.9331013823531], [-87.69933449677656, 41.933100941598695], [-87.69933439839325, 41.93309193549791], [-87.69935852078737, 41.93309178856969], [-87.69935842240069, 41.933082782468915], [-87.69934636120537, 41.93308285593365], [-87.69934616443557, 41.93306484373206], [-87.69932204205153, 41.93306499065761], [-87.69932214043301, 41.93307399675845], [-87.69926183446367, 41.933074364050285], [-87.6992620312098, 41.933092376252176], [-87.69923790881496, 41.93309252316013], [-87.69923771207561, 41.93307451095814], [-87.69922565088153, 41.93307458441018], [-87.69922545414575, 41.933056572208095], [-87.69923751533645, 41.9330564987561], [-87.699237613706, 41.933065504857126], [-87.69924967489835, 41.933065431403854], [-87.6992495765271, 41.93305642530286], [-87.69926163771771, 41.93305635184833], [-87.69926153934479, 41.93304734574734], [-87.69927360053366, 41.93304727229159], [-87.69927369890827, 41.93305627839255], [-87.69929782128928, 41.93305613147717], [-87.69929772291127, 41.93304712537625], [-87.6993097841, 41.933047051916695], [-87.69930988247971, 41.93305605801759], [-87.69933400486043, 41.93305591109462], [-87.69933390647735, 41.93304690499377], [-87.69938215123148, 41.93304661113271], [-87.69938205284164, 41.933037605031934], [-87.69939411402837, 41.93303753156353], [-87.6993936220714, 41.93299250105953], [-87.69938156089316, 41.93299257452783], [-87.6993814625036, 41.93298356842696], [-87.69944176838587, 41.932983201072936], [-87.69944314596259, 41.93310928648214], [-87.69945520716266, 41.93310921300721], [-87.69945540396344, 41.93312722520825], [-87.69946746516686, 41.93312715173201], [-87.69946756356902, 41.93313615783249], [-87.6994555023639, 41.933136231308744], [-87.6994558959662, 41.933172255710595], [-87.69946795717809, 41.933172182234244], [-87.69946785877576, 41.93316317613382], [-87.69947991998592, 41.93316310265622], [-87.69948001838995, 41.93317210875661], [-87.69950414081353, 41.933171961797576], [-87.69950394399872, 41.93315394959688], [-87.69951600520704, 41.93315387611548], [-87.69951580838904, 41.933135863914764], [-87.69953993079876, 41.93313571694831], [-87.69953983238644, 41.93312671084797], [-87.69955189358954, 41.93312663736287], [-87.69955140152007, 41.93308160686108], [-87.69953934032543, 41.93308168034608], [-87.69953914350134, 41.933063668145216], [-87.69955120469258, 41.933063594660275], [-87.6995511062789, 41.93305458855985], [-87.69952698389979, 41.93305473552842], [-87.69952688548956, 41.93304572942794], [-87.69953894667744, 41.933045655944305], [-87.69953884826556, 41.93303664984383], [-87.6995629706378, 41.93303650287281], [-87.69956306905308, 41.93304550897324], [-87.69958719142852, 41.93304536199711], [-87.69958768352257, 41.933090392498826], [-87.69957562232638, 41.93309046598765], [-87.6995758191609, 41.933108478188274], [-87.69958788036048, 41.93310840469941], [-87.6995879787795, 41.93311741079968], [-87.69960003998074, 41.93311733730953], [-87.69960023682233, 41.93313534950999], [-87.6996122980269, 41.933135276018525], [-87.69961259329473, 41.93316229431903], [-87.69960053208506, 41.933162367810574], [-87.69960063050604, 41.93317137391073], [-87.69954032444856, 41.933171741349504], [-87.69954042286112, 41.93318074744978], [-87.6995283616478, 41.93318082093375], [-87.69952855846965, 41.93319883313429], [-87.69954061968637, 41.93319875965025], [-87.69954071809907, 41.933207765750474], [-87.69955277931744, 41.93320769226516], [-87.69955287773188, 41.93321669836534], [-87.6995649389519, 41.93321662487874], [-87.6995651357843, 41.933234637079025], [-87.69957719700767, 41.9332345635911], [-87.69957729542564, 41.9332435696912], [-87.69956523420056, 41.93324364317913], [-87.69956543103324, 41.93326165537933], [-87.69955336980472, 41.93326172886604], [-87.69955366504898, 41.93328874716629], [-87.69956572628257, 41.933288673679506], [-87.6995659231157, 41.93330668587955], [-87.69959004558953, 41.93330653890208], [-87.69959014400956, 41.93331554500204], [-87.69957808277096, 41.93331561849143], [-87.69957818118934, 41.93332462459139], [-87.69959024242962, 41.93332455110198], [-87.69959034084972, 41.93333355720191], [-87.69961446333356, 41.93333341021924], [-87.69961466018071, 41.93335142241895], [-87.69962672142596, 41.93335134892566], [-87.69962681985129, 41.93336035502547], [-87.69967506483862, 41.93336006103958], [-87.69967526170299, 41.933378073238984], [-87.6996873229531, 41.93337799973929], [-87.69968742138704, 41.933387005838945], [-87.69972360514221, 41.93338678533221], [-87.69972370358128, 41.933395791431785], [-87.69974782608789, 41.93339564442092], [-87.69974772764543, 41.93338663832139], [-87.69975978889697, 41.93338656481408], [-87.69975969045282, 41.93337755871456], [-87.69978381295238, 41.933377411696185], [-87.69978410829508, 41.933404429994546], [-87.69977204704024, 41.93340450350444], [-87.69977194859433, 41.93339549740497], [-87.69975988734113, 41.93339557091358], [-87.69976037956268, 41.93344060141088], [-87.69972419577738, 41.93344082192944], [-87.69972429421675, 41.93344982802893], [-87.6997001716896, 41.933449975035], [-87.69970007325364, 41.933440968935464], [-87.69966388946767, 41.93344118943502], [-87.69966379103684, 41.933432183335405], [-87.69961554599506, 41.933432477316984], [-87.69961544757106, 41.933423471217246], [-87.69960338631219, 41.93342354470945], [-87.69960387842414, 41.933468575208046], [-87.6996159396915, 41.93346850171572], [-87.6996160381157, 41.933477507815375], [-87.69962809938471, 41.933477434321766], [-87.69962829623668, 41.93349544652098], [-87.69955592860165, 41.933495887463906], [-87.69955622384941, 41.933522905763034], [-87.69954416257166, 41.933522979249155], [-87.69954426098597, 41.93353198534886], [-87.69950807714736, 41.9335322057997], [-87.6995083723753, 41.93355922409892], [-87.69949631109058, 41.93355929758007], [-87.69949640949828, 41.93356830367981], [-87.69948434821183, 41.93356837715972], [-87.69948484024255, 41.9336134076583], [-87.69947277894757, 41.93361348113706], [-87.69947297575676, 41.933631493336435], [-87.69946091445834, 41.93363156681397], [-87.69946111126434, 41.93364957901334]], [[-87.69956926930617, 41.93361289327157], [-87.69954514671679, 41.93361304024553], [-87.69954504830207, 41.93360403414597], [-87.69953298700901, 41.933604107631034], [-87.69953288859604, 41.93359510153142], [-87.69954494988741, 41.933595028046376], [-87.69954485147278, 41.93358602194677], [-87.69953279018311, 41.933586095431785], [-87.69953239653184, 41.93355007103315], [-87.69954445781472, 41.93354999754822], [-87.69954455622917, 41.93355900364788], [-87.69955661751371, 41.93355893016166], [-87.6995567159299, 41.93356793626129], [-87.69956877721607, 41.933567862773785], [-87.6995686787982, 41.93355885667419], [-87.69958074008264, 41.93355878318544], [-87.69958083850223, 41.93356778928502], [-87.69960496107439, 41.93356764230367], [-87.6996050594974, 41.93357664840318], [-87.69961712078509, 41.933576574910596], [-87.69961731763466, 41.93359458710954], [-87.69960525634356, 41.933594660602175], [-87.69960535476672, 41.93360366670166], [-87.69956917088807, 41.93360388717204], [-87.69956926930617, 41.93361289327157]], [[-87.70071459919897, 41.93356087568404], [-87.7006904766351, 41.93356102289847], [-87.70069037805943, 41.93355201680102], [-87.70066625549877, 41.93355216401036], [-87.70066615692654, 41.93354315791284], [-87.7006420343691, 41.933543305117055], [-87.7006419358003, 41.93353429901949], [-87.70067811963133, 41.93353407821132], [-87.70067742961551, 41.9334710355284], [-87.70068949088054, 41.93347096192332], [-87.70069008233274, 41.933524998508595], [-87.70070214360791, 41.9335249249021], [-87.70070224218512, 41.93353393099956], [-87.70071430346195, 41.93353385739177], [-87.70071459919897, 41.93356087568404]], [[-87.7006180103769, 41.933552458413814], [-87.70058182653501, 41.9335526792031], [-87.70058172797468, 41.933543673105426], [-87.70060585053257, 41.933543525913876], [-87.7006057519689, 41.933534519816234], [-87.70061781324608, 41.93353444621857], [-87.7006180103769, 41.933552458413814]], [[-87.70078637535484, 41.93350639742648], [-87.7007501915403, 41.93350661826864], [-87.70074979720508, 41.933470593878866], [-87.70076185846986, 41.93347052026616], [-87.70076166129913, 41.93345250807124], [-87.70074960003775, 41.933452581683895], [-87.70074950145415, 41.933443575586374], [-87.70076156271384, 41.933443501973755], [-87.70076136554337, 41.93342548977875], [-87.70077342679961, 41.93342541616491], [-87.70077362397348, 41.93344342835987], [-87.70082186901158, 41.93344313389164], [-87.70082206619917, 41.93346114608638], [-87.70081000493632, 41.933461219705364], [-87.7008102021207, 41.933479231900094], [-87.70079814085443, 41.933479305517864], [-87.7007983380356, 41.93349731771257], [-87.70078627676587, 41.93349739132913], [-87.70078637535484, 41.93350639742648]], [[-87.69978528966993, 41.933512503186755], [-87.69977322839472, 41.93351257669691], [-87.69977303150186, 41.93349456449831], [-87.69978509277367, 41.93349449098819], [-87.69978528966993, 41.933512503186755]], [[-87.69991776676058, 41.93349368229322], [-87.69990570548926, 41.93349375581728], [-87.69990560702423, 41.93348474971822], [-87.69991766829385, 41.933484676194176], [-87.69991776676058, 41.93349368229322]], [[-87.70080970916008, 41.93343420141319], [-87.70078558664441, 41.93343434864726], [-87.70078548805583, 41.93342534254979], [-87.70077342679961, 41.93342541616491], [-87.70077322962595, 41.93340740396987], [-87.7007611683731, 41.93340747758368], [-87.700760971203, 41.933389465388544], [-87.70077303245246, 41.933389391774796], [-87.70077293386578, 41.933380385677225], [-87.7008091176088, 41.93338016482844], [-87.70080921620057, 41.933389170925935], [-87.70082127744985, 41.93338909730712], [-87.70082147463691, 41.93340710950203], [-87.70080941338423, 41.9334071831209], [-87.70080970916008, 41.93343420141319]], [[-87.70064085154668, 41.93343523194523], [-87.70060466777124, 41.93343545274123], [-87.7006045692081, 41.933426446643416], [-87.70059250795123, 41.933426520239514], [-87.70059260651267, 41.933435526337355], [-87.70050817770142, 41.93343604147479], [-87.70050807915183, 41.93342703537679], [-87.70049601789461, 41.93342710896276], [-87.7004961164425, 41.933436115060786], [-87.7004116876287, 41.93343663012728], [-87.70041129348495, 41.93340060573444], [-87.70039923223244, 41.93340067931022], [-87.70039903516422, 41.93338266711368], [-87.70038697391507, 41.93338274068813], [-87.70038667831815, 41.93335572239313], [-87.70036255582988, 41.9333558695381], [-87.70036275288767, 41.933373881734866], [-87.70033863039242, 41.93337402887488], [-87.70033843334144, 41.933356016678005], [-87.70032637209715, 41.933356090246065], [-87.70032617504974, 41.9333380780491], [-87.70037442001306, 41.93333778376947], [-87.70037451854353, 41.933346789867876], [-87.70041070227066, 41.93334656914478], [-87.70041060373508, 41.93333756304645], [-87.70050709365852, 41.933336974396], [-87.70050699510942, 41.933327968297846], [-87.70053111758644, 41.93332782112261], [-87.700531019034, 41.93331881502448], [-87.70054308027075, 41.93331874143499], [-87.70054298171665, 41.93330973533688], [-87.70055504295166, 41.93330966174614], [-87.70055494439592, 41.933300655648026], [-87.70056700562918, 41.933300582056035], [-87.70056690707179, 41.933291575957945], [-87.70054278460863, 41.93329172314059], [-87.70054268605467, 41.93328271704244], [-87.70045825744404, 41.93328323214165], [-87.70045815890201, 41.933274226043316], [-87.70040991398744, 41.933274520357756], [-87.7004097169171, 41.93325650816086], [-87.70038559446631, 41.933256655310394], [-87.70038579152988, 41.93327466750739], [-87.70037373030104, 41.93327474108028], [-87.7003738288312, 41.93328374717878], [-87.70036176760061, 41.933283820750454], [-87.70036186612911, 41.93329282684897], [-87.70030155996703, 41.9332931946884], [-87.70030146144701, 41.93328418858979], [-87.70028940021615, 41.93328426215385], [-87.70028900614331, 41.93324823775912], [-87.7002769449192, 41.93324831132183], [-87.70027674788643, 41.93323029912434], [-87.70026468666566, 41.93323037268574], [-87.70026439112195, 41.93320335438931], [-87.70025232990622, 41.93320342794937], [-87.7002521328807, 41.933185415751645], [-87.70026419409304, 41.933185342191635], [-87.70026399706428, 41.933167329993886], [-87.70025193585536, 41.93316740355386], [-87.700252034368, 41.93317640965276], [-87.70023997315732, 41.93317648321147], [-87.70023987464637, 41.93316747711254], [-87.70022781343735, 41.933167550669985], [-87.70022761641897, 41.93314953847204], [-87.7002396776246, 41.933149464914656], [-87.70023957911378, 41.9331404588157], [-87.70025164031767, 41.93314038525707], [-87.70025183734275, 41.93315839745494], [-87.70027595975719, 41.93315825033379], [-87.70027605827318, 41.933167256432654], [-87.70030018069083, 41.93316710930639], [-87.7002999836521, 41.93314909710873], [-87.70031204485747, 41.93314902354374], [-87.70031194633646, 41.93314001744493], [-87.70033606874367, 41.93313987031119], [-87.70033626579249, 41.933157882508745], [-87.7003483269994, 41.93315780893993], [-87.7003485240518, 41.93317582113739], [-87.70036058526209, 41.933175747567255], [-87.70036068379005, 41.93318475366593], [-87.70040892863747, 41.933184459372676], [-87.70040883010273, 41.933175453274096], [-87.70045707494265, 41.93317515896067], [-87.70045697640117, 41.933166152862164], [-87.70044491519295, 41.933166226442395], [-87.70044481665319, 41.93315722034385], [-87.70043275544663, 41.9331572939228], [-87.70043255837066, 41.933139281725616], [-87.70040843596418, 41.93313942887961], [-87.70040833742965, 41.93313042278095], [-87.70039627622805, 41.93313049635602], [-87.70039568503202, 41.933076459763626], [-87.70038362384055, 41.93307653333731], [-87.70038352530973, 41.93306752723849], [-87.70033528055015, 41.9330678215204], [-87.70033518202617, 41.9330588154215], [-87.70028693727266, 41.93305910968304], [-87.70028703578986, 41.93306811578205], [-87.70026291340945, 41.93306826290528], [-87.70026320895113, 41.93309528120235], [-87.70027527014645, 41.933095207641294], [-87.70027536866213, 41.933104213740265], [-87.70025124626807, 41.933104360861144], [-87.7002513447804, 41.933113366960136], [-87.70022722238275, 41.933113514075984], [-87.70022712387382, 41.93310450797694], [-87.7002150626766, 41.93310458153295], [-87.70021457014106, 41.93305955103738], [-87.70022663132977, 41.933059477481486], [-87.70022653282109, 41.933050471382344], [-87.70026271638187, 41.93305025070716], [-87.70026261786816, 41.93304124460808], [-87.70027467905331, 41.933041171047165], [-87.7002744820226, 41.93302315884902], [-87.70026242084086, 41.93302323240988], [-87.70026232232728, 41.93301422631076], [-87.70025026114718, 41.93301429987032], [-87.70024996561179, 41.932987281572814], [-87.7002137820865, 41.93298750224372], [-87.7002135850733, 41.93296949004515], [-87.70022564624506, 41.93296941648949], [-87.70022554773684, 41.93296041039022], [-87.70024967007681, 41.932960263275156], [-87.70024947305372, 41.93294225107664], [-87.70032184005218, 41.932941809701326], [-87.7003219385739, 41.932950815800446], [-87.7003581220776, 41.932950595095605], [-87.70035822060444, 41.932959601194646], [-87.70040646528224, 41.932959306903705], [-87.70040636674861, 41.93295030080477], [-87.70044255025138, 41.932950080073326], [-87.70044264879012, 41.932959086172204], [-87.70046677112846, 41.93295893901153], [-87.7004668696706, 41.93296794511035], [-87.70044274732886, 41.93296809227107], [-87.70044284586767, 41.9329770983699], [-87.70045490704025, 41.93297702479016], [-87.70045539974345, 41.93302205528407], [-87.70046746092446, 41.93302198170294], [-87.70046755946694, 41.93303098780165], [-87.70050374301485, 41.93303076705058], [-87.70050384156245, 41.93303977314922], [-87.70047971919382, 41.93303992031791], [-87.70047981773807, 41.93304892641657], [-87.700467756552, 41.93304899999903], [-87.7004678550946, 41.93305800609772], [-87.7004919774701, 41.93305785893146], [-87.70049227310835, 41.93308487722725], [-87.70046815072268, 41.93308502439364], [-87.7004683478083, 41.93310303659086], [-87.70048040900454, 41.93310296300825], [-87.70048031046002, 41.933093956909666], [-87.70049237165453, 41.93309388332583], [-87.70049227310835, 41.93308487722725], [-87.70050433430112, 41.93308480364216], [-87.70050443284899, 41.93309380974071], [-87.7005285552378, 41.93309366256667], [-87.70052865378909, 41.93310266866516], [-87.70057689857293, 41.933102374301804], [-87.70057680001484, 41.9330933682034], [-87.700588861209, 41.93309329460941], [-87.70058876264925, 41.93308428851103], [-87.70061288503402, 41.933084141319306], [-87.70061298359717, 41.933093147417644], [-87.70062504479117, 41.933093073819855], [-87.70062514335605, 41.933102079918164], [-87.70063720455173, 41.93310200631908], [-87.70063730311836, 41.93311101241735], [-87.70064936431567, 41.93311093881698], [-87.70064956145244, 41.93312895101342], [-87.70063750025173, 41.933129024613834], [-87.70063759881847, 41.933138030712065], [-87.7006496600209, 41.933137957111626], [-87.70064975858939, 41.93314696320981], [-87.70066181979345, 41.93314688960808], [-87.7006621155043, 41.93317390790247], [-87.7006741767134, 41.93317383429941], [-87.70067427528548, 41.933182840397485], [-87.700626030442, 41.93318313480222], [-87.7006262275727, 41.93320114699851], [-87.70063828878705, 41.93320107339918], [-87.70063848592132, 41.93321908559537], [-87.7006264247036, 41.933219159194756], [-87.70062662183466, 41.93323717139094], [-87.70063868305577, 41.933237097791526], [-87.70063878162307, 41.933246103889566], [-87.70062672040027, 41.93324617748901], [-87.7006268189659, 41.93325518358708], [-87.70067506386367, 41.9332548891816], [-87.70067516243614, 41.933263895279545], [-87.70066310121007, 41.933263968882834], [-87.70066319978089, 41.933272974980795], [-87.70063907732523, 41.93327312218362], [-87.70063917589272, 41.93328212828161], [-87.7006271146631, 41.933282201881134], [-87.70062721322894, 41.93329120797914], [-87.7006151519976, 41.93329128157744], [-87.70061525056177, 41.93330028767545], [-87.7006393730278, 41.93330014047754], [-87.70063947159541, 41.93330914657549], [-87.70062741036072, 41.93330922017508], [-87.70062770605874, 41.93333623846891], [-87.70063976729851, 41.93333616486923], [-87.70063986586631, 41.93334517096713], [-87.70062780462483, 41.93334524456682], [-87.70062790319096, 41.93335425066472], [-87.70063996443413, 41.933354177065006], [-87.70064006300201, 41.93336318316287], [-87.70065212424684, 41.93336310956185], [-87.70065222281647, 41.93337211565968], [-87.70066428406294, 41.93337204205737], [-87.7006643826343, 41.93338104815516], [-87.70067644388243, 41.93338097455157], [-87.70067654245553, 41.93338998064932], [-87.7006644812057, 41.93339005425294], [-87.70066467834866, 41.933408066448436], [-87.7006526170954, 41.93340814005084], [-87.70065271566526, 41.93341714614858], [-87.70064065441026, 41.933417219749735], [-87.70064085154668, 41.93343523194523]], [[-87.69992913875386, 41.93343056607445], [-87.69990501623502, 41.93343071312351], [-87.69990481930564, 41.93341270092515], [-87.69989275804956, 41.93341277444774], [-87.69989265958664, 41.93340376834851], [-87.69990472084103, 41.933403694825955], [-87.69990462237645, 41.933394688726736], [-87.6999166836291, 41.93339461520294], [-87.69991678209539, 41.93340362130212], [-87.69992884334968, 41.93340354777703], [-87.69992913875386, 41.93343056607445]], [[-87.70027871822212, 41.93341042109671], [-87.70026665696743, 41.93341049465856], [-87.7002661643903, 41.933365464165895], [-87.70029028688269, 41.933365317041144], [-87.70029058243901, 41.93339233533665], [-87.70027852118774, 41.93339240889973], [-87.70027871822212, 41.93341042109671]], [[-87.69995257197297, 41.933367376326466], [-87.69992844947807, 41.93336752338028], [-87.69992835101029, 41.93335851728104], [-87.69989216727268, 41.93335873785219], [-87.69989197034742, 41.93334072565357], [-87.69990403158994, 41.93334065213117], [-87.69990383466147, 41.93332263993253], [-87.69991589590053, 41.933322566408904], [-87.69991619129841, 41.93334958470677], [-87.69995237503066, 41.933349364128105], [-87.69995257197297, 41.933367376326466]], [[-87.70031431085282, 41.933356163812846], [-87.70030224960843, 41.933356237378355], [-87.7003021510881, 41.93334723127984], [-87.70031421233078, 41.933347157714344], [-87.70031431085282, 41.933356163812846]], [[-87.70047081139357, 41.933328189051196], [-87.70042256643846, 41.93332848337126], [-87.7004224679013, 41.93331947727293], [-87.70039834542688, 41.9333196244253], [-87.70039824689316, 41.93331061832693], [-87.70041030812868, 41.933310544751386], [-87.7004102095933, 41.933301538653005], [-87.70045845452823, 41.933301244338274], [-87.7004585530704, 41.93331025043657], [-87.70047061430571, 41.93331017685471], [-87.70047081139357, 41.933328189051196]], [[-87.70037422295228, 41.93331977157263], [-87.70035010047748, 41.933319918714886], [-87.70034990342364, 41.9333019065179], [-87.70038608712558, 41.93330168580276], [-87.70038618565756, 41.9333106919012], [-87.70037412442193, 41.9333107654742], [-87.70037422295228, 41.93331977157263]], [[-87.70051885924653, 41.93330988251456], [-87.70047061430571, 41.93331017685471], [-87.70047051576185, 41.933301170756415], [-87.70048257699543, 41.93330109717332], [-87.70048247844991, 41.93329209107505], [-87.70051866214529, 41.93329187031818], [-87.70051885924653, 41.93330988251456]], [[-87.70026557329923, 41.93331142757422], [-87.70025351206316, 41.933311501134554], [-87.70025331503655, 41.93329348893717], [-87.70026537626924, 41.93329341537688], [-87.70026557329923, 41.93331142757422]], [[-87.6990107128138, 41.93327404055841], [-87.69899865158153, 41.93327411398688], [-87.69899845490825, 41.93325610178455], [-87.69901051613711, 41.93325602835612], [-87.6990107128138, 41.93327404055841]], [[-87.69993913215683, 41.933241364463896], [-87.69991500970934, 41.93324151151453], [-87.69991471431308, 41.93321449321614], [-87.69990265309436, 41.93321456673948], [-87.69990245616715, 41.93319655454045], [-87.699938639813, 41.93319633396675], [-87.69993913215683, 41.933241364463896]], [[-87.69903454025307, 41.93324687539437], [-87.69901041779885, 41.93324702225496], [-87.69901031946061, 41.93323801615379], [-87.69903444191145, 41.93323786929323], [-87.69903454025307, 41.93324687539437]], [[-87.69966162557003, 41.93323404914021], [-87.69963750312385, 41.9332341961325], [-87.69963730627111, 41.933216183932515], [-87.6996734899301, 41.933215963442294], [-87.69967358836155, 41.93322496954223], [-87.69966152714024, 41.93322504304025], [-87.69966162557003, 41.93323404914021]], [[-87.70101238364836, 41.933216803386394], [-87.70100032243204, 41.93321687702504], [-87.70100022381398, 41.93320787092765], [-87.70098816259932, 41.933207944565], [-87.70098796536672, 41.93318993237013], [-87.70102414900043, 41.933189711454396], [-87.7010242476218, 41.93319871755177], [-87.7010121864089, 41.933198791191636], [-87.70101238364836, 41.933216803386394]], [[-87.69917868480343, 41.93319195751899], [-87.69915456237065, 41.93319210440973], [-87.69915446401232, 41.93318309830874], [-87.6991182803679, 41.93318331863526], [-87.69911818201471, 41.93317431253419], [-87.69920261050588, 41.9331737984214], [-87.69920231541099, 41.933146780118584], [-87.69921437661873, 41.93314670666891], [-87.69921417988562, 41.93312869446701], [-87.69925036349845, 41.93312847411049], [-87.69925065861344, 41.933155492413114], [-87.69922653619476, 41.933155639318855], [-87.69922673293152, 41.933173651520626], [-87.69921467171872, 41.933173724971645], [-87.69921477008548, 41.93318273107254], [-87.69917858644172, 41.933182951418054], [-87.69917868480343, 41.93319195751899]], [[-87.69995040561733, 41.93316924214127], [-87.69992628319707, 41.93316938919405], [-87.69992618473029, 41.9331603830945], [-87.69995030714715, 41.93316023604177], [-87.69995040561733, 41.93316924214127]], [[-87.69904581473483, 41.93317475315288], [-87.69903375352135, 41.9331748265849], [-87.69903365518007, 41.93316582048365], [-87.69904571639185, 41.93316574705166], [-87.69904581473483, 41.93317475315288]], [[-87.70076997628638, 41.933110202743656], [-87.70075791508951, 41.933110276356686], [-87.70075781650593, 41.93310127025867], [-87.7007698777011, 41.93310119664566], [-87.70076997628638, 41.933110202743656]], [[-87.6991416159462, 41.93311112294358], [-87.69912955474496, 41.93311119638556], [-87.69912945639044, 41.9331021902844], [-87.69909327279154, 41.93310241060269], [-87.69909317444217, 41.933093404501456], [-87.69905699084795, 41.93309362480827], [-87.6990568925037, 41.93308461870694], [-87.69904483130723, 41.933084692139985], [-87.69904453627984, 41.93305767383585], [-87.69905659747121, 41.93305760040287], [-87.69905590906365, 41.932994557692844], [-87.69906797024309, 41.93299448425876], [-87.6990680685886, 41.93300349036021], [-87.6990801297697, 41.933003416924834], [-87.69908022811694, 41.93301242302625], [-87.69910435048241, 41.93301227615165], [-87.6991044488331, 41.933021282252994], [-87.69916475475448, 41.9330209150442], [-87.69916485311367, 41.93302992114544], [-87.69920103667104, 41.93302970080488], [-87.69920113503538, 41.93303870690602], [-87.69922525741015, 41.93303856000595], [-87.69922545414575, 41.933056572208095], [-87.69921339295499, 41.93305664565881], [-87.69921349132116, 41.933065651759875], [-87.69920143012868, 41.93306572520935], [-87.69920162685776, 41.9330837374115], [-87.69918956566184, 41.93308381085976], [-87.69918966402474, 41.933092816960844], [-87.69917760282709, 41.93309289040785], [-87.69917770118835, 41.93310189650893], [-87.69914151759, 41.93310211684243], [-87.6991416159462, 41.93311112294358]], [[-87.69987695529834, 41.93307061618768], [-87.69986489410661, 41.933070689706845], [-87.69986469719102, 41.93305267750722], [-87.69987675837935, 41.93305260398808], [-87.69987695529834, 41.93307061618768]], [[-87.698538162744, 41.93307876908188], [-87.69851404035056, 41.933078915837726], [-87.69851364727953, 41.93304289142805], [-87.69853776965941, 41.9330427446724], [-87.69853786793048, 41.93305175077479], [-87.69854992912205, 41.93305167739503], [-87.69855002739486, 41.93306068349739], [-87.6985379662016, 41.93306075687716], [-87.698538162744, 41.93307876908188]], [[-87.69847785676006, 41.933079135962], [-87.69845373436618, 41.933079282705165], [-87.69845363610683, 41.93307027660265], [-87.69844157491153, 41.93307034997232], [-87.69844147665393, 41.93306134386977], [-87.69847766023464, 41.93306112375705], [-87.69847785676006, 41.933079135962]], [[-87.70060042959634, 41.93304819052222], [-87.70057630722505, 41.93304833771122], [-87.70057591299401, 41.93301231331723], [-87.7005879741729, 41.93301223972345], [-87.70058807273229, 41.93302124582195], [-87.70062425627376, 41.93302102503295], [-87.70062445340284, 41.93303903722977], [-87.70060033103512, 41.933039184423784], [-87.70060042959634, 41.93304819052222]], [[-87.69844147665393, 41.93306134386977], [-87.69842941546025, 41.93306141723814], [-87.6984293172044, 41.933052411135556], [-87.69841725601239, 41.93305248450264], [-87.69841715775827, 41.93304347840001], [-87.69844128013887, 41.93304333166463], [-87.69844147665393, 41.93306134386977]], [[-87.70080507538509, 41.933010914818844], [-87.70079301420702, 41.93301098843543], [-87.70079271844261, 41.932983970141024], [-87.70080477961561, 41.93298389652452], [-87.70080487820539, 41.93299290262264], [-87.70081693938002, 41.93299282900483], [-87.70081703797155, 41.93300183510293], [-87.70080497679521, 41.93300190872075], [-87.70080507538509, 41.933010914818844]], [[-87.70061180084247, 41.93298507423665], [-87.7005756173212, 41.93298529502158], [-87.70057551876371, 41.93297628892299], [-87.7005875799358, 41.932976215329305], [-87.70058748137664, 41.93296720923074], [-87.7006116037173, 41.93296706203962], [-87.70061180084247, 41.93298507423665]], [[-87.69906777355223, 41.93297647205582], [-87.69900746767148, 41.932976839213374], [-87.6990073693346, 41.932967833111746], [-87.69901943050914, 41.93296775968279], [-87.69901923383212, 41.932949747479576], [-87.69900717266096, 41.93294982090848], [-87.69900707432421, 41.93294081480683], [-87.69901913549367, 41.93294074137795], [-87.6990189388169, 41.93292272917464], [-87.69904306114891, 41.93292258231317], [-87.6990429628072, 41.932913576211554], [-87.69906708513561, 41.93291342934506], [-87.69906777355223, 41.93297647205582]], [[-87.70047883229758, 41.93295886542929], [-87.70046677112846, 41.93295893901153], [-87.70046667258636, 41.9329499329127], [-87.70047873375376, 41.932949859330485], [-87.70047883229758, 41.93295886542929]], [[-87.69987577378706, 41.932962542989245], [-87.6998637126157, 41.932962616508156], [-87.69986361415842, 41.93295361040818], [-87.69982743064915, 41.93295383095718], [-87.6998272337449, 41.93293581875704], [-87.69981517257845, 41.9329358922708], [-87.6998150741281, 41.93292688617067], [-87.69980301296329, 41.93292695968314], [-87.69980291451466, 41.93291795358298], [-87.69977879218834, 41.93291810060407], [-87.69977859529801, 41.93290008840362], [-87.69976653413818, 41.93290016191222], [-87.6997662388081, 41.93287314361137], [-87.69979036111755, 41.93287299659305], [-87.69979016422428, 41.93285498439249], [-87.69980222537556, 41.93285491088148], [-87.69980232382387, 41.93286391698173], [-87.69981438497679, 41.93286384346941], [-87.69981448342683, 41.93287284956965], [-87.69983860573593, 41.93287270254118], [-87.6998385072825, 41.932863696441004], [-87.69987469074071, 41.93286347588888], [-87.69987478919926, 41.932872481988994], [-87.6998989115079, 41.93287233494786], [-87.69989900996987, 41.93288134104791], [-87.69991107112583, 41.932881267525424], [-87.69991146498094, 41.932917291925364], [-87.69992352614364, 41.93291721840151], [-87.69992372307486, 41.93293523060135], [-87.69993578424089, 41.93293515707619], [-87.69993588270827, 41.93294416317607], [-87.69991176037274, 41.932944310225174], [-87.69991185883678, 41.932953316325076], [-87.69987567532807, 41.93295353688929], [-87.69987577378706, 41.932962542989245]], [[-87.6986815210229, 41.93295180301008], [-87.69865739867805, 41.93295194979567], [-87.69865710381553, 41.93292493148866], [-87.69862092031318, 41.93292515165735], [-87.69862072374856, 41.932907139452475], [-87.69863278491266, 41.932907066064224], [-87.69863268662873, 41.93289805996179], [-87.69866887011568, 41.932897839789504], [-87.6986689684047, 41.93290684589187], [-87.69868102956865, 41.932906772498555], [-87.6986815210229, 41.93295180301008]], [[-87.69857267564274, 41.93292544519788], [-87.698560614475, 41.93292551857985], [-87.69856051620116, 41.9329165124773], [-87.69857257736719, 41.93291643909536], [-87.69857267564274, 41.93292544519788]], [[-87.70027310281279, 41.932897073460325], [-87.7002610416548, 41.93289714702086], [-87.70026094314184, 41.93288814092153], [-87.70027300429814, 41.93288806736102], [-87.70027310281279, 41.932897073460325]], [[-87.7002488819855, 41.93288821448078], [-87.7002368208291, 41.932888288038775], [-87.70023662381013, 41.932870275839996], [-87.70024868496311, 41.93287020228205], [-87.7002488819855, 41.93288821448078]], [[-87.69952511411303, 41.932883619616696], [-87.69951305295564, 41.93288369309865], [-87.69951256091765, 41.932838662594584], [-87.69952462206656, 41.93283858911275], [-87.69952413002123, 41.932793558608445], [-87.69953619116161, 41.93279348512545], [-87.69953609275099, 41.93278447902456], [-87.69954815388964, 41.93278440554033], [-87.69954874436425, 41.93283844214528], [-87.69957286666175, 41.93283829517274], [-87.69957306349377, 41.93285630737418], [-87.69953688003727, 41.93285652783123], [-87.69953707685929, 41.93287454003274], [-87.69952501570364, 41.93287461351594], [-87.69952511411303, 41.932883619616696]], [[-87.70029692957466, 41.932869908037624], [-87.70026074611607, 41.93287012872284], [-87.70026045057774, 41.932843110424706], [-87.70027251172557, 41.932843036864305], [-87.70027231469685, 41.932825024665505], [-87.70026025355243, 41.93282509822586], [-87.70026015503984, 41.93281609212643], [-87.70023603275423, 41.932816239243294], [-87.70023593424509, 41.932807233143784], [-87.7002479953862, 41.93280715958601], [-87.70024789687541, 41.93279815348652], [-87.70027201915413, 41.93279800636723], [-87.70027221618257, 41.93281601856609], [-87.70028427732525, 41.9328159450045], [-87.70028437584124, 41.93282495110389], [-87.70029643698557, 41.932824877541], [-87.7002965355033, 41.93283388364036], [-87.70030859664928, 41.93283381007619], [-87.70030869516876, 41.9328428161755], [-87.7003207563164, 41.932842742610035], [-87.70032095335887, 41.93286075480858], [-87.70029683105675, 41.932860901938334], [-87.70029692957466, 41.932869908037624]], [[-87.69963346767827, 41.93286494602102], [-87.69962140652467, 41.932865019514324], [-87.69962130810181, 41.932856013413726], [-87.69960924694988, 41.93285608690574], [-87.69960905010768, 41.93283807470444], [-87.69963317240473, 41.93283792771923], [-87.6996332708292, 41.932846933819846], [-87.69964533197935, 41.93284686032532], [-87.69964543040555, 41.93285586642589], [-87.69963336925372, 41.93285593992045], [-87.69963346767827, 41.93286494602102]], [[-87.69869230439444, 41.93283465028497], [-87.69866818209377, 41.9328347970725], [-87.6986680838051, 41.93282579097002], [-87.69865602265641, 41.93282586436187], [-87.6986558260826, 41.932807852156806], [-87.69864376493724, 41.93280792554734], [-87.69864347008196, 41.932780907239575], [-87.69869171464275, 41.932780613670126], [-87.6986918129346, 41.93278961977263], [-87.69870387407637, 41.93278954637708], [-87.69870416895724, 41.93281656468445], [-87.69869210781037, 41.93281663808008], [-87.69869230439444, 41.93283465028497]], [[-87.70023593424509, 41.932807233143784], [-87.70022387310392, 41.932807306700305], [-87.70022357758181, 41.932780288401645], [-87.70023563871788, 41.93278021484521], [-87.70023593424509, 41.932807233143784]], [[-87.69942783768742, 41.932812158628856], [-87.69941577654325, 41.93281223210048], [-87.69941557975578, 41.93279421989831], [-87.69942764089656, 41.932794146426716], [-87.69942783768742, 41.932812158628856]], [[-87.69911385451907, 41.93277804407282], [-87.69907767110325, 41.93277826438483], [-87.69907757275718, 41.932769258283045], [-87.69906551162018, 41.932769331717815], [-87.69906541327585, 41.932760325615995], [-87.6990412910051, 41.932760472481704], [-87.69904119266421, 41.93275146637982], [-87.69902913153047, 41.93275153981075], [-87.69902903319132, 41.932742533708826], [-87.69901697205923, 41.93274260713847], [-87.69901677538445, 41.93272459493453], [-87.69902883651315, 41.93272452150494], [-87.69902873817412, 41.93271551540298], [-87.69907698268167, 41.93271522167202], [-87.69907717937333, 41.93273323387574], [-87.6990892405035, 41.93273316043979], [-87.69908943719872, 41.93275117264342], [-87.69910149833224, 41.93275109920615], [-87.69910169503105, 41.93276911140967], [-87.6991137561679, 41.932769037971106], [-87.69911385451907, 41.93277804407282]], [[-87.69859522552045, 41.93278120078876], [-87.69858316437997, 41.93278127417288], [-87.69858306610345, 41.93277226807015], [-87.69859512724224, 41.93277219468605], [-87.69859522552045, 41.93278120078876]], [[-87.69953589592987, 41.93276646682276], [-87.69951177365922, 41.93276661378732], [-87.6995113800311, 41.93273058938336], [-87.69953550228817, 41.93273044241897], [-87.69953589592987, 41.93276646682276]], [[-87.69864337179696, 41.93277190113696], [-87.69863131065834, 41.93277197452613], [-87.69863121237509, 41.932762968423475], [-87.698643273512, 41.93276289503433], [-87.69864337179696, 41.93277190113696]], [[-87.69858306610345, 41.93277226807015], [-87.6985710049646, 41.93277234145299], [-87.69857090668982, 41.932763335350224], [-87.69858296782697, 41.93276326196741], [-87.69858306610345, 41.93277226807015]], [[-87.7002353431911, 41.93275319654649], [-87.70022328206011, 41.932753270102864], [-87.70022318355296, 41.93274426400323], [-87.70023524468225, 41.9327441904469], [-87.7002353431911, 41.93275319654649]], [[-87.69942714892021, 41.93274911592113], [-87.69941508778791, 41.932749189392595], [-87.69941498939446, 41.93274018329142], [-87.69940292826381, 41.93274025676159], [-87.69940263308885, 41.932713238457886], [-87.69941469421441, 41.93271316498778], [-87.69941479260771, 41.93272217108901], [-87.69942685373493, 41.93272209761761], [-87.69942714892021, 41.93274911592113]], [[-87.69865523636226, 41.93275381554128], [-87.69864317522709, 41.93275388893168], [-87.69864278208789, 41.93271786452095], [-87.69866690434462, 41.93271771773908], [-87.69866710092091, 41.932735729944376], [-87.69865503978917, 41.932735803335994], [-87.69865523636226, 41.93275381554128]], [[-87.69965621199809, 41.932738713621795], [-87.69964415086834, 41.932738787117316], [-87.6996440524427, 41.932729781016555], [-87.69965611357075, 41.932729707521055], [-87.69965621199809, 41.932738713621795]], [[-87.6999092987867, 41.932719157722815], [-87.69988517653582, 41.9327193047657], [-87.69988507807635, 41.93271029866536], [-87.69984889470477, 41.93271051922011], [-87.69984879625045, 41.93270151311971], [-87.6998367351282, 41.932701586635396], [-87.69983683358083, 41.93271059273583], [-87.69972828346329, 41.93271125432026], [-87.69972818502593, 41.93270224821963], [-87.69975230727118, 41.93270210120977], [-87.69975220883047, 41.932693095109165], [-87.69976426995134, 41.93269302160237], [-87.69976417150897, 41.932684015501756], [-87.69978829374719, 41.9326838684844], [-87.69978839219294, 41.93269287458496], [-87.69986075891667, 41.932692433502346], [-87.69986066046074, 41.93268342740193], [-87.6998968438169, 41.93268320684359], [-87.69989674535591, 41.93267420074323], [-87.69990880647285, 41.93267412722127], [-87.69990860954763, 41.93265611502055], [-87.69992067066113, 41.93265604149737], [-87.69992076912541, 41.932665047597716], [-87.69993283024057, 41.932664974073255], [-87.69993322410494, 41.93270099847439], [-87.699921162983, 41.932701071998956], [-87.69992126144751, 41.93271007809922], [-87.69990920032384, 41.932710151622544], [-87.6999092987867, 41.932719157722815]], [[-87.70025887438021, 41.93269901283242], [-87.70023475213871, 41.93269915994868], [-87.70023465363016, 41.93269015384898], [-87.70022259251103, 41.9326902274052], [-87.70022170595118, 41.93260917250717], [-87.70023376705502, 41.93260909895117], [-87.70023366854691, 41.93260009285135], [-87.70024572964901, 41.93260001929411], [-87.70024563113924, 41.93259101319428], [-87.70026975333994, 41.93259086607604], [-87.7002698518531, 41.93259987217582], [-87.70028191295506, 41.932599798614774], [-87.70028210998493, 41.932617810814236], [-87.70029417109025, 41.93261773725188], [-87.70029426960694, 41.932626743351555], [-87.70033045292772, 41.93262652265682], [-87.70033055144954, 41.932635528756435], [-87.70034261255807, 41.932635455188965], [-87.70034280960526, 41.932653467388064], [-87.70031868738137, 41.93265361452183], [-87.70031858886114, 41.93264460842223], [-87.70030652775083, 41.9326446819872], [-87.70030662626935, 41.93265368808682], [-87.70028250404518, 41.93265383521298], [-87.70028260256036, 41.93266284131263], [-87.70027054144651, 41.93266291487384], [-87.70027073847362, 41.93268092707314], [-87.70025867735632, 41.93268100063313], [-87.70025887438021, 41.93269901283242]], [[-87.6995833531336, 41.932694124071375], [-87.69957129201207, 41.932694197559165], [-87.69957109518165, 41.93267618535722], [-87.69958315629982, 41.93267611186946], [-87.6995833531336, 41.932694124071375]], [[-87.69894411363003, 41.93269801717908], [-87.69893205250611, 41.93269809059974], [-87.6989319541808, 41.93268908449755], [-87.69894401530303, 41.93268901107691], [-87.69894411363003, 41.93269801717908]], [[-87.70094606236118, 41.93266779959385], [-87.70093400124811, 41.93266787322474], [-87.7009339026413, 41.932658867126364], [-87.70092184152986, 41.932658940755985], [-87.70092174292478, 41.932649934657555], [-87.70094586514418, 41.93264978739711], [-87.70094606236118, 41.93266779959385]], [[-87.7007409248532, 41.932660045048145], [-87.70072886374106, 41.93266011865749], [-87.70072876516312, 41.93265111255869], [-87.70074082627357, 41.93265103894937], [-87.7007409248532, 41.932660045048145]], [[-87.7003910540525, 41.932653173105344], [-87.70036693182898, 41.93265332024924], [-87.70036673477502, 41.932635308050216], [-87.70040291810007, 41.93263508733261], [-87.70040301663212, 41.932644093432046], [-87.70039095552211, 41.932644167005876], [-87.7003910540525, 41.932653173105344]], [[-87.7007405305349, 41.93262402065297], [-87.70071640832415, 41.932624167870195], [-87.70071621117208, 41.932606155672424], [-87.70075239447795, 41.932605934844815], [-87.70075249305907, 41.93261494094365], [-87.70074043195545, 41.932615014554145], [-87.7007405305349, 41.93262402065297]], [[-87.69957050469154, 41.932622148751], [-87.69955844358353, 41.932622222237356], [-87.69955834517036, 41.93261321613623], [-87.69957040627668, 41.93261314264991], [-87.69957050469154, 41.932622148751]], [[-87.70016130193333, 41.932600534168195], [-87.70014924083091, 41.93260060771658], [-87.70014904383855, 41.93258259551656], [-87.70016110493756, 41.932582521968236], [-87.70016130193333, 41.932600534168195]], [[-87.69992007987636, 41.93260200489502], [-87.69987183546282, 41.93260229897957], [-87.69987173700564, 41.93259329287903], [-87.69985967590382, 41.93259336639698], [-87.69985957744838, 41.93258436029641], [-87.69984751634824, 41.93258443381307], [-87.69984741789453, 41.93257542771246], [-87.69983535679603, 41.932575501227824], [-87.69983515989216, 41.93255748902651], [-87.69990752646213, 41.932557047915566], [-87.69990762492422, 41.932566054016085], [-87.69991968602076, 41.93256598049315], [-87.69991978448459, 41.932574986593636], [-87.69990772338636, 41.932575060116605], [-87.69990782184854, 41.9325840662171], [-87.69991988294846, 41.9325839926941], [-87.69992007987636, 41.93260200489502]], [[-87.6997510275454, 41.932585021900735], [-87.69973896644484, 41.93258509540599], [-87.6997388680064, 41.93257608930516], [-87.69971474580856, 41.93257623631183], [-87.69971464737357, 41.93256723021096], [-87.69970258627627, 41.932567303712375], [-87.69970248784301, 41.93255829761144], [-87.69978691551127, 41.93255778307513], [-87.69978701395641, 41.93256678917589], [-87.69977495285937, 41.93256686268491], [-87.69977505130286, 41.932575868785655], [-87.69975092910526, 41.93257601579993], [-87.6997510275454, 41.932585021900735]], [[-87.70064335173056, 41.9325615667981], [-87.70061922954284, 41.932561713994744], [-87.70061913098066, 41.93255270789558], [-87.70064325316498, 41.93255256069899], [-87.70064335173056, 41.9325615667981]], [[-87.69894214709835, 41.932517895132946], [-87.69893008600836, 41.93251796855314], [-87.69892998768394, 41.93250896245067], [-87.69891792659561, 41.932509035869565], [-87.69891763162771, 41.93248201756198], [-87.69892969271096, 41.932481944143134], [-87.69892979103525, 41.932490950245665], [-87.69894185212016, 41.93249087682553], [-87.69894214709835, 41.932517895132946]], [[-87.69914708726641, 41.93250764069371], [-87.69913502617888, 41.93250771413542], [-87.69913453441328, 41.93246268362476], [-87.69915865657134, 41.9324625367403], [-87.69915777136553, 41.93238148182064], [-87.69919395455649, 41.93238126148507], [-87.69919415127876, 41.932399273689406], [-87.69918209021175, 41.93239934713591], [-87.6991830738088, 41.93248940815694], [-87.69915895164074, 41.9324895550466], [-87.6991590499973, 41.93249856114866], [-87.69914698891151, 41.932498634591624], [-87.69914708726641, 41.93250764069371]], [[-87.69921915869556, 41.93248018171098], [-87.69919503653115, 41.93248032860819], [-87.69919474144662, 41.932453310302066], [-87.69923092467788, 41.93245308995454], [-87.69923102304443, 41.932462096056526], [-87.6992189619657, 41.932462169506984], [-87.69921915869556, 41.93248018171098]], [[-87.69925465335247, 41.93241691864195], [-87.6992425922823, 41.93241699209483], [-87.69924249391427, 41.93240798599279], [-87.69925455498276, 41.93240791253994], [-87.69925465335247, 41.93241691864195]], [[-87.69920601562005, 41.932381188037354], [-87.69919395455649, 41.93238126148507], [-87.69919385619542, 41.93237225538288], [-87.69920591725729, 41.93237218193518], [-87.69920601562005, 41.932381188037354]]]}}, {"type": "Feature", "properties": {"rank": 5, "name": "Belmont Avenue Bikeway, Avondale", "area_m2": 12910, "volume_m3": 8713, "max_depth_m": 1.59}, "geometry": {"type": "Polygon", "coordinates": [[[-87.70756859074429, 41.94035492152868], [-87.70756819247676, 41.94031889723482], [-87.70758025501428, 41.9403188228961], [-87.70757985674068, 41.940282798602105], [-87.70759191927138, 41.940282724262225], [-87.70759181970139, 41.94027371818871], [-87.70760388223034, 41.94027364384759], [-87.7076037826587, 41.94026463777408], [-87.70761584518591, 41.94026456343171], [-87.70761574561263, 41.94025555735821], [-87.70766399571421, 41.94025525997615], [-87.70766409529429, 41.94026426604955], [-87.70767615782127, 41.94026419170083], [-87.70767625740308, 41.940273197774204], [-87.7076883199317, 41.9402731234242], [-87.70768841951528, 41.94028212949752], [-87.70770048204555, 41.940282055146234], [-87.70770058163086, 41.940291061219526], [-87.7077126441628, 41.94029098686695], [-87.70771274374984, 41.940299992940204], [-87.70772480628342, 41.940299918586334], [-87.70772500546104, 41.94031793073273], [-87.70773706799798, 41.940317856377554], [-87.70773696840745, 41.940308850304376], [-87.70774903094265, 41.94030877594795], [-87.70774883175832, 41.940290763801606], [-87.70776089429009, 41.940290689443955], [-87.70776009754105, 41.9402186408582], [-87.70777216005918, 41.94021856649947], [-87.70777116411004, 41.94012850576619], [-87.70778322661116, 41.94012843140643], [-87.70778302741847, 41.940110419259646], [-87.70779508991615, 41.940110344898656], [-87.70779499031818, 41.94010133882528], [-87.7077829278222, 41.94010141318624], [-87.70778272862978, 41.940083401039374], [-87.70777066613715, 41.94008347539903], [-87.70777006857121, 41.94002943895795], [-87.70775800608872, 41.940029513316176], [-87.70775780690383, 41.940011501169], [-87.70774574442468, 41.940011575525915], [-87.70774405138928, 41.93985847227209], [-87.70775611383958, 41.939858397915565], [-87.70775591465642, 41.93984038576782], [-87.70776797710329, 41.93984031141008], [-87.70776757873071, 41.939804287114534], [-87.7077917036107, 41.93980413839541], [-87.70779160401428, 41.93979513232154], [-87.70780366645252, 41.93979505796011], [-87.70780376605063, 41.939804064033964], [-87.70783995337015, 41.93980384094199], [-87.70783985376694, 41.93979483486821], [-87.70782779132885, 41.93979490923345], [-87.70782769172737, 41.939785903159624], [-87.70781562929093, 41.93978597752356], [-87.70781483249439, 41.9397139289323], [-87.70782689491726, 41.93971385456854], [-87.70782659611422, 41.939686836346645], [-87.70783865853195, 41.93968676198169], [-87.70783826012175, 41.93965073768574], [-87.70785032253265, 41.93965066331961], [-87.70784992411637, 41.9396146390235], [-87.70786198652044, 41.9396145646562], [-87.70786168770363, 41.93958754643405], [-87.70787375010255, 41.939587472065554], [-87.70787355088818, 41.939569459917415], [-87.70788561328368, 41.939569385547706], [-87.70788551367484, 41.93956037947363], [-87.70792170085596, 41.939560156356954], [-87.70792160124209, 41.93955115028293], [-87.70793366363401, 41.9395510759082], [-87.70793356401849, 41.939542069834204], [-87.70800593835885, 41.93954162355929], [-87.7080058387332, 41.93953261748542], [-87.70809027544966, 41.939532096773874], [-87.70809017581219, 41.939523090700156], [-87.70817461251455, 41.93952256992667], [-87.70817451286523, 41.9395135638531], [-87.7082589495535, 41.939513043017705], [-87.70825884989233, 41.939504036944285], [-87.70834328656647, 41.93950351604696], [-87.70834318689349, 41.93949450997369], [-87.70840349879376, 41.93949413786627], [-87.70840339911233, 41.9394851317931], [-87.70843958624685, 41.93948490851352], [-87.70843948656038, 41.93947590244041], [-87.70845154893676, 41.93947582801136], [-87.70845134956056, 41.93945781586512], [-87.70846341193351, 41.939457741434865], [-87.70846331224378, 41.93944873536176], [-87.70847537461498, 41.93944866093025], [-87.7084752749236, 41.93943965485715], [-87.70848733729306, 41.9394395804244], [-87.70848723760002, 41.93943057435132], [-87.70849929996776, 41.93943049991732], [-87.70849910057844, 41.93941248777114], [-87.70851116294271, 41.93941241333592], [-87.70851106324642, 41.93940340726283], [-87.70853518797144, 41.93940325838865], [-87.70853528767113, 41.9394122644617], [-87.70854735003526, 41.93941219002269], [-87.70854715063255, 41.93939417787662], [-87.70855921299326, 41.93939410343639], [-87.70855891388443, 41.93936708521728], [-87.70857097624001, 41.93936701077584], [-87.70857087653546, 41.9393580047028], [-87.7085829388893, 41.93935793026012], [-87.70858283918308, 41.939348924187094], [-87.70859490153518, 41.939348849743176], [-87.70859480182732, 41.93933984367014], [-87.70860686417765, 41.93933976922498], [-87.7086066647587, 41.939321757078915], [-87.7086187271056, 41.939321682632546], [-87.7086186273945, 41.93931267655952], [-87.70863068973966, 41.93931260211189], [-87.70863059002689, 41.939303596038876], [-87.70861852768344, 41.939303670486474], [-87.70861842797243, 41.93929466441342], [-87.70863049031419, 41.93929458996584], [-87.7086302908889, 41.93927657781975], [-87.70864235322722, 41.93927650337094], [-87.70864215379872, 41.93925849122483], [-87.70865421613361, 41.939258416774805], [-87.70865401670189, 41.939240404628684], [-87.70866607903335, 41.93924033017745], [-87.70866597931585, 41.93923132410438], [-87.70867804164557, 41.93923124965191], [-87.70867794192642, 41.93922224357885], [-87.7086900042544, 41.93922216912513], [-87.70868990453359, 41.93921316305209], [-87.70867784220734, 41.93921323750579], [-87.70867764276929, 41.939195225359605], [-87.70866558044638, 41.93919529981199], [-87.70866538101191, 41.93917728766572], [-87.70865331869236, 41.93917736211679], [-87.70865321897688, 41.93916835604361], [-87.70864115665896, 41.93916843049339], [-87.70864105694524, 41.93915942442016], [-87.70862899462897, 41.93915949886867], [-87.708628894917, 41.9391504927954], [-87.70861683260237, 41.939150567242606], [-87.70861673289214, 41.939141561169315], [-87.70860467057918, 41.93914163561522], [-87.70860457087068, 41.93913262954189], [-87.70859250855938, 41.939132703986495], [-87.70859240885261, 41.93912369791313], [-87.70858034654296, 41.93912377235647], [-87.70858024683795, 41.93911476628305], [-87.70856818452994, 41.93911484072509], [-87.70856808482667, 41.93910583465165], [-87.70855602252031, 41.9391059090924], [-87.70855592281879, 41.93909690301891], [-87.70854386051408, 41.93909697745837], [-87.7085437608143, 41.939087971384836], [-87.70853169851125, 41.939088045823006], [-87.70853159881321, 41.93907903974945], [-87.7085195365118, 41.93907911418632], [-87.70851943681551, 41.93907010811272], [-87.70849531221596, 41.93907025698263], [-87.7084952125231, 41.93906125090897], [-87.70848315022496, 41.939061325342], [-87.70848305053384, 41.93905231926831], [-87.70847098823735, 41.939052393700045], [-87.70847088854796, 41.93904338762632], [-87.70845882625314, 41.93904346205676], [-87.70845872656551, 41.939034455982984], [-87.7084466642723, 41.93903453041214], [-87.70844656458642, 41.939025524338334], [-87.7084224400033, 41.939025673192795], [-87.70842234032085, 41.93901666711892], [-87.70841027803093, 41.93901674154423], [-87.70841017835022, 41.93900773547033], [-87.70839811606193, 41.93900780989435], [-87.70839801638296, 41.938998803820404], [-87.70837389180967, 41.93899895266459], [-87.70837379213414, 41.93898994659058], [-87.70836172984912, 41.93899002101076], [-87.70836163017533, 41.93898101493671], [-87.70833750560854, 41.93898116377321], [-87.7083374059382, 41.9389721576991], [-87.70830121909276, 41.93897238094428], [-87.70830111942755, 41.93896337487008], [-87.70828905714735, 41.93896344928259], [-87.70828895748389, 41.93895444320835], [-87.70826483292673, 41.9389545920295], [-87.70826473326672, 41.93894558595522], [-87.70825267098976, 41.93894566036387], [-87.70825257133147, 41.93893665428953], [-87.70824050905618, 41.938936728696895], [-87.7082407083694, 41.93895474084558], [-87.70825277064809, 41.93895466643817], [-87.70825326894042, 41.93899969680954], [-87.70824120665327, 41.93899977121706], [-87.70824130631017, 41.93900877729133], [-87.70822924402125, 41.93900885169761], [-87.70822944333182, 41.93902686384612], [-87.70824150562412, 41.93902678943978], [-87.70824160528116, 41.93903579551399], [-87.70825366757512, 41.93903572110638], [-87.70825376723391, 41.93904472718056], [-87.70826582952952, 41.93904465277165], [-87.70826612851124, 41.939071670994004], [-87.708229941609, 41.939071894217136], [-87.70822984195348, 41.93906288814297], [-87.70821777965433, 41.93906296254813], [-87.70821768000054, 41.939053956473906], [-87.70819355540551, 41.93905410528037], [-87.70819345575518, 41.939045099206105], [-87.70816933116335, 41.93904524800745], [-87.70816923151645, 41.9390362419331], [-87.7081089200446, 41.93903661391418], [-87.70810901968302, 41.93904561998864], [-87.70809695738683, 41.93904569438108], [-87.70809685775009, 41.939036688306594], [-87.70808479545553, 41.93903676269774], [-87.70808489509058, 41.93904576877225], [-87.70806077049794, 41.93904591755079], [-87.70806087012961, 41.93905492362533], [-87.7080367455334, 41.939055072398844], [-87.70803684516174, 41.93906407847341], [-87.707988595962, 41.93906437600533], [-87.70798839671895, 41.939046363855994], [-87.70800045901557, 41.939046289474966], [-87.7080003593924, 41.939037283400296], [-87.70796417250752, 41.93903750653952], [-87.70796397327155, 41.93901949439002], [-87.70795191097989, 41.93901956876718], [-87.70795181136366, 41.93901056269238], [-87.70793974907365, 41.939010637068264], [-87.70793954984472, 41.93899262491857], [-87.70792748755807, 41.93899269929313], [-87.70792679027015, 41.93892965676859], [-87.70793885254493, 41.93892958239421], [-87.70793875293086, 41.938920576319234], [-87.70792669065776, 41.93892065069361], [-87.70792659104544, 41.93891164461861], [-87.70790246650253, 41.93891179336351], [-87.70790236689363, 41.93890278728844], [-87.70789030462382, 41.93890286165896], [-87.70789020501667, 41.93889385558387], [-87.70787814274848, 41.93889392995309], [-87.70787804314307, 41.93888492387795], [-87.70786598087656, 41.93888499824589], [-87.70786588127288, 41.93887599217072], [-87.70785381900802, 41.93887606653737], [-87.70785391860998, 41.93888507261257], [-87.70779360727646, 41.938885444426944], [-87.70779370686999, 41.93889445050225], [-87.70773339552686, 41.938894822285064], [-87.70773329594181, 41.938885816209634], [-87.70774535820883, 41.938885741855636], [-87.70774525862214, 41.93887673578022], [-87.70775732088741, 41.93887666142497], [-87.70775722129906, 41.93886765534957], [-87.7077692835626, 41.93886758099307], [-87.7077691839726, 41.93885857491768], [-87.7077812462344, 41.93885850055995], [-87.70778114664274, 41.93884949448456], [-87.7077932089028, 41.938849420125585], [-87.70779310930949, 41.93884041405022], [-87.70743124153907, 41.93884264426773], [-87.70743094291214, 41.93881562603942], [-87.70741888065753, 41.938815700360294], [-87.70741858203611, 41.93878868213177], [-87.70740651978653, 41.93878875645131], [-87.70740632070921, 41.93877074429885], [-87.70739425846297, 41.93877081861707], [-87.70739415892608, 41.9387618125408], [-87.70738209668148, 41.938761886857726], [-87.70738259435794, 41.938806917239084], [-87.70737053210482, 41.93880699155486], [-87.70737093024002, 41.93884301585979], [-87.70735886798006, 41.938843090174394], [-87.70735946517402, 41.938897126631474], [-87.70734740290386, 41.938897200944965], [-87.70734790055825, 41.93894223132558], [-87.70733583827955, 41.93894230563791], [-87.70733643545614, 41.938996342094335], [-87.70732437316721, 41.93899641640553], [-87.70732487080714, 41.9390414467856], [-87.70731280850968, 41.93904152109566], [-87.70731340566891, 41.939095557551404], [-87.70730134336122, 41.93909563186033], [-87.70730184098667, 41.939140662239836], [-87.70728977867047, 41.93914073654763], [-87.70729027628856, 41.9391857669269], [-87.70727821396382, 41.939185841233524], [-87.70727831348587, 41.93919484730935], [-87.70724212650627, 41.9391950702217], [-87.70724202698929, 41.939186064145794], [-87.7072179023394, 41.93918621274764], [-87.70721780282587, 41.93917720667168], [-87.70710924191432, 41.93917787531707], [-87.70710914241612, 41.93916886924089], [-87.707085017772, 41.93916901781476], [-87.70708491827723, 41.9391600117385], [-87.70706079363632, 41.93916016030727], [-87.70706069414499, 41.93915115423098], [-87.70704863182617, 41.93915122851343], [-87.70704853233657, 41.93914222243708], [-87.7070364700194, 41.93914229671824], [-87.70703637053155, 41.93913329064186], [-87.70702430821603, 41.939133364921744], [-87.70702420872992, 41.939124358845305], [-87.70700008410215, 41.939124507401225], [-87.70699998461947, 41.939115501324736], [-87.70698792230722, 41.93911557560076], [-87.70698782282629, 41.939106569524235], [-87.70697576051568, 41.93910664379897], [-87.7069756610365, 41.939097637722405], [-87.70696359872754, 41.939097711995856], [-87.7069634992501, 41.93908870591927], [-87.70695143694279, 41.93908878019143], [-87.70695133746709, 41.93907977411479], [-87.70692721285573, 41.93907992265526], [-87.70692711338349, 41.93907091657856], [-87.70691505107943, 41.93907099084687], [-87.70691495160891, 41.93906198477013], [-87.70689082700407, 41.93906213330291], [-87.70689072753699, 41.93905312722612], [-87.7068786652362, 41.93905320149058], [-87.70687856577086, 41.939044195413736], [-87.70685444117254, 41.93904434393881], [-87.70685434171064, 41.93903533786192], [-87.70683021711554, 41.93903548638189], [-87.70683011765708, 41.93902648030493], [-87.70681805536114, 41.939026554562986], [-87.70681795590444, 41.93901754848599], [-87.70680589361017, 41.93901762274277], [-87.7068057941552, 41.939008616665724], [-87.70678166956989, 41.9390087651754], [-87.70678157011837, 41.93899975909833], [-87.70676950782735, 41.93899983335125], [-87.70676940837755, 41.93899082727411], [-87.70675734608818, 41.938990901525735], [-87.70675724664014, 41.93898189544857], [-87.70673312206466, 41.93898204394797], [-87.70673302262006, 41.938973037870745], [-87.7067088980478, 41.93897318636505], [-87.70670879860663, 41.93896418028775], [-87.70669673632212, 41.938964254532976], [-87.7066966368827, 41.938955248455656], [-87.70668457459985, 41.938955322699584], [-87.70668447516215, 41.93894631662222], [-87.7066603505997, 41.93894646510624], [-87.70666025116546, 41.938937459028814], [-87.70664818888586, 41.93893753326891], [-87.70664808945337, 41.938928527191436], [-87.70662396489743, 41.93892867566776], [-87.70662386546837, 41.938919669590234], [-87.70661180319203, 41.938919743826474], [-87.70661170376472, 41.93891073774891], [-87.70658757921531, 41.938910886217535], [-87.70658747979142, 41.938901880139916], [-87.70656335524522, 41.93890202860343], [-87.70656325582478, 41.93889302252574], [-87.70655119355331, 41.93889309675557], [-87.7065510941346, 41.93888409067786], [-87.70652696959492, 41.93888423913368], [-87.70652687017966, 41.93887523305589], [-87.70650274564318, 41.93887538150659], [-87.70650264623136, 41.93886637542875], [-87.7064785216981, 41.93886652387433], [-87.70647842228972, 41.93885751779642], [-87.70643017322944, 41.938857814672296], [-87.70643057083609, 41.938893838984214], [-87.70641850856411, 41.938893913200104], [-87.70641890616471, 41.938929937511865], [-87.7064068438859, 41.93893001172659], [-87.70640734087917, 41.9389750421161], [-87.70641940316646, 41.93897496790126], [-87.70641950256696, 41.9389839739791], [-87.70643156485589, 41.93898389976297], [-87.70643166425812, 41.93899290584076], [-87.70644372654871, 41.938992831623345], [-87.70644392535671, 41.93901084377885], [-87.70646804994453, 41.93901069534012], [-87.70646814935199, 41.93901970141781], [-87.70648021164754, 41.93901962719652], [-87.70648031105675, 41.93902863327416], [-87.70649237335394, 41.93902855905158], [-87.70649247276488, 41.93903756512919], [-87.70650453506373, 41.93903749090533], [-87.70650463447642, 41.93904649698289], [-87.70651669677692, 41.939046422757734], [-87.70651679619135, 41.93905542883528], [-87.7065288584935, 41.939055354608826], [-87.70652895790967, 41.93906436068632], [-87.70654102021346, 41.93906428645858], [-87.70654111963138, 41.93907329253604], [-87.70656524424224, 41.9390731440767], [-87.7065653436636, 41.9390821501541], [-87.70657740597066, 41.939082075922514], [-87.70657750539375, 41.93909108199988], [-87.70658956770247, 41.93909100776698], [-87.7065896671273, 41.93910001384432], [-87.70660172943766, 41.93909993961014], [-87.70660182886424, 41.93910894568743], [-87.70661389117626, 41.93910887145197], [-87.70661399060458, 41.939117877529206], [-87.70662605291825, 41.939117803292454], [-87.7066261523483, 41.939126809369675], [-87.7066502769789, 41.93912666089233], [-87.70665037641241, 41.93913566696948], [-87.70666243872934, 41.93913559272888], [-87.70666263759986, 41.93915360488308], [-87.70667469992014, 41.93915353064118], [-87.70667479935717, 41.93916253671823], [-87.70668686167909, 41.939162462475025], [-87.70668696111788, 41.93917146855205], [-87.70669902344146, 41.93917139430755], [-87.70669912288197, 41.93918040038454], [-87.7067111852072, 41.93918032613875], [-87.70671128464946, 41.9391893322157], [-87.70672334697633, 41.93918925796862], [-87.70672344642034, 41.93919826404552], [-87.70673550874888, 41.93919818979717], [-87.70673560819462, 41.93920719587403], [-87.70674767052479, 41.939207121624385], [-87.70674786941981, 41.939225133778024], [-87.70673580708623, 41.93922520802772], [-87.7067359065321, 41.939234214104545], [-87.70672384419679, 41.939234288353], [-87.70672394364102, 41.93924329442984], [-87.70671188130396, 41.93924336867706], [-87.70671198074653, 41.939252374753906], [-87.70669991840772, 41.939252448999866], [-87.70670001784865, 41.939261455076725], [-87.70667589316751, 41.939261603564916], [-87.70667599260508, 41.9392706096418], [-87.70657949386514, 41.93927120354404], [-87.70657959328916, 41.9392802096211], [-87.70645896984317, 41.939280951885095], [-87.7064588704361, 41.939271945807796], [-87.70644680809295, 41.939272020027204], [-87.70644670868761, 41.93926301394988], [-87.70641052166297, 41.93926323660044], [-87.70641042226278, 41.93925423052301], [-87.70625361184001, 41.93925519520999], [-87.70625351246193, 41.939246189132255], [-87.70620526310631, 41.93924648591584], [-87.70620516373506, 41.939237479838006], [-87.70616897672298, 41.93923770241231], [-87.70616887735686, 41.939228696334396], [-87.7061568150211, 41.93922877052327], [-87.70615691438552, 41.93923777660122], [-87.70607247802208, 41.93923829588807], [-87.70607227931704, 41.939220283731835], [-87.70608434165142, 41.93922020955185], [-87.70608394423508, 41.93918418523931], [-87.70609600656263, 41.93918411105815], [-87.70609590720696, 41.93917510498], [-87.7060838448811, 41.93917517916114], [-87.70608364617331, 41.93915716700476], [-87.70607158385081, 41.93915724118458], [-87.70607148449866, 41.93914823510634], [-87.70605942217783, 41.93914830928488], [-87.70606001828115, 41.93920234575422], [-87.70604795595008, 41.93920241993163], [-87.7060483533464, 41.93923844424433], [-87.70606041568426, 41.93923837006684], [-87.7060606143861, 41.93925638222305], [-87.70604855204485, 41.9392564564006], [-87.70604885009286, 41.93928347463489], [-87.7060729747855, 41.9392833262784], [-87.7060730741383, 41.939292332356416], [-87.70608513648625, 41.939292258176245], [-87.70608523584082, 41.939301264254226], [-87.70609729819043, 41.93930119007277], [-87.70609739754673, 41.939310196150714], [-87.70610945989799, 41.93931012196796], [-87.70610955925603, 41.93931912804587], [-87.70612162160894, 41.939319053861816], [-87.7061223171284, 41.93938209640662], [-87.70611025476362, 41.93938217059083], [-87.70611045348048, 41.93940018274641], [-87.70609839111225, 41.939400256929396], [-87.70609849046905, 41.93940926300718], [-87.70611055283896, 41.93940918882415], [-87.70611065219751, 41.939418194901926], [-87.7061468393121, 41.93941797234522], [-87.7061470380395, 41.939435984500534], [-87.70618322516387, 41.93943576193229], [-87.70618332453273, 41.93944476800986], [-87.70619538690912, 41.939444693817876], [-87.70619548627973, 41.93945369989542], [-87.70621961103576, 41.93945355150761], [-87.70621971040981, 41.93946255758508], [-87.70624383516906, 41.93946240919217], [-87.70624393454655, 41.93947141526958], [-87.70625599692781, 41.939471341071204], [-87.7062557981695, 41.939453328916414], [-87.70626786054731, 41.93945325471681], [-87.70626795992814, 41.93946226079419], [-87.70628002230761, 41.9394621865933], [-87.70628012169018, 41.93947119267064], [-87.7062921840713, 41.939471118468454], [-87.70629228345562, 41.93948012454575], [-87.70630434583839, 41.93948005034229], [-87.70630444522445, 41.939489056419546], [-87.70632856999325, 41.939488908008755], [-87.70632896755151, 41.93952493231748], [-87.70634102994264, 41.93952485811009], [-87.70634122872544, 41.93954287026431], [-87.70635329111991, 41.93954279605561], [-87.70635378808616, 41.93958782644082], [-87.70636585048908, 41.93958775223073], [-87.70636594988417, 41.93959675830771], [-87.70637801228872, 41.93959668409633], [-87.70637791289194, 41.939587678019386], [-87.70638997529477, 41.939587603806764], [-87.70638987589632, 41.93957859772982], [-87.7064019382974, 41.939578523515955], [-87.70640183889732, 41.93956951743902], [-87.70641390129666, 41.93956944322392], [-87.70641410010028, 41.93958745537771], [-87.70642616250295, 41.939587381161296], [-87.70642636131014, 41.939605393315], [-87.70643842371616, 41.93960531909726], [-87.70643882133788, 41.9396413434044], [-87.70645088375065, 41.93964126918531], [-87.70645108256518, 41.939659281338734], [-87.70646314498131, 41.93965920711833], [-87.70646324439033, 41.93966821319501], [-87.7064753068081, 41.93966813897331], [-87.70647500857606, 41.9396411207433], [-87.70648707098871, 41.93964104652042], [-87.70648697157642, 41.93963204044375], [-87.70653522121974, 41.93963174353958], [-87.70653512180071, 41.93962273746299], [-87.70654718420973, 41.939622663233806], [-87.70654708478905, 41.939613657157224], [-87.70659533441787, 41.939613360227895], [-87.70659543384534, 41.939622366304384], [-87.70660749625414, 41.93962229206887], [-87.70660759568335, 41.93963129814532], [-87.70663172050418, 41.93963114967043], [-87.70663181993683, 41.939640155746815], [-87.70664388234889, 41.93964008150745], [-87.70664398178326, 41.939649087583796], [-87.70666810661062, 41.93964893910121], [-87.70666820604845, 41.9396579451775], [-87.70668026846376, 41.93965787093428], [-87.70668016902424, 41.939648864858015], [-87.70666810661062, 41.93964893910121], [-87.7066679077351, 41.93963092694859], [-87.70665584532485, 41.93963100119047], [-87.70665554701698, 41.939603982961344], [-87.70666760942215, 41.93960390871953], [-87.7066675099846, 41.93959490264316], [-87.7066916347914, 41.939594754155785], [-87.7066915353505, 41.93958574807944], [-87.70670359775214, 41.93958567383387], [-87.70670339886708, 41.93956766168118], [-87.70671546126526, 41.939567587434404], [-87.70671516293291, 41.93954056920533], [-87.70670310053981, 41.93954064345204], [-87.70670300109748, 41.939531637375644], [-87.70669093870602, 41.93953171162108], [-87.70669083926542, 41.939522705544626], [-87.70667877687562, 41.93952277978875], [-87.70667867743677, 41.93951377371228], [-87.70666661504862, 41.93951384795512], [-87.70666631673744, 41.93948682972551], [-87.70665425435433, 41.939486903967016], [-87.70665415491906, 41.93947789789044], [-87.7066300301561, 41.93947804636961], [-87.70662993072428, 41.93946904029295], [-87.70661786834442, 41.93946911453061], [-87.70661766948429, 41.93945110237723], [-87.70667798136611, 41.939450731176485], [-87.70667788192765, 41.9394417250999], [-87.7067261314255, 41.93944142811659], [-87.7067259325351, 41.93942341596354], [-87.70676211964783, 41.939423193212896], [-87.7067620201976, 41.93941418713642], [-87.70696708046654, 41.93941292466777], [-87.70696717994561, 41.939421930743855], [-87.70700336705562, 41.939421707917184], [-87.70700346653983, 41.939430713993175], [-87.707051716026, 41.939430416873115], [-87.70705181551705, 41.939439422949015], [-87.70707594026327, 41.93943927438134], [-87.70707603975774, 41.93944828045716], [-87.70708810213247, 41.939448206171406], [-87.7070880026363, 41.9394392000956], [-87.70714831450078, 41.939438828647894], [-87.70714841400546, 41.93944783472357], [-87.70716047637991, 41.93944776043022], [-87.70716057588632, 41.93945676650587], [-87.70719676301452, 41.93945654361809], [-87.70719686252606, 41.939465549693665], [-87.70722098728136, 41.93946540109544], [-87.70722108679635, 41.93947440717094], [-87.70723314917562, 41.9394743328699], [-87.70723324869235, 41.939483338945365], [-87.70725737345415, 41.939483190339445], [-87.70725757249453, 41.93950120249025], [-87.70728169726296, 41.93950105387916], [-87.7072817967866, 41.93951005995449], [-87.70729385917244, 41.93950998564702], [-87.70729395869785, 41.939518991722316], [-87.70731808347277, 41.939518843103535], [-87.7073181830016, 41.939527849178766], [-87.70733024539071, 41.93952777486746], [-87.70733034492127, 41.939536780942646], [-87.70734240731203, 41.93953670663004], [-87.70734250684434, 41.939545712705204], [-87.70735456923674, 41.93954563839131], [-87.70735476830491, 41.93956365054153], [-87.70736683070065, 41.93956357622632], [-87.7073669302365, 41.93957258230139], [-87.7073789926339, 41.939572507984884], [-87.7073790921715, 41.93958151405991], [-87.70742734176743, 41.93958121678115], [-87.70742744131185, 41.939590222856076], [-87.70743950371241, 41.93959014853319], [-87.70743960325858, 41.93959915460807], [-87.7074516656608, 41.939599080283905], [-87.7074517652087, 41.93960808635875], [-87.70746382761257, 41.93960801203329], [-87.70746392716224, 41.939617018108095], [-87.70747598956775, 41.93961694378135], [-87.70747608911914, 41.939625949856115], [-87.7074881515263, 41.939625875528066], [-87.70748835063263, 41.939643887677526], [-87.70750041304315, 41.93964381334816], [-87.70750071170805, 41.939670831572165], [-87.70751277412363, 41.93967075724147], [-87.70751297323717, 41.939688769390685], [-87.70750091081823, 41.93968884372143], [-87.70750101037338, 41.93969784979604], [-87.70751307279403, 41.93969777546528], [-87.70751337146483, 41.939724793688946], [-87.70752543389054, 41.939724719356846], [-87.7075273255141, 41.93989583476998], [-87.70751526305615, 41.939895909102525], [-87.70751546217198, 41.93991392125102], [-87.7075033997106, 41.93991399558235], [-87.70750349926689, 41.939923001656595], [-87.70747937434058, 41.93992315031549], [-87.7074795734465, 41.93994116246404], [-87.70746751097988, 41.93994123679163], [-87.70746780963401, 41.93996825501443], [-87.70745574716227, 41.93996832934082], [-87.70745564761253, 41.93995932326654], [-87.70744358514244, 41.93995939759166], [-87.70744348559447, 41.93995039151734], [-87.70743142312601, 41.939950465841164], [-87.7074315226723, 41.939959471915486], [-87.7073953352616, 41.939959694879406], [-87.70739543480283, 41.9399687009538], [-87.70738337233081, 41.9399687752726], [-87.70738327279126, 41.93995976919817], [-87.70735914785048, 41.93995991783192], [-87.70735934692283, 41.93997792998081], [-87.70737140939664, 41.93997785566454], [-87.70737170801058, 41.94000487388771], [-87.70735964553168, 41.94000494820406], [-87.70735974506806, 41.940013954278456], [-87.70731149514519, 41.94001425153129], [-87.70731159467483, 41.940023257605745], [-87.7073236571573, 41.940023183294414], [-87.7073237566887, 41.94003218936885], [-87.7073478816569, 41.94003204074234], [-87.70734808072658, 41.94005005289105], [-87.70736014321402, 41.94004997857586], [-87.70736024275061, 41.94005898465017], [-87.7073723052397, 41.94005891033367], [-87.70737240477804, 41.94006791640795], [-87.70739652975946, 41.94006776777111], [-87.70739662930126, 41.94007677384533], [-87.70740869179359, 41.94007669952498], [-87.70740879133712, 41.94008570559917], [-87.70742085383111, 41.94008563127754], [-87.70742095337638, 41.94009463735167], [-87.70743301587203, 41.94009456302875], [-87.70743311541904, 41.94010356910286], [-87.70744517791634, 41.940103494778654], [-87.70744567566057, 41.94014852514883], [-87.7074577381663, 41.94014845082323], [-87.70745783771699, 41.94015745689719], [-87.70746990022437, 41.940157382570305], [-87.70746999977679, 41.94016638864425], [-87.70748206228583, 41.94016631431607], [-87.70748216183999, 41.940175320389955], [-87.70749422435068, 41.94017524606049], [-87.70749442346253, 41.94019325820819], [-87.70750648597658, 41.94019318387741], [-87.70750668509201, 41.94021119602502], [-87.7075187476094, 41.94021112169292], [-87.70751884716888, 41.94022012776667], [-87.70753090968793, 41.94022005343328], [-87.70753140749451, 41.940265083801705], [-87.70754347002199, 41.94026500946694], [-87.70754376871156, 41.94029202768775], [-87.7075558312441, 41.94029195335164], [-87.70755652819993, 41.94035499586621], [-87.70756859074429, 41.94035492152868]]]}}, {"type": "Feature", "properties": {"rank": 6, "name": "Kennedy Expressway, Maplewood", "area_m2": 10941, "volume_m3": 8559, "max_depth_m": 1.55}, "geometry": {"type": "Polygon", "coordinates": [[[-87.69402219500694, 41.93263780651115], [-87.69401985179302, 41.93242165982664], [-87.69403191287745, 41.93242158692235], [-87.6940317176074, 41.93240357469833], [-87.6940437786884, 41.93240350179281], [-87.69404338814203, 41.932367477344656], [-87.6940554492162, 41.93236740443797], [-87.69405496102576, 41.932322373877575], [-87.69404289996007, 41.93232244678414], [-87.6940428023238, 41.932313440672], [-87.69403074125977, 41.932313513577284], [-87.69403064362525, 41.9323045074651], [-87.69400652150043, 41.932304653271814], [-87.6940056428223, 41.932223598261096], [-87.69401770386946, 41.93222352535858], [-87.6940176062371, 41.93221451924623], [-87.69406585041853, 41.932214227623575], [-87.69406575277941, 41.932205221511296], [-87.69410193590991, 41.93220500278109], [-87.69410203355413, 41.93221400889328], [-87.69412615564431, 41.932213863066764], [-87.6941260579967, 41.9322048569546], [-87.69416224112655, 41.93220463820539], [-87.69416233877924, 41.93221364431747], [-87.69429501027057, 41.9322128421392], [-87.69429510794195, 41.932221848251025], [-87.69439159630946, 41.93222126475219], [-87.6943914986245, 41.93221225864055], [-87.6944397428004, 41.93221196686082], [-87.69443984049215, 41.93222097297236], [-87.6944519015377, 41.93222090002424], [-87.6944519992312, 41.93222990613576], [-87.69447612132558, 41.932229760235664], [-87.69447621902252, 41.932238766347105], [-87.69448828007133, 41.93223869339514], [-87.6944881823727, 41.932229687283716], [-87.69450024341978, 41.93222961433052], [-87.6945003411201, 41.9322386204419], [-87.69452446321753, 41.93223847453164], [-87.69452456092128, 41.93224748064298], [-87.69453662197162, 41.932247407685914], [-87.69453671967712, 41.932256413797234], [-87.69454878072911, 41.93225634083889], [-87.69454887843634, 41.93226534695016], [-87.69457300054357, 41.93226520102961], [-87.69457309825427, 41.93227420714082], [-87.69458515930951, 41.93227413417862], [-87.69458525702193, 41.93228314028979], [-87.69459731807882, 41.93228306732631], [-87.69459741579298, 41.93229207343744], [-87.69462153791004, 41.932291927506625], [-87.69462163562764, 41.93230093361771], [-87.6946336966878, 41.93230086065038], [-87.69463379440714, 41.93230986676142], [-87.6946579165307, 41.932309720822914], [-87.69465801425349, 41.932318726933886], [-87.6946700753169, 41.93231865396271], [-87.694669879868, 41.93230064174078], [-87.69465781880798, 41.93230071471192], [-87.69465772108529, 41.93229170860091], [-87.69464566002692, 41.93229178157075], [-87.69464556230598, 41.9322827754597], [-87.69465762336266, 41.932282702489886], [-87.6946574279175, 41.9322646902678], [-87.69468155002394, 41.932264544324454], [-87.69468145229804, 41.93225553821344], [-87.69471763545228, 41.932255319288984], [-87.69471753772132, 41.93224631317803], [-87.69536883433717, 41.93224237058956], [-87.69536893215972, 41.932251376699284], [-87.6953930542575, 41.93225123060651], [-87.69539295643156, 41.932242224496825], [-87.6955979942266, 41.932240982504], [-87.69559789637186, 41.93223197639469], [-87.69562201846117, 41.93223183025386], [-87.69562192060309, 41.932222824144596], [-87.69564604268881, 41.93222267799874], [-87.69564614055028, 41.93223168410797], [-87.69568232368363, 41.932231464879614], [-87.69568222581705, 41.93222245877047], [-87.69580283624165, 41.93222172792722], [-87.69580293412518, 41.93223073403614], [-87.69587530038797, 41.932230295469246], [-87.69587539828173, 41.93223930157802], [-87.69589952037236, 41.93223915537888], [-87.69589942247521, 41.93223014927015], [-87.69600797186558, 41.93222949131149], [-87.69600777604089, 41.932211479094406], [-87.69605602019966, 41.932211186635584], [-87.69605592228059, 41.93220218052711], [-87.69623683784415, 41.93220108362636], [-87.69623673989967, 41.93219207751821], [-87.69638147232294, 41.93219119979267], [-87.69638137435815, 41.93218219368479], [-87.69645374055719, 41.93218175475374], [-87.69645383853215, 41.93219076086149], [-87.69646589956685, 41.93219068770186], [-87.69646580159021, 41.93218168159414], [-87.69656228985271, 41.93218109627168], [-87.6965620938724, 41.93216308405655], [-87.69652591078449, 41.93216330356184], [-87.69652581279948, 41.93215429745419], [-87.69650169074401, 41.93215444378466], [-87.69650159276247, 41.932145437676965], [-87.69647747071022, 41.93214558400232], [-87.6964773727321, 41.932136577894546], [-87.69646531170761, 41.93213665105531], [-87.69646521373123, 41.932127644947506], [-87.69645315270839, 41.932127718106976], [-87.69645305473375, 41.932118711999124], [-87.69644099371257, 41.93211878515731], [-87.69644060182124, 41.93208276072568], [-87.69645266283563, 41.9320826875676], [-87.69645256486122, 41.93207368145968], [-87.69646462587387, 41.93207360830034], [-87.69646452789779, 41.93206460219245], [-87.69647658890872, 41.93206452903187], [-87.69647649093099, 41.93205552292397], [-87.69650061294931, 41.93205537659906], [-87.69650051496824, 41.9320463704912], [-87.69652463698297, 41.93204622416127], [-87.69652453899855, 41.93203721805343], [-87.69651247799291, 41.932037291219004], [-87.69651238001023, 41.93202828511114], [-87.69646413599396, 41.93202857776067], [-87.69646384206656, 41.93200155943667], [-87.69643972006834, 41.932001705753706], [-87.69643962209602, 41.93199269964564], [-87.69642756109855, 41.93199277280223], [-87.69642746312796, 41.931983766694124], [-87.69641540213213, 41.931983839849416], [-87.6964153041633, 41.93197483374128], [-87.69640324316912, 41.93197490689529], [-87.69640314520201, 41.931965900787105], [-87.6963910842095, 41.93196597393983], [-87.69639088827883, 41.93194796172338], [-87.69637882728965, 41.93194803487479], [-87.69637872932609, 41.931939028766514], [-87.69636666833856, 41.93193910191663], [-87.69636657037672, 41.931930095808326], [-87.69635450939084, 41.93193016895715], [-87.69635441143076, 41.9319211628488], [-87.69634235044653, 41.93192123599635], [-87.69634225248818, 41.93191222988797], [-87.69633019150562, 41.93191230303422], [-87.69633009354901, 41.93190329692579], [-87.69631803256809, 41.931903370070756], [-87.69631793461323, 41.93189436396231], [-87.69630587363396, 41.93189443710598], [-87.69630577568084, 41.931885430997475], [-87.69629371470322, 41.93188550413986], [-87.69629361675184, 41.93187649803133], [-87.69628155577587, 41.931876571172424], [-87.69628135987664, 41.93185855895526], [-87.69626929890403, 41.93185863209504], [-87.69626920095617, 41.93184962598642], [-87.69625713998519, 41.93184969912491], [-87.69625704203908, 41.931840693016255], [-87.69623292010041, 41.93184083928939], [-87.69623282215773, 41.93183183318066], [-87.69622076119002, 41.9318319063153], [-87.6962206632491, 41.931822900206555], [-87.69620860228304, 41.931822973339905], [-87.69620850434383, 41.931813967231115], [-87.69619644337943, 41.93181404036318], [-87.69619634544198, 41.93180503425435], [-87.69617222351644, 41.93180518051463], [-87.69617212558241, 41.93179617440573], [-87.69616006462127, 41.931796247533946], [-87.696159966689, 41.93178724142502], [-87.69613584476997, 41.9317873876776], [-87.69613574684112, 41.93177838156863], [-87.69612368588324, 41.93177845469299], [-87.69612358795615, 41.93176944858396], [-87.6961115269999, 41.93176952170705], [-87.69611142907455, 41.931760515597986], [-87.69609936811996, 41.931760588719776], [-87.69609927019634, 41.93175158261067], [-87.69608720924343, 41.93175165573117], [-87.69608711132155, 41.93174264962203], [-87.69607505037027, 41.93174272274125], [-87.69607495245013, 41.931733716632074], [-87.69605083055083, 41.93173386286665], [-87.69605073263413, 41.93172485675742], [-87.69603867168611, 41.931724929872786], [-87.69603857377116, 41.9317159237635], [-87.69602651282479, 41.93171599687758], [-87.69602641491157, 41.93170699076828], [-87.69600229302209, 41.93170713699257], [-87.69600219511231, 41.931698130883206], [-87.69599013416922, 41.931698203993435], [-87.69599003626118, 41.931689197884026], [-87.69596591437822, 41.93168934410064], [-87.69596581647362, 41.93168033799117], [-87.69595375553376, 41.931680411097545], [-87.69595365763091, 41.93167140498805], [-87.6959415966927, 41.93167147809314], [-87.6959414987916, 41.93166247198359], [-87.69592943785504, 41.9316625450874], [-87.69592933995565, 41.93165353897782], [-87.69590521808583, 41.93165368518158], [-87.69590512018989, 41.93164467907194], [-87.69588099832326, 41.931644825270595], [-87.69588090043077, 41.93163581916089], [-87.69586883949907, 41.93163589225829], [-87.69586874160832, 41.93162688614856], [-87.69584461974821, 41.93162703233951], [-87.69584452186089, 41.93161802622971], [-87.69580833907548, 41.93161824550657], [-87.6958082411933, 41.931609239396685], [-87.69574793655855, 41.93160960483269], [-87.69574783868487, 41.93160059872267], [-87.69572371683405, 41.93160074488815], [-87.69572361896383, 41.93159173877808], [-87.69569949711622, 41.931591884938456], [-87.69569959498305, 41.931600891048575], [-87.69568753405748, 41.93160096412688], [-87.69568743619234, 41.93159195801674], [-87.69567537526844, 41.931592031093764], [-87.69567547313187, 41.931601037203926], [-87.69562722942896, 41.93160132949941], [-87.69562732728568, 41.931610335609655], [-87.69560320543057, 41.93161048174986], [-87.69560340113732, 41.93162849397038], [-87.69561546206828, 41.93162842090087], [-87.69561555992341, 41.9316374270111], [-87.69562762085604, 41.93163735394029], [-87.69562781656984, 41.93165536616064], [-87.69563987750581, 41.931655293088525], [-87.69563997536447, 41.93166429919867], [-87.69565203630209, 41.93166422612526], [-87.6956521341625, 41.931673232235354], [-87.69566419510177, 41.93167315916065], [-87.69566429296391, 41.93168216527072], [-87.69567635390484, 41.93168209219474], [-87.69567645176873, 41.93169109830476], [-87.6956885127113, 41.93169102522749], [-87.6956887084426, 41.93170903744745], [-87.69570076938852, 41.93170896436885], [-87.69570086725594, 41.93171797047878], [-87.6957129282035, 41.931717897398904], [-87.69571302607267, 41.93172690350881], [-87.6957250870219, 41.93172683042765], [-87.6957251848928, 41.931735836537506], [-87.69573724584366, 41.93173576345505], [-87.6957373437163, 41.931744769564865], [-87.69574940466883, 41.931744696481125], [-87.69574950254321, 41.93175370259091], [-87.6957615634974, 41.93175362950587], [-87.69576166137351, 41.93176263561562], [-87.69578578328513, 41.93176248944171], [-87.69578588116468, 41.93177149555139], [-87.69579794212213, 41.9317714224625], [-87.69579804000342, 41.93178042857216], [-87.69581010096252, 41.93178035548199], [-87.69581019884555, 41.93178936159159], [-87.6958222598063, 41.93178928850014], [-87.69582235769109, 41.93179829460971], [-87.69584647961582, 41.93179814842295], [-87.69584657750404, 41.931807154532464], [-87.69585863846804, 41.931807081437164], [-87.695858736358, 41.93181608754663], [-87.69587079732365, 41.93181601445003], [-87.69587089521535, 41.93182502055949], [-87.69588295618266, 41.93182494746159], [-87.69588305407609, 41.93183395357099], [-87.69590717601398, 41.931833807371376], [-87.69590727391085, 41.93184281348072], [-87.6959193348814, 41.93184274037898], [-87.69591943278002, 41.93185174648829], [-87.69593149375224, 41.93185167338527], [-87.69593159165261, 41.93186067949453], [-87.69594365262647, 41.931860606390224], [-87.69594375052857, 41.93186961249945], [-87.69595581150409, 41.93186953939385], [-87.69595590940793, 41.93187854550304], [-87.69598003136223, 41.931878399288], [-87.6959801292695, 41.93188740539713], [-87.69599219024828, 41.93188733228768], [-87.69599248397547, 41.93191435061491], [-87.6959804229916, 41.931914423724436], [-87.69598091252932, 41.93195945426964], [-87.69596885153693, 41.931959527378005], [-87.69596914525502, 41.93198654570503], [-87.69561937630858, 41.93198866529847], [-87.6956192784517, 41.93197965918881], [-87.69543836349011, 41.93198075511187], [-87.69543846132154, 41.93198976122187], [-87.69518518032281, 41.931991295035786], [-87.695185082527, 41.931982288925305], [-87.69477500854504, 41.931984771057856], [-87.69477510628316, 41.93199377716911], [-87.69464243525928, 41.93199457989872], [-87.69464233753983, 41.9319855737872], [-87.69434081250792, 41.93198739760206], [-87.6943407148309, 41.931978391489956], [-87.69431659283053, 41.931978537360884], [-87.69431649515695, 41.931969531248726], [-87.6943044341584, 41.931969604182285], [-87.69430433648657, 41.93196059807007], [-87.69429227548966, 41.93196067100232], [-87.69429217781956, 41.93195166489008], [-87.69426805582901, 41.93195181075076], [-87.69426795816236, 41.931942804638446], [-87.69425589716872, 41.93194287756686], [-87.6942557995038, 41.93193387145453], [-87.6942437385118, 41.931933944381655], [-87.69424364084861, 41.931924938269276], [-87.6942195188679, 41.93192508411967], [-87.69421942120815, 41.931916078007234], [-87.69420736021944, 41.931916150930505], [-87.69420726256142, 41.93190714481804], [-87.69419520157435, 41.931907217740026], [-87.69419510391809, 41.93189821162752], [-87.69418304293266, 41.93189828454821], [-87.69418294527813, 41.93188927843567], [-87.69417088429435, 41.93188935135508], [-87.69417078664158, 41.93188034524249], [-87.69415872565946, 41.9318804181606], [-87.69415862800841, 41.93187141204799], [-87.69414656702794, 41.931871484964816], [-87.69414646937865, 41.93186247885215], [-87.69412234742096, 41.93186262468196], [-87.69412224977509, 41.93185361856925], [-87.6941101887979, 41.93185369148223], [-87.69411009115376, 41.93184468536947], [-87.69409803017821, 41.931844758281166], [-87.69409793253583, 41.93183575216836], [-87.69408587156191, 41.93183582507877], [-87.69408577392127, 41.93182681896594], [-87.69407371294902, 41.93182689187505], [-87.69407361531012, 41.931817885762186], [-87.69404949336887, 41.93181803157656], [-87.69404939573342, 41.93180902546363], [-87.6940373347644, 41.931809098368895], [-87.6940372371307, 41.93180009225593], [-87.69402517616335, 41.9318001651599], [-87.69402507853137, 41.9317911590469], [-87.69401301756568, 41.93179123194959], [-87.69401291993543, 41.93178222583655], [-87.69400085897139, 41.93178229873794], [-87.69400076134289, 41.931773292624875], [-87.69397663941807, 41.93177343842382], [-87.693976541793, 41.93176443231068], [-87.69396448083222, 41.93176450520823], [-87.69396438320891, 41.93175549909506], [-87.69395232224977, 41.93175557199132], [-87.69395222462819, 41.93174656587811], [-87.69392810271319, 41.93174671166678], [-87.69392800509505, 41.931737705553516], [-87.69391594413918, 41.93173777844593], [-87.69391584652278, 41.9317287723326], [-87.69390378556857, 41.931728845223745], [-87.6939036879539, 41.93171983911039], [-87.69389162700132, 41.931719912000226], [-87.69389152938841, 41.931710905886845], [-87.69386740748654, 41.93171105166266], [-87.69386730987705, 41.93170204554923], [-87.69385524892775, 41.93170211843521], [-87.69385515132001, 41.93169311232174], [-87.69384309037234, 41.93169318520643], [-87.69384299276635, 41.93168417909291], [-87.6938188708743, 41.931684324858466], [-87.69381877327172, 41.93167531874488], [-87.69380671232732, 41.93167539162573], [-87.6938066147265, 41.93166638551213], [-87.69379455378376, 41.93166645839168], [-87.69379445618468, 41.93165745227803], [-87.69377033430244, 41.931657598033325], [-87.6937702367068, 41.931648591919604], [-87.69375817576731, 41.93164866479532], [-87.6937580781734, 41.931639658681576], [-87.69373395629769, 41.931639804429174], [-87.69373385870723, 41.93163079831535], [-87.69372179777099, 41.931630871187224], [-87.69372170018228, 41.93162186507338], [-87.69369757831308, 41.931622010813285], [-87.69369748072779, 41.931613004699365], [-87.69368541979482, 41.93161307756739], [-87.69368532221127, 41.93160407145346], [-87.69366120034859, 41.93160421718566], [-87.69366110276849, 41.93159521107165], [-87.69364904183877, 41.93159528393582], [-87.6936489442604, 41.931586277821786], [-87.69362482240423, 41.93158642354631], [-87.6936247248293, 41.9315774174322], [-87.69360060297635, 41.93157756315159], [-87.69360050540486, 41.93156855703744], [-87.69357638355514, 41.931568702751726], [-87.69357628598708, 41.9315596966375], [-87.69355216414056, 41.93155984234668], [-87.69355206657593, 41.9315508362324], [-87.6935158838109, 41.93155105478658], [-87.693516371609, 41.93159608535819], [-87.69350431067876, 41.93159615820717], [-87.69350470091126, 41.93163218266429], [-87.69351676184827, 41.93163210981522], [-87.69351695696818, 41.931650122043656], [-87.69352901790857, 41.931650049193266], [-87.69352911547028, 41.93165905530744], [-87.69354117641231, 41.93165898245577], [-87.69354127397577, 41.93166798856989], [-87.69355333491944, 41.93166791571693], [-87.69355353004988, 41.931685927945125], [-87.69356559099693, 41.93168585509084], [-87.69356568856391, 41.93169486120488], [-87.69358981046123, 41.93169471549249], [-87.69358990803165, 41.931703721606475], [-87.69360196898194, 41.93170364874836], [-87.69360206655409, 41.9317126548623], [-87.69361412750604, 41.93171258200288], [-87.69361422507994, 41.9317215881168], [-87.69362628603353, 41.9317215152561], [-87.69362638360919, 41.93173052136997], [-87.69363844456443, 41.931730448507984], [-87.6936385421418, 41.93173945462183], [-87.6936506030987, 41.93173938175855], [-87.69365070067784, 41.93174838787235], [-87.69366276163638, 41.93174831500778], [-87.69366285921724, 41.93175732112154], [-87.69367492017744, 41.93175724825568], [-87.69367501776006, 41.9317662543694], [-87.69369913968372, 41.93176610863384], [-87.69369923726975, 41.93177511474751], [-87.69371129823321, 41.9317750418778], [-87.69371149340883, 41.93179305410504], [-87.69372355437564, 41.93179298123401], [-87.6937236519652, 41.93180198734759], [-87.69373571293367, 41.93180191447529], [-87.69373581052497, 41.93181092058882], [-87.69374787149509, 41.93181084771523], [-87.69374806668124, 41.931828859942215], [-87.6937721886281, 41.93182871419113], [-87.69377228622464, 41.93183772030455], [-87.69378434719971, 41.931837647427095], [-87.693784444798, 41.931846653540475], [-87.69379650577471, 41.93184658066173], [-87.69379660337472, 41.93185558677508], [-87.69380866435309, 41.93185551389503], [-87.69380876195484, 41.93186452000834], [-87.69382082293487, 41.931864447127005], [-87.69382092053837, 41.931873453240286], [-87.69384504250168, 41.931873307473765], [-87.6938451401086, 41.93188231358699], [-87.69385720109189, 41.93188224070181], [-87.69385729870056, 41.931891246814985], [-87.69386935968551, 41.93189117392851], [-87.69386945729592, 41.93190018004166], [-87.6938815182825, 41.93190010715389], [-87.69388161589467, 41.931909113267004], [-87.69390573787109, 41.93190896748765], [-87.69390583548667, 41.931917973600676], [-87.69391789647652, 41.93191790070907], [-87.69391799409387, 41.93192690682208], [-87.69393005508536, 41.93192683392919], [-87.69393015270443, 41.93193584004216], [-87.69395427469068, 41.93193569425252], [-87.6939543723132, 41.931944700365435], [-87.69396643330795, 41.93194462746868], [-87.6939665309322, 41.93195363358156], [-87.69397859192861, 41.93195356068353], [-87.69397878718065, 41.93197157290919], [-87.6939908481804, 41.931971500009844], [-87.693991043436, 41.931989512235404], [-87.69397898243285, 41.93198958513479], [-87.69397917768525, 41.932007597360325], [-87.6939912386918, 41.932007524460886], [-87.69399143394776, 41.93202553668634], [-87.69397937293782, 41.93202560958581], [-87.69397947056417, 41.93203461569853], [-87.69395534854077, 41.93203476149373], [-87.69395544616377, 41.932043767606494], [-87.69371422588611, 41.932045225280326], [-87.69371412829705, 41.932036219167124], [-87.69364176222045, 41.93203665637032], [-87.6936416646416, 41.93202765025697], [-87.69354517655056, 41.93202823312345], [-87.69354507898531, 41.93201922700988], [-87.6935209569655, 41.93201937271378], [-87.6935208594037, 41.93201036660018], [-87.69350879839543, 41.9320104394502], [-87.69350889595553, 41.93201944556384], [-87.69347271292533, 41.9320196641064], [-87.6934728104804, 41.932028670220106], [-87.693291895298, 41.93202976276223], [-87.69329199282765, 41.932038768876254], [-87.69326787079919, 41.93203891452705], [-87.69326777327292, 41.93202990841298], [-87.69324365124767, 41.932030054058664], [-87.69324374877054, 41.932039060172784], [-87.69321962674172, 41.93203920581344], [-87.69321982178081, 41.93205721804172], [-87.69320776076293, 41.93205729086019], [-87.69320795579881, 41.93207530308846], [-87.6932320778413, 41.93207515745015], [-87.69323217536271, 41.93208416356422], [-87.69324423638557, 41.93208409074314], [-87.69324443143189, 41.932102102971186], [-87.69325649245812, 41.93210203014878], [-87.69325658998304, 41.93211103626277], [-87.69326865101092, 41.9321109634391], [-87.69326894359105, 41.932137981780876], [-87.69325688255809, 41.93213805460462], [-87.69325707760834, 41.93215606683245], [-87.69324501657194, 41.93215613965498], [-87.69324511409543, 41.9321651457689], [-87.69323305305728, 41.93216521859017], [-87.69323315057913, 41.93217422470409], [-87.69322108953926, 41.932174297524135], [-87.69322118705945, 41.93218330363806], [-87.69320912601783, 41.93218337645687], [-87.69320922353637, 41.9321923825708], [-87.69325746770937, 41.93219209128793], [-87.69325756523475, 41.932201097401766], [-87.69329374836911, 41.93220087892623], [-87.69329394343018, 41.932218891153724], [-87.69330600447827, 41.93221881832597], [-87.69330610201057, 41.93222782443967], [-87.69335434620928, 41.93222753311589], [-87.6933544437484, 41.932236539229486], [-87.69339062690206, 41.93223632072329], [-87.69339179743604, 41.93234439408448], [-87.6933797363645, 41.93234446692142], [-87.69338032162372, 41.93239850360137], [-87.69336826054197, 41.93239857643718], [-87.69336855316708, 41.932425594777044], [-87.6933564920802, 41.932425667611646], [-87.69335639454015, 41.932416661498365], [-87.6932960891135, 41.93241702565232], [-87.69329599158198, 41.93240801953889], [-87.69328393049821, 41.93240809236586], [-87.69328402802805, 41.93241709847931], [-87.69327196694253, 41.93241717130503], [-87.6932722595272, 41.932444189645345], [-87.69326019843656, 41.93244426246988], [-87.69326058854331, 41.932480286923514], [-87.69327264964073, 41.932480214098895], [-87.69327294222634, 41.93250723243891], [-87.69328500332881, 41.93250715961296], [-87.69328510085913, 41.93251616572624], [-87.69330922306732, 41.932516020070494], [-87.69330932060107, 41.93252502618371], [-87.6933334428125, 41.93252488052285], [-87.69333354034968, 41.932533886636016], [-87.69335766256432, 41.93253374097004], [-87.69335756502373, 41.932524734856926], [-87.69336962612928, 41.93252466202205], [-87.69336952858704, 41.93251565590894], [-87.69338158969084, 41.93251558307283], [-87.69338149214695, 41.93250657695973], [-87.69339355324902, 41.93250650412238], [-87.69339335815799, 41.93248849189617], [-87.69340541925662, 41.93248841905759], [-87.69340532170946, 41.932479412944495], [-87.69341738280635, 41.93247934010468], [-87.69341709016008, 41.93245232176535], [-87.69344121234354, 41.93245217608206], [-87.69344170010451, 41.932497206647284], [-87.69345376120468, 41.932497133803615], [-87.69345395631277, 41.932515146029566], [-87.69349013962314, 41.93251492749083], [-87.69349023718233, 41.932523933603704], [-87.69352642049738, 41.93252371505351], [-87.6935263229331, 41.9325147089407], [-87.69353838403632, 41.93251463608812], [-87.69353828647037, 41.93250562997531], [-87.6935624086733, 41.93250548426639], [-87.69356231110402, 41.932496478153624], [-87.69357437220371, 41.932496405297286], [-87.69357417706188, 41.93247839307175], [-87.69358623815813, 41.932478320214194], [-87.6935861405856, 41.932469314101425], [-87.69359820168012, 41.932469241242615], [-87.69359829925436, 41.93247824735537], [-87.69361036035053, 41.93247817449527], [-87.69361055550257, 41.932496186720684], [-87.69362261660208, 41.93249611385929], [-87.69362281175769, 41.93251412608459], [-87.69365899506617, 41.93251390749265], [-87.69365909264913, 41.93252291360522], [-87.69368321485796, 41.932522767870886], [-87.69368331244435, 41.93253177398337], [-87.69375567907996, 41.932531336749825], [-87.69375558148339, 41.93252233063746], [-87.6937797036915, 41.93252218488285], [-87.69377960609158, 41.932513178770506], [-87.69379166719388, 41.93251310589133], [-87.6937915695923, 41.93250409977901], [-87.69380363069287, 41.93250402689858], [-87.69380343548646, 41.93248601467393], [-87.69382755768065, 41.93248586890938], [-87.69382765528722, 41.932494875021646], [-87.69385177748462, 41.93249472925198], [-87.69385187509464, 41.93250373536421], [-87.69386393619496, 41.93250366247746], [-87.69386383858327, 41.93249465636524], [-87.69387589968186, 41.93249458347724], [-87.69387599729525, 41.93250358958942], [-87.6938880583955, 41.93250351670013], [-87.69388835124106, 41.93253053503651], [-87.69390041234634, 41.93253046214588], [-87.69390060758032, 41.93254847437002], [-87.69388854647164, 41.9325485472607], [-87.69388903454892, 41.93259357782091], [-87.69390109566608, 41.93259350493012], [-87.69390119328337, 41.9326025110421], [-87.69391325440216, 41.93260243815002], [-87.6939133520212, 41.93261144426196], [-87.69392541314167, 41.93261137136859], [-87.69392521790026, 41.93259335914474], [-87.6939131567832, 41.932593432038075], [-87.69391296154537, 41.932575419814114], [-87.69392502265904, 41.932575346920835], [-87.693924827418, 41.932557334696874], [-87.69393688852824, 41.93255726180238], [-87.6939367909061, 41.932548255690406], [-87.6939488520146, 41.93254818279466], [-87.69394865676703, 41.9325301705707], [-87.6939607178721, 41.93253009767374], [-87.6939606202467, 41.93252109156176], [-87.69397268135002, 41.93252101866355], [-87.69397277897713, 41.93253002477551], [-87.69398484008211, 41.93252995187602], [-87.69398532822677, 41.932574982435455], [-87.6939973893402, 41.93257490953457], [-87.69399787749447, 41.932619940093545], [-87.69400993861632, 41.93261986719128], [-87.69401013388173, 41.93263787941473], [-87.69402219500694, 41.93263780651115]], [[-87.69388757032046, 41.932458486139204], [-87.69387550922869, 41.93245855902838], [-87.69387541161551, 41.93244955291614], [-87.69388747270558, 41.93244948002699], [-87.69388757032046, 41.932458486139204]]]}}, {"type": "Feature", "properties": {"rank": 7, "name": "West Byron Street, North Center", "area_m2": 19683, "volume_m3": 8185, "max_depth_m": 1.03}, "geometry": {"type": "Polygon", "coordinates": [[[-87.68946943752344, 41.95229080775098], [-87.68946934046264, 41.95228180166156], [-87.68949347014127, 41.95228165675231], [-87.68949337307711, 41.95227265066293], [-87.68956576210181, 41.952272215904884], [-87.68956585917616, 41.95228122199413], [-87.68958998885408, 41.95228107706459], [-87.68958989177635, 41.9522720709754], [-87.68961402145071, 41.95227192604082], [-87.68961411853185, 41.95228093212999], [-87.68965031304816, 41.95228071471856], [-87.68965021596192, 41.95227170862948], [-87.68967434563584, 41.95227156368223], [-87.68967444272548, 41.952280569771276], [-87.68971063724112, 41.95228035234084], [-87.6897105401464, 41.95227134625187], [-87.68977086432974, 41.952270983842574], [-87.68977096143297, 41.952279989931434], [-87.68984335046173, 41.952279554998306], [-87.68984325334833, 41.95227054890958], [-87.68985531818458, 41.95227047641632], [-87.68985541529969, 41.95227948250502], [-87.68986748013762, 41.95227941001046], [-87.68986738302083, 41.95227040392179], [-87.68989151269315, 41.95227025892891], [-87.68989160981336, 41.95227926501753], [-87.68993986916426, 41.95227897501648], [-87.68993977203726, 41.95226996892794], [-87.68996390170906, 41.952269823919856], [-87.68996380457872, 41.952260817831345], [-87.68995173974454, 41.952260890336], [-87.68995164261594, 41.95225188424746], [-87.68992751295085, 41.95225202925292], [-87.68992731870057, 41.952234017075696], [-87.68999970767493, 41.952233582044364], [-87.68999990194558, 41.95225159422132], [-87.68997577228085, 41.95225173923693], [-87.68997596654489, 41.952269751413915], [-87.69004835555894, 41.95226931635162], [-87.6900484527012, 41.952278322439945], [-87.6900725823756, 41.952278177409], [-87.69007248522993, 41.952269171320715], [-87.69018106874722, 41.95226851861889], [-87.69018097158632, 41.95225951253078], [-87.69015684191952, 41.95225965758447], [-87.6901564532899, 41.95222363323174], [-87.69018058294311, 41.95222348817824], [-87.69018068010385, 41.95223249426639], [-87.69019274493209, 41.95223242173773], [-87.69019313358226, 41.952268446090116], [-87.69042236543945, 41.95226706780276], [-87.69042226824456, 41.95225806171511], [-87.69048259240637, 41.95225769893196], [-87.69048239799977, 41.95223968675686], [-87.6904944628286, 41.95223961419647], [-87.69049436562366, 41.952230608108934], [-87.69053056010479, 41.95223039042022], [-87.69053075452489, 41.95224840259519], [-87.69055488418553, 41.95224825746294], [-87.69055468975866, 41.952230245288085], [-87.69059088423911, 41.95223002758037], [-87.69059078702064, 41.95222102149298], [-87.69071143526898, 41.95222029571844], [-87.69071172697547, 41.95224731397986], [-87.69072379180515, 41.95224724139537], [-87.69072388904243, 41.952256247482445], [-87.69074801870507, 41.95225610230962], [-87.69074811594578, 41.95226510839664], [-87.69076018077872, 41.952265035808296], [-87.69075998629394, 41.952247023634264], [-87.69077205112343, 41.9522469510447], [-87.69077185663544, 41.95222893887066], [-87.69075979180931, 41.95222901146018], [-87.69075950008272, 41.95220199319896], [-87.69065091669158, 41.95220264644698], [-87.69065101391845, 41.95221165253428], [-87.69061481944885, 41.95221187026087], [-87.69061472222708, 41.9522028641735], [-87.69057852776216, 41.95220308188862], [-87.69057843054551, 41.95219407580118], [-87.69053017126515, 41.95219436607015], [-87.69053026847499, 41.95220337215769], [-87.69037342578679, 41.952204315392095], [-87.69037332859901, 41.952195309304265], [-87.69031300449467, 41.952195672029575], [-87.69031290731543, 41.95218666594161], [-87.69030084249611, 41.952186738482844], [-87.69030064814118, 41.95216872630683], [-87.69033684258878, 41.95216850867945], [-87.69033674540628, 41.9521595025915], [-87.69050565279933, 41.95215848684656], [-87.6905055555931, 41.952149480758905], [-87.69051762040486, 41.95214940819621], [-87.69051771761279, 41.95215841428384], [-87.69063836574493, 41.95215768858695], [-87.69063846296989, 41.95216669467435], [-87.6907108518572, 41.95216625919522], [-87.6907109490924, 41.952175265282456], [-87.69078333798834, 41.95217482975756], [-87.69078324074296, 41.95216582367046], [-87.69079530555709, 41.95216575107855], [-87.69079540280417, 41.95217475716565], [-87.6908195324357, 41.95217461197801], [-87.69081836543302, 41.95206653893264], [-87.69083043022835, 41.952066466337186], [-87.69082994397063, 41.95202143590114], [-87.6908178791838, 41.952021508496465], [-87.690816614941, 41.951904429360724], [-87.69082867970575, 41.95190435676569], [-87.69082858245493, 41.95189535067824], [-87.69081651769186, 41.951895423273264], [-87.6908140864779, 41.95167027108197], [-87.69080202175725, 41.95167034367516], [-87.69080143828022, 41.95161630714777], [-87.69078937356971, 41.95161637973954], [-87.69078917908111, 41.95159836756359], [-87.69077711437396, 41.951598440154044], [-87.6907768226465, 41.95157142188994], [-87.6907647579444, 41.951571494479055], [-87.69076456346303, 41.95155348230287], [-87.69075249876428, 41.95155355489069], [-87.69075240152537, 41.95154454880254], [-87.69072827213111, 41.95154469397432], [-87.69072866107346, 41.95158071832698], [-87.69070453166545, 41.95158086349387], [-87.6907044344332, 41.95157185740566], [-87.69069236973083, 41.95157192998718], [-87.69069227250031, 41.95156292389897], [-87.69068020779959, 41.9515629964792], [-87.69068011057082, 41.951553990390934], [-87.69066804587175, 41.95155406296987], [-87.69066794864473, 41.95154505688157], [-87.69065588394731, 41.95154512945921], [-87.69065578672203, 41.951536123370886], [-87.69064372202627, 41.95153619594724], [-87.69064362480273, 41.95152718985886], [-87.69063156010863, 41.95152726243393], [-87.69063146288683, 41.95151825634552], [-87.69060733350189, 41.95151840149181], [-87.69060723628353, 41.951509395403335], [-87.69059517159268, 41.95150946797455], [-87.69059526880935, 41.95151847406305], [-87.69054701003874, 41.95151876433533], [-87.69054710724865, 41.9515277704239], [-87.69051091316514, 41.95152798811487], [-87.69051081596032, 41.95151898202624], [-87.69049875126744, 41.95151905458734], [-87.69049845965833, 41.95149203632127], [-87.69048639497048, 41.95149210888103], [-87.69048610336688, 41.95146509061476], [-87.69047403868409, 41.9514651631732], [-87.69047423308305, 41.951483175350766], [-87.69042597433784, 41.951483465571975], [-87.69042587714513, 41.951474459483116], [-87.69037761840602, 41.951474749683946], [-87.69037771559194, 41.95148375577292], [-87.6903535862187, 41.95148390086577], [-87.69035368340127, 41.95149290695477], [-87.69031748933601, 41.951493124584616], [-87.69031739215853, 41.95148411849556], [-87.69024500403701, 41.95148455372091], [-87.69024510120428, 41.951493559810096], [-87.69023303651551, 41.95149363234323], [-87.69023313368113, 41.951502638432444], [-87.69019693960945, 41.95150285602434], [-87.69019684244891, 41.95149384993506], [-87.69018477775997, 41.95149392246313], [-87.69018458344242, 41.9514759102845], [-87.69019664812798, 41.95147583775647], [-87.69019655096757, 41.95146683166716], [-87.69020861565139, 41.951466759137894], [-87.69020851848933, 41.95145775304857], [-87.6901964538072, 41.95145782557782], [-87.69019625948663, 41.95143981339911], [-87.69018419480786, 41.95143988592706], [-87.6901839033324, 41.95141286765882], [-87.69017183865869, 41.95141294018543], [-87.690171741502, 41.95140393409596], [-87.69015967682994, 41.95140400662126], [-87.69015977398493, 41.95141301271076], [-87.69014770931112, 41.95141308523482], [-87.69014751500455, 41.951395073055785], [-87.69015957967497, 41.95139500053176], [-87.69015948252006, 41.951385994442255], [-87.69017154718873, 41.95138592191699], [-87.69017145003215, 41.951376915827474], [-87.69018351469907, 41.95137684330096], [-87.69018341754087, 41.95136783721148], [-87.69019548220605, 41.951367764683724], [-87.69019489924749, 41.95131372814658], [-87.69021902855732, 41.95131358308754], [-87.69021893139433, 41.951304576998], [-87.69020686674112, 41.95130464952814], [-87.69020676957986, 41.95129564343858], [-87.69019470492832, 41.95129571596741], [-87.6901945106093, 41.951277703788186], [-87.69018244596111, 41.95127777631571], [-87.6901822516457, 41.95125976413638], [-87.6901943162905, 41.95125969160891], [-87.69019402481261, 41.95123267333988], [-87.69012163697369, 41.95123310848535], [-87.69012153982467, 41.95122410239549], [-87.69000089343989, 41.95122482753627], [-87.6900007963079, 41.95121582144621], [-87.68998873167088, 41.9512158939533], [-87.68998863454061, 41.95120688786316], [-87.68997656990524, 41.95120696036896], [-87.68997676416241, 41.951224972549234], [-87.68988024705068, 41.9512255525503], [-87.68987995570576, 41.95119853427934], [-87.68985582643758, 41.951198679266795], [-87.68985592354912, 41.95120768535717], [-87.68983179427735, 41.951207830339605], [-87.68983198849376, 41.95122584252042], [-87.6897716652966, 41.951226204954544], [-87.68977156819687, 41.951217198864036], [-87.6897474389211, 41.95121734382876], [-87.6897473418248, 41.951208337738194], [-87.6896990832795, 41.951208627652335], [-87.68969927745854, 41.95122663983366], [-87.68967514817885, 41.95122678478322], [-87.6896750510927, 41.95121777869253], [-87.68963885717791, 41.9512179961073], [-87.68963895425895, 41.95122700219807], [-87.6896268896189, 41.951227074667145], [-87.68962679253956, 41.95121806857636], [-87.68956646934711, 41.95121843090262], [-87.689566566418, 41.95122743699351], [-87.68940972609042, 41.95122837889378], [-87.68940962904162, 41.95121937280259], [-87.68939756440243, 41.95121944524756], [-87.68939737030837, 41.95120143306507], [-87.68937324103663, 41.95120157795112], [-87.68937314399308, 41.95119257185981], [-87.68934901472457, 41.951192716740735], [-87.68934891768444, 41.95118371064937], [-87.68932478841916, 41.95118385552519], [-87.68932469138247, 41.95117484943375], [-87.68931262675144, 41.95117492186973], [-87.6893125297165, 41.95116591577827], [-87.68930046508716, 41.951165988212956], [-87.68930027102078, 41.951147976029944], [-87.68931233564675, 41.9511479035953], [-87.68931214157718, 41.951129891412265], [-87.68930007695461, 41.95112996384687], [-87.68929997992159, 41.95112095775531], [-87.68928791530067, 41.95112103018861], [-87.68928781826939, 41.951112024097014], [-87.68929988288862, 41.95111195166372], [-87.68929949475714, 41.951075927297275], [-87.68928743014473, 41.95107599973046], [-87.68928723608265, 41.95105798754712], [-87.68927517147357, 41.951058059979005], [-87.68927468632765, 41.95101302952025], [-87.68926262172702, 41.95101310195075], [-87.68926271875443, 41.95102210804255], [-87.68916620193421, 41.95102268744112], [-87.6891661049204, 41.95101368134914], [-87.68919023412234, 41.951013536507155], [-87.68919013710517, 41.9510045304152], [-87.68915394330732, 41.951004747676215], [-87.6891541373315, 41.95102275986024], [-87.68914207272873, 41.9510228322781], [-87.68914294582449, 41.9511038871057], [-87.68915501044252, 41.95110381468766], [-87.6891551074551, 41.95111282077953], [-87.68914304283534, 41.951112893197596], [-87.68914343087921, 41.951148917565], [-87.68903484923835, 41.951149569271465], [-87.68903455825122, 41.95112255099532], [-87.68902249362934, 41.95112262340074], [-87.68902229964154, 41.95110461121652], [-87.68903436426002, 41.951104538811144], [-87.68903426726449, 41.951095532719044], [-87.68902220264769, 41.9510956051244], [-87.68902132970518, 41.951014550294616], [-87.6890092651036, 41.951014622698494], [-87.68900897412867, 41.95098760442158], [-87.68899690953215, 41.95098767682412], [-87.68899652157297, 41.95095165245459], [-87.68900858616267, 41.95095158005214], [-87.68900684032454, 41.950789470386844], [-87.68899477576538, 41.95078954278889], [-87.68899448479884, 41.95076252451083], [-87.68898242024474, 41.95076259691153], [-87.68898232325769, 41.95075359081878], [-87.68895819415275, 41.95075373561637], [-87.6889582911364, 41.95076274170915], [-87.68894622658216, 41.95076281410606], [-87.68894680847488, 41.950816850662605], [-87.68892267934591, 41.950816995452904], [-87.68892258236707, 41.95080798936013], [-87.68891051780422, 41.95080806175335], [-87.68891032385008, 41.950790049567715], [-87.68887413017143, 41.95079026673964], [-87.68887422714339, 41.950799272832526], [-87.68885009802067, 41.95079941760751], [-87.6888502919579, 41.95081742979335], [-87.68883822739309, 41.950817502178964], [-87.68883832436008, 41.95082650827189], [-87.68885038892661, 41.95082643588623], [-87.68885048589533, 41.95083544197911], [-87.68886255046351, 41.950835369592156], [-87.68886264743398, 41.950844375684994], [-87.68885058286412, 41.950844448071976], [-87.68885106770868, 41.950889478536055], [-87.68886313228704, 41.95088940614898], [-87.68886332622857, 41.95090741833446], [-87.68883919706501, 41.950907563107464], [-87.68883939099993, 41.950925575292985], [-87.68882732641468, 41.95092564767763], [-87.68882742338052, 41.95093465377038], [-87.68881535879352, 41.9509347261538], [-87.6888154557577, 41.95094373224656], [-87.68880339116897, 41.950943804628714], [-87.6888034881315, 41.950952810721496], [-87.68883968190264, 41.95095259357116], [-87.68883948796746, 41.95093458138573], [-87.68885155255434, 41.9509345089998], [-87.68885145558512, 41.950925502907076], [-87.68886352017027, 41.9509254305199], [-87.68886487776719, 41.95105151581633], [-87.68888900698491, 41.95105137103754], [-87.68888891001002, 41.95104236494508], [-87.68890097461711, 41.95104229255381], [-87.68890087764056, 41.95103328646136], [-87.68892500685122, 41.95103314167505], [-87.68892490987133, 41.95102413558262], [-87.68894903907841, 41.95102399079128], [-87.68894874812881, 41.950996972514055], [-87.68896081272719, 41.950996900116564], [-87.68896158860728, 41.95106894885535], [-87.68894952399532, 41.951069021253026], [-87.68894962097883, 41.95107802734534], [-87.68893755636513, 41.95107809974178], [-87.68893765334698, 41.95108710583409], [-87.68892558873154, 41.95108717822928], [-87.68892568571174, 41.9510961843216], [-87.6889015564773, 41.951096329108225], [-87.68890175043107, 41.95111434129293], [-87.68887762118966, 41.95111448607457], [-87.6888778151368, 41.9511324982593], [-87.688901944385, 41.951132353477576], [-87.68890204136203, 41.951141359569874], [-87.68893823523908, 41.951141142387684], [-87.68893833222126, 41.951150148479904], [-87.68892626759391, 41.95115022087525], [-87.68892646155498, 41.95116823305968], [-87.68887820303162, 41.95116852262859], [-87.68887810605784, 41.951159516536286], [-87.68884191216993, 41.95115973369959], [-87.68884181520131, 41.95115072760721], [-87.68882975057362, 41.951150799992426], [-87.68882955663989, 41.951132787807566], [-87.68881749201554, 41.951132860191464], [-87.68881710415542, 41.95109683582149], [-87.68880503953781, 41.95109690820402], [-87.68880484561141, 41.951078896018906], [-87.68879278099718, 41.95107896840013], [-87.68879258707433, 41.95106095621492], [-87.68878052246343, 41.95106102859482], [-87.6887804255038, 41.95105202250218], [-87.68876836089456, 41.951052094880794], [-87.68876826393664, 41.951043088788104], [-87.68875619932906, 41.95104316116544], [-87.68875581150465, 41.95100713679443], [-87.68881613450816, 41.95100677489556], [-87.68881584361483, 41.950979756617514], [-87.68882790821031, 41.950979684233985], [-87.68882781124425, 41.9509706781413], [-87.68875542368095, 41.95097111242321], [-87.6887555206368, 41.95098011851604], [-87.68873139144527, 41.95098026326658], [-87.68873129449283, 41.950971257173705], [-87.68862271314406, 41.950971908488185], [-87.68862397333086, 41.951088987697084], [-87.68861190871426, 41.951089060059324], [-87.68861200565033, 41.951098066152234], [-87.68862407026863, 41.95109799378998], [-87.68862436108216, 41.95112501206857], [-87.68861229645876, 41.9511250844309], [-87.68861239339499, 41.95113409052376], [-87.68860032876987, 41.95113416288484], [-87.68860052263908, 41.951152175070554], [-87.68858845801049, 41.951152247430414], [-87.68858874880955, 41.95117926570894], [-87.68857668417583, 41.9511793380676], [-87.68857707190172, 41.951215362438866], [-87.68856500726118, 41.951215434796346], [-87.688565201121, 41.95123344698194], [-87.68854107183296, 41.951233591693196], [-87.68854126568615, 41.951251603878816], [-87.6885533303336, 41.95125153152378], [-87.68855391190445, 41.951305568080194], [-87.68854184724682, 41.95130564043535], [-87.68854213802776, 41.95133265871343], [-87.68857833201577, 41.9513324416439], [-87.68857871974467, 41.9513684660142], [-87.68859078441405, 41.951368393655066], [-87.68859155988754, 41.95144044239479], [-87.68857949520459, 41.951440514754104], [-87.68857997986849, 41.95148554521607], [-87.68856791517699, 41.95148561757422], [-87.6885680121082, 41.951494623666605], [-87.6885800768014, 41.95149455130843], [-87.68858027066736, 41.95151256349309], [-87.6885923353639, 41.95151249113358], [-87.68859252923342, 41.95153050331814], [-87.68860459393332, 41.95153043095733], [-87.68860469086984, 41.951539437049554], [-87.68859262616824, 41.951539509410395], [-87.68859282003804, 41.95155752159485], [-87.68860488474303, 41.95155744923398], [-87.6886055633006, 41.951620491879005], [-87.68859349858371, 41.95162056424005], [-87.68859378938967, 41.95164758251635], [-87.68860585411163, 41.95164751015524], [-87.68860624186031, 41.951683534523355], [-87.68859417713156, 41.95168360688455], [-87.68859427406714, 41.95169261297656], [-87.68861840352801, 41.951692468252844], [-87.68861888822357, 41.95173749871247], [-87.68863095296243, 41.9517374263486], [-87.68863163154995, 41.95180046899131], [-87.68864369630064, 41.951800396626005], [-87.6886437932436, 41.951809402717736], [-87.6886317284912, 41.951809475083046], [-87.6886318254325, 41.9518184811748], [-87.6886438901866, 41.95181840880946], [-87.68864437490224, 41.95186343926784], [-87.68865643966478, 41.95186336690113], [-87.68865663355474, 41.951881379084334], [-87.68866869832063, 41.9518813067163], [-87.6886691830548, 41.95192633717395], [-87.68865711828042, 41.951926409542104], [-87.68865721522567, 41.95193541563361], [-87.68864515044955, 41.95193548800051], [-87.68864534433682, 41.951953500183535], [-87.68863327955725, 41.951953572549215], [-87.68863337649925, 41.95196257864073], [-87.68862131171794, 41.95196265100517], [-87.68862199030131, 41.95202569364552], [-87.68860992550808, 41.95202576600886], [-87.68861002244704, 41.9520347721003], [-87.68862208724198, 41.952034699736956], [-87.68862237806422, 41.95206171801112], [-87.68863444286423, 41.95206164564643], [-87.68863453980676, 41.95207065173778], [-87.68862247500506, 41.952070724102484], [-87.68862266888686, 41.95208873628518], [-87.68863473369196, 41.95208866392042], [-87.6886350245201, 41.95211568219426], [-87.68864708933023, 41.952115609828176], [-87.68864718627474, 41.9521246159194], [-87.68865925108652, 41.952124543552024], [-87.68865944497905, 41.952142555734405], [-87.68864738016386, 41.952142628101825], [-87.68864747710849, 41.952151634193015], [-87.68863541229156, 41.952151706559206], [-87.68863550923454, 41.952160712650404], [-87.68873202778231, 41.95216013368526], [-87.68873212473892, 41.95216913977626], [-87.68879244883833, 41.95216877788173], [-87.68879254580348, 41.9521777839726], [-87.68886493473148, 41.95217734965722], [-87.68886503170687, 41.95218635574795], [-87.68890122617537, 41.952186138573055], [-87.68890132315587, 41.9521951446637], [-87.6888892583314, 41.95219521705661], [-87.68888935531025, 41.95220422314727], [-87.68884109600506, 41.952204512706345], [-87.68884119297716, 41.95221351879707], [-87.68880499849271, 41.95221373595313], [-87.68880509545978, 41.95222274204392], [-87.68878096579985, 41.952222886808336], [-87.68878106276355, 41.95223189289914], [-87.68885345175298, 41.95223145859053], [-87.68885354872693, 41.952240464681196], [-87.68886561356004, 41.95224039229197], [-87.68886571053572, 41.9522493983826], [-87.68890190503988, 41.95224918120724], [-87.68890200202071, 41.95225818729778], [-87.68899852071013, 41.95225760810753], [-87.68899861770458, 41.95226661419787], [-87.68901068254226, 41.952266541793364], [-87.68901077953845, 41.95227554788367], [-87.68902284437779, 41.95227547547787], [-87.68902294137573, 41.952284481568135], [-87.68905913589853, 41.952284264343064], [-87.68905903889551, 41.95227525825287], [-87.68907110373466, 41.952275185842], [-87.68907100672998, 41.9522661797518], [-87.68909513640476, 41.95226603492631], [-87.68909523341283, 41.952275041016456], [-87.68911936309082, 41.95227489618584], [-87.68911946010235, 41.95228390227594], [-87.68914358978355, 41.952283757440206], [-87.68914349276864, 41.95227475135016], [-87.68920381696242, 41.952274389238774], [-87.68920391398582, 41.95228339532869], [-87.68924010850665, 41.952283178046585], [-87.6892402055352, 41.952292184136425], [-87.68925227037708, 41.952292111706505], [-87.68925217334684, 41.95228310561668], [-87.68933662722691, 41.95228259857183], [-87.68933672426904, 41.95229160466149], [-87.68934878911057, 41.952291532221416], [-87.68934869206673, 41.95228252613178], [-87.68939695142562, 41.952282236358904], [-87.68939685437505, 41.95227323026935], [-87.68944511372644, 41.952272940476284], [-87.6894452107838, 41.952281946565755], [-87.68945727562324, 41.95228187411429], [-87.68945737268236, 41.95229088020373], [-87.68946943752344, 41.95229080775098]], [[-87.6903257495834, 41.95225864210222], [-87.69030161991766, 41.95225878718634], [-87.6903015227398, 41.95224978109844], [-87.69028945790856, 41.95224985363857], [-87.69028926355641, 41.95223184146271], [-87.69036165252278, 41.952231406203204], [-87.69036184689533, 41.9522494183788], [-87.69032565240215, 41.95224963601439], [-87.6903257495834, 41.95225864210222]], [[-87.68921578477598, 41.95226531072276], [-87.68920371993906, 41.95226538314883], [-87.68920362291574, 41.95225637705888], [-87.68919155808047, 41.95225644948364], [-87.68919136403736, 41.952238437303635], [-87.68921549370106, 41.952238292452925], [-87.689215590726, 41.952247298542886], [-87.68922765555946, 41.9522472261156], [-87.68922775258615, 41.95225623220553], [-87.68921568775096, 41.95225630463284], [-87.68921578477598, 41.95226531072276]], [[-87.69041010621895, 41.952249128180256], [-87.69038597655722, 41.952249273282064], [-87.69038578217788, 41.95223126110657], [-87.69040991183282, 41.95223111600485], [-87.69041010621895, 41.952249128180256]], [[-87.6895173086172, 41.95225449356994], [-87.68950524378309, 41.95225456602767], [-87.68950514671735, 41.95224555993826], [-87.68951721154977, 41.95224548748057], [-87.6895173086172, 41.95225449356994]], [[-87.68942078994301, 41.95225507319627], [-87.68938459543946, 41.95225529053523], [-87.68938440134201, 41.952237278355945], [-87.68942059583539, 41.95223706101712], [-87.68942078994301, 41.95225507319627]], [[-87.68960166537548, 41.95224498024113], [-87.68958960054336, 41.9522450527077], [-87.6895895034658, 41.95223604661844], [-87.68960156829621, 41.95223597415189], [-87.68960166537548, 41.95224498024113]], [[-87.68950514671735, 41.95224555993826], [-87.68949308188489, 41.95224563239471], [-87.6894929848209, 41.952236626305265], [-87.68950504965167, 41.95223655384884], [-87.68950514671735, 41.95224555993826]], [[-87.69004777270622, 41.9522152798213], [-87.69001157822997, 41.95221549735775], [-87.6900114810931, 41.95220649126924], [-87.68998735144542, 41.95220663628715], [-87.68998725431199, 41.9521976301986], [-87.68996312466756, 41.95219777521138], [-87.68996302753756, 41.952188769122756], [-87.68995096271696, 41.95218884162724], [-87.6899507684605, 41.9521708294499], [-87.69001109254604, 41.95217046691508], [-87.6900109954094, 41.95216146082652], [-87.6900471898551, 41.95216124329049], [-87.69004728699683, 41.95217024937898], [-87.69005935181367, 41.95217017686441], [-87.69005925467023, 41.95216117077594], [-87.69008338430038, 41.95216102574304], [-87.69008348144722, 41.95217003183148], [-87.69016793516325, 41.95216952417624], [-87.690168032322, 41.952178530264526], [-87.69020422677616, 41.95217831267892], [-87.69020432394008, 41.952187318767095], [-87.69019225912038, 41.95218739129692], [-87.69019235628264, 41.952196397385116], [-87.69013203217494, 41.95219676001535], [-87.69013212932875, 41.952205766103624], [-87.69004767556426, 41.95220627373286], [-87.69004777270622, 41.9522152798213]], [[-87.6893599805439, 41.952210404972995], [-87.6893479157177, 41.95221047741414], [-87.68934781867426, 41.95220147132437], [-87.6893357538497, 41.952201543764204], [-87.68933585089145, 41.952210549853994], [-87.68932378606516, 41.9522106222926], [-87.68932368902512, 41.952201616202785], [-87.6892995593758, 41.95220176107614], [-87.68929965641243, 41.952210767166], [-87.68925139710647, 41.95221105689758], [-87.68925130007662, 41.952202050807614], [-87.68920304077675, 41.95220234051883], [-87.68920294375374, 41.95219333442876], [-87.68919087893035, 41.95219340685338], [-87.68919078190909, 41.95218440076328], [-87.68920284673077, 41.9521843283387], [-87.68920274970785, 41.952175322248614], [-87.68925100898736, 41.95217503253768], [-87.68925091195769, 41.95216602644768], [-87.68929917122968, 41.95216573671656], [-87.68929926826615, 41.95217474280647], [-87.68951643501195, 41.95217343876501], [-87.68951653207904, 41.9521824448545], [-87.68954066171996, 41.95218229993561], [-87.68954075879049, 41.952191306025036], [-87.68950456432391, 41.95219152340155], [-87.68950466138938, 41.95220052949104], [-87.68935988349877, 41.95220139888326], [-87.6893599805439, 41.952210404972995]], [[-87.68981834679714, 41.95219864518167], [-87.6897700875056, 41.95219893513119], [-87.68976999040278, 41.9521899290422], [-87.68969760147431, 41.95219036392833], [-87.68969750438171, 41.952181357839194], [-87.68979402293907, 41.95218077798106], [-87.68979392583294, 41.95217177189208], [-87.68986631473891, 41.95217133694539], [-87.68986650897158, 41.952189349123046], [-87.68981824968753, 41.95218963909276], [-87.68981834679714, 41.95219864518167]], [[-87.68992683307565, 41.95218898663237], [-87.68990270343416, 41.95218913163245], [-87.68990250919128, 41.952171119454924], [-87.68993870364328, 41.95217090195306], [-87.68993880076978, 41.952179908041764], [-87.68992673595079, 41.952179980543676], [-87.68992683307565, 41.95218898663237]], [[-87.68923855605593, 41.9521390806071], [-87.68922649124286, 41.95213915303538], [-87.68922629719071, 41.95212114085514], [-87.68923836200038, 41.952121068426905], [-87.68923855605593, 41.9521390806071]], [[-87.68951255236541, 41.95181319517346], [-87.6895004876145, 41.95181326763007], [-87.68950039055095, 41.95180426153997], [-87.68948832580169, 41.9518043339953], [-87.6894881316781, 41.951786321815], [-87.68950019642396, 41.951786249359714], [-87.68950000229717, 41.9517682371794], [-87.68952413178197, 41.95176809226514], [-87.68952422884874, 41.95177709835525], [-87.68951216410466, 41.95177717081305], [-87.68951255236541, 41.95181319517346]], [[-87.68912628629249, 41.951797500974685], [-87.68909009204555, 41.95179771821889], [-87.68908999503982, 41.95178871212798], [-87.68907793029246, 41.95178878454015], [-87.68907783328847, 41.951779778449215], [-87.68908989803413, 41.951779706037065], [-87.68908980102849, 41.95177069994612], [-87.68912599526013, 41.95177048270212], [-87.68912628629249, 41.951797500974685]], [[-87.68907705725812, 41.95170772972115], [-87.689064992526, 41.95170780213184], [-87.68906479852225, 41.95168978994963], [-87.68905273379346, 41.95168986235902], [-87.68905224879336, 41.95164483190314], [-87.68907637823389, 41.95164468708331], [-87.68907618422737, 41.95162667490094], [-87.68905205479363, 41.951626819720694], [-87.68905176379437, 41.95159980144689], [-87.68906382850616, 41.95159972903773], [-87.6890637315048, 41.95159072294646], [-87.68907579621485, 41.95159065053605], [-87.68907569921184, 41.95158164444479], [-87.68909982862843, 41.95158149962022], [-87.68909973162205, 41.951572493528985], [-87.68911179632858, 41.951572421114825], [-87.68911160231256, 41.95155440893236], [-87.6891357317187, 41.95155426410031], [-87.68913553769607, 41.951536251917894], [-87.68909934359702, 41.95153646916392], [-87.68909924659086, 41.95152746307262], [-87.68908718189279, 41.951527535485404], [-87.68908708488837, 41.95151852939406], [-87.6891112142811, 41.951518384567265], [-87.68911111727334, 41.95150937847597], [-87.6890749231893, 41.951509595714185], [-87.6890747291841, 41.95149158353139], [-87.68914711733143, 41.951491149043825], [-87.68914731135699, 41.95150916122635], [-87.68913524666249, 41.95150923364415], [-87.68913544068484, 41.95152724582667], [-87.68914750538273, 41.951527173408806], [-87.68914789343476, 41.95156319777356], [-87.68915995813943, 41.95156312535435], [-87.689160249184, 41.9515901436277], [-87.68919644331297, 41.951589926362246], [-87.68919634629297, 41.9515809202712], [-87.68922047570867, 41.951580775421284], [-87.689220281662, 41.95156276323926], [-87.68920821695758, 41.95156283566482], [-87.68920811993601, 41.951553829573754], [-87.68922018463874, 41.951553757148226], [-87.68921999059235, 41.95153574496612], [-87.68924411999089, 41.95153560011135], [-87.68924402296436, 41.95152659402033], [-87.68925608766186, 41.95152652159106], [-87.6892561846901, 41.95153552768206], [-87.68926824938924, 41.9515354552515], [-87.68926854047928, 41.95156247352437], [-87.68925647577503, 41.951562545955], [-87.68925657280343, 41.951571552045955], [-87.68928070221529, 41.951571407183394], [-87.68928109034292, 41.951607431546854], [-87.68930521976817, 41.95160728667905], [-87.6893051227328, 41.95159828058824], [-87.68934131686527, 41.95159806327708], [-87.68934151094625, 41.95161607545853], [-87.68936564037446, 41.951615930577994], [-87.68936573741841, 41.951624936668665], [-87.68937780213415, 41.951624864226474], [-87.68937760804289, 41.951606852045195], [-87.68935347861816, 41.95160699692821], [-87.68935338157601, 41.951597990837506], [-87.68937751099733, 41.951597845954524], [-87.68937721986093, 41.951570827682445], [-87.68938928456643, 41.95157075523913], [-87.68938938161357, 41.95157976132981], [-87.68940144632073, 41.9515796888852], [-87.6894013492719, 41.95157068279455], [-87.6894254786827, 41.95157053790156], [-87.6894255757349, 41.95157954399216], [-87.68949796397642, 41.95157910928266], [-87.68949806103886, 41.951588115373134], [-87.68951012574732, 41.95158804291709], [-87.68951022281152, 41.95159704900752], [-87.68952228752163, 41.95159697655017], [-87.6895228699179, 41.9516510130923], [-87.68949874047725, 41.95165115800597], [-87.68949883754006, 41.951660164096324], [-87.68943851392918, 41.95166052635844], [-87.68943841687485, 41.95165152026798], [-87.68942635215424, 41.95165159271657], [-87.68942625510167, 41.95164258662608], [-87.6894141903827, 41.951642659073386], [-87.68941409333188, 41.95163365298284], [-87.68940202861458, 41.95163372542886], [-87.68940183451645, 41.95161571324768], [-87.68938976980249, 41.9516157856924], [-87.68938996389723, 41.95163379787361], [-87.68935376974493, 41.95163401520025], [-87.68935386678726, 41.9516430212909], [-87.68934180206804, 41.95164309373061], [-87.68934199614945, 41.95166110591191], [-87.68932993142678, 41.951661178350385], [-87.68932973734877, 41.95164316616904], [-87.68928147847124, 41.951643455910094], [-87.68928157550344, 41.95165246200087], [-87.68925744606102, 41.95165260686384], [-87.68925754308987, 41.951661612954645], [-87.68923341364388, 41.95166175781259], [-87.68923351066937, 41.95167076390342], [-87.6892093812198, 41.951670908756334], [-87.68920918717565, 41.95165289657455], [-87.6891971224542, 41.95165296899907], [-87.68919702543388, 41.95164396290814], [-87.68918496071409, 41.951644035331356], [-87.68918486369552, 41.9516350292404], [-87.68916073425918, 41.951635174082995], [-87.68916102530483, 41.95166219235599], [-87.6891489605815, 41.95166226477546], [-87.68914905759512, 41.95167127086645], [-87.6891249281449, 41.951671415701625], [-87.68912502515518, 41.95168042179265], [-87.6891008957014, 41.951680566622805], [-87.6891009927083, 41.95168957271385], [-87.68907686325097, 41.95168971753898], [-87.68907705725812, 41.95170772972115]], [[-87.6893905461825, 41.95168783441689], [-87.68937848145491, 41.95168790686051], [-87.68937799622557, 41.9516428764077], [-87.68939006094466, 41.9516428039642], [-87.68939015799214, 41.95165181005476], [-87.68940222271289, 41.951651737609964], [-87.68940231976211, 41.9516607437005], [-87.68941438448451, 41.951660671254416], [-87.68941448153547, 41.9516696773449], [-87.68940241681136, 41.95166974979101], [-87.68940251386067, 41.95167875588153], [-87.68939044913483, 41.951678828326386], [-87.6893905461825, 41.95168783441689]], [[-87.6895954523916, 41.95166859050118], [-87.68957132294469, 41.95166873543014], [-87.68957103172572, 41.951641717159525], [-87.6895589670073, 41.95164178962203], [-87.68955886993608, 41.951632783531764], [-87.68957093465282, 41.95163271106927], [-87.68957083757995, 41.95162370497902], [-87.68955877286493, 41.9516237774415], [-87.6895586757938, 41.95161477135119], [-87.68958280522043, 41.95161462642502], [-87.68958290229494, 41.95162363251528], [-87.68960703172478, 41.951623487583994], [-87.68960712880273, 41.951632493674175], [-87.68958299936949, 41.951632638605496], [-87.68958319351874, 41.951650650785936], [-87.68959525823878, 41.95165057832085], [-87.6895954523916, 41.95166859050118]], [[-87.69023400817382, 41.95158369323464], [-87.69020987876218, 41.95158383829758], [-87.69020978159955, 41.951574832208465], [-87.6902339110078, 41.95157468714557], [-87.69023400817382, 41.95158369323464]], [[-87.68937702577021, 41.95155281550099], [-87.68936496106807, 41.951552887942995], [-87.68936486402447, 41.95154388185223], [-87.68937692872493, 41.951543809410246], [-87.68937702577021, 41.95155281550099]], [[-87.68948541396651, 41.95153415128476], [-87.68947334926816, 41.951534223738136], [-87.68947325220937, 41.951525217647536], [-87.68948531690603, 41.95152514519419], [-87.68948541396651, 41.95153415128476]], [[-87.68938889637839, 41.95153473087624], [-87.68935270228211, 41.95153494820213], [-87.6893526052403, 41.95152594211132], [-87.68932847584595, 41.951526086988856], [-87.68932828176928, 41.95150807480707], [-87.68934034646307, 41.95150800236898], [-87.68934015238317, 41.951489990187184], [-87.68935221707352, 41.95148991774787], [-87.68935212003193, 41.95148091165698], [-87.68934005534327, 41.95148098409627], [-87.68933995830342, 41.95147197800534], [-87.6893640876773, 41.95147183312554], [-87.68936399063412, 41.95146282703463], [-87.68937605531929, 41.951462754592846], [-87.68937615236419, 41.95147176068373], [-87.68938821705102, 41.95147168824066], [-87.68938831409766, 41.951480694331494], [-87.68937624940912, 41.951480766774594], [-87.6893763464541, 41.95148977286544], [-87.68938841114432, 41.951489700422336], [-87.68938889637839, 41.95153473087624]], [[-87.68950934923538, 41.951515994193144], [-87.68946109045561, 41.95151628400899], [-87.68946099339861, 41.95150727791834], [-87.68950925217159, 41.951506988102594], [-87.68950934923538, 41.951515994193144]], [[-87.68925599063368, 41.95151751550004], [-87.68923186124204, 41.951517660357254], [-87.6892317642173, 41.95150865426618], [-87.68925589360556, 41.95150850940902], [-87.68925599063368, 41.95151751550004]], [[-87.6891348586183, 41.95147320927895], [-87.68905040580307, 41.951473716167506], [-87.68905030880403, 41.951464710076], [-87.68903824411767, 41.95146478248356], [-87.68903746814046, 41.95139273375092], [-87.68908572683135, 41.95139244411383], [-87.6890856298276, 41.951383438022255], [-87.6891218238402, 41.9513832207812], [-87.68912172683142, 41.95137421468971], [-87.6891337915005, 41.9513741422735], [-87.68913388851098, 41.95138314836497], [-87.68914595318171, 41.951383075947476], [-87.68914605019394, 41.95139208203892], [-87.68913398552152, 41.95139215445644], [-87.68913417954272, 41.95141016663933], [-87.68914624421855, 41.95141009422177], [-87.6891468262934, 41.951464130769935], [-87.68913476160738, 41.95146420318762], [-87.6891348586183, 41.95147320927895]], [[-87.68949660510677, 41.951453024014654], [-87.68947247574066, 41.95145316892226], [-87.68947228162392, 41.95143515674079], [-87.6894843463036, 41.95143508428766], [-87.68948444336365, 41.95144409037838], [-87.68949650804498, 41.951444017923976], [-87.68949660510677, 41.951453024014654]], [[-87.68996673919874, 41.951414172943664], [-87.68995467452424, 41.951414245447445], [-87.6899545773981, 41.95140523935758], [-87.68996664207091, 41.95140516685382], [-87.68996673919874, 41.951414172943664]], [[-87.68896498311607, 41.95138416207676], [-87.68895291844466, 41.95138423447523], [-87.68895272447466, 41.951366222291576], [-87.68896478914267, 41.95136614989314], [-87.68896498311607, 41.95138416207676]], [[-87.68920346295303, 41.951121537186296], [-87.6891672690891, 41.95112175445201], [-87.68916697804632, 41.95109473617648], [-87.68923936574323, 41.95109430163406], [-87.68923946276763, 41.95110330772578], [-87.68921533353212, 41.951103452578366], [-87.68921543055316, 41.95111245867012], [-87.68920336593364, 41.95111253109454], [-87.68920346295303, 41.951121537186296]], [[-87.68917894564673, 41.95108565766406], [-87.68916688103216, 41.951085730084614], [-87.68916668700395, 41.95106771790082], [-87.68915462239273, 41.95106779032007], [-87.6891545253804, 41.951058784228124], [-87.68916658998992, 41.95105871180892], [-87.68916639596199, 41.95104069962505], [-87.68917846056806, 41.95104062720462], [-87.6891785575837, 41.951049633296535], [-87.68923888062191, 41.951049271175265], [-87.68923907467031, 41.95106728335883], [-87.68921494544837, 41.95106742821123], [-87.68921504246924, 41.95107643430303], [-87.6891788486309, 41.95107665157221], [-87.68917894564673, 41.95108565766406]]]}}, {"type": "Feature", "properties": {"rank": 8, "name": "North Lincoln Avenue, Roscoe Village", "area_m2": 9350, "volume_m3": 7719, "max_depth_m": 1.44}, "geometry": {"type": "Polygon", "coordinates": [[[-87.67421901400354, 41.94776095242357], [-87.674218634408, 41.94772492792296], [-87.67423069842643, 41.94772485707774], [-87.67423050862551, 41.94770684482739], [-87.67424257264048, 41.94770677398095], [-87.67424238283637, 41.94768876173059], [-87.67427857487083, 41.94768854918377], [-87.67427847996375, 41.94767954305865], [-87.6743267360023, 41.947679259645234], [-87.67432683091619, 41.94768826577028], [-87.67435095893859, 41.94768812405593], [-87.67435067418688, 41.947661105680886], [-87.6743386101808, 41.94766117653863], [-87.67433813560399, 41.94761614591315], [-87.67432607160633, 41.94761621676952], [-87.67432559703909, 41.94757118614358], [-87.6743135330499, 41.947571256998565], [-87.67431343813827, 41.947562250873304], [-87.67432550212578, 41.947562180018345], [-87.6743254072125, 41.9475531738931], [-87.6743736631553, 41.947552890460656], [-87.67437356823527, 41.94754388433549], [-87.67440976018682, 41.94754367174792], [-87.6744092855619, 41.94749864112217], [-87.67439722158657, 41.94749871198586], [-87.6743970317403, 41.94748069973541], [-87.67438496776832, 41.94748077059778], [-87.67438477792562, 41.94746275834724], [-87.67437271395701, 41.94746282920829], [-87.67437252411789, 41.947444816957656], [-87.67436046015261, 41.9474448878174], [-87.67436017539934, 41.94741786944126], [-87.67434811143913, 41.947417940299665], [-87.67434792160721, 41.94739992804879], [-87.67433585765036, 41.94739999890589], [-87.67433547799384, 41.94736397440388], [-87.67432341404373, 41.94736404525962], [-87.67432331913142, 41.94735503913406], [-87.67433538307982, 41.94735496827833], [-87.67433528816585, 41.94734596215278], [-87.67432322421914, 41.947346033008486], [-87.6743231293069, 41.94733702688289], [-87.67431106536183, 41.9473370977373], [-87.67431097045134, 41.94732809161167], [-87.67429890650793, 41.947328162464785], [-87.67429871669047, 41.94731015021345], [-87.67427458881032, 41.947310291915784], [-87.67427449390505, 41.94730128579006], [-87.67425036602812, 41.94730142748729], [-87.6742501762245, 41.94728341523567], [-87.67426224015959, 41.947283344387735], [-87.67426195544938, 41.94725632601029], [-87.67424989151938, 41.94725639685816], [-87.67424979661777, 41.947247390732294], [-87.67423773268942, 41.947247461578876], [-87.67423763778956, 41.94723845545297], [-87.67424970171619, 41.947238384606415], [-87.67424960681467, 41.947229378480515], [-87.67426167073958, 41.9472293076327], [-87.6742615758364, 41.94722030150683], [-87.67430983152879, 41.94722001810303], [-87.67431002134877, 41.94723803035462], [-87.67432208527516, 41.94723795950045], [-87.67432161071703, 41.94719292887149], [-87.67433367463487, 41.947192858016166], [-87.67433357972168, 41.94718385189036], [-87.67434564363779, 41.94718378103379], [-87.67434545380813, 41.94716576878217], [-87.6743575177208, 41.94716569792439], [-87.67435742280435, 41.947156691798575], [-87.67434535889336, 41.94715676265635], [-87.67434526397864, 41.94714775653049], [-87.67433320006931, 41.94714782738696], [-87.67433301024342, 41.94712981513518], [-87.67434507414934, 41.947129744278755], [-87.6743447894057, 41.94710272590104], [-87.67435685330648, 41.94710265504341], [-87.6743566634742, 41.94708464279157], [-87.67436872737156, 41.94708457193272], [-87.67436853753605, 41.94706655968086], [-87.67438060142997, 41.947066488820795], [-87.67438041159126, 41.94704847656893], [-87.67439247548172, 41.947048405707626], [-87.67439228563978, 41.94703039345576], [-87.67440434952681, 41.947030322593235], [-87.67440425460421, 41.94702131646729], [-87.67442838237477, 41.94702117473849], [-87.6744282874488, 41.94701216861259], [-87.67444035133232, 41.9470120977463], [-87.67444025640471, 41.94700309162041], [-87.67447644804989, 41.94700287901403], [-87.67447635311723, 41.94699387288817], [-87.67453667251651, 41.94699351851898], [-87.67453648263434, 41.94697550626746], [-87.67452441875797, 41.94697557714378], [-87.67452432381864, 41.94696657101799], [-87.67451225994392, 41.946966641893034], [-87.67451178525646, 41.94692161126368], [-87.67452384912269, 41.946921540388765], [-87.67452375418364, 41.94691253426287], [-87.67454788191257, 41.94691239250927], [-87.67454778697017, 41.94690338638341], [-87.67458397855813, 41.946903173743536], [-87.67458388361068, 41.94689416761774], [-87.67463213905393, 41.94689388408027], [-87.67463194914555, 41.94687587182879], [-87.67464401300286, 41.9468758009413], [-87.67464420291464, 41.94689381319272], [-87.67466833063591, 41.94689367141383], [-87.6746682356766, 41.946884665288174], [-87.67471649111185, 41.9468843817153], [-87.67471658607795, 41.946893387840866], [-87.67472864993834, 41.94689331694447], [-87.67472855497056, 41.946884310818916], [-87.67478887426343, 41.94688395631796], [-87.67478868431098, 41.94686594406704], [-87.67483693973092, 41.94686566044364], [-87.6748370347139, 41.94687466656902], [-87.67484909857049, 41.946874595659985], [-87.6748490035858, 41.946865589534625], [-87.67487313129541, 41.94686544771279], [-87.67487303630737, 41.94685644158745], [-87.6746076315294, 41.946858001348346], [-87.67460753657876, 41.946848995222524], [-87.67457134502159, 41.94684920786958], [-87.67457115513062, 41.946831195617754], [-87.67455909128154, 41.94683126649753], [-87.67455899633782, 41.94682226037156], [-87.6745469324904, 41.94682233125006], [-87.67454683754842, 41.94681332512406], [-87.67455890139415, 41.94681325424559], [-87.67455880645052, 41.9468042481196], [-87.6745708702945, 41.94680417723988], [-87.67457058545877, 41.94677715886189], [-87.67454645778093, 41.94677730061991], [-87.67454636283918, 41.946768294493836], [-87.67452223516456, 41.94676843624674], [-87.67452204528797, 41.946750423994466], [-87.674509981454, 41.94675049486898], [-87.67450988651746, 41.946741488742795], [-87.67447369502037, 41.94674170135864], [-87.6744737899518, 41.946750707484895], [-87.67446172611766, 41.946750778354335], [-87.6744615362582, 41.94673276610178], [-87.67444947242741, 41.9467328369699], [-87.67444928257152, 41.94671482471725], [-87.67443721874407, 41.94671489558405], [-87.67443712381791, 41.94670588945768], [-87.67442505999212, 41.946705960323214], [-87.67442496506767, 41.946696954196796], [-87.67440083741936, 41.946697095924], [-87.67440074249835, 41.94668808979753], [-87.67437661485326, 41.946688231519616], [-87.67437670977087, 41.94669723764613], [-87.67436464594655, 41.94669730850531], [-87.67436455103065, 41.94668830237875], [-87.67431629573977, 41.946688585802654], [-87.6743162008307, 41.94667957967602], [-87.67430413700957, 41.9466796505288], [-87.67430404210224, 41.94667064440212], [-87.67427991446326, 41.94667078610384], [-87.67427981955936, 41.946661779977106], [-87.67423156428764, 41.94666206336525], [-87.67423165918474, 41.94667106949207], [-87.67418340390554, 41.94667135286002], [-87.67418330901523, 41.94666234673311], [-87.67417124519702, 41.94666241757191], [-87.67417115030844, 41.94665341144495], [-87.67414702267529, 41.9466535531187], [-87.67414692779015, 41.9466445469917], [-87.67413486397521, 41.946644617826635], [-87.67413476909181, 41.9466356116996], [-87.67414683290505, 41.94663554086466], [-87.67414673802001, 41.94662653473763], [-87.67415880183152, 41.94662646390146], [-87.67415851717156, 41.94659944552033], [-87.67414645336514, 41.94659951635643], [-87.67414635848027, 41.94659051022935], [-87.67413429467551, 41.946590581064164], [-87.67413438955867, 41.94659958719129], [-87.67409819813905, 41.94659979968819], [-87.67409800838293, 41.94658178743381], [-87.67408594457969, 41.94658185826353], [-87.67408584970339, 41.9465728521363], [-87.67407378590181, 41.94657292296473], [-87.67407359615274, 41.94655491071017], [-87.6740615323545, 41.9465549815373], [-87.67406143748174, 41.94654597540998], [-87.67404937368516, 41.94654604623582], [-87.67404927881414, 41.94653704010845], [-87.67403721501921, 41.946537110932994], [-87.67403712014992, 41.946528104805594], [-87.67402505635665, 41.94652817562886], [-87.67402515122424, 41.94653718175628], [-87.67400102363419, 41.94653732339902], [-87.67400092876998, 41.946528317271564], [-87.67397680118316, 41.94652845890919], [-87.67397670632239, 41.94651945278168], [-87.6739646425306, 41.94651952359857], [-87.67396483224877, 41.946537535853636], [-87.67395276845356, 41.94653760666931], [-87.6739548553275, 41.94673574147178], [-87.67396691916007, 41.94673567065561], [-87.67396720374049, 41.94676268903716], [-87.67395513990283, 41.946762759853385], [-87.67395542447855, 41.946789778234866], [-87.67396748832131, 41.946789707418574], [-87.67396758318168, 41.94679871354569], [-87.67395551933723, 41.94679878436201], [-87.67395561419593, 41.946807790489125], [-87.67390735881088, 41.946808073741806], [-87.67390745366284, 41.946817079869], [-87.67389538981477, 41.94681715067903], [-87.67389557951542, 41.946835162933404], [-87.67382319640575, 41.946835587767204], [-87.67382310156557, 41.94682658163988], [-87.67377484616505, 41.946826864836964], [-87.67377475133172, 41.946817858709544], [-87.67376268748319, 41.94681792950563], [-87.67376202366297, 41.9467548866131], [-87.67374995982627, 41.946754957407755], [-87.67374977016715, 41.94673694515257], [-87.6737377063338, 41.94673701594592], [-87.67373751667823, 41.946719003690646], [-87.67372545284823, 41.94671907448269], [-87.67372327186077, 41.94651193354228], [-87.67371120806978, 41.94651200433255], [-87.67371016501556, 41.946412936923345], [-87.6736981012432, 41.94641300771208], [-87.67369800642206, 41.946404001583865], [-87.67368594265135, 41.946404072371315], [-87.6736860374708, 41.94641307849957], [-87.67366190992584, 41.94641322007072], [-87.67366172029377, 41.94639520781413], [-87.67363759275544, 41.94639534938012], [-87.67363778238074, 41.94641336163679], [-87.67357746351718, 41.946413715529815], [-87.67357755832138, 41.94642272165823], [-87.67356549454685, 41.94642279243306], [-87.67356558934942, 41.94643179856149], [-87.67355352557313, 41.94643186933508], [-87.67355362037404, 41.94644087546352], [-87.67354155659602, 41.94644094623585], [-87.67354193579331, 41.94647697074955], [-87.67351780822355, 41.946477112290594], [-87.67351761863162, 41.946459100033685], [-87.67350555485008, 41.946459170802264], [-87.67350546005586, 41.94645016467375], [-87.67348133249604, 41.94645030620707], [-87.67348152207771, 41.94646831846414], [-87.6734573945109, 41.94646845999245], [-87.67345758408597, 41.94648647224957], [-87.6734455202991, 41.94648654301187], [-87.67344570987093, 41.94650455526897], [-87.67343364608064, 41.94650462603005], [-87.67343374086491, 41.946513632158606], [-87.67339754948868, 41.94651384443432], [-87.6733974547095, 41.9465048383057], [-87.67334919954737, 41.94650512132214], [-87.67334910477501, 41.94649611519342], [-87.6733249771971, 41.94649625669399], [-87.67332516673505, 41.94651426895151], [-87.67331310294263, 41.94651433969994], [-87.67331329247736, 41.94653235195744], [-87.67332535627318, 41.94653228120896], [-87.67332545104232, 41.94654128733766], [-87.6733133872448, 41.94654135808616], [-87.67331348201228, 41.94655036421488], [-87.67325316301556, 41.946550717938464], [-87.67325325777459, 41.946559724067264], [-87.6732291301722, 41.946559865547876], [-87.67322922492787, 41.94656887167671], [-87.67321716112492, 41.946568942415134], [-87.67321735063301, 41.94658695467282], [-87.67320528682663, 41.946587025410025], [-87.673205571084, 41.94661404379651], [-87.67322969870692, 41.94661390232069], [-87.67322979346287, 41.946622908449456], [-87.67324185727595, 41.946622837709626], [-87.67324204679137, 41.94664084996704], [-87.67322998297486, 41.94664092070691], [-87.67323007773093, 41.94664992683563], [-87.67324214154912, 41.946649856095746], [-87.67324233106478, 41.94666786835308], [-87.67325439488633, 41.94666779761187], [-87.67325458440556, 41.94668580986911], [-87.67326664823045, 41.94668573912661], [-87.67326674299184, 41.94669474525516], [-87.67327880681839, 41.94669467451136], [-87.67328003874229, 41.946811754181205], [-87.67326797489368, 41.9468118249253], [-87.67326788013175, 41.94680281879692], [-87.67323168859072, 41.946803031021524], [-87.67323159383392, 41.946794024893066], [-87.6731954022976, 41.94679423710619], [-87.67319530754592, 41.94678523097764], [-87.6731832437021, 41.9467853017128], [-87.67318333845206, 41.94679430784137], [-87.67317127460649, 41.94679437857528], [-87.67317146410316, 41.94681239083242], [-87.67315940025416, 41.9468124615651], [-87.67315958974761, 41.94683047382223], [-87.67314752589517, 41.9468305445537], [-87.67314762064025, 41.94683955068227], [-87.67313555678606, 41.94683962141249], [-87.6731356515295, 41.94684862754105], [-87.67308739610553, 41.94684891044934], [-87.67308749084224, 41.94685791657799], [-87.67307542698443, 41.94685798730191], [-87.67307561645454, 41.94687599955921], [-87.67308768031573, 41.94687592883525], [-87.67308786978941, 41.94689394109243], [-87.67309993365397, 41.94689387036715], [-87.67310012313122, 41.94691188262424], [-87.67311218699912, 41.94691181189766], [-87.67311237647993, 41.946929824154644], [-87.6731244403512, 41.946929753426744], [-87.67312453509336, 41.946938759555195], [-87.67311247122042, 41.94693883028313], [-87.67311266070149, 41.94695684254003], [-87.67310059682511, 41.94695691326673], [-87.67310078630295, 41.94697492552363], [-87.67308872242315, 41.946974996249104], [-87.67308891189778, 41.946993008505984], [-87.6730768480145, 41.94699307923024], [-87.67307694275019, 41.947002085358676], [-87.67306487886519, 41.94700215608169], [-87.67306497359922, 41.94701116221014], [-87.67307703748592, 41.947011091487106], [-87.67307713222169, 41.94702009761552], [-87.67312538777486, 41.947019814710615], [-87.67312548251746, 41.947028820838916], [-87.67313754640735, 41.9470287501095], [-87.6731376411517, 41.947037756237776], [-87.67314970504324, 41.947037685507084], [-87.67314979978933, 41.94704669163531], [-87.67317392757566, 41.94704655017004], [-87.67317402232518, 41.947055556298224], [-87.67318608622, 41.94705548556367], [-87.67318646522533, 41.94709151007614], [-87.6731623374221, 41.947091651544156], [-87.67316252691822, 41.9471096638004], [-87.67318665472824, 41.94710952233229], [-87.67318674947977, 41.947118528460344], [-87.673210877293, 41.947118386987114], [-87.67321097204798, 41.94712739311512], [-87.67322303595624, 41.94712732237658], [-87.67322322546968, 41.94714533463249], [-87.6732352893813, 41.94714526389264], [-87.67323547889832, 41.94716327614844], [-87.67335611804594, 41.94716256867982], [-87.67335640237275, 41.94718958706276], [-87.67336846629237, 41.94718951630886], [-87.67336856106975, 41.94719852243644], [-87.67338062499101, 41.94719845168125], [-87.67338071977015, 41.947207457808815], [-87.67340484761596, 41.94720731629459], [-87.6734049423985, 41.94721632242209], [-87.67342907024755, 41.94721618090274], [-87.67342925981959, 41.947234193157605], [-87.67344132374744, 41.947234122396], [-87.67344141853522, 41.94724312852338], [-87.6734776103236, 41.94724291623088], [-87.67347770511651, 41.94725192235818], [-87.67348976904758, 41.947251851591446], [-87.6734906222011, 41.94733290673634], [-87.6735026861474, 41.94733283596815], [-87.67350278094415, 41.94734184209526], [-87.67352690884003, 41.94734170055502], [-87.67352681403989, 41.94733269442795], [-87.67353887798606, 41.94733262365596], [-87.6735393519957, 41.94737765429107], [-87.67352728804104, 41.94737772506317], [-87.67352766724274, 41.94741374957109], [-87.6735397312042, 41.94741367879889], [-87.6735399208087, 41.94743169105272], [-87.67355198477351, 41.947431620279204], [-87.67355236398981, 41.94746764478659], [-87.67356442796138, 41.947467574011725], [-87.67356423834974, 41.94744956175811], [-87.67357630231785, 41.947449490982024], [-87.67357611270299, 41.94743147872838], [-87.67358817666766, 41.947431407951065], [-87.67358798704957, 41.94741339569742], [-87.67363624289429, 41.94741311257566], [-87.67363643252595, 41.94743112482914], [-87.67364849649042, 41.947431054045495], [-87.67364859130801, 41.94744006017217], [-87.67366065527412, 41.947439989387235], [-87.67366103455173, 41.947476013893784], [-87.6736730985246, 41.94747594310748], [-87.67367281406123, 41.94744892472767], [-87.67368487802895, 41.94744885394018], [-87.67368421427074, 41.947385811053586], [-87.67369627822654, 41.94738574026497], [-87.67369608857832, 41.94736772801159], [-87.67373228043529, 41.94736751563829], [-87.67373038386083, 41.947187393102524], [-87.67376657561553, 41.94718718071915], [-87.67376676528238, 41.94720519297285], [-87.67377882920393, 41.947205122175816], [-87.6737789240391, 41.94721412830262], [-87.6737909879623, 41.94721405750429], [-87.67379117763622, 41.947232069757824], [-87.67380324156277, 41.94723199895819], [-87.67380343124023, 41.9472500112116], [-87.67381549517015, 41.94724994041066], [-87.67381568485116, 41.94726795266397], [-87.67382774878442, 41.94726788186171], [-87.67382784362671, 41.94727688798834], [-87.67383990756161, 41.94727681718478], [-87.67384009724971, 41.94729482943792], [-87.67385216118798, 41.947294758633056], [-87.67385235087964, 41.94731277088611], [-87.67386441482124, 41.947312700079934], [-87.67386460451648, 41.94733071233288], [-87.67387666846145, 41.94733064152538], [-87.67387676331082, 41.947339647651816], [-87.67388882725743, 41.94733957684304], [-87.6738890169597, 41.94735758909581], [-87.67390108090969, 41.94735751828571], [-87.67390127061553, 41.94737553053838], [-87.67391333456885, 41.94737545972697], [-87.67391352427828, 41.94739347197954], [-87.67392558823495, 41.94739340116683], [-87.67392596766109, 41.94742942567169], [-87.67393803162452, 41.94742935485762], [-87.67393822134125, 41.94744736710992], [-87.67395028530802, 41.94744729629454], [-87.6739504750283, 41.94746530854674], [-87.67396253899845, 41.94746523773006], [-87.6739627287223, 41.94748324998214], [-87.67397479269579, 41.94748317916414], [-87.67397498242322, 41.94750119141615], [-87.67398704640004, 41.947501120596826], [-87.67398723613105, 41.94751913284872], [-87.67399930011123, 41.94751906202809], [-87.6739994898458, 41.94753707427988], [-87.67401155382933, 41.947537003457946], [-87.67401174356748, 41.94755501570964], [-87.67402380755436, 41.947554944886384], [-87.6740244716511, 41.9476179877667], [-87.67403653564983, 41.947617916942015], [-87.67403663052266, 41.9476269230677], [-87.67404869452304, 41.94762685224173], [-87.67404878939762, 41.94763585836738], [-87.67406085339965, 41.94763578754012], [-87.67406094827597, 41.94764479366573], [-87.67407301227966, 41.94764472283718], [-87.67407310715772, 41.94765372896275], [-87.67408517116306, 41.94765365813292], [-87.6740853609227, 41.94767167038396], [-87.67410948894006, 41.9476715287204], [-87.67410967870666, 41.9476895409713], [-87.67412174271867, 41.947689470137576], [-87.67412183760374, 41.94769847626299], [-87.6741339016174, 41.94769840542797], [-87.6741339965042, 41.947707411553345], [-87.67414606051952, 41.94770734071703], [-87.67414615540805, 41.94771634684236], [-87.67415821942502, 41.94771627600477], [-87.6741583143153, 41.947725282130065], [-87.67417037833394, 41.947725211291186], [-87.67417047322597, 41.947734217416446], [-87.67418253724624, 41.94773414657627], [-87.67418263214002, 41.9477431527015], [-87.67419469616196, 41.94774308186004], [-87.67419479105746, 41.94775208798522], [-87.67420685508105, 41.94775201714246], [-87.6742069499783, 41.947761023267624], [-87.67421901400354, 41.94776095242357]], [[-87.67363816163181, 41.946449386149965], [-87.6736260978524, 41.94644945693119], [-87.67362600304126, 41.9464404508029], [-87.67363806681898, 41.94644038002169], [-87.67363816163181, 41.946449386149965]]]}}, {"type": "Feature", "properties": {"rank": 9, "name": "North Seeley Avenue, Hamlin Park", "area_m2": 18179, "volume_m3": 6770, "max_depth_m": 0.99}, "geometry": {"type": "Polygon", "coordinates": [[[-87.67960764174073, 41.93599346412973], [-87.67960754612281, 41.935984457996106], [-87.67959548433062, 41.93598452939015], [-87.67959519748214, 41.93595751098911], [-87.67994498929009, 41.93595544004945], [-87.67994489362482, 41.9359464339164], [-87.68012582038217, 41.935945362322926], [-87.6801257246915, 41.9359363561902], [-87.6800895393459, 41.935936570531624], [-87.68008944366035, 41.93592756439881], [-87.68005325831946, 41.93592777872877], [-87.68005316263904, 41.935918772595876], [-87.68000491552402, 41.935919058351324], [-87.68000481985044, 41.93591005221834], [-87.68001688162757, 41.935909980781396], [-87.68001678595233, 41.935900974648405], [-87.68004090950305, 41.935900831770766], [-87.68004081382446, 41.9358918256378], [-87.68007699914513, 41.93589161131191], [-87.68007690346151, 41.935882605179], [-87.68008896523328, 41.93588253373453], [-87.68008886954799, 41.935873527601636], [-87.68010093131802, 41.93587345615591], [-87.68010083563108, 41.935864450023026], [-87.68008877386275, 41.93586452146872], [-87.68008867817754, 41.935855515335795], [-87.6800163075768, 41.935855943983235], [-87.68001640325181, 41.93586495011629], [-87.6799922797145, 41.935865092988685], [-87.67999237538616, 41.93587409912177], [-87.67996825184527, 41.93587424198914], [-87.679968156177, 41.935865235856], [-87.67961836486363, 41.935867306862654], [-87.6796184604827, 41.935876312996456], [-87.6795943369391, 41.93587645578527], [-87.67959424132343, 41.93586744965143], [-87.67957011778304, 41.93586759243512], [-87.67957002217082, 41.93585858630124], [-87.67955796040225, 41.93585865769116], [-87.67955786479176, 41.93584965155723], [-87.67954580302484, 41.935849722945875], [-87.67954589863365, 41.935858729079825], [-87.679533836865, 41.93585880046723], [-87.67953393247215, 41.93586780660119], [-87.67952187070176, 41.935867877987334], [-87.6795217750963, 41.935858871853355], [-87.67950971332758, 41.93585894323821], [-87.6795095221202, 41.93584093097016], [-87.67952158388553, 41.93584085958534], [-87.67952148828023, 41.93583185345131], [-87.67950942651657, 41.93583192483611], [-87.67950933091299, 41.93582291870205], [-87.679497269151, 41.935822990085555], [-87.67949717354917, 41.93581398395145], [-87.67948511178884, 41.93581405533366], [-87.67948530298916, 41.935832067601886], [-87.67947324122538, 41.93583213898289], [-87.6794734324225, 41.9358501512511], [-87.67946137065529, 41.93585022263087], [-87.6794616574462, 41.93587724103316], [-87.67943753390146, 41.93587738378902], [-87.67943743830784, 41.93586837765489], [-87.6794253765371, 41.93586844903091], [-87.6794251853534, 41.93585043676257], [-87.67941312358602, 41.93585050813728], [-87.67941293240585, 41.93583249586884], [-87.67940087064183, 41.93583256724223], [-87.67940077505352, 41.93582356110797], [-87.67938871329113, 41.935823632480066], [-87.67938909563784, 41.93585965701712], [-87.67937703386863, 41.93585972838805], [-87.67937712945373, 41.935868734522295], [-87.67935300591178, 41.93586887726039], [-87.67935291033008, 41.9358598711261], [-87.67934084856073, 41.935859942493224], [-87.67934094414073, 41.935868948627544], [-87.67932888236965, 41.93586901999342], [-87.679328977948, 41.935878026127746], [-87.6792445455373, 41.935878525653564], [-87.67924444997084, 41.93586951951909], [-87.6790755851668, 41.935870518384185], [-87.67907548962413, 41.935861512249375], [-87.67901518077196, 41.93586186892661], [-87.6790149897037, 41.93584385665673], [-87.67900292793654, 41.93584392798833], [-87.67900283240418, 41.935834921853335], [-87.67899077063866, 41.935834993183654], [-87.67899067510804, 41.93582598704863], [-87.67896655158026, 41.93582612970541], [-87.67896645605308, 41.935817123570324], [-87.67899057957746, 41.935816980913586], [-87.67899048404692, 41.93580797477853], [-87.67900254580736, 41.935807903448286], [-87.67900245027516, 41.935798897313234], [-87.67908688258505, 41.93579839796619], [-87.67908630932159, 41.935744361156544], [-87.6790983710698, 41.93574428981633], [-87.67909817997892, 41.93572627754638], [-87.67918261219137, 41.93572577812964], [-87.67918251663413, 41.9357167719948], [-87.67919457837688, 41.935716700644505], [-87.67919276276525, 41.93554558408024], [-87.67920482447573, 41.93554551272911], [-87.67920520671524, 41.9355815372693], [-87.67921726843247, 41.9355814659168], [-87.67921765067946, 41.935617490456664], [-87.67924177412736, 41.935617347747694], [-87.67924167856215, 41.9356083416128], [-87.67925374028434, 41.935608270256445], [-87.67925364471748, 41.93559926412155], [-87.679241582997, 41.93559933547789], [-87.6792413918668, 41.93558132320802], [-87.6792534535839, 41.93558125185173], [-87.67925335801715, 41.9355722457168], [-87.67926541973252, 41.93557217435926], [-87.67926532416413, 41.93556316822432], [-87.67925326245047, 41.93556323958183], [-87.67925316688384, 41.93555423344688], [-87.67924110517183, 41.93555430480311], [-87.67924072291248, 41.935518280263004], [-87.6792527846177, 41.93551820890687], [-87.67925268905128, 41.93550920277183], [-87.67926475075477, 41.935509131414456], [-87.67926465518667, 41.935500125279425], [-87.67927671688841, 41.935500053920805], [-87.67927662131869, 41.935491047785774], [-87.67931280641855, 41.935490833702374], [-87.67931271084377, 41.9354818275674], [-87.67934889593815, 41.93548161347267], [-87.67934937383792, 41.935526644147025], [-87.67936143554444, 41.935526572779466], [-87.67936153112623, 41.935535578914276], [-87.67938565454253, 41.93553543617531], [-87.67938632363997, 41.93559847911823], [-87.67939838535995, 41.93559840774668], [-87.67939828977276, 41.93558940161204], [-87.67941035149099, 41.93558933023927], [-87.67940987354727, 41.93554429956597], [-87.67942193525697, 41.93554422819203], [-87.67942183966667, 41.93553522205736], [-87.67940977795867, 41.93553529343127], [-87.67940843972269, 41.935409207543934], [-87.67939637803839, 41.935409278916275], [-87.6793964736247, 41.9354182850512], [-87.67938441193867, 41.935418356422296], [-87.679384603108, 41.93543636869215], [-87.67937254141854, 41.93543644006201], [-87.67937263700158, 41.93544544619694], [-87.67934851361913, 41.93544558893292], [-87.67934860919883, 41.93545459506788], [-87.67933654750583, 41.935454666434005], [-87.67933664308387, 41.93546367256896], [-87.67932458138912, 41.93546374393383], [-87.67932467696552, 41.9354727500688], [-87.67930055357252, 41.935472892794785], [-87.67930045799955, 41.93546388665977], [-87.67927633460977, 41.93546402938064], [-87.67927623904022, 41.93545502324556], [-87.67926417734697, 41.93545509460407], [-87.67926408177914, 41.93544608846896], [-87.6792278967042, 41.935446302536825], [-87.67922780114152, 41.93543729640163], [-87.67920367776142, 41.935437439107176], [-87.67920329552469, 41.93540141456606], [-87.67921535720798, 41.935401343214025], [-87.67921507052581, 41.9353743248081], [-87.67922713220398, 41.93537425345487], [-87.67922703664165, 41.93536524731955], [-87.67923909831806, 41.93536517596506], [-87.67923900275407, 41.93535616982977], [-87.67925106442875, 41.93535609847403], [-87.67925068216647, 41.935320073932765], [-87.67926274383431, 41.935320002575864], [-87.67926264826716, 41.93531099644052], [-87.67927470993327, 41.935310925082376], [-87.67927461436445, 41.93530191894706], [-87.67928667602881, 41.93530184758766], [-87.67928658045835, 41.935292841452345], [-87.67929864212098, 41.935292770091706], [-87.67929854654886, 41.935283763956406], [-87.67928648488792, 41.93528383531702], [-87.67928638931754, 41.93527482918167], [-87.67931051263598, 41.93527468645921], [-87.67931079935742, 41.935301704865054], [-87.67932286102166, 41.935301633501865], [-87.6793230521729, 41.93531964577231], [-87.67934717550803, 41.93531950304202], [-87.67934707992899, 41.93531049690685], [-87.67933501826315, 41.9353105682726], [-87.67933473153138, 41.93528354986693], [-87.67934679319215, 41.935283478501255], [-87.67934669761327, 41.93527447236602], [-87.67935875927229, 41.93527440099909], [-87.67935885485285, 41.93528340713429], [-87.67937091651352, 41.935283335766066], [-87.67937158559053, 41.93534637871196], [-87.67938364726304, 41.93534630734231], [-87.67938383843169, 41.93536431961239], [-87.67937177675579, 41.93536439098208], [-87.679372063504, 41.93539140938717], [-87.67940824854682, 41.935391195274086], [-87.67940805737113, 41.93537318300419], [-87.67939599569362, 41.93537325437643], [-87.67939532659194, 41.93531021143116], [-87.67940738825756, 41.935310140059066], [-87.67940691032062, 41.93526510938356], [-87.67939484866348, 41.93526518075553], [-87.6793946574924, 41.93524716848518], [-87.67940671914614, 41.93524709711325], [-87.67940662355898, 41.93523809097807], [-87.67943074686295, 41.93523794823045], [-87.67943065127243, 41.935228942095286], [-87.67946683622299, 41.93522872796442], [-87.67946693181858, 41.935237734099516], [-87.67949105512213, 41.93523759133922], [-87.67949095952314, 41.93522858520417], [-87.67947889787307, 41.93522865658493], [-87.67947755951533, 41.93510257069267], [-87.67948962114166, 41.935102499312215], [-87.6794895255433, 41.93509349317698], [-87.67947746391869, 41.935093564557405], [-87.67947641235838, 41.93499449706848], [-87.67948847396433, 41.9349944256883], [-87.67948828276872, 41.93497641341745], [-87.67947622116615, 41.93497648479759], [-87.67947593437816, 41.93494946639112], [-87.67948799597562, 41.93494939501107], [-87.67948790037802, 41.93494038887557], [-87.67947583878225, 41.9349404602556], [-87.67947392687319, 41.934760337542315], [-87.67946186531131, 41.93476040892063], [-87.67946167412475, 41.934742396648936], [-87.67947373568323, 41.93474232527066], [-87.67947364008833, 41.934733319134814], [-87.67946157853154, 41.934733390513074], [-87.67946148293836, 41.9347243843772], [-87.67947354449346, 41.93472431299896], [-87.67947306651979, 41.93467928231945], [-87.67948512806635, 41.934679210940054], [-87.67948484127757, 41.93465219253223], [-87.67947277973612, 41.93465226391156], [-87.67947249295283, 41.934625245503554], [-87.6794845544892, 41.9346251741243], [-87.67948436329716, 41.93460716185228], [-87.67947230176419, 41.93460723323148], [-87.67947144141746, 41.93452617800642], [-87.67948350293518, 41.934526106627416], [-87.67948340733963, 41.934517100491256], [-87.67950753037152, 41.93451695772948], [-87.67950743477263, 41.93450795159335], [-87.67949537325839, 41.934508022974846], [-87.67949527766122, 41.934499016838664], [-87.67950733917375, 41.93449894545719], [-87.67950724357493, 41.93448993932103], [-87.6794951820641, 41.93449001070248], [-87.679494895273, 41.93446299229384], [-87.67947077226135, 41.9344631350528], [-87.6794693383626, 41.93432804300695], [-87.67949346132332, 41.93432790024866], [-87.67949327013078, 41.93430988797572], [-87.67946914717683, 41.93431003073393], [-87.67946905158401, 41.934301024597396], [-87.67949317453457, 41.93430088183924], [-87.6794930789384, 41.934291875702726], [-87.67946895599124, 41.93429201846085], [-87.67946886039852, 41.93428301232429], [-87.67945679892657, 41.93428308370142], [-87.6794556518376, 41.93417501006129], [-87.67946771328918, 41.93417493868443], [-87.6794673309208, 41.93413891413734], [-87.67947939236556, 41.9341388427593], [-87.67947929677189, 41.934129836622525], [-87.6794913582149, 41.93412976524324], [-87.6794914538103, 41.934138771379985], [-87.6795155766996, 41.93413862861757], [-87.67951548110082, 41.93412962248085], [-87.67984114004358, 41.93412769469277], [-87.67984123568814, 41.93413670082888], [-87.67987742001826, 41.93413648657312], [-87.67987732436858, 41.93412748043708], [-87.67988938581016, 41.93412740901598], [-87.67988948146153, 41.934136415152004], [-87.6799377272342, 41.93413612945486], [-87.67993763157605, 41.93412712331893], [-87.67994969301742, 41.93412705189151], [-87.67994978867726, 41.93413605802741], [-87.67997391156325, 41.93413591516871], [-87.67997400722655, 41.93414492130456], [-87.67998606867117, 41.93414484987328], [-87.6799861643362, 41.93415385600909], [-87.68001028722871, 41.93415371314269], [-87.68001019156029, 41.93414470700693], [-87.68002225300478, 41.93414463557185], [-87.68002215733472, 41.93413562943609], [-87.68003421877746, 41.93413555799977], [-87.68003412310574, 41.93412655186401], [-87.68005824598772, 41.93412640898762], [-87.68005815031265, 41.934117402851896], [-87.67992547447824, 41.934118188609126], [-87.67992537882186, 41.934109182473144], [-87.67984094875455, 41.9341096824205], [-87.67984085311011, 41.934100676284345], [-87.67965993155552, 41.93410174739074], [-87.67966002717452, 41.93411075352723], [-87.67964796573548, 41.934110824924204], [-87.67964806135284, 41.93411983106071], [-87.67963599991208, 41.934119902456445], [-87.67963590429642, 41.93411089631992], [-87.67952735134291, 41.93411153882433], [-87.6795274469433, 41.934120544961054], [-87.67944301685402, 41.934121044615914], [-87.67944311244256, 41.934130050752785], [-87.67941898955613, 41.93413019349996], [-87.67941927631186, 41.9341572119106], [-87.67943133776018, 41.93415714053758], [-87.6794316245214, 41.934184158948035], [-87.67941956306798, 41.93418423032111], [-87.67941965865343, 41.93419323645793], [-87.67943172010855, 41.934193165084814], [-87.67943200687029, 41.934220183495086], [-87.67941994541007, 41.934220254868265], [-87.67942080568237, 41.934301310098526], [-87.67940874420687, 41.93430138147064], [-87.67940893537556, 41.93431939374391], [-87.67942099685447, 41.934319322371756], [-87.67942109244059, 41.93432832850834], [-87.67943315392115, 41.934328257134894], [-87.679433249509, 41.93433726327146], [-87.67940912654444, 41.93433740601713], [-87.6794093177135, 41.93435541829029], [-87.67938519474197, 41.93435556103098], [-87.67938471683664, 41.934310530347744], [-87.67939677831393, 41.934310458978146], [-87.67939649156615, 41.9342834405681], [-87.67938443009395, 41.934283511937636], [-87.67938433451313, 41.9342745058009], [-87.67939639598364, 41.9342744344314], [-87.67939630040118, 41.93426542829468], [-87.67938423893237, 41.93426549966416], [-87.67938404777098, 41.934247487390614], [-87.6793961092364, 41.93424741602118], [-87.67939601365407, 41.9342384098844], [-87.67938395219035, 41.93423848125383], [-87.67938347428783, 41.93419345056965], [-87.67937141283254, 41.934193521937694], [-87.67937112609664, 41.93416650352696], [-87.6793590646464, 41.93416657489368], [-87.67935896906955, 41.934157568756696], [-87.6793710305181, 41.93415749739001], [-87.67937083936114, 41.93413948511609], [-87.679358777916, 41.93413955648273], [-87.67935858676259, 41.93412154420871], [-87.67933446387894, 41.93412168693809], [-87.6793343683057, 41.93411268080102], [-87.67932230686552, 41.93411275216379], [-87.67932240243705, 41.93412175830089], [-87.67926209522693, 41.934122115095875], [-87.67926199966388, 41.934113108958655], [-87.6791172623755, 41.93411396513713], [-87.67911716683285, 41.93410495899962], [-87.67902067531735, 41.934105529683734], [-87.67902057978833, 41.934096523546046], [-87.67900851835037, 41.93409659487582], [-87.67900861387773, 41.93410560101354], [-87.67898449099833, 41.93410574366937], [-87.67898439547437, 41.934096737531604], [-87.67897233403632, 41.93409680885759], [-87.6789722385141, 41.934087802719795], [-87.67899636138681, 41.93408766006659], [-87.67899626586124, 41.934078653928815], [-87.67900832729583, 41.93407858260035], [-87.67900842282307, 41.93408758873809], [-87.67903254569552, 41.934087446077285], [-87.67903245016488, 41.93407843993958], [-87.67905657303375, 41.934078297273764], [-87.67905666856778, 41.934087303411424], [-87.67908079143987, 41.934087160740475], [-87.67908069590243, 41.93407815460287], [-87.67911688020514, 41.93407794058703], [-87.67911678466267, 41.93406893444947], [-87.67912884609513, 41.934068863108344], [-87.67912894163929, 41.93407786924588], [-87.67914100307341, 41.934077797903456], [-87.67914090752754, 41.93406879176596], [-87.6791770918245, 41.93406857773118], [-87.67917690072271, 41.934050565456246], [-87.67911659357785, 41.93405092217432], [-87.67911668912024, 41.9340599283119], [-87.67910462768944, 41.93405999965174], [-87.67910453214874, 41.93405099351413], [-87.67906834786115, 41.93405120752596], [-87.67906844339676, 41.93406021366364], [-87.6790201976726, 41.93406049899511], [-87.67902010214378, 41.934051492857364], [-87.6789718564257, 41.93405177816847], [-87.6789717609037, 41.934042772030594], [-87.67895969947577, 41.93404284335518], [-87.67895979499608, 41.93405184949309], [-87.67893567213669, 41.9340519921385], [-87.67893557661978, 41.93404298600056], [-87.67891145376362, 41.93404312864087], [-87.67891135825016, 41.93403412250288], [-87.6788992968237, 41.93403419382111], [-87.67889939233547, 41.93404319995913], [-87.67887526947904, 41.93404334259183], [-87.67887536498746, 41.93405234872988], [-87.67880299640694, 41.934052776597724], [-87.6788029009087, 41.934043770459546], [-87.67879083948016, 41.9340438417664], [-87.67879055299079, 41.9340168233517], [-87.67875436872018, 41.93401703726446], [-87.6787544642115, 41.93402604340276], [-87.67873034136082, 41.934026186004985], [-87.67873043684878, 41.93403519214333], [-87.67863394543072, 41.93403576250168], [-87.67863384995631, 41.93402675636316], [-87.67862178853055, 41.93402682765223], [-87.67862188400326, 41.934035833790766], [-87.67858569972063, 41.93403604765045], [-87.67858560425302, 41.93402704151184], [-87.67857354282708, 41.93402711279584], [-87.6785734473612, 41.93401810665719], [-87.67858550878545, 41.934018035373214], [-87.67858541331792, 41.934009029234566], [-87.67857335189538, 41.93400910051852], [-87.6785732564296, 41.93400009437985], [-87.6785370721668, 41.93400030822405], [-87.67853669032445, 41.933964283668935], [-87.67854875173865, 41.933964212388894], [-87.67854865627646, 41.93395520625009], [-87.67856071768891, 41.93395513496879], [-87.67856062222509, 41.93394612883001], [-87.67857268363579, 41.93394605754747], [-87.67857277910132, 41.93395506368624], [-87.67858484051368, 41.93395499240241], [-87.67858464957928, 41.933936980124905], [-87.6785967109882, 41.93393690883987], [-87.67859661551938, 41.933927902701114], [-87.67858455411215, 41.93392797398614], [-87.67858407677713, 41.93388294329206], [-87.67859613817586, 41.93388287200715], [-87.67859594723878, 41.93386485972947], [-87.67855976305259, 41.93386507358027], [-87.67855957212583, 41.9338470613024], [-87.67854751073376, 41.933847132583416], [-87.67854741527215, 41.93383812644443], [-87.67853535388171, 41.933838197724164], [-87.67853516296202, 41.93382018544611], [-87.6785110401878, 41.933820328001694], [-87.6785109447314, 41.93381132186259], [-87.67849888334592, 41.93381139313846], [-87.67849878789129, 41.933802386999325], [-87.67848672650746, 41.93380245827391], [-87.67848663105455, 41.933793452134736], [-87.67851075381877, 41.93379330958436], [-87.67851065836251, 41.93378430344523], [-87.67852271974284, 41.93378423216816], [-87.67852281520081, 41.93379323830728], [-87.67854693796475, 41.93379309574931], [-87.67854684250341, 41.933784089610235], [-87.67855890388361, 41.93378401832936], [-87.67855880842062, 41.9337750121903], [-87.6785708697991, 41.9337749409082], [-87.67857077433445, 41.93376593476914], [-87.67858283571117, 41.933765863485796], [-87.67858274024486, 41.93375685734675], [-87.67859480161985, 41.93375678606214], [-87.67859461068399, 41.93373877378406], [-87.67857048794073, 41.9337389163519], [-87.67857039247626, 41.93372991021279], [-87.67854626973623, 41.933730052775516], [-87.6785460788142, 41.93371204049716], [-87.67855814018084, 41.933711969216475], [-87.67855794925558, 41.93369395693812], [-87.67857001061877, 41.93369388565621], [-87.67856991515451, 41.933684879517024], [-87.67858197651597, 41.93368480823387], [-87.67858188105006, 41.933675802094704], [-87.6785698196903, 41.93367587337783], [-87.67856972422612, 41.93366686723863], [-87.67831643569656, 41.933668363891236], [-87.67831634026807, 41.93365935775155], [-87.67828015619592, 41.933659571513395], [-87.67827948823326, 41.933596528534665], [-87.6782915495788, 41.933596457282135], [-87.67829145415404, 41.93358745114227], [-87.67830351549784, 41.93358737988851], [-87.6783037063508, 41.933605392168154], [-87.67831576769795, 41.93360532091308], [-87.67831605398281, 41.93363233933238], [-87.67834017668717, 41.93363219681829], [-87.67834027211894, 41.93364120295798], [-87.67835233347274, 41.933641131699], [-87.67835242890625, 41.93365013783866], [-87.67836449026171, 41.933650066578394], [-87.67836439482652, 41.93364106043877], [-87.67837645618023, 41.93364098917726], [-87.67837655161713, 41.93364999531687], [-87.67850922652386, 41.933649211356474], [-87.67850913106831, 41.9336402052171], [-87.6785211924215, 41.9336401339404], [-87.67852100150712, 41.933622121661664], [-87.67853306285687, 41.93362205038374], [-87.67853287193927, 41.933604038104995], [-87.67860524001658, 41.93360361041108], [-87.67860514454766, 41.93359460427184], [-87.67862926723635, 41.93359446169711], [-87.67862917176409, 41.93358545555788], [-87.67864123310667, 41.93358538426864], [-87.67864113763275, 41.93357637812943], [-87.6786531989736, 41.93357630683894], [-87.6786530080225, 41.9335582945605], [-87.67866506935991, 41.9335582232688], [-87.6786648784056, 41.93354021099035], [-87.67867693973957, 41.93354013969742], [-87.67867684426076, 41.93353113355818], [-87.67861653759897, 41.93353149001005], [-87.6786164421287, 41.9335224838707], [-87.6786043807979, 41.93352255515725], [-87.67860428532938, 41.93351354901787], [-87.67859222400024, 41.93351362030312], [-87.67859212853347, 41.93350461416371], [-87.67858006720596, 41.93350468544768], [-87.67857987627593, 41.93348667316873], [-87.67856781495178, 41.9334867444514], [-87.67856771948853, 41.93347773831188], [-87.67855565816603, 41.933477809593256], [-87.6785553717816, 41.93345079117457], [-87.678567433099, 41.933450719893266], [-87.67856724217287, 41.93343270761412], [-87.67855518085888, 41.93343277889537], [-87.67855479901392, 41.93339675433681], [-87.67856686032114, 41.93339668305563], [-87.67856676485832, 41.93338767691597], [-87.6785788261638, 41.93338760563357], [-87.6785785397705, 41.93336058721458], [-87.67859060107084, 41.93336051593096], [-87.67859031467285, 41.933333497511924], [-87.67860237596805, 41.93333342622711], [-87.67860218503289, 41.93331541394771], [-87.67854187857336, 41.93331577035889], [-87.67854197403244, 41.9333247764987], [-87.6785299127387, 41.933324847777165], [-87.67852981728132, 41.933315841637324], [-87.67851775598923, 41.93331591291449], [-87.67851785144492, 41.93332491905436], [-87.67846960626937, 41.93332520415044], [-87.67846951082048, 41.93331619801048], [-87.67845744952817, 41.93331626928132], [-87.678457354081, 41.933307263141344], [-87.67846941537162, 41.93330719187053], [-87.67846912902529, 41.93328017345055], [-87.67828820973801, 41.93328124237868], [-87.67828840058463, 41.933299254659346], [-87.67830046187414, 41.9332991834063], [-87.67830074814947, 41.93332620182713], [-87.67828868685487, 41.933326273080255], [-87.67828897312549, 41.933353291501014], [-87.67830103442519, 41.93335322024783], [-87.67830217953198, 41.93346129392935], [-87.67829011821193, 41.93346136518281], [-87.67828983193974, 41.933434346762546], [-87.67827777062473, 41.93343441801467], [-87.67827767520244, 41.93342541187454], [-87.6782656138891, 41.93342548312537], [-87.67826523220718, 41.93338945856459], [-87.67827729351376, 41.933389387313866], [-87.67827719809169, 41.93338038117364], [-87.67826513678682, 41.933380452424366], [-87.67826494594621, 41.93336244014387], [-87.67827700724769, 41.933362368893185], [-87.67827672098203, 41.9333353504724], [-87.67826465968564, 41.933335421722994], [-87.6782639917458, 41.933272378740504], [-87.67827605303032, 41.93327230749004], [-87.67827586218736, 41.933254295209245], [-87.67826380090624, 41.93325436645965], [-87.67826361006685, 41.93323635417874], [-87.67825154878908, 41.933236425427836], [-87.67825145337115, 41.93322741928734], [-87.67823939209502, 41.93322749053514], [-87.67823929667884, 41.933218484394615], [-87.67822723540438, 41.93321855564113], [-87.67822694916116, 41.93319153721938], [-87.67823901043053, 41.93319146597294], [-87.6782389150145, 41.93318245983234], [-87.67822685374682, 41.93318253107877], [-87.67822580419218, 41.9330834635311], [-87.67824992669019, 41.93308332103746], [-87.67824983127298, 41.93307431489672], [-87.67826189252021, 41.93307424364802], [-87.6782613200078, 41.93302020680342], [-87.67827338124482, 41.9330201355536], [-87.67827319040431, 41.933002123272], [-87.67828525163789, 41.93300205202095], [-87.67828515621599, 41.93299304588014], [-87.67830927867962, 41.9329929033743], [-87.6783093741049, 41.93300190951505], [-87.67832143533835, 41.9330018382602], [-87.67832124448444, 41.932983825978724], [-87.67833330571445, 41.932983754722656], [-87.67833321028584, 41.93297474858191], [-87.67836939397053, 41.93297453480617], [-87.6783694894042, 41.93298354094684], [-87.67838155063404, 41.93298346968571], [-87.67838164606945, 41.932992475826346], [-87.67839370730094, 41.932992404563905], [-87.67839361186384, 41.9329833984233], [-87.67841773432328, 41.9329832558947], [-87.67841763888282, 41.93297424975411], [-87.67842970011078, 41.932974178487925], [-87.67842960466868, 41.93296517234736], [-87.6784416658949, 41.93296510107992], [-87.67844157045111, 41.93295609493935], [-87.67845363167561, 41.93295602367068], [-87.6784535362302, 41.932947017530125], [-87.67846559745293, 41.9329469462602], [-87.67846550200585, 41.93293794011965], [-87.67847756322686, 41.932937868848484], [-87.67847746777814, 41.93292886270795], [-87.67848952899739, 41.93292879143555], [-87.67848943354701, 41.93291978529501], [-87.67850149476453, 41.93291971402137], [-87.6785013993125, 41.93291070788083], [-87.6785134605283, 41.932910636605946], [-87.67851336507461, 41.93290163046542], [-87.67850130386051, 41.932901701740285], [-87.67850111295667, 41.93288368945916], [-87.67848905174593, 41.93288376073272], [-87.67848847904561, 41.93282972388886], [-87.678476417845, 41.93282979516102], [-87.6784763223968, 41.932820789020305], [-87.67845219999887, 41.93282093156078], [-87.67845248633343, 41.932847949983014], [-87.67841630272092, 41.93284816378442], [-87.67841620728112, 41.93283915764362], [-87.67840414607855, 41.9328392289082], [-87.67840443239301, 41.93286624733062], [-87.67833206514621, 41.9328666748919], [-87.67833225600238, 41.93288468717371], [-87.67832019479103, 41.93288475842953], [-87.67832048107053, 41.9329117768522], [-87.67833254228697, 41.93291170559632], [-87.67833273314358, 41.93292971787799], [-87.67832067192374, 41.93292978913393], [-87.67832076735043, 41.93293879527476], [-87.67829664490722, 41.93293893778287], [-87.67829693117734, 41.932965956205436], [-87.67828486995059, 41.93296602745766], [-87.67828496537236, 41.9329750335985], [-87.67827290414387, 41.932975104849476], [-87.67827319040431, 41.933002123272], [-87.67826112917068, 41.93300219452178], [-87.67826103375218, 41.93299318838093], [-87.67824897252022, 41.93299325962941], [-87.67824887710347, 41.93298425348855], [-87.6782247546428, 41.93298439598166], [-87.67822465922947, 41.93297538984073], [-87.67821259800077, 41.93297546108538], [-87.6782125025892, 41.932966454944406], [-87.6782245638162, 41.93296638369977], [-87.67822227391065, 41.93275023631251], [-87.67819815153803, 41.93275037879941], [-87.67819862858265, 41.932795409506], [-87.67818656738778, 41.932795480747664], [-87.67818713983259, 41.93284951759523], [-87.67817507862752, 41.93284958883576], [-87.67817631890792, 41.932966668670666], [-87.67818838013505, 41.932966597429846], [-87.67818904799327, 41.93302964041672], [-87.67820110923223, 41.93302956917446], [-87.67820263580046, 41.93317366742715], [-87.67821469706652, 41.933173596183295], [-87.67821488789174, 41.93319160846456], [-87.67820282662227, 41.93319167970848], [-87.67820301744426, 41.93320969198975], [-87.67819095617136, 41.93320976323244], [-87.67819124239958, 41.933236781654315], [-87.67820330367756, 41.933236710411556], [-87.6782042577914, 41.93332677181661], [-87.67821631908632, 41.933326700572366], [-87.67821679615335, 41.93337173127425], [-87.67822885745672, 41.93337166002861], [-87.67822914370255, 41.93339867844951], [-87.6782170823941, 41.93339874969521], [-87.67821736863525, 41.93342576811603], [-87.67822942994877, 41.93342569687027], [-87.6782292391179, 41.93340768458977], [-87.678241300428, 41.93340761334279], [-87.67824158667945, 41.93343463176344], [-87.67822952536426, 41.93343470301049], [-87.67822971619539, 41.9334527152909], [-87.67821765487678, 41.933452786536726], [-87.678218227361, 41.93350682337773], [-87.67820616603217, 41.93350689462244], [-87.67820702474619, 41.93358794988318], [-87.6782190860903, 41.93358787863827], [-87.6782192769195, 41.933605890918244], [-87.678207215572, 41.93360596216319], [-87.67820797887701, 41.933678011282645], [-87.6781959175159, 41.93367808252651], [-87.6781981119943, 41.93388522374034], [-87.67821017339443, 41.933885152495975], [-87.67821055505199, 41.93392117705403], [-87.67819849364507, 41.933921248298496], [-87.67819887529654, 41.933957272856425], [-87.67821093671024, 41.933957201611875], [-87.67821160461386, 41.93402024458752], [-87.67822366603941, 41.934020173341544], [-87.67822423854011, 41.93407421017712], [-87.67823629997578, 41.93407413892976], [-87.67823687248823, 41.9341281757647], [-87.67822481104237, 41.9341282470122], [-87.67822509729407, 41.93415526542954], [-87.6782130358431, 41.93415533667585], [-87.6782148487475, 41.93432645331642], [-87.67822691023073, 41.93432638206969], [-87.67822700564888, 41.9343353882085], [-87.67821494416395, 41.93433545945526], [-87.678215134997, 41.93435347173288], [-87.67822719648532, 41.93435340048608], [-87.67822786441423, 41.93441644345716], [-87.67821580291404, 41.93441651470412], [-87.67821694791961, 41.93452458836745], [-87.67820488639903, 41.93452465961342], [-87.67820545889398, 41.934578696444454], [-87.67821752042477, 41.93457862519836], [-87.67821885627619, 41.9347047111351], [-87.67823091783067, 41.93470463988743], [-87.67823206287335, 41.934812713544986], [-87.67824412444814, 41.934812642295775], [-87.67824431529259, 41.93483065457179], [-87.6782322537144, 41.934830725821044], [-87.67823397129172, 41.934992836302996], [-87.67824603290045, 41.93499276505333], [-87.67824622374664, 41.93501077732877], [-87.67823416213452, 41.93501084857848], [-87.67823483008567, 41.93507389154222], [-87.67824689170968, 41.93507382029236], [-87.67824698713314, 41.935082826429955], [-87.67823492550744, 41.935082897679834], [-87.67823511635112, 41.93510090995504], [-87.6782471779802, 41.93510083870511], [-87.67824784594629, 41.93516388166769], [-87.67823578430531, 41.93516395291778], [-87.67823597514976, 41.93518196519272], [-87.67824803679412, 41.935181893942584], [-87.67824813221812, 41.93519090008], [-87.67823607057205, 41.935190971330165], [-87.67823740648869, 41.93531705725294], [-87.6782494681585, 41.93531698600247], [-87.67824994528213, 41.93536201668838], [-87.6782620069604, 41.93536194543654], [-87.67826372464503, 41.93552405590243], [-87.6782757863538, 41.93552398464892], [-87.6782765497873, 41.93559603374321], [-87.67828861150957, 41.93559596248825], [-87.67828947039085, 41.93567701771801], [-87.67830153212837, 41.93567694646159], [-87.67830124582912, 41.935649928051866], [-87.67831330756148, 41.93564985679423], [-87.6783132121268, 41.93564085065765], [-87.67830115039612, 41.93564092191525], [-87.67830076866457, 41.9356048973687], [-87.67831283038846, 41.93560482611118], [-87.67831273495399, 41.93559581997453], [-87.67833685839824, 41.935595677455744], [-87.67833647664722, 41.93555965290917], [-87.6783244149319, 41.935559724169096], [-87.67832422406003, 41.93554171189569], [-87.67833628577195, 41.93554164063579], [-87.67833619033439, 41.93553263449908], [-87.67834825204459, 41.935532563237935], [-87.67834815660535, 41.93552355710123], [-87.6783602183138, 41.93552348583885], [-87.67836002743212, 41.93550547356545], [-87.678396212547, 41.93550525977084], [-87.67839611710113, 41.935496253634184], [-87.67842024050744, 41.93549611109816], [-87.67842043140601, 41.93551412337137], [-87.67844455481894, 41.93551398083017], [-87.67844465027169, 41.9355229869667], [-87.67845671197978, 41.935522915694186], [-87.67845680743427, 41.9355319218307], [-87.67846886914403, 41.935531850556906], [-87.67846877368783, 41.935522844420404], [-87.67848083539585, 41.93552277314536], [-87.67848093085372, 41.93553177928182], [-87.67849299256338, 41.935531708005485], [-87.67849318348266, 41.9355497202783], [-87.67850524519568, 41.93554964900065], [-87.67850534065708, 41.93555865513702], [-87.67854152580094, 41.9355584412964], [-87.67854162126747, 41.93556744743268], [-87.6785536829837, 41.93556737614992], [-87.67855377845198, 41.93557638228617], [-87.67856584016987, 41.935576311002116], [-87.67856612658005, 41.9356033294107], [-87.67857818830298, 41.935603258125326], [-87.67857847471865, 41.935630276533715], [-87.67865084508584, 41.935629848794385], [-87.67865294570333, 41.935827983782396], [-87.67866500746837, 41.93582791248758], [-87.67866510295319, 41.93583691862322], [-87.67865304118645, 41.93583698991805], [-87.6786532321528, 41.935855002189314], [-87.67866529392293, 41.93585493089442], [-87.67866538940787, 41.935863937030014], [-87.67864126586419, 41.93586407961856], [-87.67864117038263, 41.93585507348292], [-87.67861704684215, 41.93585521606636], [-87.6786171423203, 41.935864222202035], [-87.67858095700416, 41.93586443606774], [-87.67858105247726, 41.93587344220347], [-87.67852074360768, 41.9358737986211], [-87.67852083907235, 41.935882804756936], [-87.67836403598426, 41.93588373129482], [-87.67836394054166, 41.9358747251587], [-87.67833981699238, 41.93587486768394], [-87.6783397215532, 41.93586586154776], [-87.67831559800715, 41.93586600406789], [-87.67831521626445, 41.935829979522865], [-87.67830315449815, 41.935830050780936], [-87.67830258189562, 41.9357760139628], [-87.67829052013946, 41.93577608521948], [-87.6782915698933, 41.93587515271922], [-87.67830363166813, 41.9358750814623], [-87.67830382253644, 41.93589309373474], [-87.67831588431463, 41.93589302247651], [-87.67831597975052, 41.935902028612695], [-87.67832804153036, 41.93590195735318], [-87.67832813696802, 41.93591096348932], [-87.67834019874951, 41.935910892228506], [-87.6783406759469, 41.935955922908896], [-87.67832861415692, 41.935955994169824], [-87.67832870959484, 41.93596500030587], [-87.67831664780313, 41.93596507156555], [-87.67831674323938, 41.935974077701616], [-87.67852179372143, 41.93597286611442], [-87.6785216982563, 41.93596385997873], [-87.67853376004729, 41.93596378869752], [-87.67853385551409, 41.935972794833184], [-87.67861828806156, 41.935972295829046], [-87.67861819258287, 41.93596328969354], [-87.67863025437349, 41.935963218402186], [-87.67863034985388, 41.93597222453767], [-87.67875096777469, 41.93597151155425], [-87.67875087227733, 41.935962505418985], [-87.6787749958576, 41.935962362807146], [-87.67877509135832, 41.93597136894237], [-87.6789801418122, 41.93597015653671], [-87.67898004628262, 41.93596115040187], [-87.67908860238491, 41.935960508392014], [-87.67908869792974, 41.935969514526654], [-87.67913694509197, 41.935969229155916], [-87.67913684954034, 41.93596022302136], [-87.679317776367, 41.93595915270087], [-87.67931806309839, 41.93598617110345], [-87.67933012489158, 41.93598609973855], [-87.67933022047049, 41.935995105872685], [-87.67935434406013, 41.93599496313904], [-87.67935415289556, 41.935976950870824], [-87.67936621468691, 41.93597687950216], [-87.67936611910298, 41.93596787336805], [-87.67937818089261, 41.93596780199812], [-87.67937808530704, 41.935958795864025], [-87.67940220888275, 41.93595865312041], [-87.67940230447171, 41.93596765925447], [-87.67942642805063, 41.93596751650575], [-87.67942633245828, 41.93595851037174], [-87.67948664139637, 41.935958153477884], [-87.67948673699719, 41.93596715961178], [-87.67952292236463, 41.93596694546019], [-87.67952282675869, 41.935957939326364], [-87.67954695033335, 41.93595779655235], [-87.67954733277091, 41.93599382108739], [-87.67960764174073, 41.93599346412973]], [[-87.67988439339007, 41.93592877878448], [-87.67987233160908, 41.93592885020753], [-87.67987223595411, 41.935919844074306], [-87.67986017417476, 41.93591991549606], [-87.67985988721523, 41.93589289709621], [-87.67987194898949, 41.93589282567452], [-87.67987185333469, 41.935883819541225], [-87.67988391510721, 41.93588374811829], [-87.6798840107637, 41.93589275425157], [-87.67989607253787, 41.93589268282733], [-87.67989635951267, 41.93591970122698], [-87.67988429773341, 41.935919772651275], [-87.67988439339007, 41.93592877878448]], [[-87.67908822020594, 41.93592448385335], [-87.67907615842375, 41.93592455519275], [-87.67907606288082, 41.93591554905802], [-87.6790881246613, 41.935915477718645], [-87.67908822020594, 41.93592448385335]], [[-87.67894281014792, 41.935862296897504], [-87.67893074837708, 41.93586236822154], [-87.67893065285482, 41.93585336208645], [-87.67894271462396, 41.93585329076242], [-87.67894281014792, 41.935862296897504]], [[-87.6787133500197, 41.93583663343118], [-87.67870128825314, 41.935836704731095], [-87.67870119276324, 41.93582769859553], [-87.6787132545281, 41.93582762729564], [-87.6787133500197, 41.93583663343118]], [[-87.67868769868049, 41.93569267785862], [-87.678675636941, 41.935692749155635], [-87.6786754459694, 41.93567473688393], [-87.67866338423326, 41.93567480817964], [-87.67866309778131, 41.935647789771934], [-87.67867515951237, 41.935647718476304], [-87.67867506402678, 41.935638712340385], [-87.67868712575611, 41.93563864104351], [-87.6786872212434, 41.9356476471794], [-87.67869928297436, 41.93564757588123], [-87.67869947395246, 41.935665588152915], [-87.6786874122181, 41.93566565945113], [-87.67868769868049, 41.93569267785862]], [[-87.67912173017649, 41.93567209805227], [-87.67909760670736, 41.93567224073618], [-87.67909751116225, 41.935663234601094], [-87.67908544942932, 41.93566330594112], [-87.67908535388595, 41.93565429980599], [-87.67909741561718, 41.935654228465985], [-87.67909703343737, 41.935618203925465], [-87.67910909516178, 41.93561813258429], [-87.67910899961524, 41.93560912644914], [-87.67913312306052, 41.935608983763025], [-87.67913321861045, 41.93561798989813], [-87.67915734205897, 41.9356178472069], [-87.67915772427271, 41.935653871746986], [-87.6791456625417, 41.93565394309332], [-87.67914575809355, 41.93566294922833], [-87.67912163462799, 41.93566309191724], [-87.67912173017649, 41.93567209805227]], [[-87.67912048804938, 41.935555018295666], [-87.67908430291179, 41.935555232318734], [-87.67908420736896, 41.93554622618344], [-87.67912039250145, 41.93554601216044], [-87.67912048804938, 41.935555018295666]], [[-87.6783960216553, 41.93548724749752], [-87.67838395995378, 41.93548731876361], [-87.67838376906563, 41.935469306490184], [-87.67835964566925, 41.93546944901848], [-87.67835974110989, 41.93547845515524], [-87.67834767940994, 41.93547852641751], [-87.67834777484894, 41.935487532554276], [-87.67833571314723, 41.93548760381531], [-87.67833523596117, 41.93544257313119], [-87.67834729765438, 41.93544250187028], [-87.67834710677687, 41.93542448959658], [-87.67837123015639, 41.93542434707104], [-87.6783711347143, 41.93541534093421], [-87.67833494965005, 41.93541555472055], [-87.67833466333931, 41.935388536309766], [-87.67834672502235, 41.935388465049], [-87.67834643870692, 41.93536144663816], [-87.67833437702899, 41.935361517898876], [-87.6783342815923, 41.93535251176187], [-87.67834634326854, 41.93535244050118], [-87.67834624783019, 41.9353434343642], [-87.67835830950472, 41.93534336310227], [-87.67835821406472, 41.93533435696529], [-87.67841852242812, 41.93533400063672], [-87.67841871332513, 41.93535201291044], [-87.67840665164914, 41.93535208417873], [-87.67840693798989, 41.93537910258928], [-87.67841899967097, 41.93537903132091], [-87.67841928601719, 41.93540604973128], [-87.67840722433102, 41.9354061209997], [-87.67840731977815, 41.93541512713647], [-87.6783831964023, 41.93541526966957], [-87.67838329184607, 41.93542427580637], [-87.67841947691488, 41.93542406200476], [-87.67842004960904, 41.935478098824895], [-87.67839592620952, 41.93547824136083], [-87.6783960216553, 41.93548724749752]], [[-87.67848007173438, 41.935450724053204], [-87.67845594834547, 41.93545086660168], [-87.6784556619833, 41.935423848191746], [-87.6784677236727, 41.935423776918206], [-87.67846781912841, 41.93543278305485], [-87.67849194251045, 41.935432640503926], [-87.67849203796959, 41.935441646640506], [-87.67847997627689, 41.935441717916625], [-87.67848007173438, 41.935450724053204]], [[-87.67833418615565, 41.93534350562486], [-87.67829800113172, 41.93534371939926], [-87.67829733311204, 41.93528067643931], [-87.67830939477484, 41.93528060518261], [-87.67830920390908, 41.93526259290826], [-87.67832126556844, 41.93526252165032], [-87.67832136100301, 41.935271527787485], [-87.67833342266402, 41.93527145652826], [-87.67833380440949, 41.93530748107668], [-87.67832174274169, 41.93530755233599], [-87.67832183817646, 41.935316558473076], [-87.67833389984597, 41.93531648721375], [-87.67833418615565, 41.93534350562486]], [[-87.67830910847626, 41.93525358677105], [-87.67829704681854, 41.9352536580277], [-87.67829647423272, 41.93519962120406], [-87.67830853588026, 41.93519954994755], [-87.67830844044775, 41.93519054381026], [-87.67832050209354, 41.935190472552506], [-87.67832059752776, 41.935199478689775], [-87.67833265917521, 41.93519940743073], [-87.67833275461116, 41.93520841356798], [-87.67834481626026, 41.93520834230764], [-87.67834491169795, 41.935217348444844], [-87.6783569733487, 41.93521727718323], [-87.67835716422762, 41.93523528945755], [-87.67834510257346, 41.93523536071922], [-87.67834519801129, 41.93524436685638], [-87.67830901304349, 41.93524458063384], [-87.67830910847626, 41.93525358677105]], [[-87.67836827147197, 41.93514515682267], [-87.67835620983482, 41.935145228085375], [-87.6783561143958, 41.93513622194809], [-87.6783440527603, 41.9351362932095], [-87.67834395732301, 41.93512728707217], [-87.67833189568917, 41.935127358332295], [-87.67833170481809, 41.935109346057544], [-87.67834376644853, 41.93510927479746], [-87.67834386188575, 41.935118280934816], [-87.67835592351784, 41.935118209673455], [-87.67835601895679, 41.93512721581077], [-87.67836808059053, 41.93512714454812], [-87.67836827147197, 41.93514515682267]], [[-87.67835468281542, 41.93500112988693], [-87.67831849798517, 41.93500134366637], [-87.67831821168555, 41.93497432525355], [-87.67833027329058, 41.934974253995065], [-87.678330082421, 41.934956241719824], [-87.6783421440226, 41.93495617046011], [-87.67834233489558, 41.934974182735324], [-87.67835439650052, 41.9349741114743], [-87.67835468281542, 41.93500112988693]], [[-87.67842686157772, 41.93498269001903], [-87.67841479997135, 41.934982761287664], [-87.67841451363127, 41.934955742875296], [-87.67842657523255, 41.934955671606716], [-87.67842647978425, 41.934946665469255], [-87.67840235658502, 41.93494680800509], [-87.67840226114015, 41.93493780186756], [-87.67837813794414, 41.93493794439828], [-87.6783779470613, 41.93491993212311], [-87.67836588546663, 41.934920003386516], [-87.67836579002699, 41.934910997248885], [-87.67837785161997, 41.93491092598549], [-87.67837775617866, 41.93490191984788], [-87.67838981776991, 41.93490184858323], [-87.67838972232697, 41.93489284244561], [-87.67841384550593, 41.93489269991259], [-87.67841403639865, 41.934910712187715], [-87.67842609799146, 41.93491064091925], [-87.67842638433599, 41.93493765933177], [-87.67843844593384, 41.934937588061985], [-87.67843873228385, 41.93496460647432], [-87.6784266706809, 41.93496467774416], [-87.67842686157772, 41.93498269001903]], [[-87.67834147596852, 41.93489312749648], [-87.6783294143788, 41.93489319875603], [-87.67832931894436, 41.934884192618284], [-87.6783172573563, 41.93488426387655], [-87.67831697105836, 41.93485724546316], [-87.67832903264134, 41.93485717420497], [-87.67832865090459, 41.934821149653686], [-87.67838895878491, 41.93482079334417], [-87.67838905422751, 41.9348297994819], [-87.67840111580513, 41.93482972821618], [-87.67840102036084, 41.93482072207847], [-87.67841308193671, 41.934820650811496], [-87.67841365461335, 41.9348746876374], [-87.67834128509631, 41.93487511522101], [-87.67834147596852, 41.93489312749648]], [[-87.67935445819226, 41.9348691248999], [-87.6792941502785, 41.93486948171684], [-87.67929405470842, 41.93486047558087], [-87.67925786996473, 41.934860689655764], [-87.67925777439979, 41.934851683519696], [-87.67924571282018, 41.934851754875446], [-87.67924561725697, 41.93484274873935], [-87.679233555679, 41.934842820093806], [-87.67923346011754, 41.93483381395767], [-87.67922139854124, 41.93483388531083], [-87.67922120742185, 41.93481587303848], [-87.67920914584889, 41.93481594439033], [-87.67920885917522, 41.93478892598161], [-87.67919679760729, 41.93478899733213], [-87.67919641538315, 41.934752972786896], [-87.67920847694428, 41.93475290143647], [-87.67920828582906, 41.934734889163806], [-87.67923240894442, 41.934734746459235], [-87.6792322178226, 41.934716734186615], [-87.67924427937682, 41.93471666283247], [-87.67924408825178, 41.93469865055983], [-87.67926821135329, 41.934698507847834], [-87.67926811578744, 41.93468950171154], [-87.67929223888538, 41.934689358994525], [-87.67929195217792, 41.93466234058567], [-87.67927989063406, 41.93466241194476], [-87.67927979506669, 41.934653405808426], [-87.67926773352448, 41.9346534771662], [-87.67926763795886, 41.93464447102983], [-87.67923145333705, 41.93464468509551], [-87.67923135777656, 41.934635678959054], [-87.6791107423847, 41.93463639242878], [-87.67911064684121, 41.93462738629209], [-87.67909858530346, 41.93462745763207], [-87.67909868084526, 41.93463646376878], [-87.67908661930579, 41.934636535107515], [-87.67908671484592, 41.93464554124424], [-87.67907465330471, 41.934645612581726], [-87.67907474884319, 41.934654618718454], [-87.679014441128, 41.93465497538702], [-87.67901434559802, 41.934645969250184], [-87.67900228405654, 41.93464604058007], [-87.67900218852829, 41.9346370344432], [-87.6789660039087, 41.9346372484252], [-87.67896619495508, 41.934655260699074], [-87.67894207186835, 41.934655403347485], [-87.67894188082875, 41.934637391073515], [-87.67892981928871, 41.9346374623958], [-87.67892991480679, 41.934646468532804], [-87.6789057917232, 41.934646611173584], [-87.6789056962085, 41.93463760503653], [-87.67889363466834, 41.93463767635499], [-87.67889344364248, 41.93461966408079], [-87.67886932056881, 41.93461980671384], [-87.67886912954992, 41.934601794439494], [-87.67884500648286, 41.93460193706737], [-87.67884443344758, 41.93454790024372], [-87.67883237192416, 41.93454797155563], [-87.67883208541221, 41.93452095314355], [-87.67884414693053, 41.93452088183171], [-87.67884395591939, 41.93450286955695], [-87.67886807894914, 41.93450272692955], [-87.67886779242255, 41.93447570851745], [-87.67889191544195, 41.93447556588514], [-87.67889201095416, 41.93448457202248], [-87.678928195488, 41.934484358064424], [-87.67892829100533, 41.93449336420168], [-87.67896447554388, 41.93449315023216], [-87.67896466658887, 41.93451116250648], [-87.67897672810503, 41.934511091180724], [-87.67897682362928, 41.93452009731786], [-87.67901300818257, 41.93451988333293], [-87.67901310371197, 41.93452888946996], [-87.67908547282754, 41.93452846146577], [-87.67908537728798, 41.934519455328854], [-87.67909743880539, 41.93451938399041], [-87.67909715218185, 41.93449236557968], [-87.67907302915715, 41.93449250825516], [-87.67907283808181, 41.93447449598118], [-87.67909696109972, 41.93447435330578], [-87.6790968655587, 41.93446534716881], [-87.67908480405147, 41.934465418507116], [-87.6790847085122, 41.93445641237012], [-87.67907264700662, 41.93445648370713], [-87.6790725514691, 41.93444747757009], [-87.67906048996517, 41.93444754890583], [-87.67906058550099, 41.9344565550429], [-87.67904852399533, 41.93445662637738], [-87.67904804632511, 41.9344115956918], [-87.67907216931944, 41.934411453021774], [-87.67907226485679, 41.93442045915887], [-87.67908432635558, 41.934420387821945], [-87.67908442189467, 41.934429393959014], [-87.67909648339511, 41.93442932262079], [-87.67909657893595, 41.934438328757814], [-87.67913276344213, 41.934438114735485], [-87.6791326678962, 41.93442910859852], [-87.67914472939648, 41.934429037255235], [-87.6791446338489, 41.934420031118286], [-87.67915669534743, 41.934419959773756], [-87.67915659979822, 41.93441095363681], [-87.67918072279176, 41.93441081094399], [-87.67918081834438, 41.93441981708089], [-87.67919287984277, 41.93441974573255], [-87.67919297539713, 41.93442875186941], [-87.6792050368972, 41.934428680519794], [-87.67920513245329, 41.93443768665662], [-87.67922925545666, 41.93443754395353], [-87.67922906433772, 41.93441953167996], [-87.67924112583596, 41.93441946032655], [-87.67924093471379, 41.93440144805297], [-87.67919268873418, 41.934401733458785], [-87.67919249762578, 41.934383721184965], [-87.67915631315078, 41.934383935225895], [-87.67915621760173, 41.93437492908889], [-87.6791320946216, 41.93437507177645], [-87.67913199907598, 41.934366065639395], [-87.67911993758754, 41.93436613698126], [-87.67911974649982, 41.93434812470705], [-87.6790956235296, 41.93434826738689], [-87.67909571907005, 41.93435727352405], [-87.67908365758316, 41.934357344862086], [-87.67908356204443, 41.9343483387249], [-87.6790715005592, 41.93434841006165], [-87.67907159609625, 41.93435741619887], [-87.67905953460928, 41.93435748753437], [-87.67905963014468, 41.93436649367158], [-87.67903550716723, 41.934366636338844], [-87.67903531610328, 41.93434862406432], [-87.67904737758862, 41.934348552731365], [-87.67904699545446, 41.93431252818224], [-87.67905905693297, 41.93431245684811], [-87.67905877032771, 41.93428543843618], [-87.67904670885427, 41.93428550977025], [-87.67904661332098, 41.93427650363287], [-87.67903455184918, 41.93427657496566], [-87.67903445631762, 41.93426756882826], [-87.67902239484751, 41.93426764015974], [-87.67902201272847, 41.93423161560992], [-87.67903407419182, 41.934231544278525], [-87.67903397866047, 41.93422253814106], [-87.67902191719882, 41.93422260947243], [-87.67902182166922, 41.93421360333491], [-87.67900976020923, 41.934213674664996], [-87.67900956915354, 41.9341956623899], [-87.67898544624022, 41.934195805046166], [-87.67898554176465, 41.934204811183776], [-87.67896141884775, 41.93420495383503], [-87.67896151436882, 41.93421395997266], [-87.67890120706734, 41.93421431657873], [-87.6789014936054, 41.93424133499188], [-87.67882912481163, 41.93424176287775], [-87.67882922031421, 41.93425076901558], [-87.67886540471638, 41.93425055507827], [-87.67886559573188, 41.93426856735373], [-87.67885353426114, 41.934268638667476], [-87.67885382077961, 41.93429565708064], [-87.67886588225545, 41.934295585766826], [-87.67886597776338, 41.93430459190449], [-87.67887803924087, 41.93430452058938], [-87.67887813475055, 41.93431352672702], [-87.67889019622969, 41.93431345541063], [-87.6788902917411, 41.93432246154823], [-87.67890235322189, 41.93432239023054], [-87.67890244873504, 41.934331396368094], [-87.67889038725257, 41.934331467685794], [-87.67889086481054, 41.93437649837349], [-87.67887880331953, 41.93437656969004], [-87.67887889882957, 41.93438557582756], [-87.67884271435119, 41.93438578976968], [-87.67884261884626, 41.93437678363208], [-87.67883055735507, 41.93437685494356], [-87.67882998433652, 41.93432281811763], [-87.67881792285547, 41.934322889427705], [-87.67881734984866, 41.93426885260113], [-87.67880528837775, 41.934268923909805], [-87.67880481088176, 41.93422389322046], [-87.67879274941929, 41.934223964527774], [-87.67879265392192, 41.93421495838982], [-87.6788047153827, 41.93421488708255], [-87.67880442888575, 41.934187868668744], [-87.678828551797, 41.934187726050524], [-87.67882864729933, 41.934196732188425], [-87.67886483167096, 41.93419651825152], [-87.67886473616353, 41.93418751211368], [-87.67888885907435, 41.93418736948279], [-87.67888847703153, 41.93415134493148], [-87.6789005384801, 41.93415127361421], [-87.67890044296779, 41.93414226747636], [-87.67900899598753, 41.93414162556426], [-87.67900918704268, 41.93415963783952], [-87.6790212484925, 41.93415956650958], [-87.67902134402185, 41.934168572647174], [-87.67900928257035, 41.93416864397715], [-87.67900937809803, 41.93417765011475], [-87.67904556245752, 41.93417743612096], [-87.67904546692473, 41.93416842998344], [-87.67909371272998, 41.93416814464076], [-87.67909390380916, 41.93418615691563], [-87.67904565799033, 41.934186442258486], [-87.67904575352321, 41.93419544839599], [-87.67905781497967, 41.93419537706216], [-87.67905791051429, 41.93420438319962], [-87.67908203343048, 41.9342042405281], [-87.67908193789248, 41.93419523439068], [-87.67909399934881, 41.93419516305303], [-87.67909390380916, 41.93418615691563], [-87.67911802671831, 41.934186014236595], [-87.6791179311753, 41.93417700809921], [-87.67912999262812, 41.934176936757815], [-87.67912989708347, 41.93416793062043], [-87.67915401998556, 41.934167787933895], [-87.67915411553362, 41.93417679407123], [-87.67919029989153, 41.93417658003184], [-87.6791902043384, 41.934167573894584], [-87.67922638869082, 41.93416735984386], [-87.67922629313264, 41.93415835370665], [-87.67921423168357, 41.93415842505813], [-87.67921404057073, 41.93414041278363], [-87.6792261020164, 41.93414034143217], [-87.67922619757451, 41.934149347569424], [-87.67923825902183, 41.934149276216694], [-87.67923816346205, 41.934140270079475], [-87.67926228635318, 41.93414012737026], [-87.67926219079004, 41.93413112123307], [-87.67927425223385, 41.93413104987659], [-87.67927434779868, 41.93414005601375], [-87.67928640924414, 41.934139984655985], [-87.67928650481072, 41.93414899079311], [-87.67927444336357, 41.93414906215091], [-87.6792745389285, 41.93415806828804], [-87.67928660037735, 41.934157996930224], [-87.67928650481072, 41.93414899079311], [-87.67929856625784, 41.934148919434044], [-87.67929847068956, 41.93413991329694], [-87.67931053213492, 41.93413984193664], [-87.67931043656499, 41.93413083579953], [-87.67932249800864, 41.93413076443799], [-87.67932259358027, 41.93413977057506], [-87.67933465502554, 41.93413969921222], [-87.67933494174578, 41.934166717623285], [-87.6793228802954, 41.934166788986204], [-87.67932297586721, 41.93417579512322], [-87.67933503731928, 41.93417572376028], [-87.6793352284664, 41.93419373603423], [-87.67932316701093, 41.93419380739721], [-87.67932326258287, 41.93420281353418], [-87.67931120112566, 41.93420288489591], [-87.67931148783663, 41.93422990330682], [-87.67933561076119, 41.93422976058196], [-87.67933570633498, 41.93423876671884], [-87.67931158340704, 41.93423890944376], [-87.679311774548, 41.934256921717584], [-87.67932383601537, 41.93425685035572], [-87.67932412273223, 41.934283868766315], [-87.67933618420466, 41.934283797403104], [-87.67933647092698, 41.93431081581348], [-87.67934853240446, 41.93431074444896], [-87.67934910586047, 41.93436478126919], [-87.67933704437282, 41.93436485263387], [-87.67933819126918, 41.93447292627309], [-87.6793502527772, 41.934472854908144], [-87.67935044393059, 41.9344908671811], [-87.67933838241919, 41.934490938546084], [-87.67933847799425, 41.93449994468256], [-87.67935053950735, 41.93449987331755], [-87.67935225989658, 41.934661983771306], [-87.67936432144019, 41.93466191240462], [-87.67936460817818, 41.93468893081308], [-87.67935254662949, 41.934689002179816], [-87.67935331125251, 41.93476105126853], [-87.67936537281477, 41.93476097990161], [-87.67936604187408, 41.93482402285334], [-87.67935398029994, 41.9348240942204], [-87.67935445819226, 41.9348691248999]], [[-87.67943879367928, 41.93485961916725], [-87.67940260893717, 41.93485983328775], [-87.67940241776661, 41.93484182101616], [-87.6793903561892, 41.93484189238707], [-87.67938920918994, 41.93473381875601], [-87.67940127074698, 41.93473374738535], [-87.67940069723953, 41.93467971056918], [-87.67941275878636, 41.934679639197384], [-87.67941256761415, 41.93466162692526], [-87.67940050607072, 41.934661698297006], [-87.67940041048638, 41.934652692160896], [-87.67938834894461, 41.934652763531346], [-87.67938825336202, 41.9346437573952], [-87.67937619182189, 41.934643828764365], [-87.67937609624104, 41.93463482262818], [-87.67938815777947, 41.93463475125904], [-87.67938806219696, 41.93462574512287], [-87.67940012373364, 41.934625673752485], [-87.67940002814947, 41.93461666761632], [-87.67942415121932, 41.934616524871785], [-87.67942424680687, 41.93462553100791], [-87.67944836987994, 41.93462538825827], [-87.67944856106196, 41.93464340053039], [-87.67943649952207, 41.93464347190588], [-87.67943659511145, 41.934652478041926], [-87.6794245335698, 41.934652549416185], [-87.67942501150888, 41.93469758009636], [-87.679437073059, 41.93469750872199], [-87.67943793336738, 41.93477856394521], [-87.67944999493274, 41.93477849256936], [-87.67945018611624, 41.93479650484098], [-87.6794381245475, 41.93479657621686], [-87.67943822013763, 41.93480558235268], [-87.67945028170806, 41.934805510976766], [-87.67945075966782, 41.93485054165549], [-87.6794386980889, 41.93485061303152], [-87.67943879367928, 41.93485961916725]], [[-87.67857026429175, 41.934855748775085], [-87.6785461411275, 41.93485589134089], [-87.67854595019796, 41.93483787906608], [-87.67853388861916, 41.93483795034703], [-87.67853360223026, 41.93481093193464], [-87.67856978695127, 41.934810718088194], [-87.67857026429175, 41.934855748775085]], [[-87.6786062580913, 41.934837522642326], [-87.67859419651272, 41.9348375939296], [-87.67859410104124, 41.934828587792275], [-87.67860616261812, 41.934828516505], [-87.6786062580913, 41.934837522642326]], [[-87.6785096700018, 41.93482908676764], [-87.67849760842458, 41.93482915804477], [-87.6784975129667, 41.93482015190724], [-87.67850957454225, 41.934820080630125], [-87.6785096700018, 41.93482908676764]], [[-87.67861784229586, 41.934792420667165], [-87.67856959601538, 41.93479270581332], [-87.67856930961186, 41.934765687400926], [-87.67858137117697, 41.93476561611635], [-87.67858127570751, 41.934756609978876], [-87.67856921414412, 41.93475668126342], [-87.67856930961186, 41.934765687400926], [-87.67850900178573, 41.934766043804785], [-87.67850909724504, 41.934775049942374], [-87.67843672784205, 41.93477547758533], [-87.67843663239292, 41.9347664714476], [-87.67838838613018, 41.93476675651748], [-87.67838848157254, 41.934775762655306], [-87.67835229686993, 41.93477597644446], [-87.67835220143267, 41.93476697030659], [-87.67834013986675, 41.93476704156709], [-87.67834004443124, 41.934758035429155], [-87.67832798286697, 41.934758106688385], [-87.6783278874332, 41.93474910055043], [-87.67831582587057, 41.93474917180835], [-87.67831534871084, 41.934704141118225], [-87.67830328715667, 41.93470421237477], [-87.67830309629647, 41.934686200098575], [-87.678327219398, 41.934686057584315], [-87.67832712396458, 41.93467705144624], [-87.67833918551358, 41.93467698018724], [-87.6783390900785, 41.93466797404916], [-87.67835115162575, 41.9346679027889], [-87.67835096075235, 41.93464989051278], [-87.67833889920848, 41.93464996177298], [-87.67833861290376, 41.934622943358626], [-87.67835067444254, 41.93462287209847], [-87.67835048356956, 41.9346048598222], [-87.67833842203417, 41.934604931082305], [-87.67833832659944, 41.93459592494413], [-87.67830214199812, 41.93459613871674], [-87.67830195113896, 41.934578126440215], [-87.67831401266939, 41.934578055183984], [-87.6783139172382, 41.93456904904572], [-87.67828979418069, 41.93456919155687], [-87.6782896987529, 41.93456018541854], [-87.67827763722579, 41.93456025667219], [-87.67827658754187, 41.9344611891494], [-87.67830071055874, 41.93446104664134], [-87.6783006151298, 41.934452040502855], [-87.67831267663648, 41.93445196924693], [-87.67831248577532, 41.93443395696999], [-87.67832454727856, 41.934433885712835], [-87.6783246427108, 41.934442891851305], [-87.6783367042157, 41.934442820592885], [-87.6783369905178, 41.9344698390081], [-87.67836111353763, 41.93446969648731], [-87.67836101810016, 41.93446069034897], [-87.67834895659198, 41.93446076160997], [-87.67834876572054, 41.93444274933318], [-87.67836082722535, 41.93444267807222], [-87.678360731788, 41.93443367193382], [-87.67839691629707, 41.9344334581434], [-87.6783972026245, 41.934460476558336], [-87.67838514111642, 41.93446054782315], [-87.67838542743914, 41.93448756623802], [-87.67859047315686, 41.93448635456285], [-87.67859037768707, 41.93447734842495], [-87.67862656221908, 41.93447713456199], [-87.67862637126946, 41.934459122286285], [-87.67857812524025, 41.934459407434204], [-87.67857783883647, 41.93443238902027], [-87.678601961841, 41.93443224644898], [-87.6786017708986, 41.93441423417305], [-87.67857764790085, 41.93441437674424], [-87.67857755243311, 41.934405370606214], [-87.67856549093588, 41.93440544188989], [-87.6785649181405, 41.93435140506124], [-87.67857697962754, 41.934351333777705], [-87.67857688416011, 41.93434232763957], [-87.67860100713068, 41.934342185068736], [-87.6786009116599, 41.93433317893062], [-87.67858885017631, 41.93433325021665], [-87.67858865923826, 41.93431523794036], [-87.67857659775804, 41.934315309225084], [-87.67857640682355, 41.93429729694869], [-87.67855228386975, 41.93429743951423], [-87.67855218840597, 41.93428843337597], [-87.6785280654554, 41.93428857593641], [-87.67852796999505, 41.934279569798086], [-87.67851590852139, 41.93427964107639], [-87.67851600398005, 41.93428864721473], [-87.67850394250465, 41.93428871849179], [-87.67850403796166, 41.934297724630134], [-87.67845579205284, 41.93429800972576], [-87.67845569660263, 41.93428900358732], [-87.67844363512702, 41.93428907485803], [-87.6784439214727, 41.93431609327338], [-87.67843185999196, 41.934316164542906], [-87.67843147820459, 41.93428013998898], [-87.67841941673059, 41.934280211257146], [-87.67841932128555, 41.9342712051186], [-87.6784072598132, 41.93427127638548], [-87.67840706892665, 41.93425326410831], [-87.67839500745764, 41.93425333537387], [-87.67839567554947, 41.93431637834386], [-87.67838361406855, 41.9343164496083], [-87.67838370950871, 41.934325455746844], [-87.67835958654334, 41.93432559827198], [-87.67835968198017, 41.934334604410545], [-87.6783234975267, 41.93433481818883], [-87.6783233066633, 41.93431680591154], [-87.6783112451821, 41.9343168771684], [-87.67831114975216, 41.93430787102972], [-87.67829908827264, 41.93430794228528], [-87.67829794313708, 41.934199868619686], [-87.67831000459624, 41.934199797364386], [-87.67830990916687, 41.93419079122552], [-87.67839433936796, 41.93419029240318], [-87.67839472113323, 41.93422631695794], [-87.67840678259715, 41.93422624569245], [-87.6784064008251, 41.93419022113777], [-87.67855113830718, 41.93418936585411], [-87.67855104284392, 41.934180359715675], [-87.67856310429877, 41.93418028843382], [-87.6785633906938, 41.934207306849025], [-87.67858751361356, 41.93420716428139], [-87.67858741814513, 41.934198158143055], [-87.67859947960325, 41.93419808685736], [-87.67859938413315, 41.93418908071902], [-87.67864762995843, 41.934188795563664], [-87.6786482982975, 41.93425183853106], [-87.67867242123364, 41.93425169594548], [-87.67867213479215, 41.934224677531084], [-87.67870831918076, 41.934224463643396], [-87.67870822369527, 41.934215457505296], [-87.67873234661738, 41.93421531490721], [-87.67873215563974, 41.934197302631084], [-87.67874421709733, 41.93419723133018], [-87.6787441216069, 41.93418822519212], [-87.67875618306275, 41.93418815388999], [-87.67875646953932, 41.93421517230407], [-87.67876853100024, 41.93421510100059], [-87.67876891297641, 41.93425112555241], [-87.67875685150871, 41.93425119685597], [-87.67875847488637, 41.93440430119903], [-87.67874641338979, 41.93440437250172], [-87.67874736830674, 41.93449443387827], [-87.6786629377107, 41.934494932963126], [-87.67866303319076, 41.93450393910084], [-87.67862684864386, 41.934504152975414], [-87.67862694411889, 41.934513159113216], [-87.67861488260147, 41.93451323040222], [-87.67861497807482, 41.93452223654002], [-87.67857879351722, 41.934522450399534], [-87.67857888898553, 41.93453145653738], [-87.67856682746455, 41.93453152782136], [-87.6785669229312, 41.934540533959215], [-87.67855486140847, 41.93454060524197], [-87.67855495687348, 41.93454961137982], [-87.67854289534903, 41.93454968266133], [-87.67854299081237, 41.9345586887992], [-87.67853092928617, 41.93455876007946], [-87.6785312156714, 41.93458577849305], [-87.6785432772027, 41.934585707212726], [-87.67854337266624, 41.93459471335054], [-87.67853131113324, 41.93459478463088], [-87.67853140659511, 41.93460379076871], [-87.67856759119904, 41.93460357692379], [-87.67856749573208, 41.93459457078604], [-87.67859161879775, 41.93459442821649], [-87.67859152332744, 41.93458542207876], [-87.67857946179632, 41.93458549336415], [-87.67857936632775, 41.93457648722639], [-87.67860348938656, 41.934576344654396], [-87.67860368033054, 41.93459435692981], [-87.67862780339594, 41.934594214352636], [-87.6786278988714, 41.93460322049028], [-87.67861583733702, 41.93460329177952], [-87.67861593281081, 41.93461229791718], [-87.67859180973852, 41.93461244049188], [-87.67859190520898, 41.93462144662956], [-87.67857984367106, 41.93462151791505], [-87.67858003460869, 41.9346395301904], [-87.67856797306735, 41.934639601474665], [-87.67856825946902, 41.93466661988768], [-87.67858032101546, 41.93466654860335], [-87.67858051195351, 41.93468456087857], [-87.67859257350331, 41.93468448959293], [-87.67859276444494, 41.934702501868045], [-87.67860482599806, 41.9347024305811], [-87.67860463505303, 41.93468441830603], [-87.67861669660273, 41.93468434701786], [-87.6786165056545, 41.93466633474277], [-87.67862856720076, 41.93466626345337], [-87.67862847172499, 41.934657257315834], [-87.67864053326953, 41.934657186025206], [-87.67864024683743, 41.93463016761256], [-87.67865230837681, 41.93463009632071], [-87.67865393152601, 41.93478320065695], [-87.67861774682119, 41.934783414529804], [-87.67861784229586, 41.934792420667165]], [[-87.67908805241242, 41.9347716271568], [-87.67907599084747, 41.934771698494615], [-87.67907589530842, 41.93476269235806], [-87.6790638337451, 41.93476276369459], [-87.67906345159612, 41.934726739148196], [-87.67909963626556, 41.93472652513512], [-87.67909954072333, 41.934717518998546], [-87.67911160227803, 41.934717447658336], [-87.67911169782195, 41.93472645379489], [-87.6791237593783, 41.93472638245339], [-87.67912366383268, 41.93471737631686], [-87.67914778694187, 41.93471723363012], [-87.67914788249088, 41.934726239766604], [-87.67917200560326, 41.934726097074744], [-87.67917229226074, 41.93475311548395], [-87.67909992289249, 41.93475354354472], [-87.6791000184349, 41.93476254968124], [-87.67908795687168, 41.93476262102029], [-87.67908805241242, 41.9347716271568]], [[-87.6782919890314, 41.934776332734415], [-87.67827992746355, 41.93477640398861], [-87.67827983203648, 41.934767397850585], [-87.67829189360262, 41.93476732659642], [-87.6782919890314, 41.934776332734415]], [[-87.67920828582906, 41.934734889163806], [-87.67919622427132, 41.93473496051419], [-87.67919612871549, 41.93472595437782], [-87.67920819027152, 41.93472588302746], [-87.67920828582906, 41.934734889163806]], [[-87.67871204314902, 41.93457570301765], [-87.678687920091, 41.934575845612464], [-87.67868763363973, 41.93454882719969], [-87.67871175668756, 41.934548684605026], [-87.67871185217467, 41.93455769074258], [-87.67869979064909, 41.934557762040576], [-87.67869988613452, 41.934566768178136], [-87.67871194766182, 41.93456669688013], [-87.67871204314902, 41.93457570301765]], [[-87.67872362723395, 41.93453060103067], [-87.67868744267243, 41.93453081492446], [-87.67868734718886, 41.934521808786805], [-87.67872353174528, 41.93452159489309], [-87.67872362723395, 41.93453060103067]], [[-87.67885534888477, 41.93443975528197], [-87.67884328738175, 41.93443982659488], [-87.67884319187655, 41.93443082045737], [-87.67885525337786, 41.93443074914449], [-87.67885534888477, 41.93443975528197]], [[-87.67827601498922, 41.934407152318066], [-87.67826395349091, 41.934407223570076], [-87.67826385806731, 41.934398217431436], [-87.67827591956394, 41.93439814617946], [-87.67827601498922, 41.934407152318066]], [[-87.67830004255705, 41.93439800367169], [-87.67828798106052, 41.934398074926214], [-87.67828788563358, 41.93438906878761], [-87.67829994712842, 41.93438899753312], [-87.67830004255705, 41.93439800367169]], [[-87.67828779020668, 41.934380062648984], [-87.67826366722026, 41.934380205154135], [-87.6782635717968, 41.93437119901546], [-87.67828769477983, 41.934371056510365], [-87.67828779020668, 41.934380062648984]], [[-87.67855304758163, 41.934369488619836], [-87.6785409860911, 41.934369559900894], [-87.67854089062865, 41.93436055376272], [-87.67855295211749, 41.93436048248169], [-87.67855304758163, 41.934369488619836]], [[-87.67848067863777, 41.934369916287146], [-87.67846861714698, 41.9343699875606], [-87.67846852169473, 41.934360981422294], [-87.67848058318381, 41.93436091014887], [-87.67848067863777, 41.934369916287146]], [[-87.67862331609903, 41.93417092586726], [-87.6785991931931, 41.93417106844232], [-87.67859900225322, 41.93415305616555], [-87.67862312515236, 41.93415291359058], [-87.67862331609903, 41.93417092586726]], [[-87.67908155574091, 41.93415920984086], [-87.67906949429131, 41.93415928117712], [-87.67906930321918, 41.934141268902074], [-87.6790813646654, 41.934141197565836], [-87.67908155574091, 41.93415920984086]], [[-87.6784773377752, 41.93405470143866], [-87.67840496918608, 41.93405512905568], [-87.67840487374382, 41.93404612291675], [-87.67839281231385, 41.934046194181796], [-87.6783929077544, 41.93405520032074], [-87.67833260059537, 41.93405555662708], [-87.67833250516328, 41.93404655048802], [-87.67832044373306, 41.93404662174546], [-87.67831996658182, 41.934001591049864], [-87.67833202800358, 41.93400151979254], [-87.67833221886734, 41.934019532070764], [-87.67834428029245, 41.934019460812124], [-87.6783440894253, 41.934001448533934], [-87.67833202800358, 41.93400151979254], [-87.67833174170828, 41.93397450137506], [-87.67831968029161, 41.93397457263233], [-87.67831948943167, 41.9339565603539], [-87.67834361225819, 41.933956417838196], [-87.6783438031249, 41.93397443011652], [-87.67835586454147, 41.933974358856744], [-87.6783559599766, 41.93398336499586], [-87.67836802139485, 41.93398329373477], [-87.67836783052125, 41.93396528145655], [-87.67837989193605, 41.933965210194245], [-87.67838056000625, 41.934028253167604], [-87.67836849857956, 41.93402832443006], [-87.67836859401665, 41.93403733056908], [-87.67840477830161, 41.93403711677782], [-87.67840468285945, 41.93402811063887], [-87.67839262143286, 41.93402818190387], [-87.6783919533508, 41.93396513893067], [-87.67837989193605, 41.933965210194245], [-87.67837960562092, 41.93393819177687], [-87.67841578984978, 41.933937977982545], [-87.67841588529319, 41.93394698412161], [-87.67848825375992, 41.93394655649861], [-87.67848815830631, 41.93393755035968], [-87.67850021971559, 41.93393747908476], [-87.6785003151709, 41.933946485223686], [-87.67854856081433, 41.93394620011128], [-87.67854865627646, 41.93395520625009], [-87.67852453345144, 41.933955348808865], [-87.67852462891022, 41.933964354947705], [-87.67851256749596, 41.93396442622522], [-87.67851294932473, 41.93400045078053], [-87.67850088790362, 41.93400052205686], [-87.67850107881488, 41.93401853433448], [-87.67854932451262, 41.93401824922136], [-87.67854941997508, 41.934027255360036], [-87.67856148140112, 41.93402718407858], [-87.6785616723296, 41.934045196355875], [-87.67853754947073, 41.93404533891764], [-87.67853745400986, 41.93403633277896], [-87.67852539258205, 41.93403640405791], [-87.67852548804122, 41.934045410196624], [-87.67847724232278, 41.93404569529988], [-87.6784773377752, 41.93405470143866]], [[-87.67829574831146, 41.933992727421504], [-87.67828368689126, 41.93399279867502], [-87.67828349604135, 41.93397478639652], [-87.67829555745814, 41.93397471514305], [-87.67829574831146, 41.933992727421504]], [[-87.67827162547103, 41.933992869927266], [-87.67825956405075, 41.933992941178246], [-87.67825946862916, 41.933983935038945], [-87.67827153004774, 41.933983863788], [-87.67827162547103, 41.933992869927266]], [[-87.67830742801837, 41.93395663160985], [-87.6782833051916, 41.93395677411796], [-87.67828273264341, 41.933902737281926], [-87.67829479404664, 41.93390266602865], [-87.67829469862039, 41.93389365988927], [-87.67828263721886, 41.93389373114254], [-87.6782824463699, 41.93387571886372], [-87.67829450776804, 41.9338756476105], [-87.67829441234191, 41.93386664147109], [-87.67830647373832, 41.93386657021664], [-87.67830656916612, 41.93387557635601], [-87.67831863056416, 41.93387550510026], [-87.67831872599372, 41.93388451123961], [-87.67833078739342, 41.93388443998258], [-87.67833107368743, 41.93391145840047], [-87.67831901228263, 41.93391152965757], [-87.67831910771235, 41.93392053579687], [-87.67833116911883, 41.933920464539746], [-87.67833107368743, 41.93391145840047], [-87.67834313509216, 41.93391138714209], [-87.6783435168249, 41.933947411699], [-87.67830733259017, 41.9339476254706], [-87.67830742801837, 41.93395663160985]], [[-87.67827105293198, 41.933938833091446], [-87.67825899152187, 41.93393890434229], [-87.67825889610054, 41.93392989820291], [-87.67827095750894, 41.93392982695209], [-87.67827105293198, 41.933938833091446]], [[-87.67831853513466, 41.933866498960896], [-87.67830647373832, 41.93386657021664], [-87.67830628288283, 41.93384855793781], [-87.67829422148982, 41.933848629192234], [-87.67829393521201, 41.93382161077383], [-87.67830599659992, 41.933821539519485], [-87.67830590117238, 41.93381253338], [-87.67833002394468, 41.933812390867544], [-87.67833011937562, 41.93382139700697], [-87.67834218076341, 41.93382132574883], [-87.67834227619609, 41.93383033188822], [-87.6783302148066, 41.933830403146395], [-87.67833040566872, 41.933848415425174], [-87.6783183442758, 41.93384848668214], [-87.67831853513466, 41.933866498960896]], [[-87.67825813273149, 41.933857849087374], [-87.67824607133662, 41.933857920336756], [-87.67824578507903, 41.933830901918135], [-87.67825784646881, 41.933830830668825], [-87.67825775104801, 41.933821824529275], [-87.67826981243606, 41.93382175327873], [-87.67827009870369, 41.933848771697264], [-87.67825803731056, 41.93384884294788], [-87.67825813273149, 41.933857849087374]], [[-87.67837836492649, 41.93382111196677], [-87.67835424215114, 41.9338212544894], [-87.67835405128253, 41.93380324221062], [-87.67836611266684, 41.93380317094997], [-87.6783662081028, 41.933812177089365], [-87.67837826948877, 41.933812105827435], [-87.67837836492649, 41.93382111196677]], [[-87.67835405128253, 41.93380324221062], [-87.67830580574487, 41.93380352724051], [-87.67830561489001, 41.93378551496149], [-87.67832973765212, 41.93378537244917], [-87.67832983308293, 41.93379437858864], [-87.67835395584828, 41.93379423607121], [-87.67835405128253, 41.93380324221062]], [[-87.67831719912616, 41.93374041300828], [-87.67828101500822, 41.93374062677073], [-87.67828082416075, 41.933722614491415], [-87.67829288553004, 41.93372254323858], [-87.67829250382883, 41.93368651867988], [-87.67832868791609, 41.93368630491404], [-87.6783288787768, 41.93370431719328], [-87.67834094014252, 41.93370424593542], [-87.67834084471045, 41.93369523979583], [-87.67836496743838, 41.93369509727636], [-87.67836515830935, 41.93371310955544], [-87.67834103557463, 41.93371325207501], [-87.67834122643899, 41.933731264354115], [-87.67831710369732, 41.9337314068687], [-87.67831719912616, 41.93374041300828]], [[-87.67825631974115, 41.933686732434325], [-87.67824425837851, 41.93368680368327], [-87.67824406754173, 41.93366879140366], [-87.67825612890098, 41.933668720154756], [-87.67825631974115, 41.933686732434325]], [[-87.67832773361518, 41.93359624351696], [-87.67831567226976, 41.93359631477328], [-87.67831548141348, 41.93357830249365], [-87.6783275427555, 41.93357823123737], [-87.67832773361518, 41.93359624351696]], [[-87.67825517470273, 41.93357865875605], [-87.67824311336045, 41.933578730004726], [-87.67824292252472, 41.93356071772477], [-87.67827910654124, 41.93356050397506], [-87.67827920196419, 41.933569510114985], [-87.67825507928315, 41.9335696526161], [-87.67825517470273, 41.93357865875605]], [[-87.67831471799016, 41.933506253374546], [-87.67829059533314, 41.93350639588294], [-87.67829040448451, 41.93348838360292], [-87.67826628183411, 41.93348852610617], [-87.67826618641325, 41.933479519966106], [-87.67829030906029, 41.933479377462895], [-87.67829021363609, 41.93347037132286], [-87.67833845892282, 41.93347008630135], [-87.67833864978483, 41.933488098581236], [-87.67832658845981, 41.93348816983855], [-87.6783266838892, 41.93349717597851], [-87.67831462256244, 41.933497247234584], [-87.67831471799016, 41.933506253374546]], [[-87.67827853400455, 41.933506467135246], [-87.67826647267593, 41.93350653838627], [-87.678266377255, 41.93349753224623], [-87.67827843858193, 41.93349746099522], [-87.67827853400455, 41.933506467135246]], [[-87.67824215918351, 41.93348866860433], [-87.67823009785815, 41.93348873985153], [-87.67822971619539, 41.9334527152909], [-87.67824177751396, 41.93345264404379], [-87.67824187293128, 41.933461650183965], [-87.67825393425152, 41.93346157893557], [-87.67825402967058, 41.93347058507568], [-87.67824196834866, 41.9334706563241], [-87.67824215918351, 41.93348866860433]], [[-87.67824091876001, 41.933371588781725], [-87.67822885745672, 41.93337166002861], [-87.67822876204153, 41.93336265388829], [-87.67824082334312, 41.933362582641415], [-87.67824091876001, 41.933371588781725]], [[-87.67824025084272, 41.933308545799306], [-87.67822818955128, 41.933308617046045], [-87.678227807892, 41.93327259248425], [-87.67823986917664, 41.933272521237605], [-87.67824025084272, 41.933308545799306]]]}}, {"type": "Feature", "properties": {"rank": 10, "name": "North Marshfield Avenue, West DePaul", "area_m2": 12313, "volume_m3": 5827, "max_depth_m": 1.01}, "geometry": {"type": "Polygon", "coordinates": [[[-87.6696533567548, 41.9322781436235], [-87.66965316834442, 41.93226013130762], [-87.66966522945961, 41.93226006096304], [-87.66966513525279, 41.9322510548051], [-87.66967719636622, 41.93225098445927], [-87.66967691374093, 41.93222396598543], [-87.66968897484924, 41.932223895638415], [-87.66968850379948, 41.93217886484849], [-87.66970056489924, 41.93217879450031], [-87.66970028226481, 41.932151776026245], [-87.66971234335946, 41.932151705676866], [-87.66971224914639, 41.93214269951885], [-87.66972431023929, 41.93214262916821], [-87.66972421602453, 41.93213362301021], [-87.66973627711572, 41.932133552658335], [-87.66973618289933, 41.93212454650032], [-87.66974824398876, 41.93212447614721], [-87.6697480555527, 41.93210646383119], [-87.6697601166387, 41.93210639347686], [-87.66976002241904, 41.93209738731885], [-87.66978414458751, 41.93209724660642], [-87.66978405036451, 41.93208824044844], [-87.66979611144698, 41.932088170090346], [-87.66979601722231, 41.93207916393237], [-87.66988044478657, 41.93207867139041], [-87.66988035055007, 41.93206966523258], [-87.6700974499608, 41.93206839841147], [-87.67009754422783, 41.93207740456889], [-87.6701216663871, 41.932077263785615], [-87.67012176065758, 41.93208626994299], [-87.67010969957626, 41.93208634033529], [-87.67010988811393, 41.932104352650036], [-87.67012194919863, 41.9321042822577], [-87.67012204346923, 41.93211328841503], [-87.6701341045556, 41.93211321802141], [-87.6701342931003, 41.93213123033597], [-87.67014635419001, 41.93213115994104], [-87.6701466370125, 41.93215817841271], [-87.67015869810726, 41.932158108016445], [-87.67015907521129, 41.93219413264508], [-87.67017113631277, 41.93219406224745], [-87.67017123059058, 41.93220306840455], [-87.67019535279685, 41.93220292760545], [-87.67019506995338, 41.932175909134244], [-87.67024331434502, 41.932175627521104], [-87.67024312576935, 41.93215761520705], [-87.6702310646749, 41.9321576856122], [-87.67023097038881, 41.93214867945514], [-87.67024303148158, 41.932148609050024], [-87.67024284290616, 41.9321305967359], [-87.67025490399547, 41.932130526329566], [-87.67025480970614, 41.9321215201725], [-87.67027893188126, 41.932121379356055], [-87.67027883758857, 41.93211237319903], [-87.67030295976012, 41.93211223237757], [-87.67030286546408, 41.93210322622057], [-87.6703149265481, 41.932103155807965], [-87.67031483225041, 41.932094149650965], [-87.6703268933327, 41.93209407923711], [-87.67032670473404, 41.93207606692313], [-87.67031464365515, 41.93207613733694], [-87.67031454935758, 41.932067131179906], [-87.67030248828034, 41.93206720159243], [-87.670302205393, 41.93204018312117], [-87.67031426646514, 41.93204011270872], [-87.67031417216775, 41.93203110655163], [-87.67035035537883, 41.932030895306724], [-87.6703502610764, 41.93202188914969], [-87.670386444282, 41.93202167789345], [-87.67038653858954, 41.93203068405043], [-87.67039859965968, 41.93203061362913], [-87.67039850535046, 41.93202160747217], [-87.67044674962382, 41.93202132577439], [-87.67044665530786, 41.93201231961752], [-87.6704587163744, 41.93201224918994], [-87.67045862205677, 41.93200324303305], [-87.67048274418633, 41.932003102174114], [-87.67048142369664, 41.93187701597705], [-87.67046936265565, 41.93187708640684], [-87.67046879674426, 41.931823049464256], [-87.67048085777509, 41.93182297903459], [-87.67048038617497, 41.931777948248815], [-87.67046832515261, 41.93177801867836], [-87.67046813651626, 41.931760006363895], [-87.67048019753523, 41.9317599359344], [-87.67048010321543, 41.931750929777174], [-87.67046804219817, 41.93175100020665], [-87.67046747629038, 41.93169696326286], [-87.67047953729747, 41.9316968928335], [-87.67047887706181, 41.9316338497319], [-87.67046681606661, 41.9316339201611], [-87.67046615584495, 41.93157087705864], [-87.67045409486157, 41.93157094748642], [-87.67045381191515, 41.93154392901366], [-87.67044175093683, 41.93154399944009], [-87.67044118505537, 41.93148996249405], [-87.67041706311893, 41.93149010334287], [-87.67041715742901, 41.931499109500606], [-87.67034479160851, 41.93149953201677], [-87.67034488590846, 41.931508538174654], [-87.67030870299254, 41.931508749415705], [-87.67030860869768, 41.931499743257774], [-87.67027242578648, 41.93149995448734], [-87.67027223720707, 41.9314819421713], [-87.67026017623996, 41.93148201257857], [-87.67026008195204, 41.93147300642051], [-87.6702359600211, 41.93147314723123], [-87.670235488599, 41.93142811644044], [-87.67025961051297, 41.931427975629944], [-87.6702595162253, 41.93141896947179], [-87.67024745527003, 41.93141903987766], [-87.67024717241232, 41.93139202140302], [-87.6702351114621, 41.93139209180755], [-87.67023492289393, 41.93137407949102], [-87.67022286194704, 41.93137414989424], [-87.67022267338241, 41.93135613757761], [-87.6702106124389, 41.931356207979526], [-87.67021051815834, 41.93134720182115], [-87.67019845721647, 41.93134727222177], [-87.67019808010149, 41.931311247588106], [-87.67018601916635, 41.93131131798736], [-87.67018573633564, 41.93128429951189], [-87.67017367540556, 41.93128436990982], [-87.67017339258034, 41.931257351434155], [-87.67016133165531, 41.93125742183075], [-87.67016123738202, 41.93124841567215], [-87.67014917645864, 41.93124848606746], [-87.67014927073022, 41.93125749222608], [-87.6701372098051, 41.93125756262014], [-87.67013749261507, 41.93128458109601], [-87.67014955354529, 41.931284510701886], [-87.67014974208885, 41.931302523019006], [-87.6701014983542, 41.9313028045881], [-87.67010112129434, 41.93126677995343], [-87.67011318222129, 41.931266709563154], [-87.67011308795473, 41.93125770340446], [-87.67012514887995, 41.93125763301294], [-87.67012477180738, 41.93122160837816], [-87.67011271088896, 41.9312216787696], [-87.67011252235632, 41.931203666452085], [-87.67010046144127, 41.93120373684222], [-87.67010017864773, 41.93117671836576], [-87.6700881177377, 41.931176788754556], [-87.67008792921229, 41.93115877643681], [-87.67009999011893, 41.93115870604806], [-87.67009980159028, 41.93114069373029], [-87.67008774068705, 41.93114076411901], [-87.67008755216197, 41.931122751801134], [-87.67009961306182, 41.931122681412475], [-87.67009933026945, 41.93109566293564], [-87.67011139116417, 41.931095592545766], [-87.67011129689843, 41.93108658638682], [-87.67009923600541, 41.93108665677666], [-87.67009895321355, 41.931059638299644], [-87.67011101410148, 41.93105956790986], [-87.67011091983592, 41.93105056175087], [-87.67013504160826, 41.93105042096755], [-87.6701341931896, 41.9309693655362], [-87.6701100714478, 41.93096950631912], [-87.67011016571297, 41.93097851247826], [-87.6700981048403, 41.93097858286783], [-87.67009819910383, 41.93098758902698], [-87.67004995560596, 41.93098787057271], [-87.67005004986274, 41.93099687673194], [-87.67003798898646, 41.930996947115226], [-87.6700378947314, 41.93098794095597], [-87.6700137729821, 41.93098808171871], [-87.67001386723379, 41.93099708787799], [-87.66994150197476, 41.93099751013592], [-87.66994140773325, 41.930988503976494], [-87.66990522510824, 41.9309887150883], [-87.66990503663551, 41.93097070276927], [-87.66989297576382, 41.930970773137304], [-87.66989288152921, 41.930961766977745], [-87.66986875978908, 41.93096190770995], [-87.66986857132679, 41.930943895390705], [-87.66985651046006, 41.93094396575485], [-87.66985622777204, 41.93091694727583], [-87.66984416691035, 41.930917017638656], [-87.66984407268279, 41.93090801147893], [-87.66979582924239, 41.93090829291745], [-87.66979573502167, 41.93089928675763], [-87.66981985673856, 41.930899146040936], [-87.66981966829046, 41.93088113372132], [-87.66984379000039, 41.930880992999676], [-87.66984388422782, 41.930889999159426], [-87.66983182337117, 41.93089006952091], [-87.66983191759694, 41.9308990756807], [-87.66985603931359, 41.93089893495642], [-87.66985594508442, 41.930889928796674], [-87.66994037107945, 41.930889436221925], [-87.66994027683845, 41.93088043006234], [-87.669952337693, 41.930880359689475], [-87.6699524319357, 41.93088936584904], [-87.66996449279192, 41.93088929547489], [-87.66996439854752, 41.93088028931535], [-87.66998852025644, 41.93088014856327], [-87.66998861450422, 41.93088915472278], [-87.67000067536031, 41.93088908434481], [-87.67000058111083, 41.930880078185346], [-87.67004882452797, 41.93087979666094], [-87.6700483532473, 41.93083476586375], [-87.67006041409297, 41.9308346954796], [-87.67006031983529, 41.93082568932015], [-87.67007238067924, 41.93082561893474], [-87.67007219216056, 41.930807606615836], [-87.67006013132, 41.93080767700119], [-87.67005966003258, 41.93076264620354], [-87.67004759920044, 41.930762716587516], [-87.67004750494479, 41.93075371042793], [-87.67003544411432, 41.93075378081061], [-87.67003487859142, 41.93069974385261], [-87.67004693941172, 41.93069967347006], [-87.67004684515636, 41.930690667310365], [-87.67005890597491, 41.93069059692656], [-87.670058623204, 41.93066357844746], [-87.67007068401742, 41.93066350806245], [-87.67007021272495, 41.930618477263764], [-87.67008227352986, 41.93061840687761], [-87.67008217926978, 41.93060940071785], [-87.67009424007294, 41.93060933033044], [-87.67009414581122, 41.9306003241707], [-87.67010620661264, 41.930600253782046], [-87.67010611234929, 41.9305912476223], [-87.67009405154955, 41.93059131801093], [-87.67009386302634, 41.930573305691375], [-87.67008180222996, 41.930573376078684], [-87.67008161371031, 41.930555363759005], [-87.6700936745033, 41.93055529337173], [-87.67009358024184, 41.9305462872119], [-87.67011770182427, 41.93054614643359], [-87.67011741902998, 41.93051912795414], [-87.67009329745773, 41.930519268732304], [-87.67009292041284, 41.930483244092635], [-87.67008085963343, 41.93048331447974], [-87.67008067111463, 41.93046530215978], [-87.67009273189066, 41.93046523177273], [-87.67009254336864, 41.930447219452745], [-87.67008048259602, 41.93044728983976], [-87.6700799170412, 41.93039325287936], [-87.6700678562787, 41.93039332326497], [-87.67006766776417, 41.930375310944676], [-87.67005560700503, 41.93037538132897], [-87.67005551274951, 41.93036637516879], [-87.67004345199203, 41.9303664455518], [-87.67004307497722, 41.930330420910806], [-87.67006719647858, 41.9303302801437], [-87.6700671022216, 41.93032127398346], [-87.67009122371938, 41.93032113321133], [-87.6700909409385, 41.93029411473066], [-87.67010300168224, 41.930294044342766], [-87.67010243611145, 41.93024000738117], [-87.67009037537788, 41.930240077768936], [-87.67009018685802, 41.93022206544825], [-87.67010224758819, 41.93022199506053], [-87.67010187054221, 41.93018597041907], [-87.67008980981882, 41.930186040806696], [-87.67008971555912, 41.93017703464626], [-87.67002941195, 41.93017738656531], [-87.67002912919664, 41.93015036808362], [-87.67004118991345, 41.93015029770241], [-87.67004109566071, 41.930141291541844], [-87.67002903494559, 41.93014136192303], [-87.67002856369103, 41.930096331119856], [-87.67001650298435, 41.93009640149967], [-87.67001640873526, 41.93008739533896], [-87.67002846944024, 41.93008732495916], [-87.67002752693479, 41.92999726335161], [-87.67007576968646, 41.92999698182067], [-87.67007567542939, 41.92998797565991], [-87.67008773611549, 41.92998790527404], [-87.67008764185674, 41.929978899113294], [-87.67007558117233, 41.92997896949915], [-87.67007548691531, 41.92996996333837], [-87.67005136554974, 41.92997010410624], [-87.67005127129616, 41.929961097945416], [-87.67003921061502, 41.92996116832743], [-87.67003902211138, 41.92994315600567], [-87.67002696143358, 41.92994322638638], [-87.67002686718352, 41.92993422022545], [-87.67001480650737, 41.92993429060486], [-87.6700146180108, 41.92991627828293], [-87.67002667868356, 41.92991620790356], [-87.67002658443363, 41.929907201742594], [-87.67001452376256, 41.929907272121945], [-87.67001442951438, 41.92989826596094], [-87.67000236884498, 41.929898336339], [-87.67000246309146, 41.929907342500016], [-87.6699542204066, 41.92990762399967], [-87.6699541261669, 41.92989861783857], [-87.66997824750601, 41.92989847709131], [-87.66997815326296, 41.92988947093023], [-87.66996609259512, 41.92988954130446], [-87.6699659983538, 41.92988053514334], [-87.66997805901995, 41.92988046476912], [-87.66997796477699, 41.92987145860801], [-87.67000208610577, 41.929871317855834], [-87.67000199185945, 41.92986231169475], [-87.67001405252208, 41.92986224131678], [-87.67001395827411, 41.92985323515571], [-87.67003807959586, 41.92985309439601], [-87.67003741983753, 41.92979005126842], [-87.67004948048645, 41.929789980886824], [-87.67004929198107, 41.929771968564566], [-87.67006135262656, 41.92977189818174], [-87.67006116411797, 41.929753885859476], [-87.67007322476003, 41.92975381547543], [-87.67007265922507, 41.929699778508414], [-87.6700605985932, 41.929699848892305], [-87.6700605043392, 41.92969084273108], [-87.67004844370898, 41.929690913113696], [-87.67004834945675, 41.92968190695241], [-87.67006041008527, 41.92968183656982], [-87.67006012732372, 41.92965481808597], [-87.67004806670028, 41.92965488846849], [-87.67004778394421, 41.92962786998444], [-87.67002366270738, 41.92962801074555], [-87.67002300296846, 41.92956496761527], [-87.67001094236184, 41.92956503799378], [-87.6700108481153, 41.92955603183224], [-87.67002290872021, 41.929555961453744], [-87.670022814472, 41.9295469552922], [-87.67003487507517, 41.92954688491248], [-87.67003478082532, 41.929537878750956], [-87.67004684142677, 41.929537808369986], [-87.67004665292379, 41.929519796046925], [-87.67005871352178, 41.92951972566472], [-87.67005861926867, 41.92951071950319], [-87.67007067986492, 41.92951064911975], [-87.67007058561015, 41.92950164295822], [-87.67005852501559, 41.92950171334165], [-87.67005843076257, 41.92949270718009], [-87.66999812779757, 41.92949305907807], [-87.66999803355307, 41.929484052916386], [-87.67001009414444, 41.92948398253934], [-87.67000990565217, 41.92946597021598], [-87.67002196624011, 41.92946589983771], [-87.67002177774462, 41.92944788751434], [-87.67000971716006, 41.92944795789255], [-87.67000962291408, 41.929438951730816], [-87.669756350664, 41.92944042938034], [-87.66975653908479, 41.929458441704725], [-87.66973241791032, 41.9294585824042], [-87.66973251211739, 41.92946758856641], [-87.66970839093939, 41.92946772926088], [-87.6697084851431, 41.929476735423115], [-87.66968436396152, 41.929476876112545], [-87.6696844581619, 41.92948588227482], [-87.66966033697675, 41.929486022959225], [-87.66966043117377, 41.92949502912154], [-87.66964837057944, 41.929495099461874], [-87.66964902994788, 41.92955814259774], [-87.66963696934162, 41.92955821293696], [-87.66963706353559, 41.929567219099184], [-87.66964912414355, 41.92956714875994], [-87.66964940673078, 41.929594167246485], [-87.66963734611775, 41.929594237585796], [-87.66963800547762, 41.92965728072073], [-87.66962594485268, 41.92965735105892], [-87.66962613323821, 41.92967536338309], [-87.66963819386655, 41.929675293044866], [-87.66963857064492, 41.92971131769295], [-87.66965063127999, 41.92971124735336], [-87.66965081967282, 41.92972925967728], [-87.66968700158799, 41.92972904865076], [-87.66968737839453, 41.92976507329817], [-87.6696753177494, 41.929765143641696], [-87.66967541194944, 41.92977414980353], [-87.66965129065565, 41.92977429048682], [-87.66965157324587, 41.92980130897238], [-87.66968775520175, 41.92980109794533], [-87.66968794360561, 41.92981911026884], [-87.66970000426087, 41.929819039923906], [-87.66970038107591, 41.92985506457064], [-87.66971244173791, 41.929854994224364], [-87.66971291276617, 41.92990002503236], [-87.66970085209567, 41.92990009537875], [-87.66970094629976, 41.92990910154032], [-87.66966476428296, 41.92990931257195], [-87.66966485848198, 41.92991831873359], [-87.66965279780793, 41.92991838907495], [-87.66965317459771, 41.929954413721404], [-87.66964111391684, 41.9299544840616], [-87.6696413023086, 41.929972496384785], [-87.66965336299288, 41.92997242604454], [-87.6696535513882, 41.92999043836764], [-87.66966561207582, 41.92999036802609], [-87.66966608307337, 41.930035398833446], [-87.66965402237726, 41.9300354691751], [-87.66965430497122, 41.9300624876594], [-87.66964224426997, 41.930062557999854], [-87.6696433746293, 41.93017063193604], [-87.66965543535089, 41.93017056159533], [-87.66965590634425, 41.93021559240136], [-87.66966796707428, 41.930215522059264], [-87.66966806127478, 41.93022452822041], [-87.66965600054306, 41.930224598562525], [-87.6696560947419, 41.930233604723675], [-87.6696681554753, 41.930233534381536], [-87.6696682496759, 41.93024254054264], [-87.66965618894078, 41.93024261088481], [-87.66965656573676, 41.9302786355292], [-87.66966862647867, 41.93027856518694], [-87.66966872067945, 41.93028757134799], [-87.66968078142301, 41.93028750100445], [-87.66968115823343, 41.930323525648376], [-87.66969321898372, 41.93032345530348], [-87.66969331318812, 41.9303324614644], [-87.66974155619567, 41.930332180072064], [-87.6697416504069, 41.930341186232894], [-87.66975371116037, 41.93034111588162], [-87.66975408801252, 41.930377140524676], [-87.66974202725227, 41.93037721087604], [-87.66974212146371, 41.9303862170368], [-87.66973006070172, 41.9303862873869], [-87.6697301549115, 41.930395293547654], [-87.66971809414777, 41.93039536389653], [-87.6697182825641, 41.93041337621804], [-87.66973034333122, 41.93041330586912], [-87.66973043754115, 41.93042231202984], [-87.66974249830993, 41.930422241679636], [-87.66974278094506, 41.93044926016162], [-87.66971865939726, 41.9304494008609], [-87.66971875360568, 41.93045840702159], [-87.66970669283, 41.93045847736935], [-87.66970706965725, 41.93049450201201], [-87.6697191304397, 41.93049443166417], [-87.66971931885696, 41.93051244398536], [-87.66970725807114, 41.93051251433325], [-87.66970735227814, 41.930521520493855], [-87.66969529149057, 41.9305215908405], [-87.66969538569593, 41.9305305970011], [-87.66967126411726, 41.930530737690646], [-87.6696717351277, 41.930575768493696], [-87.66968379592554, 41.93057569814945], [-87.6696840785374, 41.930602716631036], [-87.66967201773447, 41.93060278697534], [-87.66967230034165, 41.93062980545689], [-87.66968436114966, 41.9306297351125], [-87.6696846437623, 41.93065675359383], [-87.66969670457536, 41.93065668324812], [-87.66969679878135, 41.93066568940852], [-87.66972092041074, 41.930665548713236], [-87.66972101462017, 41.930674554873576], [-87.66973307543648, 41.93067448452402], [-87.66973316964766, 41.930683490684316], [-87.66974523046562, 41.93068342033347], [-87.66974532467854, 41.930692426493735], [-87.66975738549817, 41.930692356141606], [-87.66975757392751, 41.93071036846204], [-87.66974551310449, 41.930710438814216], [-87.66974579574374, 41.93073745729483], [-87.66973373491558, 41.930737527645796], [-87.66973382912707, 41.930746533806015], [-87.66969764663725, 41.930746744851405], [-87.66969774084367, 41.93075575101166], [-87.66968568001197, 41.93075582135761], [-87.66968605683131, 41.93079184599855], [-87.66971017850827, 41.9307917053052], [-87.66971036692499, 41.93080971762551], [-87.66969830608315, 41.930809787972855], [-87.66969840028986, 41.930818794132996], [-87.66968633944627, 41.9308188644791], [-87.66968662206162, 41.930845882959545], [-87.6696745612129, 41.930845953304456], [-87.66967474961996, 41.930863965624695], [-87.66968681047207, 41.930863895279764], [-87.66968690467735, 41.930872901439834], [-87.66972308723854, 41.93087269039731], [-87.66972318144896, 41.930881696557314], [-87.66978348572522, 41.93088134479432], [-87.6697833915063, 41.93087233863443], [-87.66981957406645, 41.93087212756149], [-87.66981966829046, 41.93088113372132], [-87.66980760743542, 41.93088120408026], [-87.66980770165775, 41.93089021024008], [-87.66979564080098, 41.93089028059778], [-87.66979573502167, 41.93089928675763], [-87.66978367416314, 41.930899357114065], [-87.66978386260125, 41.93091736943375], [-87.6697718017393, 41.93091743978898], [-87.66977208439168, 41.930944458268456], [-87.6697238409231, 41.93094473967693], [-87.66972402934468, 41.9309627519967], [-87.66969990760333, 41.93096289269344], [-87.66970019022585, 41.9309899111731], [-87.66968812935002, 41.93098998151964], [-87.66968841196783, 41.931016999999244], [-87.66970047284873, 41.93101692965265], [-87.6697006612642, 41.93103494197228], [-87.6696886003799, 41.931035012318915], [-87.66968897720457, 41.93107103695807], [-87.66970103809567, 41.93107096661136], [-87.66970122651166, 41.93108897893081], [-87.66971328740611, 41.93108890858276], [-87.66971338161585, 41.93109791474245], [-87.66972544251195, 41.93109784439312], [-87.66972553672345, 41.931106850552766], [-87.66973759762118, 41.93110678020214], [-87.66973769183443, 41.93111578636177], [-87.66977387453248, 41.93111557530224], [-87.66977443984334, 41.93116961225919], [-87.66976237893385, 41.93116968261377], [-87.66976247315077, 41.93117868877323], [-87.66973835132826, 41.931178829478625], [-87.66973853975547, 41.9311968417976], [-87.66975060067014, 41.931196771445485], [-87.66975088331634, 41.931223789923784], [-87.66976294423606, 41.93122371957035], [-87.66976313267047, 41.93124173188908], [-87.66977519359354, 41.93124166153434], [-87.6697758531272, 41.93130470464933], [-87.66976379219227, 41.931304775004236], [-87.66976407484513, 41.93133179348193], [-87.66977613578516, 41.93133172312697], [-87.66977623000454, 41.93134072928616], [-87.66978829094623, 41.931340658929905], [-87.66978838516737, 41.93134966508904], [-87.6698004461107, 41.9313495947315], [-87.66980054033357, 41.93135860089061], [-87.6698246622235, 41.93135846017167], [-87.66982475644981, 41.93136746633072], [-87.6698368173964, 41.93136739596933], [-87.66983691162446, 41.93137640212835], [-87.66986103352092, 41.93137626140172], [-87.6698611277524, 41.93138526756068], [-87.66988524965207, 41.931385126828935], [-87.66988534388699, 41.93139413298783], [-87.66989740483847, 41.93139406262006], [-87.66989749907512, 41.93140306877891], [-87.66987337716874, 41.93140320951327], [-87.66987328293547, 41.93139420335437], [-87.66984916103233, 41.93139434408361], [-87.66984934949213, 41.931412356401495], [-87.6698372885371, 41.93141242676427], [-87.66983757122202, 41.931439445241054], [-87.66981344930164, 41.931439585962934], [-87.66981354352666, 41.93144859212187], [-87.66978942160273, 41.931448732838724], [-87.66978951582436, 41.9314577389977], [-87.66980157678805, 41.9314576686399], [-87.66980223635271, 41.93152071175216], [-87.66979017537714, 41.931520782110134], [-87.66979083493204, 41.93158382522186], [-87.66977877394456, 41.9315838955787], [-87.66977886816517, 41.931592901737496], [-87.66975474618668, 41.93159304244745], [-87.66975484040393, 41.931602048606265], [-87.6697789623858, 41.93160190789625], [-87.66977905660649, 41.93161091405501], [-87.66979111759906, 41.931610843698095], [-87.66979130604396, 41.931628856015514], [-87.66980336703988, 41.93162878565729], [-87.66980374393697, 41.931664810291856], [-87.66979168293427, 41.93166488065018], [-87.66979177715696, 41.931673886808824], [-87.66976765514804, 41.93167402752171], [-87.66976774936737, 41.931683033680365], [-87.66974362735488, 41.93168317438823], [-87.66974353313893, 41.93167416822952], [-87.66971941112966, 41.93167430893227], [-87.66971922270469, 41.931656296614726], [-87.66970716170339, 41.93165636696415], [-87.66970687907133, 41.931629348487675], [-87.66965863508604, 41.93162962987246], [-87.66965872928988, 41.9316386360314], [-87.66964666829176, 41.93163870637445], [-87.6696465740896, 41.931629700215495], [-87.66963451309311, 41.93162977055726], [-87.6696341362917, 41.93159374592121], [-87.66962207530197, 41.931593816261625], [-87.66962216950056, 41.93160282242068], [-87.66961010850909, 41.931602892759834], [-87.66961048529711, 41.93163891739601], [-87.66959842429881, 41.93163898773399], [-87.66959880108072, 41.93167501237002], [-87.66958674007559, 41.93167508270683], [-87.6695868342695, 41.93168408886582], [-87.66957477326261, 41.931684159201374], [-87.66957458487826, 41.931666146883344], [-87.66956252387475, 41.9316662172176], [-87.66956233549396, 41.931648204899446], [-87.6695502744938, 41.931648275232384], [-87.66954999192804, 41.931621256755], [-87.66953793093292, 41.9316213270866], [-87.66953774255936, 41.931603314768225], [-87.66952568156758, 41.93160338509852], [-87.66952615249333, 41.931648415894465], [-87.66951409149304, 41.93164848622361], [-87.66951418567662, 41.931657492382776], [-87.6695262466786, 41.93165742205361], [-87.66952643504929, 41.93167543437187], [-87.66951437404391, 41.931675504701076], [-87.66951446822763, 41.931684510860194], [-87.66950240722049, 41.931684581188165], [-87.66950250140256, 41.93169358734729], [-87.66949044039369, 41.931693657674], [-87.66949100547676, 41.93174769462864], [-87.66947894445768, 41.93174776495422], [-87.66947941535294, 41.93179279574946], [-87.66946735432532, 41.931792866073884], [-87.66946754268035, 41.93181087839192], [-87.6694554816493, 41.931810948715125], [-87.66945538747346, 41.9318019425561], [-87.66941920438515, 41.93180215351805], [-87.6694192985559, 41.93181115967714], [-87.66944342061821, 41.93181101903706], [-87.66944389148952, 41.931856049832135], [-87.66940770837054, 41.931856260790674], [-87.66940808504802, 41.93189228542674], [-87.66942014609451, 41.9318922151084], [-87.66942024026568, 41.93190122126737], [-87.6694081792175, 41.93190129158572], [-87.669408273387, 41.931910297744686], [-87.66939621233709, 41.93191036806181], [-87.66939640067287, 41.931928380379745], [-87.66938433961951, 41.931928450695615], [-87.6693846221184, 41.93195546917248], [-87.66939668317686, 41.93195539885652], [-87.66939677734493, 41.93196440501543], [-87.6693847162848, 41.93196447533141], [-87.6693849987842, 41.93199149380809], [-87.66939705984943, 41.931991423492036], [-87.66939715401769, 41.93200042965089], [-87.66938509295076, 41.93200049996695], [-87.66938518711736, 41.93200950612581], [-87.66939724818599, 41.93200943580972], [-87.6693974365227, 41.93202744812732], [-87.66940949759467, 41.93202737780994], [-87.6694095917648, 41.9320363839687], [-87.66942165283842, 41.93203631365], [-87.66942174701028, 41.93204531980873], [-87.66943380808557, 41.93204524948875], [-87.66943399643282, 41.93206326180612], [-87.66944605751144, 41.932063191484836], [-87.66944634003772, 41.932090209960705], [-87.6694584011214, 41.93209013963809], [-87.66945858947587, 41.932108151955234], [-87.66947065056289, 41.93210808163129], [-87.6694710272791, 41.932144106265305], [-87.66948308837287, 41.93214403594001], [-87.66948318255373, 41.93215304209847], [-87.66949524364915, 41.9321529717719], [-87.66949543201439, 41.9321709840887], [-87.66950749311317, 41.932170913760814], [-87.6695079640355, 41.93221594455245], [-87.6695200251427, 41.93221587422319], [-87.66952040188814, 41.932251898856165], [-87.6695324630021, 41.93225182852553], [-87.66953255719025, 41.93226083468372], [-87.66954461830585, 41.93226076435181], [-87.66954480668569, 41.93227877666809], [-87.66958099004245, 41.932278565664625], [-87.66958089584742, 41.932269559506565], [-87.6696291403157, 41.93226927815097], [-87.66962923451753, 41.93227828430894], [-87.6696533567548, 41.9322781436235]], [[-87.67023078181678, 41.93213066714098], [-87.67019459854843, 41.93213087834861], [-87.67019440998675, 41.93211286603425], [-87.67021853215891, 41.932112725230525], [-87.67021862644312, 41.93212173138767], [-87.67023068753083, 41.932121660983874], [-87.67023078181678, 41.93213066714098]], [[-87.66976878578289, 41.931782101424695], [-87.66975672475802, 41.93178217177949], [-87.66975653632183, 41.93176415946243], [-87.66974447530029, 41.931764229815926], [-87.66974428686768, 41.93174621749876], [-87.66976840890392, 41.93174607679059], [-87.66976878578289, 41.931782101424695]], [[-87.66973175477719, 41.93170125705767], [-87.66971969376745, 41.93170132740847], [-87.66971950534221, 41.93168331509102], [-87.66973156634857, 41.93168324474025], [-87.66973175477719, 41.93170125705767]], [[-87.6701381525065, 41.931347624205856], [-87.67011403062219, 41.931347764990626], [-87.67011393635525, 41.93133875883207], [-87.67010187541473, 41.93133882922254], [-87.67010168688438, 41.93132081690535], [-87.6701499306326, 41.93132053533608], [-87.67015002490456, 41.931329541494584], [-87.67013796396587, 41.931329611888835], [-87.6701381525065, 41.931347624205856]], [[-87.67003280502075, 41.93050160833553], [-87.67002074423773, 41.93050167871633], [-87.67002064998671, 41.930492672556284], [-87.67003271076804, 41.93049260217549], [-87.67003280502075, 41.93050160833553]]]}}, {"type": "Feature", "properties": {"rank": 11, "name": "North Claremont Avenue, St. Bens", "area_m2": 21550, "volume_m3": 5506, "max_depth_m": 0.59}, "geometry": {"type": "Polygon", "coordinates": [[[-87.68729905296563, 41.953546741816616], [-87.68729895620608, 41.95353773572507], [-87.68731102128777, 41.95353766349741], [-87.68731082776542, 41.953519651314316], [-87.6872987626871, 41.953519723541945], [-87.6872986659277, 41.95351071745035], [-87.68728660085105, 41.95351078967669], [-87.68728650409338, 41.95350178358507], [-87.68729856916833, 41.953501711358754], [-87.68729750481818, 41.9534026443502], [-87.68730956987442, 41.953402572122876], [-87.68730937635337, 41.953384559939344], [-87.68732144140616, 41.95338448771079], [-87.68732105435782, 41.95334846334369], [-87.68730898931183, 41.953348535572154], [-87.68730889255156, 41.95333952948031], [-87.68729682750723, 41.95333960170748], [-87.6872967307487, 41.95333059561562], [-87.68730879579134, 41.953330523388466], [-87.68730860227102, 41.953312511204714], [-87.68729653723176, 41.95331258343181], [-87.68729634371502, 41.95329457124797], [-87.68732047378667, 41.95329442679259], [-87.68732018350168, 41.953267408516844], [-87.68729605344022, 41.9532675529721], [-87.68729595668204, 41.95325854688011], [-87.68728389165294, 41.95325861910581], [-87.68728360138378, 41.953231600829696], [-87.68729566640778, 41.95323152860406], [-87.68729547289182, 41.95321351641995], [-87.68730753791239, 41.95321344419309], [-87.6873072476337, 41.9531864259169], [-87.68729518261821, 41.95318649814369], [-87.6872946020722, 41.95313246159077], [-87.68731873208272, 41.953132317136195], [-87.68731853856094, 41.95311430495187], [-87.68729440855721, 41.953114449406335], [-87.68729411828507, 41.95308743112959], [-87.6873182482786, 41.95308728667524], [-87.68731805475727, 41.95306927449078], [-87.68733011975057, 41.953069202261744], [-87.68732973270164, 41.95303317789271], [-87.68731766771512, 41.953033250121656], [-87.68731718391344, 41.95298821965992], [-87.68732924889146, 41.95298814743111], [-87.68732857155906, 41.95292510478424], [-87.68730444162675, 41.95292524924031], [-87.68730434486855, 41.95291624314779], [-87.68728021493946, 41.95291638759875], [-87.68727992467532, 41.95288936932099], [-87.68729198963482, 41.95288929709622], [-87.68729189287848, 41.95288029100363], [-87.68730395783622, 41.9528802187776], [-87.68730386107823, 41.952871212685025], [-87.68729179612221, 41.95287128491102], [-87.68729160260978, 41.95285327272576], [-87.6872795376571, 41.95285334495045], [-87.68727924739389, 41.952826326672394], [-87.68729131234147, 41.95282625444778], [-87.68729121558547, 41.952817248355075], [-87.68730328053131, 41.952817176129216], [-87.68730357080457, 41.952844194407184], [-87.68732770070632, 41.95284404995153], [-87.68732595901155, 41.952681940282616], [-87.68731389409126, 41.952682012510664], [-87.6873140876088, 41.95270002469638], [-87.68730202268507, 41.95270009692321], [-87.68730211944222, 41.95270910301607], [-87.68727798959124, 41.952709247465975], [-87.68727731231598, 41.95264620481536], [-87.68730144214317, 41.95264606036577], [-87.68730153890004, 41.952655066458725], [-87.68732566873048, 41.95265492200401], [-87.68732441085042, 41.95253784279523], [-87.68733647574349, 41.95253777056627], [-87.6873363789821, 41.95252876447321], [-87.68732431409072, 41.95252883670214], [-87.68732383029291, 41.952483806236515], [-87.68733589517579, 41.95248373400769], [-87.68733560489254, 41.952456715728204], [-87.68732354001476, 41.95245678795696], [-87.68732344325547, 41.95244778186376], [-87.68733550813155, 41.952447709635024], [-87.68733521784883, 41.95242069135536], [-87.68732315297784, 41.95242076358402], [-87.6873219918713, 41.952312690463835], [-87.6873461215725, 41.95231254600579], [-87.68734602481051, 41.95230353991239], [-87.68735808965933, 41.95230346768149], [-87.68735818642303, 41.952312473774874], [-87.6873702512735, 41.95231240154267], [-87.68737015450812, 41.95230339544931], [-87.68738221935686, 41.95230332321587], [-87.68738212258982, 41.95229431712253], [-87.68740625228378, 41.95229417265189], [-87.68740615551337, 41.95228516655859], [-87.6874182203586, 41.95228509432138], [-87.68741831713068, 41.952294100414676], [-87.68745451167113, 41.952293883695404], [-87.68745441489395, 41.95228487760219], [-87.687466479739, 41.95228480535992], [-87.68746628618138, 41.952266793173486], [-87.68752661038889, 41.95226643194335], [-87.68752670717618, 41.95227543803646], [-87.68756290170526, 41.95227522128312], [-87.68756280491287, 41.95226621519007], [-87.68762312911865, 41.95226585390923], [-87.68762303231783, 41.95225684781629], [-87.68764716199642, 41.95225670329512], [-87.68764696838811, 41.952238691109265], [-87.68762283871631, 41.95223883563034], [-87.68762274191562, 41.95222982953736], [-87.6873935100569, 41.9522312022342], [-87.68739341328853, 41.95222219614076], [-87.68733308912101, 41.952222557300594], [-87.68733289560137, 41.95220454511346], [-87.68734496043156, 41.95220447288407], [-87.68734505719307, 41.952213478977626], [-87.68735712202492, 41.95221340674696], [-87.68735702526172, 41.95220440065341], [-87.68736909009182, 41.9522043284215], [-87.68736918685671, 41.95221333451501], [-87.68738125168848, 41.952213262281795], [-87.68738115492188, 41.95220425618831], [-87.68750180322006, 41.95220353378669], [-87.68750170643652, 41.952194527693415], [-87.68761028988582, 41.952193877423774], [-87.68761019308705, 41.95218487133068], [-87.68771877651749, 41.95218422095857], [-87.68771867970348, 41.95217521486566], [-87.68773074452716, 41.95217514259579], [-87.6877306477115, 41.9521661365029], [-87.68767032360113, 41.952166497839535], [-87.6876704204083, 41.95217550393254], [-87.68751357769408, 41.952176443259745], [-87.68751348090896, 41.952167437166466], [-87.68746522161759, 41.95216772614703], [-87.68746531839588, 41.95217673224041], [-87.68745325357123, 41.952176804482406], [-87.68745315679462, 41.952167798389], [-87.68740489750235, 41.952168087344205], [-87.68740480073257, 41.952159081250706], [-87.68738067108957, 41.95215922572066], [-87.68738076785594, 41.95216823181421], [-87.68736870303267, 41.95216830404731], [-87.687368606268, 41.952159297953735], [-87.68734447662472, 41.95215944241608], [-87.68734408958004, 41.95212341804143], [-87.68731995995017, 41.95212356249853], [-87.68731918589012, 41.95205151374817], [-87.68733125069149, 41.952051441520446], [-87.68733086365572, 41.952015417145006], [-87.68731879886114, 41.95201548937265], [-87.68731870210401, 41.95200648327874], [-87.68730663731107, 41.952006555505086], [-87.68730625028978, 41.951970531129184], [-87.68731831507591, 41.95197045890292], [-87.6873178312918, 41.95192542843285], [-87.68730576651414, 41.95192550065899], [-87.68730537949445, 41.951889476282574], [-87.68731744426529, 41.95188940405651], [-87.68731734750877, 41.9518803979624], [-87.68732941227788, 41.9518803257351], [-87.68732902524546, 41.95184430135857], [-87.68731696048316, 41.951844373585786], [-87.68731667021441, 41.95181735530318], [-87.68730460545714, 41.95181742752904], [-87.68730083206577, 41.95146618984248], [-87.68731289675682, 41.95146611761748], [-87.687312703248, 41.95144810542787], [-87.68730063856034, 41.95144817765283], [-87.68729957428359, 41.951349110608746], [-87.68728750961458, 41.95134918283218], [-87.68728625186192, 41.95123210359575], [-87.68729831650886, 41.95123203137261], [-87.6872981230057, 41.95121401918222], [-87.68732225229265, 41.95121387473224], [-87.68732196202808, 41.95118685644668], [-87.68730989738972, 41.951186928672236], [-87.68730980063665, 41.951177922577], [-87.68729773599996, 41.95117799480128], [-87.68729763924863, 41.95116898870599], [-87.68728557461358, 41.951169060928976], [-87.68728528436495, 41.951142042643], [-87.6872973489949, 41.95114197042009], [-87.68729705874159, 41.95111495213404], [-87.68728499411672, 41.95111502435688], [-87.68728441362146, 41.95106098778428], [-87.68729647823612, 41.95106091556158], [-87.68729628473467, 41.95104290337064], [-87.6873083493459, 41.951042831146715], [-87.68730825259352, 41.951033825051255], [-87.687296187984, 41.951033897275146], [-87.68729599448281, 41.951015885084125], [-87.68730805908893, 41.95101581286028], [-87.6873079623367, 41.95100680676477], [-87.68729589773227, 41.9510068789886], [-87.68729580098177, 41.95099787289305], [-87.68730786558453, 41.950997800669235], [-87.68730757532822, 41.95097078238258], [-87.68729551073058, 41.95097085460632], [-87.68729522047977, 41.95094383631946], [-87.68730728507232, 41.9509437640958], [-87.6873070915686, 41.95092575190452], [-87.68729502697946, 41.950925824128156], [-87.68729463997934, 41.95088979974537], [-87.68730670456172, 41.95088972752183], [-87.6873066078101, 41.95088072142612], [-87.68731867239072, 41.95088064920133], [-87.68731857563746, 41.95087164310563], [-87.68730651105854, 41.95087171533039], [-87.68730631755552, 41.9508537031389], [-87.68729425297995, 41.95085377536235], [-87.68729405948052, 41.950835763170744], [-87.68728199490829, 41.95083583539287], [-87.68728180141242, 41.95081782320116], [-87.68729386598126, 41.95081775097908], [-87.6872937692317, 41.95080874488323], [-87.68730583379877, 41.9508086726599], [-87.68730564029639, 41.950790660468215], [-87.68729357573271, 41.950790732691495], [-87.68729338223389, 41.95077272049971], [-87.68728131767357, 41.95077279272168], [-87.68728093068324, 41.95073676833782], [-87.68729299523679, 41.95073669611593], [-87.68729270498943, 41.950709677827945], [-87.68730476953783, 41.95070960560486], [-87.6873046727871, 41.95070059950887], [-87.6872926082404, 41.95070067173192], [-87.68729231799357, 41.950673653443786], [-87.68728025345192, 41.95067372566551], [-87.68728005995764, 41.95065571347329], [-87.6872921244959, 41.95065564125161], [-87.68729183424972, 41.95062862296325], [-87.68727976971655, 41.95062869518486], [-87.68727967296962, 41.9506196890887], [-87.6872917375011, 41.9506196168671], [-87.6872916407525, 41.95061061077094], [-87.68727957622272, 41.950610682992505], [-87.68727918923561, 41.95057465860761], [-87.68729125375859, 41.95057458638613], [-87.68729038302483, 41.95049353151948], [-87.68733864105519, 41.950493242621704], [-87.68733854430043, 41.950484236525426], [-87.68739886682889, 41.95048387537481], [-87.68739896359214, 41.95049288147098], [-87.6874110280994, 41.950492809237026], [-87.68741093133445, 41.950483803140884], [-87.68748331836689, 41.950483369710696], [-87.68748322159178, 41.950474363614674], [-87.68750735059885, 41.95047421912786], [-87.6875072538204, 41.95046521303187], [-87.68753138282388, 41.950465068540026], [-87.68753128604207, 41.95045606244407], [-87.68754335054206, 41.95045599019626], [-87.6875432537586, 41.950446984100324], [-87.6875915117513, 41.95044669509653], [-87.68759160854154, 41.950455701192375], [-87.6876036730413, 41.950455628938236], [-87.68760357624934, 41.95044662284241], [-87.68762770524533, 41.95044647833037], [-87.68762760845004, 41.95043747223456], [-87.68763967294628, 41.95043739997667], [-87.68763976974327, 41.95044640607245], [-87.68770009223225, 41.95044604476382], [-87.68769999542677, 41.950437038668156], [-87.68773618891453, 41.95043682186784], [-87.687736092104, 41.95042781577224], [-87.68769989862133, 41.95042803257248], [-87.68769980181592, 41.95041902647678], [-87.68761535036671, 41.950419532299506], [-87.68761525357324, 41.950410526203626], [-87.68757906009944, 41.95041074296571], [-87.68757896331111, 41.950401736869765], [-87.68756689882146, 41.95040180912123], [-87.68756680203488, 41.95039280302523], [-87.68757886652283, 41.95039273077379], [-87.6875786729464, 41.95037471858183], [-87.68759073743092, 41.95037464632916], [-87.68759064064108, 41.950365640233166], [-87.68760270512387, 41.95036556797926], [-87.68760260833236, 41.95035656188328], [-87.68771118866009, 41.95035591154122], [-87.68771109185336, 41.95034690544544], [-87.6877231563323, 41.9503468331789], [-87.6877230595239, 41.95033782708311], [-87.68750589892677, 41.95033912768656], [-87.68750580214898, 41.95033012159037], [-87.68746960871982, 41.95033033831761], [-87.68746951194719, 41.95032133222132], [-87.68738506062283, 41.9503218378737], [-87.68738525414439, 41.95033985006657], [-87.68736112518738, 41.950339994527354], [-87.68736093167261, 41.9503219823344], [-87.68737299614774, 41.95032191010469], [-87.68737280262975, 41.95030389791171], [-87.68730041579869, 41.95030433127072], [-87.68730022230125, 41.95028631907742], [-87.68728815783264, 41.950286391299436], [-87.68728757735157, 41.95023235471904], [-87.68729964180999, 41.95023228249716], [-87.68729954506159, 41.95022327640041], [-87.68731160951826, 41.95022320417728], [-87.68731151276822, 41.950214198080516], [-87.68729944831325, 41.950214270303626], [-87.68729935156493, 41.950205264206836], [-87.68731141601822, 41.95020519198375], [-87.68731102901866, 41.95016916759655], [-87.68729896457218, 41.95016923981954], [-87.6872988678241, 41.950160233722684], [-87.68728680337927, 41.950160305944394], [-87.68728660988664, 41.95014229375058], [-87.68729867432806, 41.950142221528914], [-87.68729848083221, 41.9501242093351], [-87.68728641639417, 41.95012428155671], [-87.68728631964802, 41.95011527545975], [-87.68729838408434, 41.95011520323816], [-87.68729790034573, 41.95007017275329], [-87.68728583591786, 41.950070244974775], [-87.68728544893453, 41.950034220586524], [-87.68727338451343, 41.950034292806635], [-87.68727328776941, 41.95002528670951], [-87.68728535218882, 41.95002521448942], [-87.68728525544314, 41.950016208392306], [-87.68727319102544, 41.95001628061239], [-87.6872730942815, 41.95000727451524], [-87.68726102986545, 41.95000734673402], [-87.68726054615492, 41.94996231624794], [-87.68727261056249, 41.94996224402926], [-87.68727241707519, 41.949944231834785], [-87.68726035267103, 41.94994430405341], [-87.68725977222039, 41.94989026746947], [-87.68727183661437, 41.94989019525099], [-87.68727164312779, 41.949872183056264], [-87.6872595787372, 41.949872255274705], [-87.68725938525418, 41.9498542430799], [-87.68727144964137, 41.94985417086149], [-87.68727115941209, 41.949827152569235], [-87.68725909502999, 41.949827224787555], [-87.6872582243598, 41.94974616990978], [-87.68724615999294, 41.94974624212663], [-87.68724596651455, 41.94972822993137], [-87.68727009524144, 41.94972808549648], [-87.68726999849892, 41.949719079398875], [-87.6872579341372, 41.94971915161693], [-87.68725745043373, 41.949674121128545], [-87.68724538608046, 41.94967419334522], [-87.68724499912528, 41.949638168954166], [-87.68725706347178, 41.9496380967376], [-87.68725677325075, 41.94961107844423], [-87.68724470890936, 41.949611150660736], [-87.68724441869384, 41.94958413236718], [-87.68725648303013, 41.94958406015073], [-87.68725628954995, 41.94956604795499], [-87.6872683538828, 41.94956597573732], [-87.68726806365775, 41.94953895744367], [-87.68725599932999, 41.949539029661274], [-87.6872559025901, 41.94953002356334], [-87.68726796691617, 41.94952995134575], [-87.6872677734331, 41.9495119391499], [-87.68725570911043, 41.949512011367425], [-87.68725551563095, 41.94949399917145], [-87.68726757995023, 41.94949392695397], [-87.68726748320884, 41.949484920855994], [-87.68725541889128, 41.94948499307346], [-87.68725522541206, 41.94946698087742], [-87.68724316109784, 41.94946705309357], [-87.68724296762218, 41.949449040897406], [-87.6872670962438, 41.94944889646393], [-87.68726699950265, 41.94943989036587], [-87.68727906381169, 41.94943981814725], [-87.68727896706889, 41.9494308120492], [-87.68726690276154, 41.949430884267805], [-87.68726680602047, 41.949421878169716], [-87.68724267740906, 41.949422022603066], [-87.68724219372136, 41.9493769921122], [-87.68727838661297, 41.94937677546062], [-87.68727819312802, 41.949358763264314], [-87.68725406454045, 41.949358907699875], [-87.68725396780144, 41.94934990160166], [-87.68724190350929, 41.94934997381752], [-87.68724132308633, 41.94929593722776], [-87.68725338736829, 41.94929586501205], [-87.68725319389092, 41.949277852815385], [-87.68724112961236, 41.94927792503106], [-87.68724074266494, 41.94924190063748], [-87.68725280693673, 41.9492418284219], [-87.68725261345989, 41.949223816225064], [-87.68726467772822, 41.94922374400826], [-87.68726458098818, 41.94921473790985], [-87.68725251672154, 41.949214810126634], [-87.6872518395543, 41.949151767437186], [-87.68727596806377, 41.949151623002656], [-87.68727587132238, 41.94914261690416], [-87.68726380706937, 41.949142689122034], [-87.6872636135901, 41.94912467692493], [-87.68727567783974, 41.949124604707094], [-87.68727548435724, 41.949106592509985], [-87.68728754860344, 41.94910652029093], [-87.68728725837495, 41.94907950199523], [-87.68727519413387, 41.94907957421422], [-87.68727509739283, 41.94907056811559], [-87.6872630331534, 41.94907064033328], [-87.68726283967484, 41.949052628135945], [-87.68725077543877, 41.94905270035233], [-87.68725048522636, 41.94902568205617], [-87.68727461368829, 41.94902553762228], [-87.68727451694751, 41.949016531523576], [-87.6872865811767, 41.94901645930476], [-87.68728619420726, 41.94898043490987], [-87.6872620657624, 41.94898057934607], [-87.68726196902354, 41.94897157324727], [-87.68723784058191, 41.94897171767835], [-87.68723716343492, 41.94890867498602], [-87.68724922764386, 41.948908602771276], [-87.6872490341703, 41.94889059057339], [-87.68723696996474, 41.94889066278809], [-87.68723609935115, 41.948809607896656], [-87.68724816354144, 41.94880953568216], [-87.68724797006882, 41.94879152348396], [-87.68723590588195, 41.9487915956984], [-87.68723542220971, 41.948746565202526], [-87.68724748638812, 41.94874649298818], [-87.6872473896521, 41.94873748688899], [-87.68725945382876, 41.94873741467342], [-87.68725867992868, 41.94866536587949], [-87.6872707440917, 41.94866529366283], [-87.68727064735269, 41.948656287563544], [-87.68734303231975, 41.94865585423706], [-87.68734293557061, 41.94864684813789], [-87.68741532052589, 41.94864641476588], [-87.68741522376659, 41.948637408666855], [-87.68743935208126, 41.94863726419943], [-87.68743915855602, 41.94861925200141], [-87.68746328686373, 41.948619107529], [-87.68746338362972, 41.94862811362797], [-87.68748751194065, 41.948627969150444], [-87.68748741517125, 41.94861896305152], [-87.6875356717858, 41.94861867408137], [-87.68753557500966, 41.9486096679825], [-87.68760795991994, 41.948609234489375], [-87.68760815349265, 41.94862724668678], [-87.68763228180252, 41.948627102178854], [-87.68763218501275, 41.948618096080196], [-87.68765631331905, 41.94861795156723], [-87.68765621652592, 41.9486089454686], [-87.68766828067731, 41.94860887321024], [-87.687668474267, 41.94862688540742], [-87.68768053842172, 41.94862681314776], [-87.68768073201497, 41.94864482534484], [-87.68769279617307, 41.948644753083855], [-87.68769269937471, 41.94863574698534], [-87.68770476353106, 41.948635674723114], [-87.68770437633133, 41.94859965032901], [-87.68761992728354, 41.948600156137374], [-87.68761983049559, 41.94859115003864], [-87.68742680411964, 41.94859230593849], [-87.68742670735891, 41.94858329983939], [-87.68736638662261, 41.94858366099143], [-87.68736628987043, 41.9485746548922], [-87.68729390499556, 41.94857508823269], [-87.6872938082536, 41.94856608213331], [-87.68735412897426, 41.94856572101951], [-87.68735403222385, 41.94855671492024], [-87.6874022887928, 41.94855642600647], [-87.68740219203565, 41.948547419907285], [-87.68752283343792, 41.94854669753438], [-87.68752273666384, 41.9485376914354], [-87.68755892907856, 41.94853747469888], [-87.68755902585775, 41.9485464807978], [-87.6875710899976, 41.94854640854973], [-87.68757099321672, 41.94853740245084], [-87.68764337804473, 41.948536968935976], [-87.6876432812537, 41.9485279628372], [-87.68766740952596, 41.94852781832216], [-87.68766731273158, 41.948518812223405], [-87.68764318446273, 41.94851895673841], [-87.68764308767179, 41.948509950639604], [-87.68761895940615, 41.94851009514949], [-87.68761886261865, 41.94850108905062], [-87.68759473435624, 41.94850123355539], [-87.68759492792448, 41.9485192457532], [-87.68758286378981, 41.94851931800373], [-87.6875829605723, 41.94852832410264], [-87.68754676816293, 41.948528540846695], [-87.68754667138553, 41.94851953474772], [-87.68752254311579, 41.94851967923737], [-87.68752244634183, 41.94851067313834], [-87.6875103822086, 41.94851074538123], [-87.68751028543637, 41.948501739282165], [-87.68744996477801, 41.94850210047754], [-87.68744986801433, 41.94849309437836], [-87.68742573975406, 41.94849323884758], [-87.68742564299383, 41.948484232748335], [-87.6873894506082, 41.94848444944261], [-87.68738935385309, 41.94847544334326], [-87.6873410973451, 41.94847573225113], [-87.6873411940934, 41.948484738350565], [-87.68731706583576, 41.94848488279695], [-87.68731696909084, 41.948475876697465], [-87.68722045607201, 41.94847645443208], [-87.68722016587827, 41.94844943613302], [-87.68723223000069, 41.94844936392071], [-87.68723174633685, 41.94840433342209], [-87.68720761810894, 41.94840447784524], [-87.68720752137972, 41.94839547174543], [-87.6872316496042, 41.948395327322324], [-87.68723155287162, 41.94838632122255], [-87.6872436169821, 41.94838624900912], [-87.68724352024786, 41.948377242909345], [-87.68723145613907, 41.948377315122755], [-87.6872312626741, 41.94835930292312], [-87.68721919856867, 41.94835937513521], [-87.68721910183797, 41.94835036903536], [-87.68720703773418, 41.94835044124616], [-87.68720490970692, 41.94815230704511], [-87.68722903783973, 41.94815216262324], [-87.68722894110834, 41.948143156523074], [-87.68720481297892, 41.948143300944906], [-87.68720471625096, 41.948134294844685], [-87.68719265218787, 41.948134367053676], [-87.68719245873548, 41.948116354853134], [-87.68720452279517, 41.94811628264418], [-87.68720432933956, 41.94809827044363], [-87.68719226528327, 41.948098342652536], [-87.6871915882019, 41.94803529994998], [-87.68717952415746, 41.94803537215746], [-87.68717875036641, 41.94796332335349], [-87.6871666863355, 41.94796339555952], [-87.68716658961353, 41.94795438945895], [-87.68715452558425, 41.947954461663684], [-87.68715442886402, 41.947945455563065], [-87.68714236483642, 41.94794552776651], [-87.68714159108964, 41.947873478960865], [-87.68715365510367, 41.9478734067576], [-87.68715346166402, 41.94785539455608], [-87.6871413976534, 41.9478554667593], [-87.68714110749936, 41.94782844845687], [-87.68715317150489, 41.94782837625371], [-87.68715307478527, 41.94781937015289], [-87.68714101078143, 41.94781944235602], [-87.68714081734572, 41.947801430154286], [-87.68712875334522, 41.947801502356114], [-87.68712865662914, 41.9477924962552], [-87.68714072062792, 41.947792424053404], [-87.6871404304748, 41.94776540575066], [-87.68715249446845, 41.947765333547665], [-87.68715239774914, 41.94775632744675], [-87.68714033375718, 41.94775639964972], [-87.6871400436046, 41.947729381346804], [-87.68715210759144, 41.947729309143895], [-87.68715181743417, 41.94770229084092], [-87.6871397534524, 41.94770236304376], [-87.6871396567351, 41.947693356942715], [-87.68710346479463, 41.947693573543546], [-87.68710443191877, 41.947783634554014], [-87.68709236792155, 41.947783706751984], [-87.68709285147678, 41.94782873725681], [-87.68708078747102, 41.94782880945361], [-87.6870810775996, 41.9478558277564], [-87.68706901358873, 41.94785589995202], [-87.68706882017302, 41.947837887750126], [-87.68705675616548, 41.94783795994443], [-87.68705636934139, 41.947801935540404], [-87.68704430534059, 41.94780200773333], [-87.68704353170814, 41.947729958924405], [-87.68703146772089, 41.9477300311159], [-87.68703117761453, 41.947703012812234], [-87.6870432415967, 41.947702940620815], [-87.68704304818928, 41.94768492841834], [-87.68703098421052, 41.94768500060973], [-87.68703069410483, 41.94765798230585], [-87.68701863013112, 41.9476580544959], [-87.68701804993111, 41.947604017887635], [-87.68700598596755, 41.94760409007628], [-87.68700743644506, 41.947739181596326], [-87.68699537245597, 41.94773925378404], [-87.68699595263956, 41.947793290391296], [-87.68700801663883, 41.947793218203444], [-87.68700821003712, 41.9478112304057], [-87.68699614603445, 41.9478113025936], [-87.68699624273196, 41.947820308694716], [-87.6869721147231, 41.94782045306677], [-87.68697221141726, 41.94782945916792], [-87.68696014741106, 41.94782953135206], [-87.68696063087403, 41.94787456185776], [-87.68697269488871, 41.9478744896735], [-87.68697259819433, 41.947865483572414], [-87.68698466220727, 41.94786541138692], [-87.68698456551125, 41.94785640528583], [-87.68699662952244, 41.9478563330991], [-87.68699672622017, 41.947865339200156], [-87.68700879023302, 41.94786526701212], [-87.68700908033158, 41.94789228531514], [-87.68699701631363, 41.94789235750324], [-87.68699711301153, 41.94790136360424], [-87.68697298497212, 41.94790150797669], [-87.68697308166666, 41.94791051407771], [-87.68696101764519, 41.947910586262054], [-87.68696130772403, 41.947937604565126], [-87.68694924369743, 41.947937676748275], [-87.68694934038875, 41.9479466828493], [-87.6869372763604, 41.947946755031204], [-87.68693737305007, 41.94795576113223], [-87.68696150111013, 41.94795561676712], [-87.68696217796293, 41.94801865947358], [-87.68695011392103, 41.94801873165694], [-87.68695040399636, 41.94804574995956], [-87.68696246804335, 41.94804567777615], [-87.6869630482054, 41.94809971438088], [-87.68695098414821, 41.948099786564434], [-87.68695156430167, 41.94815382316877], [-87.68696362836903, 41.94815375098508], [-87.68696411183993, 41.9481987814882], [-87.68697617591573, 41.94819870930313], [-87.68697627261174, 41.94820771540368], [-87.6869883366892, 41.94820764321732], [-87.68698853008475, 41.94822565541835], [-87.6869764660039, 41.94822572760475], [-87.68697704618143, 41.94827976420763], [-87.68696498209033, 41.948279836392906], [-87.68696565895424, 41.948342879095755], [-87.68695359485123, 41.94834295127991], [-87.68695388493133, 41.948369969580995], [-87.68696594903943, 41.948369897396766], [-87.68696623912503, 41.94839691569765], [-87.68694211089858, 41.94839706006498], [-87.68694220759046, 41.94840606616528], [-87.68693014347548, 41.948406138347075], [-87.68693072361756, 41.948460174948764], [-87.68687040299105, 41.948460535839374], [-87.68687049967306, 41.94846954193972], [-87.68684637141874, 41.94846968628714], [-87.6868464680974, 41.94847869238751], [-87.68681027571051, 41.94847890889921], [-87.68681017903694, 41.94846990279876], [-87.68679811490959, 41.94846997496677], [-87.68679801823777, 41.948460968866286], [-87.68678595411207, 41.948461041033], [-87.68678614745237, 41.94847905323399], [-87.68677408332323, 41.94847912539949], [-87.68677417999174, 41.948488131499985], [-87.68676211586086, 41.94848820366423], [-87.68676192252727, 41.948470191463166], [-87.68674985839974, 41.94847026362611], [-87.6867497617347, 41.948461257525544], [-87.68671356935694, 41.94846147400666], [-87.68671366601687, 41.94847048010732], [-87.68670160188917, 41.948470552265185], [-87.68670169854747, 41.948479558365825], [-87.6866534420294, 41.9484798469847], [-87.6866533453779, 41.948470840883964], [-87.686629217122, 41.94847098518576], [-87.6866293137701, 41.94847999128653], [-87.68660518551064, 41.94848013558329], [-87.68660508886593, 41.94847112948248], [-87.68654476822498, 41.948471490202074], [-87.68654467158879, 41.94846248410112], [-87.6865205433355, 41.94846262838004], [-87.68652035007008, 41.948444616178], [-87.68648415769998, 41.94844483258675], [-87.68648435095523, 41.948462844788935], [-87.68647228682838, 41.94846291692269], [-87.68647238345436, 41.948471923023796], [-87.68646031932578, 41.94847199515631], [-87.68646041595011, 41.948481001257406], [-87.68647248008038, 41.94848092912486], [-87.68647257670645, 41.94848993522592], [-87.68646051257448, 41.948490007358494], [-87.68646060919889, 41.94849901345957], [-87.6864364809314, 41.94849915772092], [-87.68643638431037, 41.94849015161981], [-87.68640019191389, 41.948490368002275], [-87.68640028852982, 41.94849937410346], [-87.68636409612785, 41.9484995904746], [-87.68636419273872, 41.948508596575834], [-87.68635212860295, 41.94850866869703], [-87.68635232182146, 41.94852668089951], [-87.68634025768223, 41.948526753019486], [-87.68634035428984, 41.94853575912073], [-87.68631622600789, 41.94853590335693], [-87.68631603279948, 41.94851789115433], [-87.6863280969371, 41.948517819036915], [-87.68632800033126, 41.94850881293563], [-87.68631593619536, 41.948508885053016], [-87.68631583959126, 41.94849987895169], [-87.68626758305398, 41.9485001674085], [-87.68626748645673, 41.94849116130707], [-87.686255422324, 41.94849123341809], [-87.68625551891955, 41.94850023951953], [-87.68609868516792, 41.94850117684765], [-87.68609878174145, 41.94851018294939], [-87.68611084587815, 41.94851011085481], [-87.68611094245341, 41.948519116956504], [-87.68609887831502, 41.94851918905111], [-87.68609907146231, 41.94853720125452], [-87.68607494317857, 41.94853734544], [-87.68607503974889, 41.94854635154174], [-87.68606297560525, 41.9485464236326], [-87.68606287903664, 41.94853741753086], [-87.68600255832635, 41.94853777796607], [-87.68600236520624, 41.9485197657623], [-87.68603855762235, 41.948519549505114], [-87.68603846105728, 41.94851054340327], [-87.68606258933107, 41.94851039922553], [-87.68606249276264, 41.94850139312371], [-87.68603836449223, 41.948501537301425], [-87.68603826792724, 41.94849253119956], [-87.68597794725893, 41.948492891621534], [-87.68597785070247, 41.948483885519536], [-87.68595372243824, 41.94848402967941], [-87.68595362588522, 41.94847502357736], [-87.68594156175473, 41.948475095655375], [-87.68594127210102, 41.948448077349056], [-87.68595333622642, 41.94844800527112], [-87.68595314312077, 41.94842999306689], [-87.68596520724272, 41.94842992098772], [-87.68596501413384, 41.94841190878348], [-87.68595295001529, 41.9484119808626], [-87.68595285346261, 41.948402974760434], [-87.68594078934572, 41.94840304683825], [-87.68593992038895, 41.94832199191791], [-87.68595198449056, 41.94832191984028], [-87.68595179138615, 41.94830390763566], [-87.68593972728793, 41.94830397971323], [-87.68593905143574, 41.94824093699639], [-87.68592698734935, 41.94824100907254], [-87.68592689080091, 41.94823200297006], [-87.6859389548856, 41.948231930893925], [-87.68593876178547, 41.94821391868895], [-87.68595082586671, 41.9482138466116], [-87.68595053621175, 41.94818682830412], [-87.68593847213559, 41.9481869003814], [-87.68593827903588, 41.9481688881763], [-87.68596240718136, 41.94816874402054], [-87.68596173131004, 41.94810570130251], [-87.68593760318834, 41.94810584545795], [-87.6859372169907, 41.94806982104716], [-87.68592515293656, 41.94806989312288], [-87.6859244771043, 41.94800685040328], [-87.68593654114653, 41.9480067783277], [-87.68593615495084, 41.94797075391627], [-87.68592409091538, 41.947970825991746], [-87.68592273925977, 41.947844740549634], [-87.68593480327145, 41.947844668474474], [-87.6859346101751, 41.94782665626826], [-87.68592254616682, 41.94782672834337], [-87.68592215998144, 41.947790703930714], [-87.68591009597989, 41.94779077600447], [-87.6859098063464, 41.94776375769475], [-87.68589774234992, 41.94776382976717], [-87.68589899740911, 41.94788090910865], [-87.6858869333905, 41.9478809811801], [-87.68588780226673, 41.94796203610759], [-87.6858757382328, 41.94796210817799], [-87.68587602785391, 41.94798912648696], [-87.68588809189293, 41.947989054416496], [-87.6858892504017, 41.94809712765084], [-87.68590131446106, 41.94809705557884], [-87.6859026660864, 41.94822314101598], [-87.68591473016949, 41.948223068942404], [-87.68591501980971, 41.948250087249924], [-87.68590295572155, 41.94825015932357], [-87.68590382462929, 41.94833121424557], [-87.6858917605258, 41.948331286318144], [-87.68589224324538, 41.94837631682998], [-87.68588017913335, 41.9483763889014], [-87.68588075838814, 41.94843042551526], [-87.68586869426586, 41.948430497585555], [-87.6858687908068, 41.94843950368784], [-87.68585672668279, 41.94843957575689], [-87.68585653360438, 41.94842156355227], [-87.68584446948373, 41.94842163562], [-87.68584360064841, 41.94834058069828], [-87.68583153654299, 41.94834065276455], [-87.68583134347236, 41.94832264055951], [-87.68584340757438, 41.948322568493296], [-87.68584292489007, 41.94827753798057], [-87.68583086079654, 41.94827761004668], [-87.68583057119159, 41.94825059173881], [-87.6858185071031, 41.948250663803584], [-87.68581802443754, 41.94820563329008], [-87.6858300885175, 41.948205561225414], [-87.68582931624131, 41.948133512403224], [-87.6858172521749, 41.9481335844677], [-87.6858170591097, 41.94811557226197], [-87.68582912317271, 41.94811550019754], [-87.6858280612985, 41.94801643306521], [-87.68584012534279, 41.94801636099976], [-87.68583944959555, 41.94795331827844], [-87.68582738556314, 41.94795339034373], [-87.68582728902969, 41.94794438424059], [-87.68581522499895, 41.9479444563046], [-87.68581503193558, 41.947926444098265], [-87.68582709596294, 41.9479263720343], [-87.68582603409891, 41.947827304898674], [-87.68581397009022, 41.94782737696237], [-87.68581358396595, 41.94779135254889], [-87.68580151996403, 41.94779142461124], [-87.6858019060815, 41.94782744902481], [-87.68578984207272, 41.94782752108598], [-87.68579003512832, 41.947845533292735], [-87.68580209914049, 41.947845461231516], [-87.68580316096813, 41.94794452836733], [-87.6857910969373, 41.9479446004288], [-87.68579186916534, 41.94801664925395], [-87.68580393320978, 41.948016577192305], [-87.68580460892352, 41.948079619913386], [-87.68579254486721, 41.9480796919752], [-87.68579273792528, 41.94809770418114], [-87.685804801985, 41.948097632119286], [-87.68580518810846, 41.94813365653091], [-87.68579312404195, 41.94813372859286], [-87.68579341362992, 41.94816074690148], [-87.6858054777015, 41.94816067483947], [-87.68580818058918, 41.948412845713186], [-87.68579611647004, 41.948412917775826], [-87.68579630953138, 41.9484309299807], [-87.68580837365391, 41.94843085791801], [-87.68580914591459, 41.94850290673678], [-87.68578501764232, 41.94850305086124], [-87.6857851141717, 41.948512056963565], [-87.68576098589588, 41.94851220108302], [-87.68576117894798, 41.94853021328772], [-87.68574911480661, 41.94853028534558], [-87.68574921133104, 41.94853929144793], [-87.68573714718792, 41.948539363504565], [-87.68573724371069, 41.94854836960692], [-87.68559247396946, 41.94854923418778], [-87.68559257047191, 41.94855824029041], [-87.68553224973603, 41.948558600478684], [-87.68553234623003, 41.9485676065814], [-87.68571330845981, 41.948566525921166], [-87.68571340497932, 41.94857553202354], [-87.68576166157905, 41.94857524379922], [-87.68576156505274, 41.948566237696944], [-87.68582188579292, 41.94856587738814], [-87.68582178925817, 41.94855687128597], [-87.68583385340439, 41.948556799220434], [-87.68583375686799, 41.948547793118266], [-87.68584582101245, 41.94854772105149], [-87.6858457244744, 41.948538714949315], [-87.68588191690243, 41.94853849874143], [-87.68588201344556, 41.94854750484351], [-87.68589407758986, 41.94854743277166], [-87.68589417413475, 41.948556438873716], [-87.68591830242659, 41.94855629472616], [-87.68591839897492, 41.94856530082815], [-87.68594252726997, 41.94856515667548], [-87.68594262382175, 41.948574162777405], [-87.68618390679657, 41.94857272097137], [-87.68618381021085, 41.94856371486989], [-87.68632857996691, 41.94856284954316], [-87.68632867657301, 41.94857185564438], [-87.68637693316374, 41.94857156716149], [-87.68637702977668, 41.94858057326258], [-87.68640115807517, 41.94858042901349], [-87.68640106145885, 41.948571422912444], [-87.68652170293171, 41.94857070159113], [-87.68652179956503, 41.94857970769196], [-87.68658212030829, 41.948579346983664], [-87.68658221695013, 41.94858835308437], [-87.6865339603488, 41.94858864165363], [-87.68653415361904, 41.94860665385517], [-87.68625667806967, 41.94860831273591], [-87.6862567746658, 41.94861731883719], [-87.68623264635265, 41.94861746305604], [-87.68623254975992, 41.94860845695473], [-87.68620842144999, 41.948608601168466], [-87.68620851803932, 41.94861760726982], [-87.6861964538826, 41.948617679374806], [-87.68619635729497, 41.948608673273434], [-87.68599126665278, 41.948609898863985], [-87.68599136321156, 41.94861890496574], [-87.68594310658123, 41.948619193286845], [-87.68594320313326, 41.94862819938869], [-87.68591907481444, 41.94862834354168], [-87.68591926791183, 41.94864635574542], [-87.68590720374895, 41.948646427820066], [-87.6859075899375, 41.94868245222746], [-87.68589552576779, 41.94868252430092], [-87.68589571885893, 41.94870053650457], [-87.68587159051258, 41.94870068064778], [-87.68587139742824, 41.948682668444036], [-87.68585933325839, 41.948682740513696], [-87.68585914017763, 41.94866472830984], [-87.68584707601113, 41.948664800378204], [-87.68584688293393, 41.94864678817424], [-87.68583481877079, 41.94864686024128], [-87.68583472223395, 41.94863785413926], [-87.68582265807245, 41.94863792620501], [-87.68582256153736, 41.948628920102955], [-87.68581049737753, 41.948628992167414], [-87.68581040084418, 41.9486199860653], [-87.68577420836951, 41.94862020225099], [-87.68577411184128, 41.94861119614882], [-87.6857137910578, 41.94861155643284], [-87.68571388757752, 41.94862056253512], [-87.68568975926041, 41.94862070663989], [-87.68568966274408, 41.948611700537576], [-87.68567759858716, 41.94861177258803], [-87.6856776951018, 41.94862077869039], [-87.6855570535132, 41.948621499125565], [-87.6855571500109, 41.948630505228145], [-87.6855450858501, 41.948630577264694], [-87.68554498935409, 41.94862157116211], [-87.68549673271724, 41.94862185929561], [-87.68549682920644, 41.9486308653983], [-87.68552095752835, 41.948630721334034], [-87.68552105402101, 41.94863972743666], [-87.68561756732046, 41.94863915112872], [-87.68561766382675, 41.94864815723115], [-87.68564179215457, 41.948648013141444], [-87.68564169564489, 41.948639007039056], [-87.68572614477898, 41.94863850268532], [-87.68572624130056, 41.94864750878755], [-87.68575036962758, 41.948647364675026], [-87.68575056267763, 41.94866537687934], [-87.68576262684445, 41.948665304821134], [-87.68576253031773, 41.948656298719], [-87.68578665864788, 41.94865615459884], [-87.68578694823842, 41.948683172905035], [-87.68579901240852, 41.948683100842985], [-87.6857991089405, 41.948692106944996], [-87.68581117311226, 41.94869203488166], [-87.6858113661797, 41.9487100470856], [-87.68582343035483, 41.94870997502095], [-87.68582371996143, 41.948736993326676], [-87.68581165578122, 41.9487370653914], [-87.68581194538314, 41.948764083697085], [-87.68582400956844, 41.948764011632285], [-87.68582420264, 41.94878202383595], [-87.68581213845131, 41.948782095900796], [-87.68581223498546, 41.94879110200263], [-87.685800170795, 41.948791174066216], [-87.68580007426257, 41.94878216796438], [-87.6857880100738, 41.948782240026674], [-87.68578762395121, 41.948746215619], [-87.68577555976918, 41.94874628767996], [-87.68577604241402, 41.948791318189606], [-87.68576397822343, 41.948791390249404], [-87.68576436433331, 41.94882741465696], [-87.68577642853067, 41.94882734259707], [-87.68577700770697, 41.948881379207855], [-87.68576494349944, 41.948881451267866], [-87.68576513655516, 41.948899463471406], [-87.6857772007661, 41.94889939141134], [-87.68577874524541, 41.949043489037074], [-87.68576668100731, 41.949043561097504], [-87.68576697059333, 41.94907057940199], [-87.68577903483654, 41.9490705073415], [-87.685779131367, 41.94907951344294], [-87.68579119561186, 41.94907944138115], [-87.68579129214406, 41.94908844748256], [-87.68580335639058, 41.949088375419485], [-87.68580345292452, 41.94909738152086], [-87.68581551717268, 41.94909730945649], [-87.68581561370837, 41.94910631555783], [-87.6858276779582, 41.94910624349218], [-87.6858278710331, 41.94912425569475], [-87.68581580677989, 41.94912432776045], [-87.68581619292344, 41.94916035216552], [-87.6857920644033, 41.9491604962933], [-87.68579293319831, 41.94924155120429], [-87.68580499747368, 41.949241479140824], [-87.68580557668253, 41.949295515747366], [-87.68581764096804, 41.9492954436825], [-87.68581812365179, 41.94934047418745], [-87.68583018794574, 41.94934040212121], [-87.68583105679451, 41.949421457029], [-87.6858431211037, 41.94942138496128], [-87.68584379688934, 41.94948442766637], [-87.68583173256826, 41.94948449973425], [-87.68583182910754, 41.94949350583494], [-87.68580770046184, 41.949493649966925], [-87.68580789353375, 41.949511662168355], [-87.68581995786002, 41.949511590102944], [-87.6858202474733, 41.94953860840492], [-87.68579611881053, 41.9495387525346], [-87.68579631187949, 41.949556764735945], [-87.68582044054904, 41.94955662060618], [-87.68582073016299, 41.94958363890793], [-87.68583279450279, 41.94958356684107], [-87.68583298758236, 41.949601579042124], [-87.68582092323916, 41.949601651109035], [-87.68582101977732, 41.94961065720956], [-87.68579689108739, 41.949610801339595], [-87.6857969876222, 41.94961980744015], [-87.68583318066212, 41.94961959124313], [-87.68583327720206, 41.949628597343604], [-87.6858453415503, 41.94962852527537], [-87.68584553463373, 41.94964653747625], [-87.68583347028208, 41.949646609544516], [-87.68583356682215, 41.94965561564494], [-87.68580943811534, 41.949655759777755], [-87.68580953465205, 41.94966476587822], [-87.68579747029688, 41.94966483794274], [-87.68579766336707, 41.94968285014367], [-87.68578559900845, 41.94968292220697], [-87.68578588860896, 41.94970994050834], [-87.68579795297268, 41.94970986844497], [-87.68579804950795, 41.94971887454537], [-87.68581011387333, 41.94971880248071], [-87.68581021041035, 41.94972780858107], [-87.68582227477737, 41.949727736515136], [-87.68582246785496, 41.94974574871577], [-87.68583453222533, 41.94974567664851], [-87.68583462876589, 41.94975468274878], [-87.6858466931379, 41.94975461068024], [-87.68584814127706, 41.94988970218232], [-87.68583607687957, 41.949889774251204], [-87.68583598033835, 41.94988076815115], [-87.6858239159425, 41.94988084021876], [-87.68582343324557, 41.94983580971812], [-87.68581136885818, 41.94983588178433], [-87.68581156193342, 41.949853893984674], [-87.6857994975426, 41.94985396604967], [-87.68579969061463, 41.949871978249995], [-87.68578762622036, 41.94987205031377], [-87.68578791582365, 41.94989906861423], [-87.68579998022302, 41.94989899655038], [-87.68580036636814, 41.94993502095071], [-87.68581243077425, 41.949934948885506], [-87.68581262385047, 41.94995296108552], [-87.68580055944096, 41.94995303315077], [-87.68580075251397, 41.94997104535079], [-87.68582488133973, 41.94997090121893], [-87.68582517095975, 41.94999791951873], [-87.68583723537765, 41.94999784745083], [-87.68583733191944, 41.950006853550704], [-87.68584939633901, 41.95000678148152], [-87.68584958942613, 41.95002479368117], [-87.68582546058016, 41.95002493781836], [-87.68582594328176, 41.95006996831749], [-87.68583800771323, 41.950069896249424], [-87.6858383938821, 41.95010592064837], [-87.68585045832033, 41.950105848578936], [-87.68585055486434, 41.95011485467862], [-87.68586261930425, 41.95011478260789], [-87.6858628123958, 41.95013279480716], [-87.68582661906581, 41.95013301101567], [-87.6858263294438, 41.95010599271653], [-87.68581426500548, 41.95010606478344], [-87.68581465116145, 41.95014208918234], [-87.68582671560657, 41.95014201711535], [-87.68582681214737, 41.950151023215014], [-87.68583887659413, 41.95015095114673], [-87.68583926276457, 41.950186975545165], [-87.68582719831102, 41.95018704761354], [-87.68582729485203, 41.95019605371313], [-87.6858393593073, 41.95019598164475], [-87.68583993856454, 41.95025001824188], [-87.68582787409909, 41.950250090310405], [-87.6858279706404, 41.9502590964099], [-87.68584003510756, 41.95025902434136], [-87.68584080745336, 41.95033107313662], [-87.68582874297263, 41.950331145205354], [-87.68582883951436, 41.950340151304715], [-87.6858167750319, 41.95034022337221], [-87.68581696811208, 41.95035823557094], [-87.68580490362616, 41.95035830763721], [-87.68580500016462, 41.950367313736564], [-87.68573261323805, 41.95036774610767], [-87.68573270976636, 41.950376752207156], [-87.68579303221378, 41.95037639190096], [-87.68579312875063, 41.95038539800033], [-87.68582932222365, 41.95038518180133], [-87.68582941876565, 41.95039418790061], [-87.68584148325826, 41.95039411583172], [-87.68584157980199, 41.95040312193096], [-87.68586570879047, 41.95040297778933], [-87.68586561224336, 41.95039397169014], [-87.68590180572068, 41.950393755468255], [-87.6859017091685, 41.95038474936912], [-87.68591377365915, 41.95038467729264], [-87.68591367710532, 41.95037567119349], [-87.68594987057193, 41.95037545495655], [-87.68594996713084, 41.950384461055606], [-87.68602235407305, 41.95038402854734], [-87.68602245064221, 41.950393034646254], [-87.68605864411781, 41.95039281837494], [-87.6860587406921, 41.950401824473765], [-87.68607080518558, 41.95040175238078], [-87.68607070860959, 41.95039274628196], [-87.68623961148987, 41.95039173684723], [-87.68623951489015, 41.95038273074871], [-87.68625157937956, 41.950382658636755], [-87.68625148277819, 41.95037365253825], [-87.68657722393002, 41.95037170503663], [-87.68657732057723, 41.950380711134514], [-87.68669796545709, 41.950379989602894], [-87.68669806212134, 41.95038899570054], [-87.68673425558953, 41.950388779216276], [-87.6867341589202, 41.95037977311869], [-87.68674622340781, 41.95037970095475], [-87.68674632007884, 41.950388707052305], [-87.68680664252473, 41.950388346213494], [-87.6868067392043, 41.95039735231092], [-87.68681880369505, 41.95039728013933], [-87.68681890037635, 41.95040628623674], [-87.68680683588391, 41.95040635840834], [-87.68680693256356, 41.95041536450575], [-87.68677073908088, 41.95041558101304], [-87.6867708357555, 41.95042458711049], [-87.68669844877874, 41.950425020091], [-87.68669854544322, 41.95043402618857], [-87.68666235194917, 41.95043424266178], [-87.68666244860857, 41.950443248759406], [-87.68665038410876, 41.95044332091463], [-87.68665028745106, 41.95043431481699], [-87.68640899747963, 41.95043575765479], [-87.68640909410338, 41.95044476375289], [-87.68639702960265, 41.9504448358815], [-87.68639693298059, 41.950435829783366], [-87.68638486848151, 41.95043590191068], [-87.68638496510187, 41.95044490800883], [-87.68637290060106, 41.9504449801349], [-87.6863728039824, 41.95043597403672], [-87.68633661048476, 41.95043619040727], [-87.68633670709833, 41.950445196505484], [-87.68628844909408, 41.95044548498188], [-87.6862883524873, 41.95043647888355], [-87.68620390099005, 41.95043698366826], [-87.68620380439519, 41.95042797756975], [-87.68617967539898, 41.950428121782494], [-87.68617977199044, 41.95043712788106], [-87.68616770749055, 41.95043719998555], [-87.68616761090081, 41.95042819388697], [-87.68607109491383, 41.95042877067713], [-87.6860709983377, 41.95041976457836], [-87.6860106758529, 41.950420125030895], [-87.68601077242053, 41.950429131129766], [-87.68593838542714, 41.950429563631126], [-87.68593848198462, 41.95043856973013], [-87.68589022398133, 41.9504388580391], [-87.68589032053208, 41.95044786413818], [-87.68586619152678, 41.950448008285115], [-87.68586609497943, 41.95043900218598], [-87.68585403047842, 41.950439074257524], [-87.68585393393282, 41.950430068158354], [-87.68578154693597, 41.95043050056083], [-87.68578164347139, 41.950439506660125], [-87.68576957897007, 41.9504395787228], [-87.68576967550382, 41.950448584822105], [-87.68575761100075, 41.950448656883516], [-87.68575770753287, 41.95045766298283], [-87.6857215140183, 41.95045787915956], [-87.68572161054536, 41.950466885258926], [-87.68581812659691, 41.95046630876213], [-87.68581831967832, 41.95048432096046], [-87.68583038418797, 41.950484248892614], [-87.68583019110315, 41.95046623669433], [-87.68585432011551, 41.95046609255491], [-87.68585441666129, 41.950475098654024], [-87.6858664811691, 41.9504750265824], [-87.68586657771662, 41.950484032681466], [-87.68584244869757, 41.9504841768235], [-87.68584273833021, 41.950511195120754], [-87.68586686735945, 41.950511050978584], [-87.6858671570027, 41.95053806927557], [-87.68584302796326, 41.95053821341787], [-87.68584283487452, 41.9505202012198], [-87.68583077035814, 41.95052027328901], [-87.68583096344348, 41.95053828548713], [-87.68581889892364, 41.95053835755512], [-87.6858193816293, 41.95058338805027], [-87.68583144615761, 41.95058331598216], [-87.68583202541603, 41.95063735257573], [-87.68586821903128, 41.95063713636343], [-87.68586841212797, 41.95065514856104], [-87.6858563475862, 41.95065522063311], [-87.6858564441329, 41.95066422673192], [-87.68584437958938, 41.95066429880276], [-87.68584476576987, 41.950700323197914], [-87.68585683032018, 41.95070025112699], [-87.6858569268671, 41.950709257225725], [-87.68586899141906, 41.9507091851535], [-87.68586928106521, 41.950736203449544], [-87.68584515195106, 41.95073634759285], [-87.6858454415874, 41.950763365888896], [-87.6858575061496, 41.9507632938178], [-87.68585769924411, 41.95078130601506], [-87.68586976380966, 41.950781233942664], [-87.68587015000601, 41.9508172583369], [-87.6858822145783, 41.95081718626313], [-87.6858832766406, 41.95091625334585], [-87.68585914745863, 41.9509163974926], [-87.6858592440066, 41.95092540359098], [-87.68584717941386, 41.95092547566247], [-87.68584737250656, 41.95094348785925], [-87.6858594371027, 41.950943415787705], [-87.68585953365083, 41.95095242188606], [-87.68588366284638, 41.950952277739134], [-87.6858852076766, 41.95109637530996], [-87.68589727230149, 41.95109630323422], [-87.68589736885545, 41.95110530933227], [-87.68588530422888, 41.95110538140801], [-87.68588559388593, 41.9511323997021], [-87.68587352925421, 41.95113247177664], [-87.68587362580494, 41.95114147787467], [-87.68588569043837, 41.95114140580009], [-87.68588684907108, 41.95124947897494], [-87.68589891372483, 41.951249406898825], [-87.68589987927392, 41.95133946787607], [-87.6859119439446, 41.95133939579846], [-87.68591146116101, 41.951294365310126], [-87.68592352582317, 41.95129429323137], [-87.68592333270665, 41.95127628103599], [-87.68593539736536, 41.95127620895601], [-87.68593501112605, 41.95124018456516], [-87.68594707577792, 41.951240112484], [-87.68594678609381, 41.95121309419078], [-87.68597091538724, 41.9512129500248], [-87.68597120508154, 41.95123996831788], [-87.68598326973328, 41.95123989623291], [-87.68598384913327, 41.951293932818565], [-87.68599591379515, 41.9512938607322], [-87.68599601036365, 41.951302866829735], [-87.68598394570007, 41.951302938916115], [-87.68598433196779, 41.9513389633062], [-87.68599639663816, 41.95133889121973], [-87.68599658977567, 41.95135690341464], [-87.68600865444941, 41.951356831326855], [-87.68600797845698, 41.95129378864456], [-87.68602004311879, 41.95129371655567], [-87.68601994654692, 41.951284710458154], [-87.68600788188681, 41.95128478254704], [-87.68600710932705, 41.9512127337663], [-87.68601917397356, 41.95121266167761], [-87.6860188842593, 41.95118564338467], [-87.68600681961787, 41.9511857154733], [-87.68600672304822, 41.95117670937559], [-87.68601878768796, 41.95117663728699], [-87.68601801511883, 41.95110458850506], [-87.6860059504927, 41.95110466059349], [-87.68600488823344, 41.951005593516584], [-87.68599282362594, 41.95100566560348], [-87.68599272705887, 41.95099665950548], [-87.68600479166469, 41.950996587418594], [-87.6860044053901, 41.950960563026506], [-87.68599234079107, 41.9509606351133], [-87.68599205109068, 41.950933616819015], [-87.6860041156846, 41.950933544732294], [-87.68600382597951, 41.95090652643795], [-87.68601589056831, 41.95090645435002], [-87.68601579399834, 41.950897448251894], [-87.68600372941125, 41.9508975203398], [-87.68600218432486, 41.95075342276753], [-87.68602631344466, 41.950753278591186], [-87.68602621687373, 41.95074427249284], [-87.68603828143186, 41.95074420040279], [-87.68603808828676, 41.9507261882061], [-87.68601395917725, 41.95072633238486], [-87.6860137660391, 41.95070832018801], [-87.6860258305905, 41.95070824809932], [-87.68602554087852, 41.95068122980404], [-87.68601347633223, 41.95068130189266], [-87.68601328319454, 41.95066328969568], [-87.68602534773743, 41.9506632176071], [-87.68602525116695, 41.95065421150862], [-87.68601318662576, 41.95065428359718], [-87.68601280035108, 41.950618259203], [-87.68600073581662, 41.950618331290194], [-87.68599977014996, 41.95052827030351], [-87.68601183466744, 41.95052819821654], [-87.68601173809932, 41.9505191921178], [-87.68602380261505, 41.9505191200296], [-87.68602370604526, 41.95051011393087], [-87.68601164153124, 41.95051018601907], [-87.68601154496321, 41.95050117992033], [-87.68602360947554, 41.95050110783214], [-87.68602341633621, 41.950483095634645], [-87.6859992873183, 41.95048323980963], [-87.6859991907521, 41.95047423371082], [-87.68604744878095, 41.95047394535585], [-87.686047352208, 41.9504649392571], [-87.6863369003256, 41.95046320870194], [-87.68633680371194, 41.95045420260372], [-87.68638506172228, 41.95045391410697], [-87.68638515834273, 41.950462920205084], [-87.68639722284689, 41.950462848077706], [-87.68639712622475, 41.9504538419796], [-87.6864333197319, 41.95045362558992], [-87.68643341635915, 41.95046263168796], [-87.68644548086314, 41.950462559555504], [-87.68644567412115, 41.950480571751484], [-87.68646980313581, 41.95048042748268], [-87.68646989976827, 41.95048943358061], [-87.686650867398, 41.95048835140268], [-87.68665048076653, 41.95045232701227], [-87.68666254526802, 41.950452254857026], [-87.68666264192753, 41.950461260954626], [-87.68669883543687, 41.95046104448121], [-87.68669873877226, 41.95045203838368], [-87.68674699677732, 41.95045174973482], [-87.6867470934487, 41.95046075583225], [-87.68681948046513, 41.95046032282078], [-87.68681957714675, 41.95046932891808], [-87.68675925462469, 41.950469689764255], [-87.68675944797107, 41.95048770195903], [-87.68685596403303, 41.95048712458958], [-87.68685606071988, 41.95049613068675], [-87.68686812522913, 41.95049605850985], [-87.6868682219177, 41.950505064607], [-87.68688028642862, 41.9505049924288], [-87.68688038311893, 41.950513998525906], [-87.6868924476315, 41.95051392634642], [-87.68689254432356, 41.950522932443484], [-87.68692873786604, 41.95052271589735], [-87.68692854447175, 41.95050470370333], [-87.68694060898244, 41.95050463151879], [-87.68694051228366, 41.95049562542177], [-87.68701289933661, 41.95049519228808], [-87.68701299604557, 41.950504198384955], [-87.68702506055594, 41.95050412619155], [-87.68702515726665, 41.95051313228838], [-87.68701309275458, 41.95051320448181], [-87.68701318946363, 41.950522210578654], [-87.68702525397738, 41.9505221383852], [-87.6870258342428, 41.95057617496583], [-87.68701376971886, 41.950576247159425], [-87.68701396313763, 41.9505942593529], [-87.68702602766497, 41.95059418715926], [-87.68702622108731, 41.95061219935263], [-87.68701415655657, 41.950612271546305], [-87.68701493023411, 41.95068432031939], [-87.68700286568973, 41.950684392511995], [-87.68700305910616, 41.95070240470516], [-87.68701512365394, 41.95070233251252], [-87.68701522036392, 41.95071133860907], [-87.68700315581444, 41.95071141080174], [-87.687003542648, 41.95074743518785], [-87.68702767176048, 41.950747290801075], [-87.68702883230615, 41.95085536395752], [-87.68701676772957, 41.95085543615181], [-87.68701696115107, 41.95087344834438], [-87.68702902573105, 41.95087337615004], [-87.6870297027196, 41.950936418823474], [-87.68701763812773, 41.95093649101798], [-87.68701783155002, 41.95095450321029], [-87.68702989614529, 41.95095443101575], [-87.68703008957115, 41.950972443207974], [-87.68701802497249, 41.95097251540256], [-87.68701831510654, 41.950999533690855], [-87.6870303797103, 41.950999461496195], [-87.68703066984982, 41.9510264797843], [-87.68701860524098, 41.95102655197901], [-87.68701879866416, 41.95104456417106], [-87.68700673405186, 41.95104463636456], [-87.68700692747181, 41.95106264855658], [-87.6870189920875, 41.951062576363036], [-87.68701908879925, 41.95107158245901], [-87.6870311534166, 41.95107151026417], [-87.68703163698446, 41.951116540743676], [-87.68701957235864, 41.95111661293863], [-87.6870197657827, 41.951134625130386], [-87.68700770115343, 41.95113469732411], [-87.68700779786383, 41.95114370342], [-87.68701986249481, 41.95114363122624], [-87.68701995920694, 41.95115263732208], [-87.68703202383956, 41.95115256512704], [-87.68703231398133, 41.9511795834144], [-87.68702024934363, 41.95117965560951], [-87.68702073290567, 41.95122468608826], [-87.68703279755186, 41.95122461389305], [-87.68703299098038, 41.9512426260844], [-87.68704505562995, 41.951242553887866], [-87.6870455392105, 41.9512875843659], [-87.68703347455245, 41.951287656562556], [-87.68703376469622, 41.95131467484928], [-87.68704582935936, 41.95131460265256], [-87.68704611950862, 41.95134162093907], [-87.6870340548404, 41.951341693135866], [-87.68703424827005, 41.95135970532684], [-87.68704631294169, 41.95135963313002], [-87.68704708667569, 41.95143168189321], [-87.68703502199048, 41.95143175409022], [-87.68703511870572, 41.951440760185584], [-87.68704718339265, 41.95144068798854], [-87.68704747354376, 41.951467706274464], [-87.68703540885176, 41.95146777847156], [-87.68703550556718, 41.951476784566864], [-87.68704757026089, 41.95147671236974], [-87.68704795712983, 41.951512736750686], [-87.68703589242934, 41.95151280894792], [-87.68703608586068, 41.951530821138356], [-87.68704815056458, 41.95153074894109], [-87.68704824728202, 41.95153975503627], [-87.68703618257642, 41.95153982723356], [-87.68703637600802, 41.95155783942391], [-87.68704844071702, 41.95155776722658], [-87.68704873086985, 41.95158478551193], [-87.68703666615576, 41.95158485770934], [-87.68703685958782, 41.951602869899546], [-87.68704892430529, 41.95160279770211], [-87.68704902102309, 41.951611803797164], [-87.68706108574222, 41.951611731598426], [-87.68706118246175, 41.95162073769346], [-87.68704911774091, 41.95162080989221], [-87.68704931117672, 41.95163882208227], [-87.68706137590095, 41.95163874988346], [-87.68706166606007, 41.95166576816836], [-87.68704960133074, 41.951665840367234], [-87.68704989148516, 41.95169285865209], [-87.6870619562196, 41.95169278645314], [-87.68706224637951, 41.95171980473779], [-87.68705018163999, 41.951719876936785], [-87.68705124554441, 41.951818943979625], [-87.6870633103026, 41.95181887178036], [-87.68706340702315, 41.95182787787506], [-87.68705134226326, 41.95182795007434], [-87.68705153570109, 41.95184596226372], [-87.68703947093776, 41.95184603446178], [-87.68703956765505, 41.951855040556474], [-87.68705163242007, 41.9518549683584], [-87.68705201929644, 41.95189099273695], [-87.6870640840682, 41.951890920537515], [-87.68706437423104, 41.95191793882121], [-87.68705230945417, 41.95191801102071], [-87.6870532766495, 41.95200807196565], [-87.68706534144334, 41.95200799976593], [-87.68706582505115, 41.95205303023775], [-87.68707788985346, 41.952052958036624], [-87.68707808330028, 41.952070970225215], [-87.68706601849459, 41.95207104242638], [-87.68706630866006, 41.952098060709204], [-87.68707837347084, 41.95209798850798], [-87.68707847019446, 41.952106994602204], [-87.68706640538198, 41.95210706680345], [-87.68706669554798, 41.952134085086115], [-87.68703050109498, 41.95213430168245], [-87.68703040437802, 41.95212529558819], [-87.68690975621547, 41.95212601749336], [-87.68690965951554, 41.952117011398855], [-87.68689759470074, 41.95211708358239], [-87.68689769139897, 41.95212608967691], [-87.68682530249903, 41.95212652275158], [-87.68682539918713, 41.95213552884624], [-87.68672888063783, 41.9521361062083], [-87.68672907398698, 41.952154118397935], [-87.68677733327554, 41.95215382972687], [-87.68677742995698, 41.952162835821575], [-87.68678949478071, 41.95216276365061], [-87.68678959146388, 41.95217176974529], [-87.68676546181298, 41.95217191408598], [-87.6867655584928, 41.95218092018069], [-87.68669316952882, 41.952181353172485], [-87.6866930728592, 41.952172347077656], [-87.68663274872983, 41.95217270786919], [-87.68663265206874, 41.95216370177422], [-87.68657232794676, 41.95216406253395], [-87.68657242459936, 41.95217306862902], [-87.68656035977314, 41.952173140777184], [-87.68656055307508, 41.952191152967345], [-87.6865364234157, 41.952191297259965], [-87.6865363267681, 41.952182291164846], [-87.68651219711195, 41.95218243545234], [-87.68651229375617, 41.952191441547505], [-87.68652435858596, 41.95219136940436], [-87.6865244552319, 41.952200375499494], [-87.68659684421993, 41.952199942613895], [-87.68659694087611, 41.95220894870887], [-87.68666932987277, 41.952208515777514], [-87.68666942653918, 41.95221752187234], [-87.68669355620777, 41.95221737755169], [-87.68669345953798, 41.95220837145691], [-87.6867055243705, 41.95220829929471], [-87.68670562104201, 41.95221730538947], [-87.68671768587619, 41.95221723322599], [-87.68671787922271, 41.95223524541541], [-87.68666961987212, 41.952235534061934], [-87.68666971653866, 41.95224454015672], [-87.68660939234093, 41.95224490093647], [-87.68660948899903, 41.95225390703136], [-87.6864526460577, 41.95225484491072], [-87.68645274269376, 41.952263851005874], [-87.68654926144134, 41.95226327387453], [-87.68654935809104, 41.95227227996949], [-87.686561422936, 41.95227220782235], [-87.6865616162389, 41.95229022001219], [-87.68667019987201, 41.95228957063042], [-87.68667029653884, 41.952298576725106], [-87.68669442623799, 41.95229843240407], [-87.68669432956779, 41.95228942630941], [-87.68671845926337, 41.95228928198335], [-87.68671855593696, 41.952298288077934], [-87.68674268563576, 41.952298143746745], [-87.68674278231282, 41.952307149841296], [-87.68683930111985, 41.95230657246564], [-87.68683939781052, 41.95231557856], [-87.68706862999821, 41.95231420696723], [-87.68706921033672, 41.95236824353044], [-87.68705714547494, 41.95236831573107], [-87.68705762908307, 41.95241334620013], [-87.68706969395335, 41.952413273999376], [-87.68707056446607, 41.95249432884258], [-87.68708262935158, 41.95249425664034], [-87.68708291952838, 41.95252127492109], [-87.68705878974713, 41.95252141932441], [-87.68705888646943, 41.952530425418004], [-87.68707095136176, 41.95253035321696], [-87.6870710480858, 41.95253935931053], [-87.68709517787374, 41.952539214904576], [-87.6870960484226, 41.95262026974558], [-87.68708398351336, 41.95262034194938], [-87.68708427369202, 41.95264736022952], [-87.68709633860635, 41.95264728802563], [-87.68709653206241, 41.952665300212274], [-87.68708446714469, 41.952665372416206], [-87.6870846605975, 41.95268338460283], [-87.68709672551863, 41.952683312398854], [-87.68709691897504, 41.952701324585384], [-87.68708485405052, 41.9527013967894], [-87.68708572459124, 41.952782451628266], [-87.68709778953105, 41.95278237942404], [-87.68709866009063, 41.95286343426154], [-87.68707453018041, 41.95286357866912], [-87.68707491708335, 41.952899603041146], [-87.68708698204527, 41.952899530837904], [-87.6870870787728, 41.95290853693085], [-87.68709914373639, 41.95290846472632], [-87.68709953065378, 41.952944489097874], [-87.6871115956241, 41.95294441689199], [-87.68711169235527, 41.95295342298481], [-87.68709962738325, 41.95295349519073], [-87.68710040122052, 41.953025543933045], [-87.68708833623488, 41.953025616137865], [-87.68708843296304, 41.95303462223061], [-87.68710049795038, 41.95303455002576], [-87.68710059468027, 41.95304355611848], [-87.68711265966928, 41.95304348391234], [-87.68711275640094, 41.953052490005], [-87.68710069141024, 41.95305256221117], [-87.68710146525139, 41.95312461095222], [-87.68711353025567, 41.95312453874588], [-87.68711362698772, 41.95313354483842], [-87.68710156198173, 41.953133617044784], [-87.68710194890355, 41.95316964141491], [-87.68712607892907, 41.95316949700072], [-87.68712627239702, 41.95318750918562], [-87.68715040242915, 41.953187364766265], [-87.68715088611683, 41.953232395228], [-87.68713882109229, 41.953232467438426], [-87.68713891782826, 41.95324147353074], [-87.6871027227493, 41.95324169015446], [-87.68710281948022, 41.953250696246855], [-87.68713901456427, 41.95325047962306], [-87.68713911130033, 41.95325948571536], [-87.68715117632996, 41.95325941350486], [-87.68715127306776, 41.95326841959712], [-87.68716333809904, 41.95326834738535], [-87.68716362831779, 41.953295365661965], [-87.68715156328142, 41.95329543787382], [-87.68715175675742, 41.95331345005821], [-87.68716382179718, 41.953313377846314], [-87.6871642087565, 41.95334940221484], [-87.68715214370992, 41.95334947442682], [-87.68715224044817, 41.953358480518936], [-87.68714017539986, 41.953358552729675], [-87.68714027213645, 41.95336755882181], [-87.68715233718646, 41.95336748661104], [-87.68715282087854, 41.95341251707135], [-87.68714075582005, 41.95341258928222], [-87.68714104603073, 41.953439607558295], [-87.68715311109432, 41.95343953534736], [-87.687153207833, 41.95344854143932], [-87.68716527289824, 41.953448469227084], [-87.68716624030448, 41.9535385301458], [-87.68717830538667, 41.95353845793208], [-87.68717820864414, 41.95352945184029], [-87.68719027372458, 41.95352937962533], [-87.68718998349219, 41.953502361349955], [-87.6872020485675, 41.95350228913377], [-87.68720098436678, 41.953403222123235], [-87.68721304942336, 41.953403149906045], [-87.68721246894232, 41.95334911335422], [-87.68722453398867, 41.9533490411359], [-87.68722443724027, 41.9533400350439], [-87.68723650228488, 41.95333996282434], [-87.68723659903496, 41.953348968916316], [-87.68724866408122, 41.95334889669545], [-87.68724924459283, 41.95340293324686], [-87.68726130964923, 41.95340286102461], [-87.68726198692669, 41.95346590366708], [-87.68727405199493, 41.95346583144339], [-87.68727453577436, 41.95351086190176], [-87.68728660085105, 41.95351078967669], [-87.68728698788217, 41.953546814043044], [-87.68729905296563, 41.953546741816616]], [[-87.68725976159462, 41.9532587635534], [-87.68719943644803, 41.953259124650224], [-87.68719914621451, 41.95323210637363], [-87.6872474063115, 41.95323181749899], [-87.68724750306276, 41.95324082359111], [-87.68725956808858, 41.95324075136925], [-87.68725976159462, 41.9532587635534]], [[-87.68713698311728, 41.95306135168148], [-87.68712491812498, 41.95306142389021], [-87.68712462792494, 41.95303440561225], [-87.68714875789934, 41.95303426119367], [-87.68714895137276, 41.953052273378894], [-87.68713688638219, 41.953052345588866], [-87.68713698311728, 41.95306135168148]], [[-87.68713601576843, 41.952971290754704], [-87.6871239507931, 41.9529713629632], [-87.68712375732724, 41.952953350777626], [-87.68714788727107, 41.95295320635946], [-87.68714798400737, 41.95296221245221], [-87.68713591903378, 41.95296228466195], [-87.68713601576843, 41.952971290754704]], [[-87.68721989011597, 41.95291674870393], [-87.68720782515113, 41.95291682092117], [-87.68720763166206, 41.95289880873573], [-87.68721969662349, 41.95289873651854], [-87.68721989011597, 41.95291674870393]], [[-87.68721940638508, 41.95287171824037], [-87.68720734142875, 41.95287179045748], [-87.6872072446844, 41.95286278436471], [-87.68719517972971, 41.95286285658054], [-87.68719469601713, 41.9528178261163], [-87.6871826310709, 41.95281789833076], [-87.6871825343302, 41.952808892237854], [-87.68717046938562, 41.952808964451], [-87.68717027590777, 41.9527909522651], [-87.68719440579011, 41.95279080783761], [-87.6871939220793, 41.9527457773728], [-87.68720598701191, 41.95274570515728], [-87.6872054065502, 41.952691668599165], [-87.68721747147256, 41.95269159638251], [-87.68721805194447, 41.95274563294046], [-87.68723011687699, 41.95274556072239], [-87.68723040711863, 41.95277257900112], [-87.68721834218101, 41.95277265121924], [-87.68721843892662, 41.95278165731215], [-87.68723050386593, 41.95278158509399], [-87.68723060061328, 41.952790591186854], [-87.68725473049518, 41.952790446746675], [-87.68725502074766, 41.95281746502504], [-87.68724295580164, 41.952817537245835], [-87.68724305255087, 41.95282654333863], [-87.68723098760312, 41.952826615558166], [-87.68723137459364, 41.95286263992925], [-87.68721930963905, 41.952862712147606], [-87.68721940638508, 41.95287171824037]], [[-87.68730279674341, 41.95277214566566], [-87.68729073180606, 41.9527722178914], [-87.68729063505032, 41.952763211798626], [-87.68730269998596, 41.9527631395729], [-87.68730279674341, 41.95277214566566]], [[-87.68730260322856, 41.952754133480134], [-87.6872784733606, 41.95275427793027], [-87.68727827985272, 41.9527362657446], [-87.68729034478334, 41.9527361935202], [-87.68729024802776, 41.95272718742737], [-87.68730231295662, 41.95272711520173], [-87.68730260322856, 41.952754133480134]], [[-87.687133017015, 41.95269210187256], [-87.68712095209231, 41.952692174080354], [-87.68712085536073, 41.95268316798712], [-87.68713292028173, 41.95268309577934], [-87.687133017015, 41.95269210187256]], [[-87.6871327268153, 41.952665083592905], [-87.68712066189772, 41.95266515580063], [-87.6871198880474, 41.95259310705409], [-87.68710782314335, 41.95259317926036], [-87.68710772641396, 41.95258417316696], [-87.6871197913163, 41.952584100960706], [-87.68711959785426, 41.9525660887739], [-87.6871075329553, 41.95256616098009], [-87.68710733949682, 41.95254814879319], [-87.68711940439239, 41.95254807658702], [-87.68711930766152, 41.95253907049356], [-87.68713137255534, 41.952538998286165], [-87.68713175948587, 41.952575022659815], [-87.68714382438644, 41.95257495045104], [-87.68714430805909, 41.95261998091765], [-87.68713224315005, 41.95262005312654], [-87.6871327268153, 41.952665083592905]], [[-87.68728908696434, 41.95261911431223], [-87.68727702205581, 41.95261918653632], [-87.68727692530251, 41.952610180443266], [-87.68728899020934, 41.952610108219204], [-87.68728908696434, 41.95261911431223]], [[-87.6872888934544, 41.952601102126174], [-87.68727682854926, 41.95260117435023], [-87.68727624803066, 41.952547137791555], [-87.68730037782049, 41.95254699334246], [-87.68730086160288, 41.95259202380782], [-87.68728879669949, 41.95259209603311], [-87.6872888934544, 41.952601102126174]], [[-87.6872880226618, 41.95252004728818], [-87.68727595777194, 41.95252011951202], [-87.68727586101913, 41.95251111341882], [-87.68728792590728, 41.95251104119501], [-87.6872880226618, 41.95252004728818]], [[-87.6872877323984, 41.95249302900859], [-87.68727566751363, 41.95249310123237], [-87.68727557076096, 41.952484095139134], [-87.68728763564403, 41.95248402291538], [-87.6872877323984, 41.95249302900859]], [[-87.68739409066812, 41.952285238794516], [-87.6873578961321, 41.95228545549469], [-87.68735779936854, 41.95227644940128], [-87.68736986421223, 41.95227637716917], [-87.68736976744702, 41.95226737107576], [-87.68738183228898, 41.95226729884242], [-87.68738192905587, 41.95227630493581], [-87.68739399389949, 41.95227623270116], [-87.68739409066812, 41.952285238794516]], [[-87.68676671865401, 41.95228899331598], [-87.68675465380642, 41.95228906548473], [-87.68675455712777, 41.95228005939017], [-87.68676662197366, 41.952279987221445], [-87.68676671865401, 41.95228899331598]], [[-87.68706717915889, 41.95217911555693], [-87.68705511433278, 41.952179187757096], [-87.68705501761221, 41.952170181662936], [-87.68700675831408, 41.95217047045081], [-87.68700666160035, 41.95216146435656], [-87.68701872642326, 41.952161392161514], [-87.68701862970788, 41.95215238606726], [-87.68706688899222, 41.95215209727448], [-87.68706717915889, 41.95217911555693]], [[-87.68691023971577, 41.95217104796573], [-87.68688611006574, 41.95217119233178], [-87.68688601336899, 41.9521621862373], [-87.68691014301561, 41.95216204187129], [-87.68691023971577, 41.95217104796573]], [[-87.68727989543675, 41.95176353541098], [-87.68725576594228, 41.951763679853585], [-87.68725537895291, 41.95172765547578], [-87.6872795084338, 41.95172751103335], [-87.68727989543675, 41.95176353541098]], [[-87.68709689300131, 41.95157549061466], [-87.6870848282891, 41.9515755628171], [-87.68708473156637, 41.95156655672206], [-87.6870967962769, 41.951566484519624], [-87.68709689300131, 41.95157549061466]], [[-87.6870961192073, 41.95150344185403], [-87.68708405450867, 41.9515035140563], [-87.68708395778633, 41.95149450796112], [-87.68709602248325, 41.95149443575889], [-87.6870961192073, 41.95150344185403]], [[-87.68709457162777, 41.95135934433001], [-87.68708250695633, 41.951359416531915], [-87.68708212007, 41.95132339215025], [-87.6870700554053, 41.95132346435079], [-87.68706995868551, 41.95131445825532], [-87.68710615267442, 41.95131424164995], [-87.6871063461242, 41.95133225384077], [-87.68709428145789, 41.951332326043854], [-87.68709457162777, 41.95135934433001]], [[-87.6872628965415, 41.95130429679974], [-87.68725083188085, 41.95130436901926], [-87.68725034815552, 41.951259338543295], [-87.68726241280768, 41.951259266323895], [-87.68726260630108, 41.95127727851427], [-87.68727467095658, 41.95127720629356], [-87.68727476770505, 41.95128621238871], [-87.68726270304784, 41.95128628460945], [-87.6872628965415, 41.95130429679974]], [[-87.68726105835886, 41.95113318098961], [-87.68723692910203, 41.951133325426504], [-87.68723654213183, 41.95109730104457], [-87.68726067137507, 41.95109715660785], [-87.68726105835886, 41.95113318098961]], [[-87.68726057462924, 41.951088150512376], [-87.68723644538939, 41.95108829494905], [-87.68723625190464, 41.951070282757975], [-87.68726038113768, 41.95107013832139], [-87.68726057462924, 41.951088150512376]], [[-87.6859690806659, 41.95104183416557], [-87.68593288682247, 41.95104205041136], [-87.68593279026372, 41.951033044313306], [-87.68590866103794, 41.951033188470774], [-87.68590846792739, 41.95101517627451], [-87.68592053253688, 41.95101510419645], [-87.68592043597997, 41.95100609809832], [-87.68594456519547, 41.95100595393845], [-87.68594437207499, 41.950987941742234], [-87.68595643667926, 41.95098786966044], [-87.68595662980314, 41.9510058818566], [-87.68598075901838, 41.95100573768913], [-87.68598104871474, 41.95103275598313], [-87.68596898410206, 41.951032828067575], [-87.6859690806659, 41.95104183416557]], [[-87.6872469621091, 41.95094412520149], [-87.68723489751635, 41.95094419741883], [-87.687234704033, 41.95092618522729], [-87.68724676862237, 41.950926113010006], [-87.6872469621091, 41.95094412520149]], [[-87.68596801846606, 41.95094276708682], [-87.68594388927451, 41.950942911251445], [-87.68594379271455, 41.95093390515325], [-87.68596792190272, 41.95093376098867], [-87.68596801846606, 41.95094276708682]], [[-87.68708915518845, 41.95085500296703], [-87.68707709061208, 41.95085507516766], [-87.6870769938929, 41.95084606907146], [-87.68708905846758, 41.950845996870854], [-87.68708915518845, 41.95085500296703]], [[-87.68724522073487, 41.950782015475994], [-87.68722109161041, 41.950782159908584], [-87.68722060791487, 41.950737129428234], [-87.68724473702235, 41.950736984995864], [-87.68724502724973, 41.95076400328399], [-87.6872570918085, 41.950763931065836], [-87.68725718855276, 41.95077293716184], [-87.68724512399228, 41.95077300938001], [-87.68724522073487, 41.950782015475994]], [[-87.68724367285867, 41.95063791793832], [-87.68721954378856, 41.950638062370196], [-87.68721935031161, 41.95062005017763], [-87.68724347937496, 41.95061990574585], [-87.68724367285867, 41.95063791793832]], [[-87.68707438249186, 41.950602904468646], [-87.687062317963, 41.950602976667376], [-87.68706222124675, 41.95059397057075], [-87.68707428577393, 41.95059389837205], [-87.68707438249186, 41.950602904468646]], [[-87.68585586485331, 41.95061019013888], [-87.68584380031999, 41.950610262209594], [-87.68584360723055, 41.95059225001175], [-87.68586773629035, 41.95059210586916], [-87.68586783283845, 41.95060111196805], [-87.68585576830688, 41.95060118403999], [-87.68585586485331, 41.95061019013888]], [[-87.6875072538204, 41.95046521303187], [-87.68749518931858, 41.9504652852759], [-87.68749499576522, 41.95044727308383], [-87.68750706026363, 41.95044720083986], [-87.6875072538204, 41.95046521303187]], [[-87.68698848020269, 41.95046831838021], [-87.68695228669144, 41.95046853494496], [-87.68695218999113, 41.950459528847915], [-87.68696425449323, 41.95045945666095], [-87.68696415779128, 41.95045045056392], [-87.68698828679196, 41.95045030618625], [-87.68698848020269, 41.95046831838021]], [[-87.68691609317978, 41.95046875149829], [-87.68684370615527, 41.95046918457074], [-87.68684351278529, 41.95045117237623], [-87.6868555772861, 41.9504511002007], [-87.68685567397276, 41.95046010629794], [-87.68687980297763, 41.95045996194305], [-87.68687970628756, 41.950450955845845], [-87.68689177078822, 41.95045088366652], [-87.68689186747999, 41.950459889763685], [-87.68691599648459, 41.95045974540119], [-87.68691609317978, 41.95046875149829]], [[-87.68750686670704, 41.95042918864778], [-87.68748273771698, 41.95042933313439], [-87.68748264094214, 41.95042032703827], [-87.68747057644873, 41.95042039927965], [-87.68747018935663, 41.95038437489501], [-87.68748225384326, 41.95038430265372], [-87.68748196351956, 41.950357284365154], [-87.68750609248247, 41.95035713987892], [-87.6875064795944, 41.95039316426347], [-87.6875185440826, 41.95039309201835], [-87.6875188344221, 41.95042011030655], [-87.68750676992882, 41.950420182551724], [-87.68750686670704, 41.95042918864778]], [[-87.68715680287566, 41.95041327101372], [-87.68712060939683, 41.950413487631295], [-87.68712051267302, 41.95040448153449], [-87.68713257716432, 41.95040440932992], [-87.68713248043885, 41.95039540323312], [-87.68714454492842, 41.9503953310273], [-87.6871444482013, 41.950386324930506], [-87.6871565126891, 41.95038625272345], [-87.68715660941791, 41.95039525882022], [-87.68716867390738, 41.95039518661187], [-87.68716877063792, 41.9504041927086], [-87.68715670614677, 41.95040426491698], [-87.68715680287566, 41.95041327101372]], [[-87.68640822449116, 41.950363708869425], [-87.68625138617686, 41.95036464643973], [-87.68625128957558, 41.9503556403412], [-87.68620303163802, 41.95035592878119], [-87.68620312823249, 41.95036493487981], [-87.68605835439519, 41.95036580007835], [-87.68605825782107, 41.95035679397945], [-87.68604619333604, 41.95035686607107], [-87.68604609676366, 41.95034785997214], [-87.68602196779688, 41.950348004151515], [-87.68602206436586, 41.95035701025051], [-87.68599793539548, 41.95035715442486], [-87.68599774226435, 41.95033914222681], [-87.68600980674616, 41.9503390701403], [-87.68600961361182, 41.95032105794224], [-87.6859975491334, 41.95032113002869], [-87.6859972594373, 41.95029411173142], [-87.68598519496393, 41.95029418381654], [-87.68598461558312, 41.95024014722146], [-87.6859966800463, 41.95024007513648], [-87.68599648691632, 41.95022206293804], [-87.68598442245654, 41.95022213502298], [-87.68598393964085, 41.95017710452655], [-87.68599600409213, 41.95017703244173], [-87.68599590752743, 41.950168026342425], [-87.68598384307785, 41.95016809842723], [-87.68598326370073, 41.95011406183094], [-87.68599532814014, 41.95011398974628], [-87.68599523157575, 41.950104983646874], [-87.68598316713803, 41.95010505573151], [-87.68598307057539, 41.95009604963206], [-87.6859951350114, 41.95009597754745], [-87.6859948453186, 41.95006895924909], [-87.68598278088768, 41.95006903133365], [-87.68598239463805, 41.95003300693555], [-87.68599445906217, 41.950032934851095], [-87.68599426593423, 41.950014922652], [-87.68598220151348, 41.95001499473642], [-87.68598210495128, 41.950005988636825], [-87.6859941693703, 41.950005916552435], [-87.68599387967883, 41.94997889825364], [-87.6859818152649, 41.949978970337966], [-87.68598142901702, 41.94994294593929], [-87.68599349342416, 41.94994287385507], [-87.68599339686061, 41.949933867755384], [-87.68598133245516, 41.949933939839596], [-87.685980077155, 41.94981686054215], [-87.68599214153835, 41.949816788458236], [-87.68599194841252, 41.949798776258454], [-87.68597988403255, 41.949798848342326], [-87.68597949778818, 41.949762823942514], [-87.68599156216138, 41.94976275185873], [-87.68598972747805, 41.94959163595688], [-87.68597766313712, 41.94959170804023], [-87.68597563538341, 41.949402579931686], [-87.68598769968868, 41.94940250784881], [-87.68598644440024, 41.94928542854064], [-87.68597438011705, 41.949285500623226], [-87.68597409044125, 41.94925848232092], [-87.68598615471934, 41.94925841023841], [-87.68598596159899, 41.94924039803686], [-87.68597389732426, 41.94924047011932], [-87.68597312485811, 41.94916842131234], [-87.68596106059695, 41.94916849339336], [-87.68596096404058, 41.949159487292405], [-87.68597302830005, 41.9491594152114], [-87.68597293174203, 41.949150409110445], [-87.68598499599976, 41.94915033702821], [-87.68598480288044, 41.9491323248263], [-87.68599686713473, 41.94913225274283], [-87.6859966740122, 41.94911424054091], [-87.6859846097613, 41.949114312624324], [-87.68598412696421, 41.94906928211918], [-87.68597206272177, 41.94906935420122], [-87.68597196616419, 41.94906034810013], [-87.6859599019234, 41.94906042018088], [-87.68595970881174, 41.949042407978595], [-87.68597177304915, 41.949042335897886], [-87.68597167649169, 41.94903332979675], [-87.68598374072735, 41.94903325771481], [-87.68598316137337, 41.948979221107805], [-87.68595903292238, 41.948979365270176], [-87.68595864670085, 41.94894334086503], [-87.68594658248209, 41.94894341294422], [-87.68594609971467, 41.94889838243737], [-87.68595816392495, 41.94889831035829], [-87.68595797081488, 41.94888029815549], [-87.68597003502174, 41.94888022607519], [-87.68596993846506, 41.948871219973796], [-87.68598200267017, 41.94887114789225], [-87.6859818095536, 41.94885313568947], [-87.68595768115013, 41.94885327985119], [-87.68595739148579, 41.94882626154674], [-87.68594532728908, 41.94882633362565], [-87.68594513418313, 41.94880832142257], [-87.68595719837643, 41.94880824934373], [-87.68595710182181, 41.94879924324219], [-87.6859450376302, 41.94879931532102], [-87.6859442652085, 41.94872726650803], [-87.68595632938653, 41.948727194429395], [-87.68595623283232, 41.948718188327724], [-87.6859682970086, 41.94871811624783], [-87.68596771767406, 41.948664079637695], [-87.68595565350796, 41.948664151717445], [-87.68595536384639, 41.948637133412106], [-87.68596742800739, 41.94863706133241], [-87.68596752456288, 41.94864606743418], [-87.68597958872554, 41.9486459953532], [-87.6859796852828, 41.948655001454945], [-87.68600381361138, 41.94865485728915], [-87.68600371705072, 41.94864585118745], [-87.68603990953817, 41.948645634929306], [-87.68603981297247, 41.948636628827686], [-87.68606394129381, 41.94863648464929], [-87.6860640378629, 41.94864549075089], [-87.68608816618746, 41.94864534656739], [-87.68608806961497, 41.948636340465825], [-87.68610013377548, 41.9486362683722], [-87.68610023034968, 41.94864527447373], [-87.68612435867396, 41.94864513028262], [-87.68612426209637, 41.94863612418114], [-87.68620871121814, 41.9486356194725], [-87.68620880780762, 41.94864462557382], [-87.68622087196938, 41.94864455346749], [-87.68622096856059, 41.94865355956878], [-87.68625716105075, 41.94865334324212], [-87.68625696785818, 41.948635331039675], [-87.68632935281691, 41.94863489835242], [-87.68632944942335, 41.94864390445351], [-87.68636564190723, 41.9486436880927], [-87.68636573851882, 41.948652694193704], [-87.68635367435587, 41.94865276631526], [-87.68635377096581, 41.948661772416294], [-87.68636583513043, 41.94866170029471], [-87.68636593174212, 41.948670706395674], [-87.68647450923716, 41.94867005724419], [-87.68647470249121, 41.9486880694457], [-87.68648676666051, 41.94868799731138], [-87.68648657340306, 41.94866998510991], [-87.68653483006621, 41.94866969656011], [-87.6865349267017, 41.948678702660764], [-87.68657111920369, 41.94867848623504], [-87.6865710225631, 41.94866948013445], [-87.68658308672866, 41.94866940799003], [-87.68658318337093, 41.948678414090594], [-87.68661937587238, 41.94867819764966], [-87.6866194725198, 41.94868720375014], [-87.68663153668857, 41.94868713160061], [-87.68663163333773, 41.94869613770104], [-87.68664369750815, 41.9486960655502], [-87.68664379415904, 41.948705071650615], [-87.68669205084706, 41.94870478303454], [-87.68669195418937, 41.94869577693422], [-87.68674021086989, 41.94869548829797], [-87.68674030753438, 41.948704494398186], [-87.6867282433626, 41.94870456655918], [-87.68672834002544, 41.94871357265941], [-87.68676453254568, 41.94871335617257], [-87.68676462921364, 41.94872236227272], [-87.68678875756365, 41.94872221794177], [-87.68678866089229, 41.948713211841664], [-87.68680072506552, 41.94871313967432], [-87.68680062839252, 41.948704133574225], [-87.686812692564, 41.94870406140565], [-87.68681259588934, 41.94869505530555], [-87.68684878839848, 41.94869483879223], [-87.68684888507823, 41.94870384489224], [-87.68686094924955, 41.94870377271858], [-87.6868612392942, 41.94873079101847], [-87.68687330347056, 41.94873071884348], [-87.68687311010405, 41.9487127066436], [-87.68689723844984, 41.94871256228989], [-87.68689743182318, 41.94873057448967], [-87.68690949599942, 41.94873050231086], [-87.68690939931103, 41.948721496211014], [-87.68694559183439, 41.94872127966707], [-87.68694578522138, 41.94873929186664], [-87.68695784939915, 41.948739219682736], [-87.68695813948507, 41.948766237981914], [-87.68697020366787, 41.94876616579669], [-87.68697136403591, 41.948874238991856], [-87.68695929983274, 41.94887431117735], [-87.68696026679397, 41.94896437217196], [-87.68694820257377, 41.94896444435642], [-87.68694849265792, 41.9489914626546], [-87.68693642843257, 41.948991534837845], [-87.68693623504649, 41.948973522639044], [-87.6869241708245, 41.948973594821], [-87.68692436420717, 41.94899160701985], [-87.68690023575628, 41.94899175138004], [-87.68690004238039, 41.948973739181085], [-87.68688797815827, 41.94897381135924], [-87.68688788147209, 41.948964805259706], [-87.68687581725162, 41.94896487743658], [-87.68687601062062, 41.94898288963564], [-87.68688807484449, 41.948982817458734], [-87.68688846158983, 41.94901884185661], [-87.68690052582045, 41.94901876967836], [-87.68690071919677, 41.94903678187715], [-87.68691278343074, 41.94903670969758], [-87.68691288012067, 41.94904571579694], [-87.68692494435628, 41.94904564361608], [-87.68692504104796, 41.9490546497154], [-87.68693710528522, 41.94905457753323], [-87.68693720197864, 41.94906358363252], [-87.68694926621755, 41.949063511449076], [-87.68694936291271, 41.949072517548316], [-87.68696142715329, 41.94907244536359], [-87.68696152385019, 41.94908145146281], [-87.68697358809241, 41.94908137927677], [-87.68697397488724, 41.949117403673384], [-87.68698603913623, 41.949117331486], [-87.68698729624633, 41.94923441077309], [-87.68697523197527, 41.94923448296076], [-87.68697552207358, 41.94926150125751], [-87.68696345779739, 41.949261573443984], [-87.68696355449521, 41.9492705795429], [-87.68695149021728, 41.94927065172813], [-87.68695168360966, 41.94928866392594], [-87.68696374789099, 41.949288591740675], [-87.68696403798499, 41.94931561003722], [-87.68695197369857, 41.94931568222257], [-87.6869523604844, 41.94935170661786], [-87.6869644247776, 41.94935163443241], [-87.68696461817419, 41.94936964662993], [-87.68695255387756, 41.94936971881542], [-87.68695284396766, 41.94939673711164], [-87.68696490826937, 41.9493966649261], [-87.68696519836496, 41.94942368322213], [-87.68695313405817, 41.94942375540775], [-87.68695352084612, 41.94945977980235], [-87.6869655851597, 41.94945970761665], [-87.68696606865412, 41.94950473810946], [-87.68697813297614, 41.94950466592238], [-87.68697871318108, 41.94955870251314], [-87.68696664884885, 41.949558774700364], [-87.68696703564623, 41.94959479909402], [-87.68697909998525, 41.9495947269067], [-87.6869792933876, 41.949612739103394], [-87.6869672290452, 41.949612811290756], [-87.68696761584364, 41.94964883568407], [-87.6869555514944, 41.94964890787025], [-87.6869558415886, 41.94967592616515], [-87.68699203465147, 41.949675709602595], [-87.68699213135473, 41.94968471570079], [-87.68700419571063, 41.94968464351071], [-87.68700506605714, 41.94976569839369], [-87.68699300168596, 41.949765770583966], [-87.68699309838964, 41.94977477668203], [-87.68700516276253, 41.949774704491716], [-87.68700535617343, 41.949792716687746], [-87.68699329179717, 41.9497927888781], [-87.68699338850098, 41.94980179497611], [-87.68698132412297, 41.94980186716521], [-87.68698142082513, 41.94981087326325], [-87.68699348520485, 41.94981080107412], [-87.68699396872485, 41.94985583156391], [-87.68698190433665, 41.94985590375315], [-87.68698209774155, 41.94987391594901], [-87.68699416213315, 41.94987384375973], [-87.68699483906362, 41.949936886444625], [-87.68700690346706, 41.9499368142539], [-87.68700767711812, 41.95000886303562], [-87.6869956127011, 41.95000893522652], [-87.6869958061109, 41.95002694742185], [-87.68700787053132, 41.950026875230904], [-87.6870080639447, 41.95004488742613], [-87.68699599952089, 41.95004495961711], [-87.68699638634139, 41.950080984007485], [-87.687008450772, 41.9500809118164], [-87.6870086441859, 41.950098924011456], [-87.68699657975189, 41.95009899620258], [-87.68699890069185, 41.95031514253928], [-87.68696270726731, 41.95031535910667], [-87.6869628039686, 41.95032436520392], [-87.68695073949198, 41.95032443739053], [-87.68695054609283, 41.950306425195976], [-87.68693848161956, 41.95030649738127], [-87.68693857831741, 41.95031550347859], [-87.68691444936734, 41.95031564784544], [-87.68691454606183, 41.95032465394277], [-87.68690248158502, 41.95032472612433], [-87.68690257827787, 41.95033373222168], [-87.68687844932073, 41.95033387658102], [-87.6868785460102, 41.9503428826784], [-87.68686648152988, 41.95034295485619], [-87.68686657821772, 41.950351960953576], [-87.68685451373564, 41.95035203313012], [-87.6868544170495, 41.95034302703271], [-87.68683028808861, 41.95034317138195], [-87.6868301914059, 41.95033416528448], [-87.68680606244824, 41.95033430962861], [-87.68680615912754, 41.95034331572612], [-87.68679409464694, 41.95034338789631], [-87.6867941913246, 41.95035239399384], [-87.68675799787744, 41.95035261049686], [-87.68675790120489, 41.95034360439926], [-87.68670964328152, 41.95034389305211], [-87.68670973994729, 41.950352899149806], [-87.68664941753359, 41.95035325993746], [-87.68664932087631, 41.95034425383966], [-87.68661312743266, 41.95034447029696], [-87.68661322408484, 41.95035347639484], [-87.68656496615257, 41.950353764986936], [-87.68656477286184, 41.95033575279102], [-87.68655270838205, 41.95033582493582], [-87.6865528050257, 41.95034483103381], [-87.68651661158098, 41.950345047460694], [-87.68651670821959, 41.95035405355875], [-87.68640812786781, 41.95035470277118], [-87.68640822449116, 41.950363708869425]], [[-87.68585316156955, 41.95035801936454], [-87.68582903259794, 41.95035816350341], [-87.68582883951436, 41.950340151304715], [-87.68584090399679, 41.95034007923597], [-87.68584100054025, 41.95034908533529], [-87.68585306502433, 41.95034901326525], [-87.68585316156955, 41.95035801936454]], [[-87.6869750618513, 41.95034230521044], [-87.68696299737131, 41.95034237739837], [-87.68696290066994, 41.95033337130115], [-87.68697496514822, 41.95033329911324], [-87.6869750618513, 41.95034230521044]], [[-87.68727628685465, 41.95030447571359], [-87.68726422238257, 41.95030454793311], [-87.68726412563892, 41.95029554183641], [-87.6872761901093, 41.9502954696169], [-87.68727628685465, 41.95030447571359]], [[-87.68702273951224, 41.95028797986318], [-87.68701067504261, 41.950288052056045], [-87.68701057833472, 41.95027904595883], [-87.68702264280265, 41.95027897376598], [-87.68702273951224, 41.95028797986318]], [[-87.68702244938358, 41.95026096157154], [-87.68701038491905, 41.950261033764335], [-87.68700999808821, 41.95022500937521], [-87.68702206254595, 41.950224937182504], [-87.68702244938358, 41.95026096157154]], [[-87.68702196583665, 41.950215931085204], [-87.68700990138063, 41.950216003277895], [-87.68700970796557, 41.95019799108322], [-87.6870217724182, 41.95019791889058], [-87.68702196583665, 41.950215931085204]], [[-87.68706983679645, 41.95017961791283], [-87.68704570789828, 41.9501797623069], [-87.68704551447338, 41.950161750112244], [-87.68706964336477, 41.95016160571827], [-87.68706983679645, 41.95017961791283]], [[-87.68702148229086, 41.95017090059852], [-87.6870094178433, 41.950170972791085], [-87.68700903101426, 41.95013494840139], [-87.68702109545501, 41.95013487620891], [-87.68702148229086, 41.95017090059852]], [[-87.68702099874615, 41.95012587011147], [-87.6870089343071, 41.95012594230393], [-87.68700874089294, 41.950107930108956], [-87.68702080532859, 41.95010785791655], [-87.68702099874615, 41.95012587011147]], [[-87.68592313461158, 41.95013243443431], [-87.68591107016852, 41.95013250651141], [-87.68591068395838, 41.95009648211317], [-87.68592274839467, 41.95009641003615], [-87.68592313461158, 41.95013243443431]], [[-87.68584881707872, 41.94995274488219], [-87.68583675266935, 41.94995281695124], [-87.68583665612782, 41.94994381085127], [-87.6858245917201, 41.94994388291903], [-87.68582430210087, 41.949916864619], [-87.6858363665035, 41.94991679255131], [-87.68583655958633, 41.9499348047513], [-87.68584862399231, 41.9499347326823], [-87.68584881707872, 41.94995274488219]], [[-87.68593249550344, 41.94988019156472], [-87.68592043110796, 41.94988026364246], [-87.6859203345549, 41.94987125754255], [-87.68593239894868, 41.94987118546482], [-87.68593249550344, 41.94988019156472]], [[-87.68583414606353, 41.949709652247265], [-87.68582208169995, 41.94970972431443], [-87.68582198516131, 41.94970071821405], [-87.68580992079939, 41.94970079027995], [-87.68580982426249, 41.94969178417953], [-87.68582188862271, 41.94969171211367], [-87.68582179208416, 41.94968270601327], [-87.68584592080107, 41.9496825618778], [-87.68584611388502, 41.94970057407849], [-87.6858340495232, 41.94970064614691], [-87.68583414606353, 41.949709652247265]], [[-87.68705138930709, 41.94958528765795], [-87.68703932497004, 41.949585359852854], [-87.68703922826049, 41.94957635375458], [-87.6870271639251, 41.949576425948194], [-87.68702706721727, 41.949567419849885], [-87.68703913155097, 41.949567347656306], [-87.68703893813208, 41.949549335459686], [-87.68705100246234, 41.949549263264885], [-87.68705138930709, 41.94958528765795]], [[-87.68705003535356, 41.94945920228119], [-87.68702590672696, 41.94945934666909], [-87.68702581001972, 41.9494503405706], [-87.68703787433134, 41.94945026837731], [-87.6870375842048, 41.94942325008181], [-87.68704964851129, 41.94942317788731], [-87.68705003535356, 41.94945920228119]], [[-87.68582902948624, 41.94923232890901], [-87.68580490093902, 41.949232473039686], [-87.68580480440441, 41.94922346693853], [-87.68582893294824, 41.94922332280791], [-87.68582902948624, 41.94923232890901]], [[-87.68703506979136, 41.94918909151541], [-87.68702300552897, 41.94918916370805], [-87.68702271541136, 41.94916214541122], [-87.68703477966865, 41.94916207321867], [-87.68703506979136, 41.94918909151541]], [[-87.6872636135901, 41.94912467692493], [-87.68723948509074, 41.949124821356776], [-87.68723938835458, 41.94911581525816], [-87.68725145260258, 41.94911574304289], [-87.687251259127, 41.949097730845665], [-87.68726332337155, 41.94909765862918], [-87.6872636135901, 41.94912467692493]], [[-87.68581532410144, 41.94907929725379], [-87.68579119561186, 41.94907944138115], [-87.6857910990797, 41.94907043527974], [-87.68580316332282, 41.949070363216705], [-87.6858028737215, 41.94904334491242], [-87.68579080948348, 41.94904341697537], [-87.68579071295149, 41.94903441087391], [-87.68580277718782, 41.949034338810975], [-87.68580258412058, 41.94901632660801], [-87.68581464835347, 41.94901625454386], [-87.68581474488876, 41.949025260645314], [-87.68582680912328, 41.94902518857987], [-87.6858272918089, 41.94907021908685], [-87.68581522756588, 41.94907029115241], [-87.68581532410144, 41.94907929725379]], [[-87.68589938762406, 41.949042768363114], [-87.68587525914869, 41.94904291250804], [-87.68587506606099, 41.94902490030538], [-87.68586300182663, 41.94902497237591], [-87.68586280874251, 41.94900696017316], [-87.68587487297347, 41.94900688810268], [-87.68587467988613, 41.948988875899914], [-87.68585055143095, 41.94898902003949], [-87.68585026181044, 41.948962001735104], [-87.68586232603296, 41.948961929666005], [-87.68586222949119, 41.94895292356453], [-87.68592255059464, 41.948952563200166], [-87.6859226471449, 41.94896156930152], [-87.68593471136715, 41.94896149722483], [-87.68593490447121, 41.94897950942745], [-87.68592284024557, 41.94897958150421], [-87.68592312989688, 41.9490065998081], [-87.6859110656661, 41.94900667188366], [-87.68591135531273, 41.9490336901875], [-87.68589929107681, 41.94903376226184], [-87.68589938762406, 41.949042768363114]], [[-87.6869606535797, 41.949000396569396], [-87.68694858935271, 41.94900046875395], [-87.68694849265792, 41.9489914626546], [-87.68696055688321, 41.94899139047006], [-87.6869606535797, 41.949000396569396]], [[-87.6859713868196, 41.94900631149325], [-87.68595932258899, 41.94900638357387], [-87.68595912947788, 41.94898837137141], [-87.6859711937051, 41.948988299290846], [-87.6859713868196, 41.94900631149325]], [[-87.68582651951245, 41.94899817027551], [-87.68580239105351, 41.948998314404996], [-87.68580229452006, 41.94898930830347], [-87.68579023029221, 41.9489893803663], [-87.6857901337605, 41.94898037426473], [-87.68580219798663, 41.94898030220193], [-87.68580210145326, 41.94897129610038], [-87.68579003722883, 41.94897136816316], [-87.6857895545711, 41.948926337655045], [-87.68580161878705, 41.94892626559238], [-87.68580142572087, 41.94890825338907], [-87.68581348993338, 41.94890818132519], [-87.68581368300295, 41.94892619352844], [-87.68582574721881, 41.948926121463245], [-87.685826229902, 41.94897115197102], [-87.68581416567766, 41.94897122403634], [-87.68581426221273, 41.94898023013787], [-87.68582632643877, 41.94898015807253], [-87.68582651951245, 41.94899817027551]], [[-87.68703255540775, 41.948954932939294], [-87.68702049118953, 41.948955005131346], [-87.68702020107536, 41.948927986833425], [-87.6870322652885, 41.94892791464144], [-87.68703255540775, 41.948954932939294]], [[-87.68589813251305, 41.94892568904542], [-87.68588606829745, 41.948925761118225], [-87.68588597175246, 41.94891675501674], [-87.68589803596635, 41.94891668294396], [-87.68589813251305, 41.94892568904542]], [[-87.68703071799246, 41.94878381705063], [-87.68701865380648, 41.94878388924224], [-87.68701855710256, 41.94877488314267], [-87.68700649291821, 41.94877495533299], [-87.68700639621603, 41.94876594923339], [-87.68703052458125, 41.94876580485152], [-87.68703071799246, 41.94878381705063]], [[-87.68645018765817, 41.948652189307296], [-87.68640193100737, 41.94865247782142], [-87.6864018343907, 41.94864347172048], [-87.68638977022958, 41.94864354384582], [-87.68638967361464, 41.948634537744844], [-87.68643793025203, 41.948634249235965], [-87.68643802687377, 41.94864325533686], [-87.6864500910347, 41.94864318320645], [-87.68645018765817, 41.948652189307296]], [[-87.68735490297911, 41.94863776981324], [-87.68730664634835, 41.94863805870753], [-87.68730654960437, 41.948629052608275], [-87.68735480622836, 41.948628763714076], [-87.68735490297911, 41.94863776981324]], [[-87.68670343840415, 41.94864166817503], [-87.68669137424415, 41.948641740332064], [-87.68669127758676, 41.948632734231644], [-87.68670334174507, 41.948632662074644], [-87.68670343840415, 41.94864166817503]], [[-87.68659486096249, 41.94864231754265], [-87.68658279680207, 41.948642389688274], [-87.68658270015997, 41.94863338358766], [-87.68659476431868, 41.94863331144206], [-87.68659486096249, 41.94864231754265]], [[-87.68647421935644, 41.948643038941825], [-87.6864621551956, 41.94864311107476], [-87.68646205857047, 41.94863410497393], [-87.68647412272962, 41.948634032841], [-87.68647421935644, 41.948643038941825]], [[-87.68711313623463, 41.948594183583666], [-87.6871010720846, 41.94859425578367], [-87.68710097536973, 41.948585249683966], [-87.68708891122135, 41.94858532188268], [-87.68708881450821, 41.94857631578294], [-87.6870767503615, 41.94857638798035], [-87.68707665365008, 41.94856738188057], [-87.68712491022988, 41.94856709308335], [-87.68712500694808, 41.94857609918303], [-87.6871129428015, 41.94857617138426], [-87.68711313623463, 41.948594183583666]], [[-87.6864489315565, 41.94853510999511], [-87.68635241843076, 41.948535687000735], [-87.68635232182146, 41.94852668089951], [-87.68638851423883, 41.94852646453198], [-87.68638841762447, 41.948517458430814], [-87.68644873831073, 41.948517097793015], [-87.6864489315565, 41.94853510999511]], [[-87.68580953204597, 41.948538931145805], [-87.68578540376014, 41.94853907527047], [-87.6857853072306, 41.94853006916817], [-87.68580943551305, 41.948529925043566], [-87.68580953204597, 41.948538931145805]], [[-87.68725713213699, 41.94852126828892], [-87.68723300386513, 41.94852141271773], [-87.68723281039875, 41.948503400518554], [-87.68726900279628, 41.94850318387358], [-87.68726909953455, 41.948512189973094], [-87.68725703540038, 41.94851226218938], [-87.68725713213699, 41.94852126828892]], [[-87.68718426368923, 41.94847667106165], [-87.68716013543381, 41.94847681547501], [-87.68715994198826, 41.94845880327545], [-87.68718407023688, 41.94845865886215], [-87.68718426368923, 41.94847667106165]], [[-87.68717103887046, 41.948368670070856], [-87.68715897476311, 41.94836874227664], [-87.68715868459641, 41.948341723976725], [-87.6871828128009, 41.94834157956402], [-87.6871830062521, 41.9483595917639], [-87.68717094214648, 41.94835966397092], [-87.68717103887046, 41.948368670070856]], [[-87.68716823389325, 41.948107493166894], [-87.68715616983512, 41.94810756537201], [-87.68715607311414, 41.94809855927164], [-87.68716813717056, 41.94809848706654], [-87.68716823389325, 41.948107493166894]], [[-87.68709391530219, 41.94792780436613], [-87.68705772322876, 41.94792802095351], [-87.68705752981575, 41.94791000875181], [-87.687093721879, 41.94790979216455], [-87.68709391530219, 41.94792780436613]]]}}, {"type": "Feature", "properties": {"rank": 12, "name": "North Elston Avenue, Avondale", "area_m2": 17730, "volume_m3": 5494, "max_depth_m": 1.06}, "geometry": {"type": "Polygon", "coordinates": [[[-87.69627080269773, 41.93754184952342], [-87.69627060676261, 41.93752383732406], [-87.69629473084255, 41.937523691027], [-87.69629453490083, 41.93750567882769], [-87.69628247286428, 41.9375057519768], [-87.69628257083342, 41.93751475807649], [-87.69625844675677, 41.937514904370964], [-87.69625834879103, 41.937505898271226], [-87.69622216268081, 41.93750611770337], [-87.69622196675964, 41.93748810550371], [-87.69623402879303, 41.93748803236098], [-87.69623383286863, 41.93747002016131], [-87.69622177083863, 41.937470093304], [-87.6962216728782, 41.93746108720411], [-87.69620961084985, 41.937461160345514], [-87.69620951289116, 41.937452154245584], [-87.69619745086447, 41.9374522273857], [-87.69619725495062, 41.937434215185775], [-87.69618519292727, 41.937434288324575], [-87.69618509497211, 41.937425282224574], [-87.69619715699375, 41.9374252090858], [-87.69619705903693, 41.937416202985794], [-87.69620912105684, 41.937416129845786], [-87.69620892513994, 41.93739811764579], [-87.69622098715641, 41.93739804450455], [-87.69622088919633, 41.93738903840455], [-87.69623295121104, 41.93738896526207], [-87.69623275528764, 41.937370953062086], [-87.69622069327632, 41.937371026204524], [-87.69622059531638, 41.93736202010448], [-87.69624471933558, 41.93736187381839], [-87.69624481729892, 41.93737087991838], [-87.69625687931016, 41.93737080677342], [-87.69625697727524, 41.93737981287337], [-87.69628110130098, 41.93737966657959], [-87.69628119926949, 41.93738867267949], [-87.696293261284, 41.93738859953066], [-87.69629335925426, 41.937397605630515], [-87.6963174832865, 41.937397459329034], [-87.69631738531285, 41.937388453229225], [-87.69630532329845, 41.937388526380566], [-87.69630522532654, 41.93737952028072], [-87.69629316331377, 41.93737959343078], [-87.69629306534361, 41.9373705873309], [-87.6962810033325, 41.93737066047968], [-87.6962808073957, 41.93735264827981], [-87.69626874538794, 41.93735272142728], [-87.69626864742129, 41.9373437153273], [-87.6962565854152, 41.93734378847347], [-87.69625648745028, 41.93733478237346], [-87.69628061145907, 41.93733463607989], [-87.69628051349082, 41.937325629979924], [-87.69629257549344, 41.93732555683126], [-87.69629228158387, 41.9372985385313], [-87.69630434358136, 41.93729846538144], [-87.69630414763849, 41.93728045318145], [-87.69637651960208, 41.93728001425599], [-87.69637642162054, 41.937271008156124], [-87.69638848361262, 41.937270934997464], [-87.69638858159587, 41.93727994109732], [-87.69640064358961, 41.93727986793737], [-87.69640054560466, 41.93727086183754], [-87.69648497954766, 41.93727034968262], [-87.69648478355414, 41.93725233748323], [-87.69646065957744, 41.93725248381945], [-87.69646075757079, 41.937261489919194], [-87.69643663359051, 41.93726163625038], [-87.69643653560055, 41.9372526301506], [-87.69642447361204, 41.93725270331427], [-87.69642427763569, 41.9372346911146], [-87.69641221565051, 41.93723476427696], [-87.69641211766408, 41.93722575817707], [-87.69642417964756, 41.937225685014724], [-87.69642408165947, 41.93721667891486], [-87.69646026760452, 41.9372164594203], [-87.69646036559769, 41.93722546552011], [-87.6964844895642, 41.937225319184016], [-87.69648409757824, 41.93718929478489], [-87.69649615955466, 41.93718922161504], [-87.69649606155659, 41.93718021551525], [-87.69652018550588, 41.937180069171795], [-87.69652067551367, 41.9372250996704], [-87.69653273749672, 41.937225026496655], [-87.69653312951054, 41.93726105089518], [-87.69654519150035, 41.937260977720086], [-87.69654548551628, 41.93728799601877], [-87.69653342352139, 41.93728806919394], [-87.69653352152508, 41.93729707529349], [-87.69652145952846, 41.93729714846742], [-87.6965215575305, 41.93730615456698], [-87.69653361952884, 41.93730608139304], [-87.69653401154427, 41.93734210579105], [-87.69652194953916, 41.93734217896509], [-87.69652234154852, 41.93737820336298], [-87.69651027953657, 41.93737827653585], [-87.69651047553812, 41.937396288734746], [-87.69652253755346, 41.93739621556183], [-87.6965229295639, 41.93743223995938], [-87.69653499158599, 41.9374321667851], [-87.69653508959041, 41.93744117288443], [-87.69654715161415, 41.93744109970887], [-87.69654724962031, 41.93745010580815], [-87.69657137367105, 41.93744995945319], [-87.69657147168064, 41.937458965552416], [-87.69658353370765, 41.937458892372995], [-87.696583631719, 41.9374678984722], [-87.69663187983333, 41.93746760574181], [-87.6966319778515, 41.93747661184088], [-87.69664403988166, 41.93747653865509], [-87.69664394186181, 41.937467532556035], [-87.69668012794695, 41.937467312991124], [-87.69668022597192, 41.93747631909012], [-87.69670435003185, 41.937476172707136], [-87.6967042520035, 41.937467166608194], [-87.6967163140317, 41.937467093414824], [-87.69671621600169, 41.93745808731588], [-87.69672827802815, 41.93745801412127], [-87.6967281799965, 41.93744900802234], [-87.6967523040459, 41.937448861629356], [-87.6967522060109, 41.93743985553047], [-87.69676426803383, 41.9374397823321], [-87.69676436607052, 41.93744878843096], [-87.69677642809512, 41.937448715231305], [-87.69677652613356, 41.93745772133015], [-87.69680065018599, 41.93745757492699], [-87.69680055214417, 41.937448568828195], [-87.69683673821739, 41.93744834921401], [-87.69683683626431, 41.93745735531274], [-87.69684889829033, 41.937457282105456], [-87.6968488002417, 41.937448276006755], [-87.69683673821739, 41.93744834921401], [-87.6968366401705, 41.93743934311528], [-87.69680045410237, 41.93743956272939], [-87.6968003560606, 41.93743055663057], [-87.69682448010269, 41.937430410222476], [-87.6968243820576, 41.93742140412369], [-87.6968485060961, 41.93742125771057], [-87.69684840804766, 41.93741225161182], [-87.69686047006513, 41.93741217840339], [-87.69686056811528, 41.937421184502114], [-87.69687263013442, 41.93742111129239], [-87.69687282623823, 41.937439123489774], [-87.69688488826071, 41.93743905027873], [-87.69688429993964, 41.93738501368656], [-87.6968963619519, 41.93738494047439], [-87.69689596973195, 41.937348916079415], [-87.69690803173738, 41.93734884286608], [-87.6969079336808, 41.937339836767315], [-87.6969199956845, 41.93733976355273], [-87.69691970150996, 41.93731274525645], [-87.69693176350852, 41.93731267204066], [-87.69693166544872, 41.93730366594189], [-87.69695578944231, 41.93730351950657], [-87.69695549525304, 41.93727650121031], [-87.69696755724466, 41.937276427990824], [-87.69696745917997, 41.93726742189207], [-87.69695539719004, 41.93726749511153], [-87.69695373012586, 41.93711439143009], [-87.69692960620354, 41.937114537864446], [-87.69692970426239, 41.93712354396353], [-87.69688145641044, 41.93712383681712], [-87.69688135835837, 41.93711483071796], [-87.69678486266591, 41.93711541636418], [-87.69678466658907, 41.937097404165435], [-87.69683291442209, 41.93709711135266], [-87.69683281637694, 41.93708810525335], [-87.69694137398335, 41.937087446350674], [-87.69694127592298, 41.93707844025158], [-87.69695333787733, 41.937078367033855], [-87.6969528475677, 41.93703333653823], [-87.69696490951353, 41.93703326331936], [-87.69696451725983, 41.9369972389227], [-87.69706101277048, 41.93699665312684], [-87.69706111084739, 41.93700565922584], [-87.69709729666823, 41.937005439531426], [-87.6970971985862, 41.93699643343248], [-87.69712132246316, 41.93699628696326], [-87.69712102820719, 41.9369692686665], [-87.69710896627383, 41.93696934190169], [-87.69710847585658, 41.936924311406706], [-87.69709641393167, 41.936924384640506], [-87.69709592352403, 41.936879354145034], [-87.69707179969102, 41.93687950060861], [-87.69707170161303, 41.93687049450943], [-87.69704757778324, 41.93687064096789], [-87.69704689126223, 41.93680759827288], [-87.69701070555284, 41.93680781795058], [-87.69701080362205, 41.93681682404998], [-87.69699874171714, 41.93681689727337], [-87.69699864364964, 41.93680789117395], [-87.69698658174636, 41.936807964396046], [-87.69698667981217, 41.9368169704955], [-87.69696255600212, 41.936817116935934], [-87.69696265406456, 41.93682612303542], [-87.69693853025093, 41.93682626947083], [-87.69693843219189, 41.93681726337131], [-87.69692637028669, 41.93681733658709], [-87.69692627222938, 41.936808330487544], [-87.69690214842225, 41.93680847691526], [-87.69690195231452, 41.93679046471602], [-87.6968898904143, 41.93679053792793], [-87.69688979236219, 41.93678153182827], [-87.69685360666632, 41.936781751456344], [-87.69685370471333, 41.93679075755608], [-87.69684164281293, 41.93679083076293], [-87.6968417408583, 41.936799836862676], [-87.69682967895615, 41.93679991006828], [-87.69682977699985, 41.93680891616803], [-87.69681771509596, 41.93680898937239], [-87.69681791118012, 41.93682700157191], [-87.69680584927278, 41.936827074775046], [-87.69680594731322, 41.936836080874805], [-87.69679388540416, 41.9368361540767], [-87.69679398344296, 41.93684516017649], [-87.69675779771038, 41.93684537977464], [-87.69675769967668, 41.93683637367479], [-87.69674563776742, 41.93683644687162], [-87.69674553973547, 41.93682744077175], [-87.69670935401254, 41.93682766035456], [-87.69670925598571, 41.936818654254594], [-87.6966851321736, 41.93681880063676], [-87.69668523019703, 41.936827806736765], [-87.69667316828921, 41.936827879925964], [-87.69667356037661, 41.93686390432593], [-87.69666149846195, 41.936863977513966], [-87.69666169450252, 41.9368819897139], [-87.6966375706663, 41.93688213608625], [-87.69663766868327, 41.93689114218625], [-87.69662560676339, 41.936891215370544], [-87.6966257047787, 41.93690022147054], [-87.69661364285707, 41.9369002946536], [-87.69661403491197, 41.93693631905355], [-87.69657784912648, 41.93693653859539], [-87.69657765310912, 41.936918526395296], [-87.69656559118394, 41.936918599573325], [-87.69656549317702, 41.93690959347324], [-87.6965413693299, 41.936909739825445], [-87.696541173323, 41.93689172762514], [-87.69652911140275, 41.936891800799295], [-87.69652901340108, 41.93688279469909], [-87.69651695148248, 41.936882867871965], [-87.69651685348254, 41.93687386177172], [-87.6965047915656, 41.9368739349433], [-87.69650459556922, 41.93685592274274], [-87.69649253365566, 41.93685599591301], [-87.69649233766285, 41.936837983712316], [-87.69646821384235, 41.93683813004897], [-87.69646831183533, 41.93684713614937], [-87.6964562499233, 41.93684720931581], [-87.69645634791463, 41.93685621541619], [-87.69644428600087, 41.9368562885814], [-87.69644438399055, 41.93686529468181], [-87.69643232207504, 41.93686536784577], [-87.69643242006308, 41.93687437394617], [-87.69642035814583, 41.936874447108885], [-87.69642055411862, 41.93689245930972], [-87.69643261603926, 41.93689238614696], [-87.69643291000388, 41.936919404448034], [-87.69640878615238, 41.93691955077241], [-87.69640868816752, 41.936910544672024], [-87.6963966262434, 41.936910617832304], [-87.69639643027722, 41.93689260563143], [-87.69637230643562, 41.93689275194808], [-87.696372208456, 41.93688374584758], [-87.69629983694033, 41.93688418476697], [-87.69629973897092, 41.936875178666305], [-87.69628767705319, 41.93687525181508], [-87.6962877750209, 41.936884257915764], [-87.69625158926233, 41.93688447735455], [-87.696251687225, 41.936893483455286], [-87.69620343953949, 41.93689377602269], [-87.69620353749542, 41.9369027821235], [-87.69616735172573, 41.93690300153581], [-87.69616715582411, 41.93688498933405], [-87.69615509390418, 41.93688506246891], [-87.69615489800614, 41.93686705026704], [-87.69614283608956, 41.93686712340059], [-87.69614264019509, 41.936849111198605], [-87.69613057828187, 41.93684918433084], [-87.69613038239098, 41.93683117212876], [-87.69611832048108, 41.936831245259675], [-87.69611841842482, 41.936840251360756], [-87.6961063565132, 41.936840324490426], [-87.69610645445528, 41.936849330591514], [-87.69608233062851, 41.93684947684711], [-87.69608252650602, 41.93686748904931], [-87.69607046458917, 41.936867562175266], [-87.69607085633794, 41.93690358657958], [-87.69605879441426, 41.936903659704356], [-87.69605869647869, 41.93689465360327], [-87.69604663455667, 41.936894726726756], [-87.69604653662286, 41.93688572062563], [-87.69603447470249, 41.936885793747834], [-87.69603427883837, 41.936867781545494], [-87.69602221692135, 41.936867854666374], [-87.69602211899107, 41.93685884856516], [-87.69599799516027, 41.936858994803075], [-87.69599789723343, 41.936849988701795], [-87.69597377340585, 41.936850134934595], [-87.69597367548243, 41.93684112883325], [-87.69593748974583, 41.93684134817288], [-87.69593739182756, 41.93683234207146], [-87.69592532991696, 41.93683241518212], [-87.69592542783354, 41.936841421283546], [-87.6958892420964, 41.936841640607966], [-87.69588934000794, 41.93685064670946], [-87.69587727809377, 41.936850719815084], [-87.69587708227414, 41.936832707612034], [-87.69586502036333, 41.93683278071635], [-87.69586492245527, 41.93682377461479], [-87.6958528605461, 41.936823847717804], [-87.69585276263979, 41.93681484161621], [-87.69584070073228, 41.93681491471794], [-87.6958406028277, 41.9368059086163], [-87.69585266473352, 41.93680583551459], [-87.69585246892112, 41.93678782331131], [-87.6958645308235, 41.93678775020838], [-87.69586443291567, 41.93677874410675], [-87.6958885567169, 41.93677859789713], [-87.69588845880571, 41.93676959179552], [-87.69592464450214, 41.93676937247165], [-87.6959247424184, 41.936778378573194], [-87.69594886621918, 41.9367782323509], [-87.69594876829952, 41.93676922624941], [-87.69598495399526, 41.93676900690655], [-87.69598485607055, 41.936760000805116], [-87.69599691796735, 41.936759927688314], [-87.69599682004099, 41.936750921586885], [-87.69600888193604, 41.93675084846883], [-87.69600917572035, 41.93677786677301], [-87.69603329952051, 41.93677772053299], [-87.69603320158896, 41.93676871443164], [-87.69605732538555, 41.936768568186594], [-87.69605722745067, 41.9367595620853], [-87.69608135124366, 41.93675941583523], [-87.69608125330544, 41.93675040973396], [-87.69609331520017, 41.936750336607055], [-87.69609321726028, 41.93674133050579], [-87.69610527915327, 41.936741257377626], [-87.69610518121173, 41.936732251276375], [-87.69611724310299, 41.93673217814698], [-87.69611734104625, 41.93674118424821], [-87.69616558861762, 41.93674089171784], [-87.69616549066758, 41.93673188561671], [-87.69617755255862, 41.93673181248097], [-87.6961773566553, 41.936713800278696], [-87.69620148043045, 41.93671365400351], [-87.69620167634056, 41.936731666205695], [-87.69621373823145, 41.93673159306615], [-87.69621383618826, 41.93674059916721], [-87.6962500218658, 41.93674037974091], [-87.69624992390389, 41.93673137363993], [-87.69627404768528, 41.936731227349455], [-87.69627394972004, 41.936722221248516], [-87.69629807349786, 41.93672207495302], [-87.69629817146651, 41.93673108105391], [-87.69632229524754, 41.9367309347533], [-87.69632209930352, 41.93671292255159], [-87.69634622307758, 41.936712776246], [-87.6963464190284, 41.936730788447626], [-87.69635848091878, 41.936730715292875], [-87.69635838294165, 41.9367217091921], [-87.69637044483027, 41.93672163603611], [-87.69637054280909, 41.93673064213687], [-87.6963946665896, 41.93673049582106], [-87.69639456860739, 41.93672148972034], [-87.69640663049587, 41.93672141656054], [-87.69640653251199, 41.936712410459855], [-87.6964789038318, 41.936711971474665], [-87.6964791978141, 41.93673898977633], [-87.69649125970567, 41.936738916607624], [-87.69649116170983, 41.9367299105071], [-87.69651528548944, 41.936729764165946], [-87.69651538348867, 41.936738770266416], [-87.6965274453801, 41.936738697093915], [-87.69652715137745, 41.936711678792534], [-87.69653921326376, 41.93671160561883], [-87.69653911526126, 41.93670259951836], [-87.69655117714582, 41.93670252634342], [-87.69655127515, 41.93671153244387], [-87.69656333703622, 41.936711459267634], [-87.69656323903034, 41.936702453167214], [-87.69658736279922, 41.936702306810986], [-87.69658726479, 41.936693300710594], [-87.6965631410245, 41.93669344706677], [-87.6965630430187, 41.93668444096633], [-87.69655098113759, 41.93668451414249], [-87.69655107914168, 41.93669352024296], [-87.69653901725881, 41.93669359341789], [-87.69653891925641, 41.93668458731739], [-87.69650273361265, 41.936684806834485], [-87.69650283160996, 41.93669381293505], [-87.69645458407753, 41.936694105606854], [-87.696454486087, 41.9366850995062], [-87.69628561974162, 41.936686123697584], [-87.69628552177488, 41.936677117596595], [-87.69623727425281, 41.93667741017698], [-87.69623717629293, 41.936668404075895], [-87.696213052535, 41.936668550358455], [-87.69621295457856, 41.936659544257296], [-87.69624914021027, 41.93665932483164], [-87.69624904224877, 41.93665031873053], [-87.6962972897503, 41.93665002614534], [-87.69629719178205, 41.936641020044306], [-87.69630925365564, 41.93664094689486], [-87.69630895974608, 41.93661392859177], [-87.6962968978776, 41.93661400174115], [-87.6962969958457, 41.93662300784222], [-87.69623668649412, 41.9366233735702], [-87.69623639261538, 41.9365963552666], [-87.69622433075001, 41.93659642840833], [-87.69622423279222, 41.936587422307085], [-87.69621217092852, 41.93658749544752], [-87.69621226888461, 41.93659650154879], [-87.69620020701916, 41.936596574687975], [-87.6962003049736, 41.93660558078926], [-87.69617618123918, 41.93660572706389], [-87.69617627919028, 41.9366147331652], [-87.69614009358321, 41.936614952567716], [-87.6961399956372, 41.936605946466344], [-87.69615205750458, 41.93660587333346], [-87.69615195955693, 41.93659686723208], [-87.69613989769124, 41.93659694036494], [-87.69613979974532, 41.93658793426353], [-87.69609155228898, 41.936588226782206], [-87.69609145434988, 41.936579220680684], [-87.69603114503693, 41.93657958630039], [-87.69603094917585, 41.936561574097084], [-87.69601888731653, 41.9365616472172], [-87.6960190831742, 41.93657965942054], [-87.69600702131143, 41.93657973253942], [-87.69600692338427, 41.93657072643772], [-87.69595867593952, 41.93657101890047], [-87.69595848009891, 41.93655300669685], [-87.69593435638305, 41.936553152920524], [-87.6959342584662, 41.936544146818655], [-87.6959221966099, 41.936544219928564], [-87.69592200077973, 41.936526207724725], [-87.69589787707379, 41.93652635394067], [-87.69589777916217, 41.93651734783868], [-87.69588571731082, 41.936517420944725], [-87.69588561940094, 41.9365084148427], [-87.69587355755125, 41.936508487947464], [-87.69587326382695, 41.93648146964124], [-87.69588532567155, 41.93648139653655], [-87.69588512985219, 41.93646338433238], [-87.69589719169335, 41.93646331122647], [-87.69589709378204, 41.936454305124386], [-87.69590915562146, 41.93645423201724], [-87.69590895979557, 41.93643621981306], [-87.69587277428737, 41.93643643913058], [-87.6958728721952, 41.936445445232735], [-87.69583668668149, 41.93644566453892], [-87.69583649087606, 41.93642765233445], [-87.6958485527106, 41.9364275792337], [-87.69584845480627, 41.93641857313146], [-87.69586051663907, 41.936418500029475], [-87.69586041873308, 41.93640949392725], [-87.69587248056415, 41.93640942082402], [-87.69587238265649, 41.936400414721795], [-87.69589650631511, 41.93640026851157], [-87.69589621258223, 41.93637325020498], [-87.69588415075803, 41.936373323310654], [-87.69588395493975, 41.936355311106134], [-87.6959080785813, 41.936355164893605], [-87.69590876396987, 41.93641820760884], [-87.69592082580245, 41.936418134500514], [-87.69592092371698, 41.93642714060261], [-87.69593298555121, 41.936427067493], [-87.69593318138381, 41.9364450796971], [-87.69594524322139, 41.936445006586176], [-87.69594543905754, 41.93646301879018], [-87.69595750089847, 41.93646294567793], [-87.69595779465814, 41.93648996398375], [-87.69596985650412, 41.936489890870185], [-87.6959700523475, 41.936507903073945], [-87.69598211419684, 41.93650782995905], [-87.69598240796735, 41.93653484826452], [-87.69600653167606, 41.936534702030805], [-87.69600662960303, 41.93654370813256], [-87.69601869145902, 41.93654363501377], [-87.69601820181606, 41.936498604505], [-87.69610263474732, 41.93649809263884], [-87.69610253680698, 41.9364890865372], [-87.69612666049781, 41.93648894027838], [-87.69612656255414, 41.93647993417677], [-87.69613862439779, 41.93647986104547], [-87.69613872234318, 41.936488867147055], [-87.69615078418849, 41.93648879401447], [-87.69615068624141, 41.936479787912916], [-87.69616274808499, 41.93647971477909], [-87.69616265013626, 41.93647070867754], [-87.69617471197809, 41.93647063554247], [-87.69617432017682, 41.93643461113621], [-87.69619844384677, 41.93643446486245], [-87.69619854180041, 41.936443470964], [-87.69621060363701, 41.93644339782519], [-87.6962108975033, 41.93647041612965], [-87.69622295934495, 41.936470342989516], [-87.69622305730216, 41.93647934909096], [-87.69623511914546, 41.93647927594953], [-87.69623521710442, 41.93648828205093], [-87.69624727894937, 41.936488208908216], [-87.69624747487082, 41.93650622111092], [-87.69625953671911, 41.93650614796689], [-87.6962596346816, 41.93651515406819], [-87.69627169653155, 41.936515080922874], [-87.69627179449579, 41.93652408702415], [-87.69628385634739, 41.93652401387753], [-87.69628415024542, 41.93655103218119], [-87.69630827395868, 41.93655088588403], [-87.69630817598923, 41.93654187978287], [-87.69629611413431, 41.936541952932075], [-87.69629582023134, 41.93651493462843], [-87.69630788208114, 41.9365148614793], [-87.69630778411188, 41.936505855378094], [-87.696343969656, 41.93650563592319], [-87.69634406763035, 41.93651464202434], [-87.69638025317914, 41.93651442255797], [-87.69638044913818, 41.93653243476008], [-87.69639251099107, 41.93653236160205], [-87.69639241300985, 41.93652335550102], [-87.69640447486101, 41.936523282341746], [-87.69640408292972, 41.93648725793757], [-87.69641614477405, 41.93648718477712], [-87.69641575283669, 41.93645116037282], [-87.69642781467418, 41.93645108721118], [-87.69642761870239, 41.93643307500899], [-87.6965241133736, 41.9364324896707], [-87.6965240153742, 41.93642348356977], [-87.69654813903814, 41.93642333722257], [-87.6965480410354, 41.93641433112166], [-87.6965601028656, 41.93641425794619], [-87.6965600048612, 41.936405251845294], [-87.6965961903465, 41.93640503231134], [-87.69659628835599, 41.93641403841216], [-87.69660835018603, 41.93641396523162], [-87.69660854620857, 41.93643197743317], [-87.69669297904133, 41.93643146513357], [-87.69669307706454, 41.93644047123418], [-87.69671720073404, 41.93644032485141], [-87.69671710270744, 41.93643131875085], [-87.69676535003912, 41.936431025970215], [-87.69676525200576, 41.93642201986975], [-87.69677731383688, 41.93642194667145], [-87.69677711776693, 41.9364039344705], [-87.69683742690484, 41.93640356846021], [-87.69683752494828, 41.936412574560556], [-87.69687371043557, 41.93641235493911], [-87.69687380848414, 41.93642136103939], [-87.69688587031484, 41.93642128782969], [-87.69688567421436, 41.93640327562916], [-87.69690979786886, 41.936403129206035], [-87.69691009202982, 41.93643014750668], [-87.69693421569431, 41.93643000107835], [-87.69693411763723, 41.936420994978185], [-87.69694617946772, 41.936420921762156], [-87.6969458852916, 41.93639390346167], [-87.69697000894224, 41.936393757025925], [-87.69696991088024, 41.9363847509258], [-87.69699403452731, 41.93638460448502], [-87.69699413259272, 41.936393610585114], [-87.69701825624301, 41.93639346413923], [-87.69701786396809, 41.93635743973894], [-87.69700580214975, 41.93635751296244], [-87.69700570408283, 41.9363485068623], [-87.69690920954811, 41.93634909260438], [-87.69690911149479, 41.936340086504046], [-87.69687292604863, 41.936340306136344], [-87.69687302409685, 41.93634931223674], [-87.69683683864517, 41.936349531857715], [-87.69683693668834, 41.93635853795816], [-87.69682487486932, 41.93635861116263], [-87.69682477682787, 41.93634960506217], [-87.69681271501051, 41.93634967826536], [-87.69681281305027, 41.93635868436586], [-87.69677662759284, 41.93635890396788], [-87.69677652955816, 41.93634989786731], [-87.69676446774062, 41.93634997106544], [-87.69676387954365, 41.936295934461604], [-87.6967397559288, 41.936296080853765], [-87.69673995198751, 41.93631409305519], [-87.69666758112153, 41.93631453220155], [-87.69666748310235, 41.9363055261007], [-87.69665542129289, 41.936305599287316], [-87.69665532327544, 41.93629659318643], [-87.69664326146764, 41.93629666637174], [-87.69664335948339, 41.93630567247265], [-87.69663129767385, 41.93630574565671], [-87.69663149370209, 41.936323757858524], [-87.69664355551502, 41.936323684674406], [-87.6966438495628, 41.93635070297696], [-87.69663178774479, 41.93635077616114], [-87.6966318857591, 41.93635978226198], [-87.69658363847977, 41.93636007498614], [-87.69658354047222, 41.93635106888521], [-87.69657147865396, 41.936351142063046], [-87.69657128264242, 41.936333129861104], [-87.6965833444573, 41.936333056683296], [-87.69658324644989, 41.936324050582314], [-87.69657118463672, 41.93632412376009], [-87.69657089061988, 41.936297105457015], [-87.69659501423598, 41.936296959100325], [-87.69659491622707, 41.936287952999315], [-87.69660697803334, 41.93628787981909], [-87.69660668400178, 41.93626086151603], [-87.69658256039934, 41.93626100787507], [-87.6965824623923, 41.93625200177398], [-87.69640153539379, 41.936253099304885], [-87.69640143741223, 41.93624409320344], [-87.69637731381508, 41.936244239519304], [-87.69637741179322, 41.9362532456208], [-87.69628091738919, 41.936253830833785], [-87.69628081942462, 41.9362448247321], [-87.69625669582656, 41.936244971022624], [-87.69625679378774, 41.93625397712436], [-87.69624473198695, 41.936254050267756], [-87.69624463402745, 41.93624504416601], [-87.69622051042913, 41.936245190448936], [-87.69622041247308, 41.93623618434712], [-87.69617216528268, 41.93623647689769], [-87.69617226323193, 41.936245482999574], [-87.69616020143252, 41.93624555613408], [-87.69616010348496, 41.93623655003216], [-87.6961480416872, 41.93623662316536], [-87.69614813963307, 41.936245629267304], [-87.69596721263586, 41.93624672611371], [-87.69596711471546, 41.93623772001142], [-87.69590680572264, 41.93623808556342], [-87.69590670781074, 41.93622907946099], [-87.69589464601374, 41.93622915256758], [-87.69589445019348, 41.936211140362644], [-87.69588238839984, 41.93621121346791], [-87.69588229049147, 41.9362022073654], [-87.69587022869948, 41.93620228046938], [-87.69587042451285, 41.93622029267443], [-87.69585836271742, 41.93622036577719], [-87.69585865643273, 41.936247384084716], [-87.69584659463216, 41.93624745718627], [-87.6958463988253, 41.936229444981215], [-87.69583433702807, 41.93622951808146], [-87.69583423912641, 41.93622051197889], [-87.69582217733083, 41.93622058507784], [-87.6958222752308, 41.936229591180435], [-87.69579815163613, 41.93622973737459], [-87.69579824953274, 41.93623874347721], [-87.69578618773366, 41.9362388165724], [-87.69578638352364, 41.936256828777665], [-87.6957743217211, 41.936256901871644], [-87.69577422382778, 41.93624789576899], [-87.69562948221422, 41.93624877279762], [-87.69562958008717, 41.93625777890054], [-87.69560545648088, 41.93625792505428], [-87.69560535861132, 41.93624891895131], [-87.69559329680982, 41.936248992026265], [-87.69559319894198, 41.93623998592326], [-87.69564144614098, 41.93623969361595], [-87.69564115251742, 41.936212675307125], [-87.69565321431196, 41.9362126022272], [-87.69565311643584, 41.936203596124265], [-87.69566517822864, 41.93620352304309], [-87.69566508035086, 41.936194516940155], [-87.69567714214192, 41.93619444385773], [-87.6956770442625, 41.93618543775481], [-87.69566498247313, 41.936185510837205], [-87.69566488459544, 41.93617650473424], [-87.69565282280773, 41.93617657781533], [-87.69565272493178, 41.936167571712325], [-87.6956286013596, 41.93616771787068], [-87.69562869923216, 41.93617672397373], [-87.69559251386848, 41.93617694320182], [-87.69559261173599, 41.93618594930494], [-87.6955684881566, 41.93618609545071], [-87.69556819456437, 41.93615907714121], [-87.69554407099498, 41.93615922328179], [-87.69554446243778, 41.9361952476946], [-87.69558064781218, 41.93619502848156], [-87.69558103927605, 41.93623105289387], [-87.69554485388129, 41.93623127210718], [-87.69554495174229, 41.936240278210285], [-87.69550876634204, 41.93624049741227], [-87.69550886419799, 41.93624950351543], [-87.69546061699025, 41.93624979576708], [-87.69546071483946, 41.93625880187032], [-87.6954486530357, 41.9362588749301], [-87.69544875088326, 41.93626788103333], [-87.69543668907778, 41.93626795409185], [-87.69543659123192, 41.936258947988584], [-87.69542452942808, 41.93625902104583], [-87.69542404020797, 41.93621399052913], [-87.69543610200333, 41.936213917472], [-87.69543600415773, 41.93620491136865], [-87.69544806595134, 41.93620483831029], [-87.69544777240975, 41.93617782000018], [-87.69542364883269, 41.93617796611551], [-87.6954234531453, 41.936159953908614], [-87.6954113913601, 41.93616002696432], [-87.69541129351816, 41.93615102086084], [-87.69542335530168, 41.93615094780514], [-87.69542315961456, 41.93613293559817], [-87.69543522139465, 41.93613286254125], [-87.69543512354947, 41.93612385643776], [-87.69544718532781, 41.9361237833796], [-87.69544698963418, 41.93610577117263], [-87.6954108043092, 41.936105990343165], [-87.69541041294285, 41.936069965928766], [-87.69539835117456, 41.93607003898298], [-87.69539825333479, 41.936061032879316], [-87.69541031510138, 41.93606095982513], [-87.69541021725995, 41.93605195372148], [-87.69539815549504, 41.936052026775656], [-87.6953978619761, 41.93602500846455], [-87.69538580021624, 41.936025081517386], [-87.69538570237839, 41.93601607541363], [-87.69537364062019, 41.93601614846518], [-87.69537354278407, 41.93600714236138], [-87.69534941927093, 41.93600728846064], [-87.69534902794047, 41.93597126404514], [-87.69536108969028, 41.93597119099624], [-87.69536089402192, 41.93595317878845], [-87.69537295576828, 41.935953105738335], [-87.69537285793247, 41.93594409963444], [-87.6953607961878, 41.93594417268454], [-87.69536069835374, 41.93593516658062], [-87.69534863661072, 41.93593523962942], [-87.69534834311388, 41.935908221317476], [-87.6953604048518, 41.93590814826874], [-87.69536030701792, 41.93589914216476], [-87.69534824528168, 41.935899215213475], [-87.6953477561214, 41.93585418469321], [-87.69537187957685, 41.93585403859475], [-87.69537207524762, 41.9358720508028], [-87.69538413697867, 41.93587197775162], [-87.69538403914157, 41.93586297164762], [-87.69539610087088, 41.9358628985952], [-87.69539590519342, 41.9358448863872], [-87.69540796691929, 41.93584481333356], [-87.69540757555811, 41.9358087889175], [-87.69541963727715, 41.93580871586267], [-87.69541953943528, 41.935799709758655], [-87.69564871205634, 41.93579832147679], [-87.69564861418226, 41.93578931537318], [-87.69567273761174, 41.93578916921169], [-87.6956728354892, 41.935798175315256], [-87.69568489720557, 41.93579810223258], [-87.6956847993264, 41.93578909612905], [-87.69567273761174, 41.93578916921169], [-87.69567263973431, 41.93578016310812], [-87.69562439288198, 41.93578045542595], [-87.6956242950114, 41.93577144932226], [-87.69561223329991, 41.935771522398525], [-87.6956123311688, 41.93578052850223], [-87.69558820774228, 41.935780674651], [-87.69558810987678, 41.93577166854727], [-87.69556398645348, 41.93577181469092], [-87.69556388859141, 41.9357628085871], [-87.69552770346122, 41.93576302779303], [-87.69552780131818, 41.9357720338969], [-87.69550367789444, 41.935772180027904], [-87.69550358004085, 41.93576317392398], [-87.6954915183306, 41.93576324698756], [-87.69549132262698, 41.935745234779624], [-87.69551544604063, 41.935745088651295], [-87.69551534818551, 41.93573608254734], [-87.69552740989056, 41.9357360094813], [-87.69552731203378, 41.93572700337737], [-87.69547906522003, 41.93572729563383], [-87.69547916307003, 41.93573630173786], [-87.69549122477522, 41.93573622867562], [-87.69549132262698, 41.935745234779624], [-87.69547926092008, 41.93574530784188], [-87.69547945662032, 41.935763320049865], [-87.69546739490998, 41.9357633931109], [-87.69546729706154, 41.93575438700689], [-87.69544317364412, 41.93575453312513], [-87.69544327148918, 41.93576353922918], [-87.69533471609336, 41.93576419669872], [-87.69533481392318, 41.93577320280297], [-87.69531069049799, 41.93577334889342], [-87.69531078832446, 41.9357823549977], [-87.69529872661012, 41.93578242804105], [-87.69529882443494, 41.93579143414534], [-87.69528676271885, 41.93579150718744], [-87.69528686054203, 41.93580051329174], [-87.69527479882417, 41.93580058633259], [-87.6952747010027, 41.935791580228276], [-87.69526263928653, 41.93579165326785], [-87.69526254146679, 41.93578264716349], [-87.69525047975226, 41.93578272020178], [-87.69525038193426, 41.93577371409737], [-87.69522625850846, 41.9357738601701], [-87.6952261606939, 41.935764854065646], [-87.69521409898262, 41.935764927100074], [-87.69521419679548, 41.93577393320455], [-87.69516594994317, 41.93577422532971], [-87.69516604774928, 41.935783231434264], [-87.69515398603438, 41.935783304462404], [-87.69515388822997, 41.93577429835783], [-87.69511770309013, 41.9357745174346], [-87.69511760529085, 41.93576551132993], [-87.69510554357917, 41.93576558435298], [-87.69510564137676, 41.935774590457655], [-87.69504533280923, 41.935774955553924], [-87.6950456261768, 41.93580197386823], [-87.69515418164336, 41.93580131667152], [-87.6951542794479, 41.93581032277605], [-87.69516634116789, 41.935810249747846], [-87.69516643897418, 41.93581925585233], [-87.69519056241741, 41.93581910979206], [-87.69519046460772, 41.935810103687615], [-87.69521458804736, 41.93580995762232], [-87.69521488148675, 41.93583697593549], [-87.69520281976185, 41.935837048968835], [-87.69520291757337, 41.93584605507322], [-87.69521497929996, 41.93584598203984], [-87.69521556618018, 41.93590001866572], [-87.6951914427066, 41.93590016473148], [-87.69519154051675, 41.93590917083578], [-87.69521566399372, 41.935909024769984], [-87.69521576180729, 41.93591803087422], [-87.69520370006713, 41.93591810390778], [-87.69520379787905, 41.93592711001203], [-87.69519173613713, 41.93592718304435], [-87.6951918339474, 41.93593618914861], [-87.69520389569101, 41.935936116116274], [-87.69520379787905, 41.93592711001203], [-87.6952158596209, 41.935927036978455], [-87.69521615306202, 41.93595405529106], [-87.69522821480892, 41.93595398225615], [-87.69522841043995, 41.93597199446444], [-87.69521634868966, 41.9359720674994], [-87.69521644650354, 41.93598107360354], [-87.69522850825554, 41.93598100056857], [-87.69522870388683, 41.93599901277677], [-87.69520458037601, 41.935999158845554], [-87.69520467818833, 41.93600816494969], [-87.69519261643116, 41.936008237982215], [-87.6951930076741, 41.93604426239866], [-87.69518094591011, 41.93604433543001], [-87.69518114152845, 41.936062347638185], [-87.69519320329586, 41.936062274606805], [-87.69519310548496, 41.93605326850275], [-87.6952051672506, 41.93605319547011], [-87.69520506943807, 41.93604418936605], [-87.69521713120199, 41.93604411633218], [-87.69521703338778, 41.936035110228126], [-87.69522909514997, 41.936035037193], [-87.69523036676006, 41.93615211654418], [-87.69520624319155, 41.93615226261375], [-87.69520634100463, 41.93616126871763], [-87.69521840279062, 41.93616119568346], [-87.69521850060542, 41.93617020178731], [-87.69523056239305, 41.93617012875185], [-87.69523095365957, 41.936206153166985], [-87.69521889186517, 41.936206226202536], [-87.69521898968021, 41.9362152323063], [-87.69520692788406, 41.93621530534062], [-87.69520712351088, 41.93623331754817], [-87.69521918531044, 41.936233244513815], [-87.69521928312561, 41.936242250617546], [-87.69523134492681, 41.936242177581896], [-87.69523144274373, 41.93625118368558], [-87.69521938094084, 41.936251256721256], [-87.6952194787561, 41.93626026282496], [-87.69518329334207, 41.93626048192444], [-87.69518339115228, 41.9362694880282], [-87.69513514392615, 41.93626978014319], [-87.69513504612272, 41.93626077403936], [-87.69511092251277, 41.936260920089204], [-87.69511082471277, 41.93625191398529], [-87.69509876290944, 41.9362519870083], [-87.69509886070773, 41.936260993112235], [-87.69508679890265, 41.936261066133994], [-87.69508670110604, 41.93625206003003], [-87.69507463930262, 41.936252133050495], [-87.69507454150775, 41.936243126946515], [-87.69503835610229, 41.93624334600026], [-87.69503845389207, 41.936252352104304], [-87.69501433028479, 41.93625249813385], [-87.69501423249841, 41.93624349202974], [-87.69500217069641, 41.93624356504258], [-87.69500207291178, 41.93623455893844], [-87.69496588751059, 41.9362347779693], [-87.69496608306973, 41.93625279017771], [-87.69492989765797, 41.9362530091973], [-87.69492999543252, 41.936262015301565], [-87.69491793362681, 41.93626208830558], [-87.69491783585396, 41.936253082201304], [-87.69490577404991, 41.93625315520404], [-87.69490587182106, 41.93626216130835], [-87.69482143917955, 41.936262672292145], [-87.69482134142028, 41.93625366618768], [-87.69480927961585, 41.93625373918029], [-87.69480820428544, 41.93615467203005], [-87.69484438964254, 41.93615445304921], [-87.6948442918804, 41.936145446944636], [-87.69486841544818, 41.936145300951125], [-87.6948683176827, 41.93613629484657], [-87.69488037946483, 41.93613622184793], [-87.6948802816977, 41.93612721574339], [-87.69486821991727, 41.93612728874201], [-87.69486812215187, 41.93611828263742], [-87.69480781325751, 41.93611864761136], [-87.69480732447363, 41.93607361708766], [-87.6948193862441, 41.93607354409552], [-87.69481928848577, 41.93606453799077], [-87.69486753556045, 41.93606424600963], [-87.69486734003033, 41.936046233800255], [-87.69481909296923, 41.936046525781194], [-87.69481919072749, 41.93605553188599], [-87.69480712896039, 41.93605560487809], [-87.69480703120384, 41.93604659877327], [-87.6947949694384, 41.93604667176407], [-87.6947943829102, 41.93599263513477], [-87.6947823211549, 41.935992708124154], [-87.6947817346385, 41.93593867149419], [-87.69476967289333, 41.935938744482186], [-87.69476957514244, 41.93592973837712], [-87.69474545165538, 41.93592988434926], [-87.69474554940287, 41.93593889045438], [-87.69473348765757, 41.935938963438566], [-87.69473397638721, 41.93598399396402], [-87.69472191463339, 41.93598406694706], [-87.69472201237775, 41.93599307305213], [-87.69473407413328, 41.935993000069075], [-87.69473495384983, 41.936074055013876], [-87.6946867067664, 41.93607434693934], [-87.69468680450612, 41.936083353044346], [-87.69466268096076, 41.93608349899953], [-87.69466258322443, 41.936074492894484], [-87.69465052145337, 41.93607456587015], [-87.69465071692267, 41.93609257808027], [-87.69463865514817, 41.93609265105472], [-87.69463885061425, 41.93611066326482], [-87.69462678883633, 41.93611073623804], [-87.6946270820307, 41.93613775455316], [-87.69461502024764, 41.93613782752519], [-87.69461511797749, 41.936146833630225], [-87.69459099440782, 41.93614697957052], [-87.69459089668138, 41.936137973465435], [-87.69457883489818, 41.93613804643367], [-87.69457873717346, 41.93612904032855], [-87.69455461361031, 41.93612918626117], [-87.6945543204466, 41.93610216794558], [-87.69451813511682, 41.936102386834776], [-87.69451803740077, 41.93609338072949], [-87.69446979030056, 41.93609367256393], [-87.69446998571914, 41.93611168477468], [-87.6944096768259, 41.93611204953944], [-87.69440977452678, 41.93612105564491], [-87.6943977127463, 41.936121128594074], [-87.69439800584409, 41.93614814691046], [-87.69438594405848, 41.93614821985843], [-87.69438565096577, 41.93612120154199], [-87.6943735891852, 41.93612127448863], [-87.69437397996879, 41.93615729891063], [-87.69436191818139, 41.93615737185609], [-87.69436182048713, 41.93614836575059], [-87.69434975870138, 41.936148438694765], [-87.69434966100886, 41.93613943258923], [-87.69432553744062, 41.936139578473735], [-87.6943253420625, 41.93612156626252], [-87.69430121850087, 41.93612171214186], [-87.69430102312971, 41.93610369993051], [-87.69428896135221, 41.936103772868236], [-87.69428905903608, 41.93611277897396], [-87.69427699725685, 41.93611285191043], [-87.69427797408098, 41.93620291296697], [-87.69425385048845, 41.9362030588366], [-87.69425394816771, 41.93621206494222], [-87.69426600996569, 41.93621199200801], [-87.69426630300883, 41.93623901032473], [-87.69427836481186, 41.93623893738918], [-87.6942784624947, 41.936247943494706], [-87.69421815347063, 41.936248308159826], [-87.69421805579628, 41.93623930205419], [-87.69420599399305, 41.936239374983394], [-87.69420579864787, 41.936221362772045], [-87.69421786044772, 41.936221289842884], [-87.69421776277349, 41.93621228373721], [-87.69420570097535, 41.93621235666635], [-87.69420540795805, 41.93618533834916], [-87.69419334616494, 41.936185411276966], [-87.6941931508237, 41.9361673990654], [-87.69418108903392, 41.93616747199187], [-87.69418089369626, 41.936149459780204], [-87.69416883190983, 41.93614953270538], [-87.69416873424277, 41.936140526599495], [-87.69414461067319, 41.93614067244599], [-87.69414558731201, 41.93623073350462], [-87.69415764911379, 41.93623066058178], [-87.6941577467796, 41.936239666687534], [-87.69414568497614, 41.9362397396104], [-87.69414617329743, 41.93628477013912], [-87.69413411148543, 41.93628484306083], [-87.69413420914812, 41.936293849166546], [-87.69414627096182, 41.9362937762448], [-87.69414656395527, 41.936320794561816], [-87.69415862577401, 41.936320721638744], [-87.6941592117723, 41.93637475827223], [-87.69417127360117, 41.93637468534776], [-87.69417107826483, 41.9363566731367], [-87.69418314009027, 41.936356600211], [-87.69418284708102, 41.93632958189437], [-87.69419490890134, 41.936329508967475], [-87.69419481122998, 41.93632050286192], [-87.69420687304853, 41.936320429933794], [-87.69420667770255, 41.93630241772269], [-87.69421873951768, 41.93630234479333], [-87.69421893486705, 41.93632035700437], [-87.69423099668552, 41.9363202840737], [-87.69423138739158, 41.93635630849554], [-87.69424344921681, 41.9363562355635], [-87.69424354689514, 41.93636524166891], [-87.69425560872199, 41.936365168735584], [-87.69425609712276, 41.93641019926225], [-87.69424403528741, 41.93641027219568], [-87.69424442600204, 41.93644629661685], [-87.69426854968629, 41.93644615074852], [-87.69426845200417, 41.9364371446433], [-87.6943046375251, 41.93643692583137], [-87.69430453983793, 41.936427919726206], [-87.69431660167645, 41.936427846786394], [-87.69431679705421, 41.93644585899668], [-87.69432885889609, 41.936445786055536], [-87.69432895658673, 41.93645479216064], [-87.69434101843026, 41.93645471921822], [-87.69434111612264, 41.93646372532328], [-87.69436523981295, 41.93646357943459], [-87.69436514211716, 41.93645457332957], [-87.69441338949046, 41.93645428153709], [-87.69441329178794, 41.936445275432135], [-87.69442535362946, 41.936445202480876], [-87.69442525592528, 41.93643619637595], [-87.6944855651237, 41.93643583160073], [-87.69448546741108, 41.93642682549589], [-87.69449752924893, 41.936426752537066], [-87.69449743153469, 41.936417746432255], [-87.69454567887887, 41.93641745458439], [-87.69454577659991, 41.93642646068912], [-87.69464227129971, 41.936425876932375], [-87.69464256450387, 41.936452895245914], [-87.69463050266145, 41.93645296822001], [-87.69463069812772, 41.936470980429014], [-87.69464275997353, 41.93647090745487], [-87.69464295544336, 41.93648891966378], [-87.6946550172925, 41.93648884668832], [-87.6946551150292, 41.936497852792726], [-87.69464305317834, 41.9364979257682], [-87.69464315091338, 41.936506931872614], [-87.69463108906079, 41.936507004846845], [-87.69463157772812, 41.93655203536881], [-87.69464363958919, 41.936551962394475], [-87.6946437373245, 41.93656096849879], [-87.69465579918722, 41.93656089552316], [-87.69465589692426, 41.93656990162745], [-87.69464383505984, 41.93656997460312], [-87.69464403053065, 41.9365879868117], [-87.69463196866279, 41.93658805978614], [-87.69463206639657, 41.93659706589044], [-87.69462000452697, 41.936597138863625], [-87.69461990679488, 41.93658813275931], [-87.69459578305894, 41.93658827870185], [-87.69459588078763, 41.93659728480622], [-87.69457175704812, 41.936597430743745], [-87.69457185477346, 41.93660643684812], [-87.69453566915875, 41.936606655744974], [-87.69453576687904, 41.93661566184943], [-87.69448751938538, 41.93661595369425], [-87.69448761709893, 41.93662495979878], [-87.69443936959775, 41.936625251623404], [-87.69443946730456, 41.93663425772802], [-87.6944515291816, 41.936634184773744], [-87.69445162689016, 41.9366431908783], [-87.69447575064754, 41.936643044965884], [-87.69447584835953, 41.93665205107039], [-87.69451203400035, 41.936651832192204], [-87.69451213171747, 41.93666083829662], [-87.69454831736299, 41.93666061940696], [-87.69454841508525, 41.9366696255113], [-87.69458460073544, 41.93666940661017], [-87.69458469846283, 41.93667841271442], [-87.69459676034784, 41.93667833974483], [-87.69459763991165, 41.93675939468227], [-87.69460970181188, 41.93675932171119], [-87.69460989727439, 41.93677733391931], [-87.69462195917797, 41.93677726094693], [-87.69462215464407, 41.93679527315494], [-87.69463421655098, 41.936795200181244], [-87.69463431428579, 41.9368042062852], [-87.69464637619438, 41.93680413331022], [-87.69464647393092, 41.936813139414134], [-87.69465853584116, 41.93681306643786], [-87.69465863357944, 41.93682207254176], [-87.69467069549133, 41.93682199956418], [-87.69467079323137, 41.936831005668026], [-87.6946828551449, 41.93683093268916], [-87.69468295288667, 41.93683993879299], [-87.69469501480187, 41.93683986581283], [-87.69469511254538, 41.9368488719166], [-87.69470717446222, 41.93684879893517], [-87.69470727220747, 41.93685780503892], [-87.69471933412596, 41.93685773205618], [-87.69471943187297, 41.936866738159885], [-87.6947314937931, 41.93686666517588], [-87.69473159154184, 41.93687567127954], [-87.69474365346365, 41.93687559829423], [-87.69474375121412, 41.93688460439785], [-87.69475581313758, 41.93688453141126], [-87.6947559108898, 41.93689353751485], [-87.69478003473996, 41.93689339153781], [-87.69478013249562, 41.93690239764134], [-87.69479219442233, 41.93690232465089], [-87.69479229217973, 41.93691133075438], [-87.69480435410809, 41.93691125776263], [-87.69480445186723, 41.9369202638661], [-87.69481651379725, 41.93692019087308], [-87.69481661155812, 41.93692919697649], [-87.6948286734898, 41.93692912398217], [-87.69482877125242, 41.93693813008555], [-87.69484083318575, 41.936938057089954], [-87.69484093095011, 41.936947063193294], [-87.69486505482, 41.936946917198235], [-87.6948651525878, 41.93695592330152], [-87.6948772145244, 41.936955850302056], [-87.69487731229393, 41.93696485640531], [-87.69488937423216, 41.93696478340457], [-87.69488947200345, 41.93697378950778], [-87.69490153394334, 41.93697371650575], [-87.69490163171636, 41.93698272260891], [-87.69492575559939, 41.93698257660101], [-87.69492595115236, 41.93700058880721], [-87.694950075042, 41.93700044279413], [-87.69495017282195, 41.93700944889718], [-87.6949622347684, 41.93700937588873], [-87.69496233255009, 41.93701838199173], [-87.69499851839426, 41.93701816295867], [-87.69499842060748, 41.937009156855744], [-87.69498635866117, 41.937009229868], [-87.69498626087614, 41.93700022376504], [-87.69497419893146, 41.937000296776006], [-87.69497400336492, 41.936982284569986], [-87.69498606530618, 41.93698221155906], [-87.69498596752128, 41.93697320545605], [-87.6949739055817, 41.936973278466944], [-87.69497361223235, 41.93694626015776], [-87.69496155029783, 41.93694633316733], [-87.69496174586062, 41.93696434537351], [-87.69494968392266, 41.93696441838186], [-87.69494958614294, 41.93695541227875], [-87.69493752420662, 41.93695548528579], [-87.69493742642864, 41.936946479182666], [-87.69492536449398, 41.936946552188424], [-87.69492526671775, 41.93693754608523], [-87.69494939058362, 41.93693740007248], [-87.69494929280403, 41.93692839396934], [-87.69491310701022, 41.93692861298649], [-87.69491291146136, 41.93691060078001], [-87.6949008495334, 41.936910673783146], [-87.69490075176073, 41.93690166767987], [-87.69487662790806, 41.9369018136823], [-87.69487653013883, 41.93689280757894], [-87.69486446821413, 41.936892880578235], [-87.69486437044665, 41.93688387447485], [-87.6948523085236, 41.93688394747285], [-87.69485201522647, 41.93685692916255], [-87.69486407714444, 41.93685685616461], [-87.69486358830832, 41.93681182564726], [-87.69485152639886, 41.93681189864508], [-87.69485142863347, 41.93680289254154], [-87.69483936672565, 41.93680296553808], [-87.69483956225308, 41.93682097774517], [-87.6948275003418, 41.936821050740484], [-87.69482769586604, 41.93683906294757], [-87.69481563395132, 41.93683913594166], [-87.69481582947233, 41.936857148148746], [-87.69480376755419, 41.936857221141615], [-87.69480366979536, 41.93684821503805], [-87.69477954596235, 41.93684836101993], [-87.69477944820696, 41.93683935491631], [-87.69475532437716, 41.936839500893086], [-87.69475522662519, 41.93683049478941], [-87.69473110279861, 41.936830640761066], [-87.6947310050501, 41.93682163465733], [-87.69471894313844, 41.936821707641236], [-87.69471884539168, 41.93681270153746], [-87.69470678348165, 41.93681277452007], [-87.69470668573662, 41.93680376841627], [-87.69468256191986, 41.93680391437764], [-87.69468246417827, 41.936794908273775], [-87.69467040227151, 41.93679498125254], [-87.69467020679187, 41.93677696904471], [-87.69465814488845, 41.936777042022165], [-87.69465785167439, 41.93675002371025], [-87.69470609926738, 41.93674973179309], [-87.69470580603337, 41.93672271348132], [-87.69474199171236, 41.936722494530365], [-87.69474218721184, 41.93674050673809], [-87.69475424910816, 41.93674043375186], [-87.69475434685965, 41.93674943985569], [-87.6947664087576, 41.93674936686816], [-87.69476650651086, 41.936758372971944], [-87.69477856841047, 41.936758299983126], [-87.69477847065552, 41.93674929387937], [-87.69482671824672, 41.936749001911544], [-87.69482681600846, 41.93675800801521], [-87.69492331120227, 41.936757424018566], [-87.69492340897763, 41.936766430122034], [-87.69493547087836, 41.93676635711674], [-87.69493537310132, 41.93675735101328], [-87.69499568259579, 41.93675698596786], [-87.69499578038132, 41.936765992071194], [-87.69501990418219, 41.93676584604412], [-87.69501980639326, 41.93675683994083], [-87.69504393019056, 41.93675669390872], [-87.69504402798287, 41.93676570001197], [-87.69506815178339, 41.936765553974745], [-87.69506805398768, 41.936756547871546], [-87.69511630158138, 41.936756255782], [-87.69511639938388, 41.936765261885114], [-87.69510433748381, 41.93676533490942], [-87.69510453308557, 41.93678334711563], [-87.69506834737494, 41.93678356618109], [-87.69506824957915, 41.93677456007792], [-87.69505618767721, 41.936774633097194], [-87.69505628547132, 41.936783639200385], [-87.69504422356763, 41.9367837122184], [-87.69504451694513, 41.936810730527945], [-87.69503245503633, 41.936810803544766], [-87.69503304178232, 41.93686484016362], [-87.69502097986329, 41.93686491317933], [-87.69502137102138, 41.9369009375917], [-87.69499724716961, 41.93690108361946], [-87.69499754052848, 41.93692810192873], [-87.69500960245948, 41.9369280289154], [-87.69500989582383, 41.93695504722447], [-87.69502195775986, 41.93695497420981], [-87.69502205554977, 41.93696398031278], [-87.69503411748748, 41.936963907296835], [-87.69503421527912, 41.93697291339977], [-87.69507040109704, 41.93697269434426], [-87.69507049889381, 41.93698170044711], [-87.69508256083473, 41.93698162742605], [-87.69508265863325, 41.936990633528865], [-87.69513090640325, 41.936990341431866], [-87.6951310042086, 41.93699934753457], [-87.69515512809672, 41.93699920147842], [-87.69515551933216, 41.93703522588893], [-87.69516758128293, 41.937035152858854], [-87.69516777690433, 41.93705316506397], [-87.69522808667452, 41.93705279989441], [-87.69522818449376, 41.93706180599683], [-87.69525230840492, 41.93706165992009], [-87.6952522105823, 41.937052653817716], [-87.69526427253611, 41.93705258077747], [-87.69526437036043, 41.93706158687981], [-87.69530055622671, 41.937061367751404], [-87.69530045839728, 41.937052361649116], [-87.69532458230452, 41.937052215557216], [-87.69532468013733, 41.93706122165946], [-87.69543323773294, 41.93706056418298], [-87.69543333558107, 41.937069570285004], [-87.69545745949411, 41.93706942416513], [-87.69545755734569, 41.93707843026709], [-87.69549374321998, 41.937078211077726], [-87.69549393893345, 41.937096223281465], [-87.695481876972, 41.93709629634589], [-87.69548207268224, 41.93711430854961], [-87.69547001071734, 41.93711438161284], [-87.69547010857083, 41.937123387714706], [-87.69549423250396, 41.93712324158696], [-87.69549413464708, 41.93711423548514], [-87.69551825857664, 41.93711408935237], [-87.69551806285622, 41.93709607714878], [-87.69553012481754, 41.93709600408055], [-87.6955300269557, 41.93708699797876], [-87.69554208891527, 41.93708692490928], [-87.69554218677881, 41.93709593101105], [-87.69555424874004, 41.93709585794028], [-87.69555434660532, 41.937104864042006], [-87.69559053249382, 41.93710464482202], [-87.69559063036424, 41.93711365092366], [-87.69561475429309, 41.937113504770636], [-87.69561485216694, 41.937122510872214], [-87.69562691413299, 41.93712243779378], [-87.69562701200859, 41.93713144389533], [-87.69568732184666, 41.937131078484], [-87.69568722396258, 41.937122072382564], [-87.69569928592836, 41.93712199929652], [-87.69569918804264, 41.937112993195086], [-87.69571125000668, 41.9371129201078], [-87.69571115211929, 41.937103914006386], [-87.6957232140816, 41.93710384091784], [-87.69572311619257, 41.937094834816435], [-87.69573517815313, 41.93709476172667], [-87.69573508026244, 41.93708575562527], [-87.69575920418004, 41.93708560944196], [-87.69575910628599, 41.937076603340586], [-87.69578323020002, 41.93707645715226], [-87.69578332809743, 41.93708546325358], [-87.69580745201468, 41.93708531706013], [-87.69580784361841, 41.937121341465115], [-87.69581990558375, 41.93712126836639], [-87.69582000348649, 41.937130274467584], [-87.69583206545349, 41.93713020136757], [-87.6958322612625, 41.937148213569856], [-87.6958201992921, 41.93714828666991], [-87.69582029719498, 41.93715729277105], [-87.69580823522286, 41.937157365869844], [-87.69580833312408, 41.937166371971], [-87.69579627115021, 41.937166445068556], [-87.6957964669494, 41.93718445727085], [-87.6957844049721, 41.937184530367205], [-87.69578499236056, 41.9372385669739], [-87.69596592216813, 41.937237470393676], [-87.69596602009183, 41.93724647649441], [-87.6959901440688, 41.93724633026212], [-87.69599024199593, 41.93725533636278], [-87.69600230398603, 41.93725526324472], [-87.6960024998438, 41.93727327544595], [-87.69601456183727, 41.93727320232658], [-87.69601475769862, 41.937291214527704], [-87.69602681969545, 41.93729114140701], [-87.69602701556036, 41.93730915360804], [-87.69603907756053, 41.93730908048604], [-87.69603937136333, 41.9373360987874], [-87.69605143336854, 41.93733602566405], [-87.69605172717684, 41.93736304396522], [-87.69606378918708, 41.93736297084055], [-87.69606447475321, 41.93742601354261], [-87.69602828868668, 41.9374262329133], [-87.69602838661979, 41.93743523901361], [-87.69601632459582, 41.937435312134674], [-87.69601642252728, 41.937444318234995], [-87.69605260860413, 41.93744409886794], [-87.69605251066758, 41.9374350927677], [-87.6961248828099, 41.937434653999546], [-87.69612498075662, 41.93744366009965], [-87.69613704278188, 41.93744358696717], [-87.69613694483347, 41.93743458086708], [-87.69614900685698, 41.93743450773336], [-87.69614930070748, 41.93746152603349], [-87.69613723867887, 41.93746159916729], [-87.69613733662742, 41.937470605267336], [-87.69612527459708, 41.93747067839988], [-87.69612537254397, 41.93747968449994], [-87.69613743457603, 41.93747961136736], [-87.69613733662742, 41.937470605267336], [-87.69616146068799, 41.93747045899843], [-87.69616155863999, 41.937479465098406], [-87.69614949660803, 41.93747953823352], [-87.69614969250877, 41.93749755043347], [-87.69616175454412, 41.93749747729832], [-87.69616185249625, 41.93750648339826], [-87.6961859765702, 41.93750633712411], [-87.69618607452577, 41.93751534322398], [-87.69622226064148, 41.937515123803166], [-87.69622235860218, 41.93752412990297], [-87.69623442064234, 41.93752405676015], [-87.69623432267996, 41.937515050660366], [-87.69625844675677, 41.937514904370964], [-87.69625874065429, 41.9375419226701], [-87.69627080269773, 41.93754184952342]], [[-87.69617303295041, 41.93742535536207], [-87.69616097092869, 41.93742542849831], [-87.69616087297696, 41.93741642239824], [-87.69613674893675, 41.93741656866687], [-87.69613655304022, 41.93739855646659], [-87.69612449102344, 41.93739862959897], [-87.69612439307694, 41.937389623498795], [-87.69613645509203, 41.937389550366454], [-87.69613635714387, 41.937380544266276], [-87.69614841915721, 41.937380471132684], [-87.69614822325764, 41.93736245893235], [-87.69612409923771, 41.937362605198174], [-87.69612419718408, 41.937371611298396], [-87.69611213517234, 41.93737168442942], [-87.69611193928304, 41.93735367222892], [-87.69612400129138, 41.93735359909793], [-87.69612341361439, 41.937299562496214], [-87.69614753761056, 41.93729941623072], [-87.69614763556001, 41.937308422331], [-87.69615969755974, 41.93730834919633], [-87.69615979551091, 41.93731735529657], [-87.69617185751228, 41.937317282160606], [-87.69617215137121, 41.93734430046116], [-87.69616008936475, 41.93734437359719], [-87.69616018731612, 41.937353379697385], [-87.69617224932429, 41.93735330656132], [-87.69617215137121, 41.93734430046116], [-87.696196275384, 41.9373441541853], [-87.69619637334047, 41.93735316028541], [-87.6961843113324, 41.937353233424005], [-87.6961844092872, 41.93736223952412], [-87.69619647129697, 41.937362166385505], [-87.69619656925352, 41.93737117248559], [-87.69620863126494, 41.9373710993457], [-87.69620892513994, 41.93739811764579], [-87.69616067707364, 41.937398410198064], [-87.69616077502529, 41.937407416298164], [-87.69617283704362, 41.937407343161965], [-87.69617303295041, 41.93742535536207]], [[-87.69655588139734, 41.93713481914848], [-87.69654381943134, 41.93713489232452], [-87.69654372142675, 41.93712588622474], [-87.6965316594624, 41.93712595939949], [-87.69653146345672, 41.93710794719982], [-87.6965555873786, 41.93710780084913], [-87.69655548937244, 41.93709879474931], [-87.69657961329075, 41.93709864839361], [-87.69657980930988, 41.93711666059313], [-87.69656774734737, 41.93711673377166], [-87.6965678453553, 41.93712573987142], [-87.69655578339105, 41.93712581304871], [-87.69655588139734, 41.93713481914848]], [[-87.6968444861465, 41.937052007649775], [-87.69683242419684, 41.93705208085603], [-87.69683232615192, 41.93704307475666], [-87.69684438809989, 41.93704300155043], [-87.6968444861465, 41.937052007649775]], [[-87.69674799054798, 41.93705259326428], [-87.69666355689692, 41.93705310561046], [-87.69666345887575, 41.93704409951077], [-87.69662727302972, 41.93704431906863], [-87.6966271750137, 41.93703531296887], [-87.69661511306663, 41.93703538615227], [-87.69661501505234, 41.937026380052465], [-87.69662707699771, 41.937026306869086], [-87.69662697898178, 41.93701730076927], [-87.6966149170381, 41.937017373952635], [-87.6966145249816, 41.93698134955319], [-87.69662658691848, 41.93698127636993], [-87.69662648890278, 41.93697227027004], [-87.69663855083793, 41.936972197085545], [-87.69663835480324, 41.93695418488579], [-87.69661423093969, 41.93695433125345], [-87.69661432895361, 41.936963337353376], [-87.69660226702007, 41.93696341053532], [-87.69660207099565, 41.93694539833541], [-87.69663825678596, 41.93694517878591], [-87.69663815876874, 41.936936172685996], [-87.69665022069707, 41.93693609950032], [-87.69665031871598, 41.93694510560021], [-87.69666238064596, 41.93694503241324], [-87.69666257668733, 41.93696304461293], [-87.69665051475397, 41.936963117799934], [-87.69665061277303, 41.93697212389978], [-87.69666267470808, 41.93697205071275], [-87.69666277272889, 41.93698105681255], [-87.6966748346656, 41.93698098362423], [-87.69667493268815, 41.93698998972399], [-87.69674730431765, 41.936989550567276], [-87.69674799054798, 41.93705259326428]], [[-87.69657902523439, 41.93704461179472], [-87.6965428393874, 41.93704483132598], [-87.69654274138325, 41.93703582522603], [-87.69653067943588, 41.93703589840056], [-87.6965303854288, 41.937008880100606], [-87.69651832348646, 41.93700895327379], [-87.69651822548589, 41.93699994717375], [-87.6965061635452, 41.937000020345664], [-87.69650596754757, 41.9369820081455], [-87.69657833917066, 41.93698156909535], [-87.69657902523439, 41.93704461179472]], [[-87.69531163987287, 41.9369712336828], [-87.69529957793449, 41.936971306727905], [-87.69529948010552, 41.936962300625474], [-87.6953115420422, 41.93696222758039], [-87.69531163987287, 41.9369712336828]], [[-87.69563643130515, 41.93688820606932], [-87.69552787400653, 41.93688886373571], [-87.69552777614571, 41.936879857633585], [-87.69550365230447, 41.93688000376769], [-87.6955035544471, 41.93687099766551], [-87.69543118293251, 41.93687143603728], [-87.69543108508535, 41.93686242993495], [-87.69539489933254, 41.93686264910367], [-87.69539421443937, 41.93679960638643], [-87.69538215253357, 41.93679967943998], [-87.6953819568536, 41.93678166723489], [-87.69546639016963, 41.93678115583379], [-87.69546687942925, 41.93682618634562], [-87.69545481751861, 41.93682625940684], [-87.69545491536897, 41.93683526550918], [-87.69546697728131, 41.93683519244795], [-87.69546707513342, 41.936844198550254], [-87.6954791370474, 41.93684412548773], [-87.69547903919361, 41.936835119385435], [-87.69549110110584, 41.936835046321676], [-87.6954910032504, 41.936826040219394], [-87.69551512707136, 41.9368258940881], [-87.69551502921256, 41.93681688798586], [-87.6955029673038, 41.936816961052116], [-87.69550286944674, 41.93680795494983], [-87.69547874563247, 41.9368081010785], [-87.69547845207173, 41.93678108277143], [-87.69551463777779, 41.93678086357673], [-87.6955145399192, 41.936771857474405], [-87.69553866371963, 41.936771711338324], [-87.69553885944363, 41.93678972354285], [-87.69555092134716, 41.93678965047287], [-87.69555111707473, 41.93680766267728], [-87.69556317898162, 41.936807589605976], [-87.69556327684717, 41.93681659570815], [-87.6955874006642, 41.93681644956169], [-87.69558730279526, 41.93680744345957], [-87.695599364702, 41.936807370384464], [-87.69559926683142, 41.93679836428236], [-87.69561132873643, 41.93679829120601], [-87.69561142660872, 41.93680729730809], [-87.69562348851538, 41.936807224230456], [-87.69562358638942, 41.93681623033251], [-87.69563564829774, 41.93681615725359], [-87.69563574617351, 41.93682516335559], [-87.69565986999339, 41.9368250171939], [-87.69565947847701, 41.93678899278592], [-87.69569566418615, 41.93678877353414], [-87.69569556630208, 41.936779767432185], [-87.69570762820334, 41.936779694345745], [-87.69570772608911, 41.93678870044768], [-87.69571978799202, 41.93678862735996], [-87.69571988587954, 41.93679763346186], [-87.69569576207027, 41.936797779636095], [-87.69569595783865, 41.936815791839926], [-87.69568389593056, 41.936815864925194], [-87.69568428746105, 41.936851889332814], [-87.69567222554612, 41.93685196241691], [-87.69567212766512, 41.93684295631499], [-87.69566006575185, 41.93684302939778], [-87.6956602615105, 41.93686104160163], [-87.69564819959378, 41.93686111468322], [-87.69564839534921, 41.93687912688704], [-87.69563633342908, 41.93687919996739], [-87.69563643130515, 41.93688820606932]], [[-87.69576842718071, 41.9368243594035], [-87.69575636527118, 41.936824432496394], [-87.69575616948575, 41.936806420292804], [-87.69576823139188, 41.93680634719996], [-87.69576793770898, 41.93677932889455], [-87.69577999960997, 41.93677925580051], [-87.69577990171405, 41.93677024969869], [-87.6957919636133, 41.93677017660341], [-87.69579206151091, 41.936779182705195], [-87.6958282472135, 41.93677896341168], [-87.69582844301901, 41.936796975615074], [-87.69581638111481, 41.936797048714226], [-87.69581647901595, 41.93680605481593], [-87.69579235520399, 41.936806201010484], [-87.69579245310179, 41.93681520711221], [-87.69576832928627, 41.93681535330174], [-87.69576842718071, 41.9368243594035]], [[-87.69522554338992, 41.93681864122638], [-87.69521348148008, 41.93681871426223], [-87.69521328584744, 41.936800702056544], [-87.69520122394097, 41.936800775091086], [-87.69520083268303, 41.93676475067946], [-87.69521289458272, 41.936764677645016], [-87.69521279676664, 41.936755671542095], [-87.69523692056252, 41.936755525469444], [-87.69523701838197, 41.936764531572315], [-87.69527320408055, 41.93676431245377], [-87.69527339972979, 41.93678232465933], [-87.69528546163261, 41.93678225161724], [-87.69528565728542, 41.93680026382271], [-87.6952374096603, 41.93680055598367], [-87.69523750747997, 41.93680956208646], [-87.69522544557188, 41.93680963512356], [-87.69522554338992, 41.93681864122638]], [[-87.69529781701978, 41.93680919688199], [-87.6952857551119, 41.93680926992542], [-87.69528565728542, 41.93680026382271], [-87.6952977191916, 41.9368001907793], [-87.69529781701978, 41.93680919688199]], [[-87.69563545254633, 41.93679814504951], [-87.6956233906414, 41.93679821812839], [-87.69562309701972, 41.9367711998221], [-87.69563515891956, 41.93677112674329], [-87.69563545254633, 41.93679814504951]], [[-87.69515278069909, 41.9367830550106], [-87.69512865689241, 41.936783201065644], [-87.69512846128389, 41.93676518885953], [-87.69516464698366, 41.9367649697752], [-87.69516474479299, 41.93677397587819], [-87.6951526828914, 41.93677404890759], [-87.69515278069909, 41.9367830550106]], [[-87.69597250040493, 41.936733055616166], [-87.69596043851314, 41.936733128730374], [-87.69596034059201, 41.93672412262883], [-87.69597240248211, 41.936724049514666], [-87.69597250040493, 41.936733055616166]], [[-87.69605634603866, 41.936678507172964], [-87.69602016039462, 41.936678726537956], [-87.6960198666067, 41.93665170823338], [-87.69604399035926, 41.936651561991454], [-87.69604408829191, 41.93666056809296], [-87.69605615016982, 41.93666049497008], [-87.69605634603866, 41.936678507172964]], [[-87.69597122741159, 41.93661597629534], [-87.69595916554185, 41.93661604940924], [-87.69595906762129, 41.93660704330751], [-87.69597112948934, 41.93660697019364], [-87.69597122741159, 41.93661597629534]], [[-87.69587473245244, 41.93661656117105], [-87.69586267058234, 41.93661663427481], [-87.69586257267537, 41.93660762817291], [-87.69587463454377, 41.936607555069166], [-87.69587473245244, 41.93661656117105]], [[-87.69591042849406, 41.93657131134293], [-87.6958742429095, 41.936571530661475], [-87.69587414500104, 41.93656252455952], [-87.69585002128117, 41.93656267076551], [-87.69584982547117, 41.93654465856145], [-87.69583776361456, 41.936544731662494], [-87.69583746990502, 41.93651771335623], [-87.69584953175654, 41.93651764025526], [-87.69584962966137, 41.93652664635733], [-87.69588581522075, 41.936526427046736], [-87.69588591313072, 41.936535433148734], [-87.69591003684015, 41.936535286935275], [-87.69591042849406, 41.93657131134293]], [[-87.69548816546165, 41.93656486324712], [-87.6954761036003, 41.936564936310205], [-87.69547600574789, 41.93655593020746], [-87.69548806760754, 41.9365558571444], [-87.69548816546165, 41.93656486324712]], [[-87.69507806215093, 41.93656734668114], [-87.69505393842518, 41.93656749271988], [-87.69505384063214, 41.936558486616335], [-87.69502971690959, 41.93655863264996], [-87.69502961911999, 41.93654962654637], [-87.69501755726034, 41.93654969956126], [-87.6950174594725, 41.93654069345764], [-87.69507776876179, 41.936540328370626], [-87.69507806215093, 41.93656734668114]], [[-87.69475229408742, 41.93656031167244], [-87.69472817036262, 41.93656045764273], [-87.69472797486833, 41.93654244543438], [-87.69471591300928, 41.93654251841757], [-87.6947153265376, 41.93648848179205], [-87.6947273883865, 41.93648840880899], [-87.69472650866673, 41.93640735386994], [-87.6947385705003, 41.93640728088581], [-87.69473905924154, 41.93645231140754], [-87.69475112108356, 41.93645223842204], [-87.69475160983437, 41.9364972689433], [-87.69476367168483, 41.93649719595642], [-87.69476376943682, 41.93650620206059], [-87.69477583128892, 41.936506129072434], [-87.69477592904266, 41.93651513517658], [-87.6947879908964, 41.93651506218711], [-87.69478818640742, 41.936533074395314], [-87.69477612455027, 41.936533147384836], [-87.69477602679645, 41.93652414128072], [-87.6947519030854, 41.93652428725588], [-87.69475229408742, 41.93656031167244]], [[-87.69554818118004, 41.936537479604866], [-87.69545168633056, 41.936538064124186], [-87.69545158848165, 41.93652905802136], [-87.69543952662697, 41.936529131080555], [-87.69543942877982, 41.93652012497769], [-87.69542736692678, 41.936520198035595], [-87.69542726908138, 41.93651119193271], [-87.69541520722998, 41.93651126498931], [-87.69541501154269, 41.936493252783436], [-87.69542707339069, 41.936493179726874], [-87.69542677985501, 41.93646616141801], [-87.6954147180121, 41.936466234474516], [-87.69541383742273, 41.93638517954696], [-87.69542589925035, 41.93638510649067], [-87.69542560571628, 41.93635808818131], [-87.695522100295, 41.93635750368594], [-87.69552219815321, 41.93636650978888], [-87.69553425997705, 41.936366436721244], [-87.69553416211714, 41.93635743061831], [-87.69554622393923, 41.936357357549426], [-87.69554818118004, 41.936537479604866]], [[-87.69558387741053, 41.93649222987625], [-87.69557181556311, 41.93649230294928], [-87.69557171769748, 41.93648329684662], [-87.6955837795432, 41.93648322377361], [-87.69558387741053, 41.93649222987625]], [[-87.69559584138887, 41.936483150699324], [-87.6955837795432, 41.93648322377361], [-87.69558368167591, 41.936474217670956], [-87.69559574351989, 41.93647414459671], [-87.69559584138887, 41.936483150699324]], [[-87.69508924383226, 41.936486218728156], [-87.69507718198471, 41.93648629174922], [-87.6950770841887, 41.9364772856456], [-87.6950650223428, 41.936477358665385], [-87.69506472896009, 41.93645034035438], [-87.69507679080088, 41.93645026733468], [-87.69507669300505, 41.93644126123099], [-87.69508875484411, 41.93644118821003], [-87.69508855924916, 41.93642317600269], [-87.69511268292037, 41.93642302995709], [-87.69511258511956, 41.93641402385344], [-87.69510052328567, 41.93641409687685], [-87.69510003429082, 41.93636906635828], [-87.69511209611622, 41.93636899333498], [-87.6951119005152, 41.9363509811275], [-87.6950998386932, 41.93635105415075], [-87.69509974089445, 41.93634204804697], [-87.6950876790741, 41.93634212106893], [-87.69508738568321, 41.936315102757405], [-87.69512357112886, 41.93631488368793], [-87.69512415794158, 41.936368920310414], [-87.69514828159215, 41.936368774257474], [-87.69514837939782, 41.93637778036113], [-87.69516044122474, 41.93637770733273], [-87.6951606368396, 41.936395719539945], [-87.69514857500928, 41.93639579256838], [-87.69514896623276, 41.93643181698275], [-87.69512484255843, 41.93643196303599], [-87.69512494036103, 41.93644096913958], [-87.6951128785221, 41.93644104216435], [-87.69511297632305, 41.93645004826794], [-87.69510091448237, 41.93645012129145], [-87.69510101228164, 41.93645912739507], [-87.69511307412401, 41.93645905437154], [-87.69511326972611, 41.936477066578675], [-87.69508914603455, 41.93647721262457], [-87.69508924383226, 41.936486218728156]], [[-87.6960420317155, 41.93647143995856], [-87.69602996987318, 41.93647151307969], [-87.69602967608326, 41.93644449477419], [-87.69601761424597, 41.936444567893986], [-87.69601722253348, 41.93640854348637], [-87.69602928436397, 41.93640847036666], [-87.69602918643427, 41.936399464264746], [-87.69604124826301, 41.936399391143794], [-87.69604134619442, 41.936408397245685], [-87.69606546985517, 41.936408250999946], [-87.69606537192037, 41.936399244898084], [-87.69607743374898, 41.93639917177334], [-87.69607733581253, 41.936390165671504], [-87.69608939763941, 41.9363900925455], [-87.69608969145398, 41.93641711085092], [-87.69606556779001, 41.93641725710178], [-87.6960656657249, 41.9364262632036], [-87.69605360389114, 41.93642633632715], [-87.69605389769099, 41.936453354632604], [-87.69604183585211, 41.936453427754955], [-87.6960420317155, 41.93647143995856]], [[-87.6961258769496, 41.936416891465115], [-87.69611381511777, 41.93641696459498], [-87.69611352129301, 41.936389946289715], [-87.69614970677308, 41.93638972689652], [-87.69614980471971, 41.936398732998235], [-87.69613774289138, 41.936398806130576], [-87.69613784083636, 41.93640781223229], [-87.69612577900627, 41.9364078853634], [-87.6961258769496, 41.936416891465115]], [[-87.6952333012737, 41.93642229965301], [-87.69520917760339, 41.93642244572396], [-87.69520898197467, 41.93640443351701], [-87.6952331056382, 41.93640428744616], [-87.6952333012737, 41.93642229965301]], [[-87.69464217356509, 41.936416870827834], [-87.6946180498938, 41.93641701677458], [-87.6946179521626, 41.936408010669965], [-87.69456970482628, 41.93640830254815], [-87.69456960710193, 41.93639929644344], [-87.6945334216043, 41.936399515338714], [-87.69453332388507, 41.936390509233924], [-87.69450920022317, 41.93639065515772], [-87.69450910250738, 41.936381649052876], [-87.69449704067806, 41.93638172201284], [-87.69449694296401, 41.93637271590794], [-87.69448488113633, 41.93637278886664], [-87.69448478342403, 41.93636378276171], [-87.69443653611968, 41.93636407458369], [-87.6944366338252, 41.93637308068872], [-87.69441251016936, 41.93637322659215], [-87.69441231476516, 41.936355214382], [-87.69440025294057, 41.93635528733178], [-87.69440015524023, 41.93634628122666], [-87.69438809341727, 41.93634635417514], [-87.69438789802014, 41.93632834196482], [-87.69439995983969, 41.936328269016386], [-87.69439976443932, 41.93631025680605], [-87.69441182625543, 41.93631018385639], [-87.69441172855362, 41.936301177751226], [-87.69442379036799, 41.93630110480033], [-87.69442369266453, 41.936292098695176], [-87.69443575447715, 41.93629202574302], [-87.69443585218231, 41.93630103184817], [-87.69444791399658, 41.93630095889473], [-87.6944480117035, 41.93630996499983], [-87.69447213533532, 41.93630981908911], [-87.694472037625, 41.93630081298406], [-87.69449616125326, 41.936300667068316], [-87.69449635668067, 41.93631867927831], [-87.69456872758471, 41.93631824150041], [-87.6945686298608, 41.936309235395576], [-87.69458069167628, 41.936309162428174], [-87.69458078940188, 41.936318168533006], [-87.69459285121901, 41.93631809556432], [-87.69459294894637, 41.93632710166911], [-87.69460501076516, 41.93632702869914], [-87.69460491303612, 41.93631802259437], [-87.69464109848712, 41.936317803676914], [-87.69464168489262, 41.93637184030489], [-87.69462962306547, 41.9363719132788], [-87.69462991626374, 41.93639893159266], [-87.69464197809596, 41.93639885861871], [-87.69464217356509, 41.936416870827834]], [[-87.69610145946623, 41.93639001941825], [-87.69608939763941, 41.9363900925455], [-87.69608920176324, 41.936372080341826], [-87.69607713993976, 41.93637215346777], [-87.69607704200345, 41.93636314736588], [-87.69604085653783, 41.93636336673607], [-87.69604066067551, 41.93634535453211], [-87.69605272249404, 41.936345281410034], [-87.69605262456125, 41.93633627530807], [-87.69607674819476, 41.93633612906015], [-87.69607665025862, 41.936327122958204], [-87.69610077388857, 41.936326976705274], [-87.69610145946623, 41.93639001941825]], [[-87.69600496485036, 41.936390604400856], [-87.69598084119595, 41.93639075063385], [-87.69598064535033, 41.936372738429746], [-87.69595652170253, 41.93637288465758], [-87.69595642378317, 41.93636387855547], [-87.69594436196091, 41.93636395166745], [-87.69594426404329, 41.93635494556531], [-87.6959683876844, 41.93635479934011], [-87.6959684856054, 41.93636380544221], [-87.69600467107182, 41.936363586094835], [-87.69600496485036, 41.936390604400856]], [[-87.69655951483982, 41.936360221340614], [-87.69649920573919, 41.93636058720464], [-87.69649861776591, 41.93630655059785], [-87.69655892681564, 41.93630618473452], [-87.69655922082752, 41.936333203037634], [-87.69654715901258, 41.9363332762129], [-87.69654725701494, 41.93634228231394], [-87.69655931883159, 41.93634220913864], [-87.69655951483982, 41.936360221340614]], [[-87.69618559839788, 41.93636248918694], [-87.69617353657644, 41.936362562323], [-87.69617343862659, 41.9363535562213], [-87.69618550044633, 41.93635348308525], [-87.69618559839788, 41.93636248918694]], [[-87.69616147475497, 41.9363626354578], [-87.69612528929031, 41.936362854854586], [-87.69612499546126, 41.93633583654912], [-87.69613705727778, 41.93633576341819], [-87.69613676344404, 41.93630874511267], [-87.69614882525542, 41.93630867198055], [-87.69614892320165, 41.93631767808238], [-87.69616098501467, 41.93631760494897], [-87.69616147475497, 41.9363626354578]], [[-87.69522065254282, 41.936368336068256], [-87.6952085907178, 41.936368409102954], [-87.69520819946165, 41.93633238468866], [-87.69523232309803, 41.93633223861818], [-87.69523261655026, 41.93635925692878], [-87.695220554727, 41.93635932996473], [-87.69522065254282, 41.936368336068256]], [[-87.6958718931189, 41.9363553842105], [-87.69585983129802, 41.936355457313596], [-87.69585973339233, 41.936346451211264], [-87.69587179521152, 41.93634637810819], [-87.6958718931189, 41.9363553842105]], [[-87.69554602821614, 41.93633934534357], [-87.69553396639743, 41.9363394184124], [-87.6955337706779, 41.93632140620644], [-87.69554583249321, 41.93632133313764], [-87.69554602821614, 41.93633934534357]], [[-87.69522016346423, 41.936323305550474], [-87.69520810164771, 41.936323378585065], [-87.69520800383384, 41.936314372481434], [-87.69522006564866, 41.93631429944687], [-87.69522016346423, 41.936323305550474]], [[-87.69508738568321, 41.936315102757405], [-87.6950753238679, 41.93631517577804], [-87.69507522607273, 41.93630616967415], [-87.69508728788635, 41.936306096653546], [-87.69508738568321, 41.936315102757405]], [[-87.69439966673922, 41.936301250700865], [-87.69437554311025, 41.93630139659633], [-87.69437544541358, 41.936292390491076], [-87.69439956903913, 41.93629224459566], [-87.69439966673922, 41.936301250700865]], [[-87.69443516824713, 41.93623798911191], [-87.6944110446422, 41.936238135014655], [-87.69441084923933, 41.936220122804095], [-87.69442291103843, 41.936220049853404], [-87.69442300874154, 41.93622905595867], [-87.69443507054228, 41.936228983006686], [-87.69443516824713, 41.93623798911191]], [[-87.69432651433395, 41.93622963952893], [-87.6943144525328, 41.93622971246951], [-87.69431435484496, 41.93622070636403], [-87.69430229304545, 41.93622077930332], [-87.69430209767332, 41.936202767092276], [-87.69431415946941, 41.93620269415304], [-87.69431425715716, 41.936211700258546], [-87.69432631895492, 41.93621162731801], [-87.69432651433395, 41.93622963952893]], [[-87.69441084923933, 41.936220122804095], [-87.69439878744019, 41.93622019575351], [-87.69439868974052, 41.93621118964818], [-87.69441075153797, 41.936211116698786], [-87.69441084923933, 41.936220122804095]], [[-87.69444664381093, 41.93618387952716], [-87.69441045843415, 41.93618409838277], [-87.69441036073295, 41.9361750922774], [-87.69439829894229, 41.93617516522673], [-87.69439820124286, 41.93616615912131], [-87.69445851018722, 41.936165794362196], [-87.69445860789514, 41.93617480046749], [-87.69444654610466, 41.93617487342186], [-87.69444664381093, 41.93618387952716]], [[-87.69537412980146, 41.93606117898391], [-87.69536206803474, 41.93606125203431], [-87.69536187236548, 41.936043239826816], [-87.69534981060211, 41.93604331287589], [-87.69534961493643, 41.936025300668284], [-87.69537373845635, 41.93602515456895], [-87.69537412980146, 41.93606117898391]], [[-87.69528959960896, 41.93605268420619], [-87.69527753784361, 41.936052757247694], [-87.69527734219821, 41.93603474503985], [-87.69526528043622, 41.93603481808003], [-87.69526469351125, 41.935980781456], [-87.69527675526307, 41.93598070841595], [-87.69527655961836, 41.93596269620787], [-87.69526449786996, 41.93596276924787], [-87.69526440004937, 41.93595376314379], [-87.6952764617961, 41.935953690103815], [-87.69527626615167, 41.93593567789565], [-87.69528832789496, 41.93593560485445], [-87.69528881701483, 41.935980635374634], [-87.69530087876656, 41.93598056233204], [-87.69530146572207, 41.93603459895567], [-87.69528940396015, 41.93603467199839], [-87.69528959960896, 41.93605268420619]], [[-87.69522899733411, 41.936026031088964], [-87.69521693557364, 41.93602610412407], [-87.69521683775952, 41.936017098019995], [-87.69522889951831, 41.93601702498492], [-87.69522899733411, 41.936026031088964]], [[-87.6952882300711, 41.93592659875036], [-87.69527616832953, 41.935926671791556], [-87.69527607050743, 41.935917665687434], [-87.69528813224733, 41.93591759264627], [-87.6952882300711, 41.93592659875036]], [[-87.69522772573214, 41.93590895173518], [-87.69521566399372, 41.935909024769984], [-87.69521556618018, 41.93590001866572], [-87.6952276279169, 41.935899945630936], [-87.69522772573214, 41.93590895173518]], [[-87.69537158607103, 41.93582702028255], [-87.69534746262576, 41.93582716638088], [-87.69534726696223, 41.935809154172595], [-87.69535932868149, 41.93580908112411], [-87.69535942651494, 41.93581808722824], [-87.69537148823585, 41.93581801417847], [-87.69537158607103, 41.93582702028255]]]}}]}