{
"type": "FeatureCollection",
"name": "tl_2024_us_county",
"crs": { "type": "name", "properties": { "name": "urn:ogc:def:crs:OGC:1.3:CRS84" } },
"features": [
{"type":"Feature","properties":{"STATEFP":"17","COUNTYFP":"093","GEOID":"17093","NAME":"Kendall","NAMELSAD":"Kendall County","ALAND":829411596,"AWATER":5137703},"geometry":{"type":"Polygon","coordinates":[[[-88.365285858091852,41.460493133448558],[-88.366665861407597,41.460478130228076],[-88.371697873469216,41.460406118456397],[-88.372659875769813,41.460389116200524],[-88.375057881509221,41.460349110580459],[-88.377536887442176,41.460307104768759],[-88.381855897796385,41.46024309465632],[-88.382187898593969,41.460239093880368],[-88.384447903976508,41.460184088553042],[-88.384634904421134,41.460179088111467],[-88.384647904452649,41.460179088081333],[-88.386387908591288,41.460133083973091],[-88.386759909494444,41.460134083112365],[-88.38727091071425,41.460123081909828],[-88.387913912258995,41.460115080406148],[-88.390346918073163,41.460066074685322],[-88.391965921942003,41.460033070877344],[-88.394166927187115,41.459979065684664],[-88.396210932100374,41.459954060903485],[-88.397075934134662,41.459916058834231],[-88.398553937674933,41.459890055363211],[-88.399360939610048,41.459877053469896],[-88.404073950895111,41.459790042392228],[-88.405300953813736,41.459755039486701],[-88.407446958940341,41.459707034426806],[-88.408081960459384,41.459694032931495],[-88.40915196301583,41.459670030408098],[-88.411833969415284,41.459604024072163],[-88.412556971137164,41.459584022360097],[-88.41363797372432,41.459562019813795],[-88.417086981977278,41.459490011685268],[-88.421985993681986,41.459374000111943],[-88.422944995965594,41.459345997836557],[-88.423083996292064,41.459338997501526],[-88.423683997758701,41.459345996121222],[-88.425133001246905,41.459327992725896],[-88.425251001528622,41.45932499244666],[-88.427108005956725,41.459273988045155],[-88.428928010310997,41.459232983746737],[-88.429609011942446,41.459218982140634],[-88.430072013058506,41.459213981056742],[-88.431956017558448,41.459165976596225],[-88.432664019252741,41.459149974923484],[-88.433634021572587,41.459126972629647],[-88.435332025635773,41.459087968616124],[-88.437497030799008,41.459025963475646],[-88.438217032524662,41.459010961776158],[-88.442762043390118,41.458895951008735],[-88.443026044022361,41.458889950384432],[-88.444217046883693,41.458868947579049],[-88.446623052647794,41.458814941889656],[-88.447306054281853,41.458797940271303],[-88.449437059379378,41.458743935219573],[-88.450878062819029,41.458701931792781],[-88.452303066245975,41.458677928436529],[-88.454887072424754,41.458608922301742],[-88.454903072463622,41.45860892226456],[-88.456543076391227,41.458568918377445],[-88.459107082532071,41.458505912298385],[-88.460657086229759,41.458456908601995],[-88.462434090492152,41.458416904394575],[-88.465806098569416,41.458331896391613],[-88.466693100701846,41.45831489429645],[-88.466989101382907,41.458286893554025],[-88.468177104233561,41.458259890739342],[-88.469388107148504,41.458238887882594],[-88.472300114112159,41.458153880944906],[-88.47784912740444,41.45800486774516],[-88.479590131585155,41.457964863615828],[-88.481434136006399,41.457916859230409],[-88.481678136580129,41.457901858632844],[-88.481818136925853,41.457905858315087],[-88.48247013850893,41.45790385679414],[-88.490311157553109,41.457883838510568],[-88.491353160083563,41.457880836080058],[-88.501021182446962,41.457854814821253],[-88.505397188295092,41.457841810123128],[-88.505926189002778,41.457840809556359],[-88.509880194287121,41.457828805310676],[-88.51076219546556,41.45782580436294],[-88.514680200696262,41.457808800145195],[-88.516795203520331,41.457799797868716],[-88.522667211348107,41.457762791523173],[-88.527324217543352,41.457720786463931],[-88.530555221843827,41.45769278295603],[-88.53338422562031,41.457677779904358],[-88.535020227819288,41.45768277816817],[-88.536873230277806,41.457658776139574],[-88.537500231115303,41.45765577546387],[-88.539094233244114,41.457647773745251],[-88.539941234380933,41.457648772843029],[-88.540783235498282,41.457637771920979],[-88.541347236247162,41.457630771304117],[-88.544316240218109,41.457620768113159],[-88.546933243709972,41.457603765283253],[-88.548607245952923,41.457601763491702],[-88.54992324770862,41.457592762067641],[-88.55231625091092,41.457585759497839],[-88.556234256153743,41.457573755289154],[-88.558526259203191,41.457548752789044],[-88.558827259604968,41.457546752463429],[-88.558855259641547,41.457545752431415],[-88.56746127110091,41.457456743053363],[-88.576462283091601,41.457361733239289],[-88.578919286365036,41.45733473055779],[-88.582305290871062,41.45729072684771],[-88.583242292118399,41.457278725821354],[-88.588095298579518,41.457215720503406],[-88.595055307860676,41.45713771290216],[-88.595958309065267,41.457127711916151],[-88.595971309577692,41.457727713191652],[-88.596068312526029,41.461145720433613],[-88.596152315275617,41.464346727223628],[-88.596152315295399,41.464370727275202],[-88.596154315359016,41.464444727432117],[-88.596155315380926,41.464469727484783],[-88.59619031660516,41.465899730520967],[-88.59624131838936,41.46798473494804],[-88.596308320294511,41.470192739622767],[-88.596353321530572,41.471623742650941],[-88.596377322132611,41.472317744117269],[-88.59644932394032,41.474402748522898],[-88.5964733245426,41.475097749991512],[-88.596479324699118,41.475278750374244],[-88.5964923250027,41.475627751110736],[-88.596554326389523,41.477218754465447],[-88.596575326859963,41.47775875560415],[-88.596607327575143,41.478579757335361],[-88.596703329741445,41.481069762587339],[-88.596735330463915,41.481900764340246],[-88.596768331217788,41.482768766171695],[-88.596869333480356,41.485372771664267],[-88.596903334235265,41.486241773497035],[-88.596955335444264,41.487637776444117],[-88.597012336739894,41.489132779598975],[-88.597110339068792,41.491828785293627],[-88.597161340282312,41.493234788263784],[-88.597215341571697,41.494729791422309],[-88.597380345462867,41.499243800958077],[-88.597435347028735,41.500748803606385],[-88.597485348434148,41.501891805203385],[-88.597514349248385,41.502553806128446],[-88.597574351446767,41.504358808670709],[-88.597611352627055,41.505322810023735],[-88.597656354029368,41.506466811628599],[-88.597663354279462,41.506671811917293],[-88.597687355035646,41.507288812783287],[-88.59769635528933,41.50749481307146],[-88.597710355747125,41.507868813597007],[-88.597809358854974,41.510402817154592],[-88.598066366955223,41.517000826426155],[-88.598141369562001,41.519129829427868],[-88.598245373128819,41.522039833530947],[-88.598258373592856,41.522418834065988],[-88.598280374348249,41.523034834934869],[-88.598385378008132,41.526019839148006],[-88.59842137922989,41.5270148405519],[-88.598435379765476,41.527452841171694],[-88.598479381379747,41.528770843035247],[-88.598495381920415,41.529210843656237],[-88.598505382290284,41.529512844083406],[-88.598507382369718,41.529577844175492],[-88.598509382406561,41.529606844215536],[-88.59851438251107,41.529689844330846],[-88.598515382647179,41.529803844494694],[-88.598573384778149,41.53154284695453],[-88.598618386392729,41.532858848815444],[-88.598624386629979,41.533052849090396],[-88.598990399948107,41.543898864446724],[-88.599002400295731,41.54417886484125],[-88.599003400349176,41.544222864904036],[-88.599004400396709,41.54426186495958],[-88.599008400513384,41.544355865092058],[-88.599009400568022,41.544400865156291],[-88.599075402777842,41.54619186768987],[-88.599273409417535,41.551568875300987],[-88.599342411637437,41.553361877837958],[-88.599352412043629,41.55369287830873],[-88.599356412197338,41.553817878486321],[-88.599403413784486,41.55510188030577],[-88.599420414315489,41.555529880911209],[-88.599422414392961,41.555592881000749],[-88.599300414224473,41.555591881102885],[-88.59931041440538,41.55573288129856],[-88.599447415122441,41.556178881828316],[-88.599437415203582,41.556258881952665],[-88.599437415335274,41.55636988211343],[-88.599437415428994,41.556448882227862],[-88.59944741554952,41.556538882349749],[-88.599447415656286,41.556628882480112],[-88.599427415735533,41.556718882627379],[-88.599397415812888,41.556818882797565],[-88.599386415892624,41.556898882922724],[-88.599377415963275,41.556968883031701],[-88.599387416107504,41.557078883182562],[-88.5994274163168,41.557208883337083],[-88.599447416546042,41.55737888356645],[-88.599447416700258,41.557508883754743],[-88.599422416886426,41.557694884045212],[-88.599428417037046,41.557814884213961],[-88.599458417697733,41.558336884944808],[-88.599459417714542,41.558349884962801],[-88.599542419554695,41.559803886999553],[-88.599570420170338,41.560289887680305],[-88.599581420433651,41.560498887973942],[-88.599583420480343,41.560535888025889],[-88.59961742123744,41.561133888864063],[-88.599638421703531,41.561501889379869],[-88.59967242247275,41.562109890232747],[-88.599679422646346,41.562247890426939],[-88.599701423233924,41.562716891088442],[-88.599726423889891,41.563239891825795],[-88.599776425218778,41.564299893321063],[-88.599814426211651,41.565090894436523],[-88.599843426992521,41.565713895315973],[-88.599856427335141,41.565986895701144],[-88.599860427440589,41.566070895819671],[-88.59987342777373,41.566335896193273],[-88.599892428273421,41.566733896754862],[-88.599916428460617,41.566862896922395],[-88.599949428712861,41.567035897146432],[-88.599993429071077,41.567284897471815],[-88.600010429785655,41.567865898300624],[-88.600035430826651,41.568711899507392],[-88.600043431161339,41.568983899895429],[-88.600131431398282,41.569077899960895],[-88.600247431704915,41.56919690004014],[-88.600358432029495,41.569336900153985],[-88.600460432383031,41.569511900325971],[-88.600478432458672,41.569553900372469],[-88.600539432712267,41.569693900526723],[-88.60058843300952,41.569884900764713],[-88.600616433179255,41.569993900900521],[-88.600631433563876,41.570298901331434],[-88.600618433751336,41.570471901593088],[-88.600609433884941,41.570594901778911],[-88.600601433961629,41.57066890189278],[-88.600582434126167,41.570829902141774],[-88.60052743462613,41.571315902891406],[-88.600510434794629,41.57147790314017],[-88.600474435115615,41.571790903623295],[-88.600465435194366,41.571867903742245],[-88.600403435777835,41.572432904611738],[-88.600374436093162,41.572732905070211],[-88.60034443642482,41.573047905551185],[-88.600341436447877,41.573070905586953],[-88.600272437157486,41.573750906628383],[-88.600268437211213,41.573800906704101],[-88.600227437981076,41.574497907747826],[-88.600227438019132,41.574529907794243],[-88.600211438864179,41.575259908866016],[-88.600250439539096,41.575779909589933],[-88.600301440417155,41.576455910530974],[-88.600355443190494,41.578720913776152],[-88.60042044651405,41.581433917664],[-88.600421446561938,41.581472917719836],[-88.600422446607439,41.581509917772784],[-88.600519451546432,41.585538923548313],[-88.600564453851675,41.587418926244339],[-88.600575454341993,41.587816926814064],[-88.600577454419977,41.587879926904058],[-88.600625456073217,41.58920792879691],[-88.600655457080521,41.590015929948208],[-88.600785461554551,41.593606935069218],[-88.600841463387724,41.595073937160038],[-88.600874464383082,41.595866938288516],[-88.600908465642405,41.596879939736141],[-88.600945466843413,41.59783994110483],[-88.600967467638938,41.598478942017856],[-88.601046470406388,41.600697945187314],[-88.601160474250648,41.603772949578165],[-88.601292478734464,41.607357954700745],[-88.601376481520035,41.609580957877263],[-88.601425483299934,41.611006959918825],[-88.60155348723049,41.614127964374951],[-88.60167049096718,41.617098968622471],[-88.601738492932526,41.618651970839217],[-88.601919497747161,41.622433976230738],[-88.601929499418517,41.623817978240162],[-88.601926499734105,41.624085978632387],[-88.602237508983194,41.631387989079705],[-88.602406517986921,41.638670999596407],[-88.602393518000895,41.638700999647682],[-88.602354522208827,41.642270004873374],[-88.602308522266938,41.642384005065693],[-88.602307522345455,41.642451005163934],[-88.602298522752747,41.642804005683608],[-88.602304524922914,41.644608008309866],[-88.602313526508055,41.645919010215877],[-88.602333528058338,41.647185012050294],[-88.602338528472885,41.647524012541723],[-88.60233952855603,41.64759201264031],[-88.602343528855116,41.647836012993807],[-88.602354529706346,41.648531014000959],[-88.602392532693059,41.65097001753611],[-88.602427535441691,41.653214020789136],[-88.602436536202447,41.653836021691291],[-88.602453537521086,41.654912023251249],[-88.602483539901371,41.656855026068826],[-88.60251754256592,41.659029029221614],[-88.602521542873731,41.659280029585602],[-88.602530543578609,41.659855030419578],[-88.602540544342801,41.660478031323073],[-88.602587550704555,41.665717038940734],[-88.602589550940621,41.665911039222721],[-88.602602552934201,41.667555041614342],[-88.602626554198736,41.668574043089109],[-88.602749560564519,41.673698050506204],[-88.602767561415149,41.674380051492967],[-88.602783562175844,41.674990052375662],[-88.60283556855677,41.680231060000345],[-88.602851570520983,41.681844062347317],[-88.602855570966213,41.682209062878258],[-88.60285557099499,41.682233062913291],[-88.602889573554407,41.684314065935737],[-88.602925576294481,41.686542069172368],[-88.602912576312093,41.686577069228981],[-88.602926576398332,41.686627069296023],[-88.602932576839081,41.686985069816046],[-88.602955578537944,41.688365071820819],[-88.602974579971544,41.689530073513581],[-88.603126588989085,41.696803084071497],[-88.603146590244705,41.697817085544507],[-88.603266597989446,41.704074094638067],[-88.603485609842906,41.71358310845482],[-88.603617617272377,41.71954511712628],[-88.601930613917304,41.719562117688419],[-88.600030610144117,41.71958611832833],[-88.594330598823632,41.719659120247762],[-88.593968598104993,41.719664120370091],[-88.592777595735399,41.719676120766124],[-88.592431595051039,41.719683120886181],[-88.592008594213723,41.719691121032128],[-88.590742591708789,41.719716121470299],[-88.590503591236185,41.719721121553384],[-88.590422591077512,41.719724121583404],[-88.590321590876513,41.719725121616946],[-88.59018659060861,41.719727121662707],[-88.590014590268936,41.719731121723058],[-88.58978358981004,41.719734121800755],[-88.589762589769151,41.719735121808846],[-88.589735589715104,41.719735121817429],[-88.589703589651066,41.719735121827597],[-88.589649589545274,41.719737121847608],[-88.589461589173581,41.719741121913032],[-88.58889858805928,41.719752122107572],[-88.588711587690696,41.71975712217408],[-88.587006584294954,41.71977212273714],[-88.577780565907759,41.719845125769787],[-88.577337565025289,41.719849125915978],[-88.576454563268513,41.719859126210117],[-88.576026562417113,41.719864126352881],[-88.57601156238708,41.719864126357649],[-88.575608561584616,41.719868126491086],[-88.575569561506541,41.719868126503471],[-88.574572559521386,41.719878126833684],[-88.574297558974067,41.719881126925088],[-88.571582553570678,41.719911127827714],[-88.570586551588278,41.7199221281587],[-88.561189532810261,41.719958131188207],[-88.560758531965902,41.71997613134873],[-88.557317525130657,41.720030132510878],[-88.557223524944462,41.720032132543295],[-88.556299523106205,41.720044132851868],[-88.555207520934445,41.720059133217518],[-88.553530517608053,41.720091133790511],[-88.552607515777467,41.720109134106238],[-88.552123514814042,41.720115134267296],[-88.550671511923639,41.72013313475037],[-88.550187510960114,41.720139134911349],[-88.548687507980233,41.720164135418379],[-88.547817506252272,41.720179135712982],[-88.543957498578038,41.720239137010736],[-88.537454485683,41.720380139243531],[-88.536808484365679,41.72035613941766],[-88.536413483528804,41.720308139482704],[-88.536078482798132,41.720245139510261],[-88.53596848266163,41.720334139655677],[-88.535807482362557,41.720359139737617],[-88.535476481708656,41.72036913985459],[-88.535414481584397,41.720369139874173],[-88.535354481464168,41.720369139893123],[-88.535176481107456,41.720369139949348],[-88.534965480688371,41.720373140020961],[-88.532169475191864,41.720488141045628],[-88.529445469788627,41.720550141980773],[-88.52758046608264,41.720586142612547],[-88.523233457422151,41.720647144055896],[-88.514379439762138,41.720755146971349],[-88.51247943599094,41.720801147622815],[-88.507447425964287,41.72088014929615],[-88.507315425696987,41.720877149334164],[-88.507259425578837,41.720870149343718],[-88.499339410486286,41.720983152427181],[-88.490474402289834,41.72110916164447],[-88.48984940171259,41.72111816229399],[-88.489670401546775,41.72112016247938],[-88.489185401098879,41.721127162983379],[-88.484827397075492,41.721189167509571],[-88.483127395512156,41.721219169280467],[-88.482366394807599,41.721227170067415],[-88.482177394632629,41.721229170262852],[-88.480227392845634,41.721269172298982],[-88.476547389451682,41.721319176113695],[-88.474983388011609,41.721342177736119],[-88.472607385826691,41.721379180202199],[-88.47252338574917,41.72138018028906],[-88.472424385657618,41.721381180391255],[-88.472128385382987,41.721383180695845],[-88.472030385293351,41.721385180798002],[-88.471949385217656,41.721385180880816],[-88.471707384993479,41.721387181130183],[-88.47162738492068,41.721389181213922],[-88.470707384070849,41.72139918216422],[-88.47048738387511,41.721409182398858],[-88.468367381924296,41.721439184594871],[-88.467216380868194,41.721458185789459],[-88.461707375817099,41.721549191504003],[-88.456957371447118,41.72160919641037],[-88.454457369157609,41.721649198998996],[-88.453983368720856,41.721654199487389],[-88.451967366867677,41.721679201567603],[-88.451606366537561,41.721685201941369],[-88.449572364681615,41.721722204049719],[-88.44930036443246,41.721726204330785],[-88.44921636435636,41.721728204418241],[-88.44915636430153,41.72172920448034],[-88.444203359737202,41.721776209574614],[-88.444088359638016,41.721783209697811],[-88.444070359621236,41.721783209716179],[-88.443809359380253,41.721785209984148],[-88.441332357094822,41.721805212527848],[-88.439337355263788,41.721829214582613],[-88.438664354646107,41.721837215275585],[-88.43664535279585,41.721863217355761],[-88.435973352180554,41.72187221804829],[-88.435475351723838,41.721878218560917],[-88.434569350894336,41.72189021949432],[-88.433982350356032,41.721897220098406],[-88.433485349901574,41.721904220610675],[-88.433337349764955,41.721905220762359],[-88.433097349546273,41.7219092210102],[-88.432894349357227,41.721909221217196],[-88.432747349220335,41.721909221367078],[-88.432127348667223,41.721929222014772],[-88.431621348202128,41.721934222534529],[-88.428377345224845,41.721969225868278],[-88.42824334510135,41.721970226005631],[-88.427117344064342,41.721979227160148],[-88.426721343703207,41.721985227568261],[-88.42584734290719,41.721999228469485],[-88.425534342619642,41.722002228790714],[-88.425139342258277,41.722007229196983],[-88.424916342053251,41.722009229425723],[-88.424249341441325,41.722016230110619],[-88.424027341238528,41.722019230339065],[-88.42321534049934,41.722032231176044],[-88.422857340175085,41.722039231545935],[-88.421427338857285,41.722049233010267],[-88.420778338263688,41.722057233677269],[-88.419967337524596,41.722069234512141],[-88.419735337308751,41.722069234748503],[-88.41946733705943,41.72206923502155],[-88.419040336671245,41.722076235461529],[-88.418809336461521,41.7220802356997],[-88.418592336263544,41.722083235922888],[-88.418077335794862,41.722091236453167],[-88.417942335673189,41.722094236592795],[-88.417726335478775,41.722099236816334],[-88.417700335454597,41.722099236842816],[-88.41762533538612,41.722100236919921],[-88.41760033536417,41.722101236946081],[-88.416517334380387,41.722119238061794],[-88.416426334295764,41.722119238154477],[-88.415157333128761,41.722129239453906],[-88.413397331531812,41.722159241266844],[-88.412905331081035,41.722164241771246],[-88.411732330007823,41.722177242974453],[-88.411698329976204,41.722177243009071],[-88.411597329883676,41.722178243112587],[-88.411564329854315,41.722179243146861],[-88.411354329661762,41.722181243362023],[-88.41084332919344,41.722186243885673],[-88.410743329103155,41.722188243988825],[-88.410517328907844,41.722199244226246],[-88.410383328784647,41.722200244363336],[-88.40998132841635,41.722204244775277],[-88.409848328295439,41.722206244912009],[-88.408963327485012,41.72221524581893],[-88.406717325430321,41.722239248120957],[-88.40631132505986,41.72224424853745],[-88.405427324254902,41.722256249444932],[-88.40539832422796,41.722256249474448],[-88.405313324150356,41.722257249561601],[-88.405285324125714,41.722258249590737],[-88.405127323981645,41.722260249752836],[-88.404654323550446,41.722266250238064],[-88.404497323408705,41.722269250399755],[-88.404451323365961,41.722269250446573],[-88.404313323237744,41.722269250587026],[-88.404267323195,41.722269250633843],[-88.404051322994334,41.722269250853685],[-88.403977322925584,41.722269250929003],[-88.403406322406141,41.722277251515173],[-88.403191322211953,41.722281251736497],[-88.403075322105551,41.722282251855169],[-88.40272832179015,41.722287252211437],[-88.402613321687483,41.722290252330339],[-88.40213732125504,41.722297252819097],[-88.400712319959368,41.722317254281485],[-88.400238319530345,41.722325254768691],[-88.400213319507131,41.722325254794129],[-88.400138319438895,41.722326254871049],[-88.400114319417995,41.722327254896079],[-88.400088319393845,41.722327254922533],[-88.400027319337198,41.722327254984592],[-88.400012319324674,41.722328255000477],[-88.399987319302866,41.722329255026516],[-88.399949319267563,41.722329255065176],[-88.399835319163103,41.722330255181781],[-88.399798319130142,41.722331255220034],[-88.399734319070703,41.722331255285155],[-88.399619318965307,41.722332255402769],[-88.399545318897992,41.722333255478667],[-88.399482318840882,41.722334255543373],[-88.398868318279156,41.722340256171705],[-88.398843318255928,41.722340256197143],[-88.398577318013153,41.722343256469578],[-88.395862315530508,41.722370259247704],[-88.394957314703163,41.722379260173561],[-88.394923314674458,41.722381260209318],[-88.394871314630507,41.722384260263965],[-88.394821314586949,41.722386260315986],[-88.394787314559707,41.722389260352315],[-88.394595314382883,41.722390260548195],[-88.394019313852496,41.722393261135814],[-88.393828313678057,41.722395261331243],[-88.393403313286399,41.722397261764662],[-88.393047312958814,41.722399262127908],[-88.392131312125926,41.722411263066412],[-88.391707311742536,41.722418263501609],[-88.391480311536213,41.722421263734162],[-88.390798310916338,41.722430264432809],[-88.390710310837605,41.722432264523427],[-88.390572310712429,41.722434264664884],[-88.385977306544703,41.722499269372577],[-88.385807306387008,41.722499269545395],[-88.385573306169903,41.722499269783277],[-88.385467306071575,41.722499269891038],[-88.38502230566472,41.722503270345548],[-88.384873305527989,41.722504270497545],[-88.384640305316339,41.722507270735996],[-88.384557305239341,41.722507270820373],[-88.381952302877323,41.722543273487069],[-88.381841302775882,41.722544273600406],[-88.381823302760708,41.722545273619218],[-88.381769302710623,41.7225452736741],[-88.381614302569915,41.722547273832667],[-88.3814813024496,41.722549273968859],[-88.381417302390247,41.722549274033909],[-88.381215302205945,41.722551274240232],[-88.381165302162614,41.722553274292082],[-88.381098302100483,41.722553274360166],[-88.380897301917116,41.722555274565465],[-88.380831301858947,41.722557274633566],[-88.380617301663534,41.722559274852074],[-88.380209301292808,41.722564275269249],[-88.379974301079471,41.72256727550959],[-88.379922301032778,41.722568275562935],[-88.379761300886543,41.722570275727563],[-88.379606300744342,41.722571275885578],[-88.379235300406449,41.7225752762646],[-88.379141300320811,41.722576276360634],[-88.378987300182615,41.72257927651863],[-88.378947300145526,41.722579276559273],[-88.378872300075969,41.722579276635486],[-88.378787299997171,41.722579276721859],[-88.378744299957305,41.722579276765551],[-88.378615299837691,41.722579276896646],[-88.378573299798731,41.722579276939321],[-88.378509299739406,41.722579277004357],[-88.378320299565686,41.722580277196911],[-88.378257299508817,41.722581277261433],[-88.378200299455969,41.722581277319357],[-88.378029299300493,41.72258327749411],[-88.377973299250101,41.722584277551512],[-88.376358297735635,41.72257327918723],[-88.376198297595025,41.722578279352255],[-88.375781297250256,41.722605279789086],[-88.375317296826324,41.722609280262454],[-88.374389295997233,41.722629281214878],[-88.373902295563013,41.722640281714853],[-88.372563294369101,41.722670283089123],[-88.372500294313852,41.722672283154054],[-88.372433294253327,41.722673283222562],[-88.371307293250965,41.72269928437823],[-88.370648292651467,41.722706285050684],[-88.370074292133964,41.722715285637697],[-88.369969292038277,41.722716285744774],[-88.369787291874417,41.72271928593095],[-88.369341291473987,41.722727286387446],[-88.36889829107318,41.722733286839969],[-88.368725290917723,41.722736287016971],[-88.368221290465243,41.722745287532724],[-88.367910290185193,41.722750287850708],[-88.367807290092983,41.722752287956169],[-88.367142289494709,41.722763288636173],[-88.366237288682328,41.72277928956192],[-88.365727288210039,41.722779290079636],[-88.365148287686807,41.722787290670844],[-88.36448428708978,41.722798291349562],[-88.364444287052748,41.722798291390163],[-88.364327286947642,41.72280029150977],[-88.364288286913151,41.722801291549786],[-88.364242286870578,41.722801291596483],[-88.364103286746754,41.722804291738839],[-88.364058286706708,41.722805291784937],[-88.364007286659472,41.7228052918367],[-88.363857286525487,41.722808291990219],[-88.363807286480792,41.722809292041397],[-88.363731286410427,41.722809292118534],[-88.36363728632341,41.722809292213945],[-88.36342728613549,41.722813292428768],[-88.363333286053347,41.722816292525437],[-88.363301286023713,41.722816292557908],[-88.363221285952903,41.72281829263995],[-88.363208285940871,41.722818292653145],[-88.363177285913793,41.722819292685024],[-88.363099285841585,41.722819292764186],[-88.362865285631472,41.722823293003366],[-88.362788285563454,41.722825293082337],[-88.362748285526408,41.722825293122938],[-88.362631285421358,41.72282729324251],[-88.362592285386896,41.722828293282511],[-88.362537285335961,41.722828293338324],[-88.362373285189051,41.722831293506012],[-88.3623192851407,41.72283229356124],[-88.362267285092557,41.722832293614012],[-88.362115284956758,41.722835293769513],[-88.36206428491117,41.722836293821679],[-88.362028284877866,41.722836293858215],[-88.361922284783006,41.722838293966618],[-88.361887284752243,41.722839294002547],[-88.361855284722623,41.722839294035019],[-88.361762284639823,41.722841294130227],[-88.361731284612745,41.722842294162099],[-88.361662284548885,41.722842294232109],[-88.36145828436662,41.722846294440792],[-88.36139028430695,41.722848294510612],[-88.361359284278251,41.722848294542068],[-88.361269284198215,41.72285029463422],[-88.361239284172086,41.722851294665077],[-88.361174284111925,41.722851294731036],[-88.360982283940771,41.722855294927506],[-88.360918283884828,41.722857294993268],[-88.360805283781872,41.722858295108338],[-88.360467283478911,41.722864295453739],[-88.360355283380187,41.722867295568605],[-88.360324283351474,41.722867295600061],[-88.360232283269625,41.722869295694217],[-88.36020228324351,41.722870295725059],[-88.360177283220381,41.722870295750432],[-88.360105283155391,41.722871295823893],[-88.360081283134818,41.722872295848646],[-88.359873282948925,41.722876296061301],[-88.359622282724871,41.722881296317986],[-88.358795281984371,41.722896297163032],[-88.357433280765662,41.72292129855456],[-88.356634280051452,41.722936299370865],[-88.356365279810944,41.72294129964564],[-88.354457278109791,41.72297930159516],[-88.354246277924744,41.72298530181137],[-88.353545277301762,41.72300030252778],[-88.35265427650998,41.7230193034382],[-88.352508276376696,41.723020303586601],[-88.351445275417646,41.72303430466939],[-88.350628274696405,41.723054305504775],[-88.350107274233579,41.723065306036794],[-88.349630273806355,41.723073306523105],[-88.349123273349747,41.723080307039439],[-88.347732272114058,41.723109308459186],[-88.347340271765617,41.723117308859152],[-88.346443270966191,41.723134309773826],[-88.345127269790282,41.723157311114839],[-88.344005268792202,41.723179312258686],[-88.343213268090381,41.723196313066417],[-88.34163226668656,41.723228314677812],[-88.341380266464427,41.723234314934878],[-88.334796260532997,41.723316321625461],[-88.333291259191185,41.723342323155947],[-88.326150252848763,41.72347533041463],[-88.323944250891614,41.723516332654981],[-88.319947247355287,41.723594336712566],[-88.319856247275226,41.723596336804938],[-88.319582247036081,41.723603337083297],[-88.319528246988227,41.723604337138077],[-88.319492246955079,41.723604337174464],[-88.319273246759039,41.72360733739643],[-88.318945246468303,41.723613337729134],[-88.317306245027297,41.723649339392452],[-88.31587624376219,41.723676340842403],[-88.314080242170306,41.723708342662569],[-88.300475230259352,41.724013356437325],[-88.298322228303817,41.724024358610109],[-88.291314222072742,41.724124365683927],[-88.290616221456801,41.724136366388173],[-88.287315218531148,41.72418636971738],[-88.28695321824074,41.724206370082733],[-88.286496217833999,41.724212370543412],[-88.284686216225992,41.72423737236776],[-88.282013213877889,41.724286375061084],[-88.28140221335579,41.724304375676518],[-88.280910212921683,41.724312376172051],[-88.278821211085486,41.724349378275505],[-88.278600210996188,41.724402378497125],[-88.278269210934582,41.724515378828158],[-88.278073210791504,41.724532379025028],[-88.277279210051745,41.724526379823999],[-88.275312208341518,41.724568381801568],[-88.275211208190839,41.72454138190411],[-88.275190207996857,41.724460381928104],[-88.275190207914889,41.724422381929443],[-88.275190207891157,41.724411381929833],[-88.275018207740047,41.724414382102871],[-88.273244206188465,41.724448383887207],[-88.27298820596917,41.724455384144548],[-88.272147205229317,41.724469384990272],[-88.271204204404938,41.724487385938318],[-88.268804202301553,41.724530388350516],[-88.268649202166259,41.724533388506259],[-88.268095201681064,41.724543389062902],[-88.261949196296541,41.724651395234716],[-88.261272195686217,41.724655395914986],[-88.261270195410987,41.724533395930088],[-88.261246191870356,41.722963396122864],[-88.261224188842135,41.721621396289478],[-88.26121118746498,41.721012396368266],[-88.261192184555625,41.719722396526663],[-88.261163180336268,41.717852396758211],[-88.261151178827305,41.717184396842782],[-88.261104172147967,41.714225397211848],[-88.261082169218355,41.71292839737557],[-88.261052163769023,41.710511397669585],[-88.261039161455273,41.709485397794907],[-88.261037161347858,41.709438397802174],[-88.261036161286299,41.709411397806193],[-88.261032161053564,41.709309397821592],[-88.261018160207456,41.70893839787707],[-88.26101515974247,41.7087323979027],[-88.260957151786457,41.705211398349249],[-88.260880140934248,41.700409398959273],[-88.260852138261612,41.69923139911986],[-88.260814132461221,41.696664399444515],[-88.26080913110053,41.696060399516504],[-88.260807130609209,41.695842399542727],[-88.260790128443261,41.694885399667392],[-88.260778126650607,41.694092399768408],[-88.260663110669938,41.687029400682121],[-88.260545094269503,41.679785401628045],[-88.260210069326178,41.668863403274194],[-88.26009906105601,41.665246403827751],[-88.259988053399411,41.661904404354139],[-88.259975052462835,41.661495404418055],[-88.259961051522652,41.661085404483451],[-88.259944050376077,41.660585404563214],[-88.259856044304811,41.657937404984281],[-88.25982404197471,41.656920405144199],[-88.259790039580778,41.655876405310281],[-88.259772038287849,41.655312405399656],[-88.259759037327697,41.654893405465607],[-88.259730035263701,41.653993405608944],[-88.259701033188165,41.653088405753138],[-88.259679031560609,41.652378405865406],[-88.2596580301053,41.651744405967655],[-88.259637028640824,41.651106406070532],[-88.259625027793945,41.650737406129878],[-88.25961902730181,41.650522406163105],[-88.259505019259052,41.647019406729193],[-88.259409012489002,41.64407240720876],[-88.259389011091585,41.643464407308343],[-88.259314006489703,41.641468407649555],[-88.259273003933018,41.640359407838837],[-88.259192999073278,41.638253408202687],[-88.259116994334519,41.636199408556273],[-88.259063991455704,41.634956408781314],[-88.258756974708291,41.627731410101319],[-88.25874997428717,41.62754941013376],[-88.258747974178149,41.627502410142434],[-88.25865696918963,41.625352410539321],[-88.258542962906262,41.622645411041056],[-88.258498960490982,41.62160541123496],[-88.258345952445737,41.618147411893553],[-88.258338952032815,41.617969411926232],[-88.258179943569218,41.614333412621953],[-88.258136941327308,41.613371412808497],[-88.257944931063122,41.608966413660283],[-88.257852928083381,41.607714413964231],[-88.25782892729589,41.607383414044278],[-88.257828926911401,41.607213414065534],[-88.257818926535563,41.607054414101562],[-88.257767922871878,41.605471414382322],[-88.257683918854383,41.60375641473432],[-88.257536911111671,41.600442415393466],[-88.257512909675086,41.599825415511184],[-88.257408903164105,41.597026416039007],[-88.25727089487259,41.593468416724072],[-88.257258894548599,41.593334416761429],[-88.257136889176564,41.591055417260108],[-88.257133889012792,41.59098541727419],[-88.256996881079345,41.587589417945949],[-88.256974879635592,41.586969418063937],[-88.256951878137784,41.586326418186765],[-88.256946877841145,41.586199418211834],[-88.256917876359822,41.585568418343641],[-88.256842872577451,41.583958418682535],[-88.256832871992913,41.583708418732414],[-88.25683087190319,41.583670418740837],[-88.256809870618838,41.583120418848935],[-88.256806870434374,41.583041418864454],[-88.256790869553328,41.582665418941296],[-88.256778868937872,41.582403418996357],[-88.256759868006014,41.582007419081151],[-88.256642861956152,41.579432419622904],[-88.256593861210433,41.579142419747079],[-88.256590861100705,41.579096419758386],[-88.256583860868034,41.57899941978345],[-88.256564860250776,41.578742419850684],[-88.256556860002675,41.578639419878321],[-88.256553859840722,41.578570419892678],[-88.256516857990391,41.577784420061462],[-88.256446853948617,41.57605942041306],[-88.256388850828571,41.574731420691904],[-88.256355849124688,41.574007420846719],[-88.25628684476581,41.572143421217817],[-88.256276844543081,41.572053421247738],[-88.256226842175494,41.571051421471068],[-88.256165839314463,41.569841421742574],[-88.256135837146161,41.568911421921193],[-88.256105835818204,41.56835142205054],[-88.256065833314821,41.567282422266523],[-88.256035831852273,41.566663422404247],[-88.256005828825863,41.565356422634686],[-88.255995828241197,41.565107422686481],[-88.255988827148485,41.564632422763218],[-88.255987827023858,41.564578422772328],[-88.255988826966657,41.564552422773986],[-88.25599182692909,41.564533422771049],[-88.255978825777348,41.564037422861645],[-88.255967825708908,41.56401642288467],[-88.255887821263869,41.562127423286753],[-88.255887821218394,41.562107423289461],[-88.255877820992566,41.562016423320202],[-88.255864820263156,41.56170642338612],[-88.255783815397777,41.559634423816838],[-88.255726812536992,41.558424424087256],[-88.255726812450575,41.558386424092426],[-88.255726812411908,41.558369424094728],[-88.255712811793728,41.558109424156207],[-88.255708811576795,41.558017424176185],[-88.255701811276779,41.557891424206403],[-88.255690810768911,41.55767742425607],[-88.255681810378576,41.557513424295216],[-88.255676810132414,41.557409424318728],[-88.255675810082721,41.557388424323463],[-88.255662809468575,41.557129424383064],[-88.255625807636562,41.556355424557928],[-88.255613807026464,41.55609742461565],[-88.255584805562137,41.555478424754675],[-88.255564803120663,41.554422424936703],[-88.255562802916572,41.554334424952515],[-88.255456798416077,41.552447425411557],[-88.255453798294155,41.552396425424249],[-88.25544379781941,41.55219642547069],[-88.255419796613936,41.551687425586216],[-88.255416796430524,41.551609425602642],[-88.255415796401252,41.551597425606197],[-88.255402795922805,41.551398425658284],[-88.255389795307778,41.551139425718638],[-88.255384794426092,41.550756425780897],[-88.25538379438315,41.550738425785283],[-88.255344792826804,41.550088425949198],[-88.25533079271051,41.550049425981285],[-88.255287791412314,41.549516426137004],[-88.255282791300004,41.549471426152778],[-88.255246790154246,41.548999426286898],[-88.255234789406387,41.548681426353902],[-88.255223788703702,41.548382426416389],[-88.255221788572214,41.54832642642797],[-88.255196786912578,41.547619426573945],[-88.255186785343952,41.54693942668748],[-88.255166784591324,41.546626426769421],[-88.255166784406825,41.546545426780661],[-88.255155783847414,41.546309426834625],[-88.255136782784547,41.545859426933788],[-88.255126781990128,41.545519427000364],[-88.255072779057357,41.544279427277409],[-88.25507277887283,41.544198427288691],[-88.255037776569822,41.543218427493244],[-88.255040775575566,41.542779427548645],[-88.25503277502402,41.542544427596994],[-88.255029774824294,41.542459427614702],[-88.25502577458839,41.542359427636448],[-88.255019774216294,41.542201427670186],[-88.255011773739895,41.541999427713982],[-88.255005773417906,41.541863427744666],[-88.254974771589261,41.541088427913493],[-88.25493776934708,41.54013742811896],[-88.254933769083721,41.540025428142478],[-88.25488676626226,41.538829428402366],[-88.25488476620805,41.538807428409385],[-88.254877765977255,41.538712428436483],[-88.254866765583316,41.538549428480991],[-88.254796761428082,41.536789428866427],[-88.254755758279586,41.535445429136907],[-88.254750757927269,41.535295429167967],[-88.254748757788605,41.535236429180252],[-88.254746757647681,41.535176429192681],[-88.254741757277117,41.535018429224884],[-88.254741757252049,41.53500742922644],[-88.254739756889919,41.534850429252558],[-88.254704754651385,41.533900429456239],[-88.254635750182061,41.532003429862222],[-88.254604747982597,41.531067430056929],[-88.254586746603778,41.530479430176428],[-88.254581745792635,41.530128430236275],[-88.254554742268496,41.528608430506402],[-88.254549741940906,41.528469430536241],[-88.25450674134882,41.52824943065437],[-88.25449974075913,41.527997430704367],[-88.254335726540305,41.5219194319059],[-88.254325725793009,41.521601431971966],[-88.254315724990889,41.521259432041504],[-88.25430072433555,41.520986432111471],[-88.254286723698286,41.520720432178429],[-88.254205719868821,41.519119432575479],[-88.254055708327073,41.514208433595662],[-88.254055707947856,41.514042433619657],[-88.254055707664591,41.513918433637585],[-88.254035707209709,41.51373843370552],[-88.253915698729656,41.510142434479491],[-88.253805692438377,41.507496435098027],[-88.253766689498562,41.506248435363304],[-88.25371668592534,41.50473443569156],[-88.2536346813622,41.502819436148251],[-88.25351567472093,41.500033436814917],[-88.253476672611214,41.499119435915013],[-88.253405668582374,41.497368434100835],[-88.253405668204664,41.497197433908624],[-88.253305661899333,41.494446431035108],[-88.253295660992734,41.494046430607526],[-88.253195655635125,41.491725428219347],[-88.253125651321724,41.489846426263092],[-88.253045645459082,41.487277423555305],[-88.252995642295062,41.485898422118126],[-88.252956639288726,41.484579420724316],[-88.252826630738753,41.480849416829038],[-88.252746625022851,41.478349414204295],[-88.252745624991746,41.478336414191972],[-88.252698621033019,41.476596412346467],[-88.252682619880602,41.476092411817412],[-88.252675619289036,41.475832411541681],[-88.252556614265117,41.473688409407366],[-88.252465608710637,41.471275406909882],[-88.252405605733301,41.469994405611367],[-88.252396601392462,41.468042403445203],[-88.252232590450902,41.463276398484396],[-88.25222758997181,41.463065398259694],[-88.252277590068047,41.463054398132023],[-88.253651592913812,41.46284239472363],[-88.254968595926087,41.462767391599428],[-88.256455599424072,41.46272638812065],[-88.25700960072362,41.462709386822503],[-88.261217610693123,41.462624377010826],[-88.26179661206443,41.462612375660221],[-88.261814612107884,41.462612375618662],[-88.263466616019144,41.462577371763949],[-88.263496616091544,41.462577371694685],[-88.265621621082346,41.462513366713424],[-88.266472623080531,41.462487364717852],[-88.267074624441108,41.462444363277143],[-88.267168624652982,41.462437363051819],[-88.267475625376917,41.462429362333417],[-88.269021629032082,41.462393358720433],[-88.27159263515405,41.462353352734802],[-88.272822637991752,41.46229134981958],[-88.273120638694294,41.462283349121613],[-88.273424639409257,41.462274348408577],[-88.274932642963805,41.462233344875628],[-88.275324643887146,41.462222343956761],[-88.275834645103998,41.462215342770079],[-88.276850647528136,41.462201340405876],[-88.277766649715076,41.462189338275053],[-88.279053652789713,41.462173335282095],[-88.281147657738131,41.462121330380178],[-88.282097659984643,41.462098328156742],[-88.285347667651934,41.462010320537395],[-88.290731680360224,41.461865307911282],[-88.291273681639055,41.461850306639391],[-88.292368684227611,41.461822304072534],[-88.29300368573756,41.461810302589278],[-88.294518689337451,41.461780299048527],[-88.295935692668166,41.46173429571342],[-88.297609696592133,41.46167429176549],[-88.298620698914092,41.461614289350003],[-88.299875701909528,41.461595286423055],[-88.299926702030803,41.461594286303821],[-88.30315870977185,41.461558278782206],[-88.305827716014377,41.461453272470557],[-88.305962716334804,41.461450272154302],[-88.306096716652846,41.46144727184037],[-88.306258717038588,41.461444271461659],[-88.306969718729903,41.461430269798413],[-88.307071718970562,41.461427269558477],[-88.307094719026196,41.461427269505272],[-88.307218719320048,41.46142426921444],[-88.307411719780788,41.461421268763992],[-88.308192721637525,41.461405266936019],[-88.308330721965262,41.461402266612779],[-88.308467722290601,41.461399266291856],[-88.309889725671823,41.461370262963456],[-88.310204726419741,41.461363262225348],[-88.315095738018357,41.461246250751145],[-88.319914749451186,41.461131239442004],[-88.322498755617602,41.461087233400669],[-88.329633772653864,41.46096821671825],[-88.331386776844795,41.460941212621734],[-88.334470784217714,41.460893205413264],[-88.337455791367177,41.46085319844444],[-88.337799792184796,41.460845197636381],[-88.339997797407889,41.460793192471463],[-88.34078079928652,41.460784190645199],[-88.342036802300925,41.46077018771625],[-88.343603806025683,41.460733184033224],[-88.344070807146991,41.460728182944358],[-88.345523810666506,41.460729179580831],[-88.348991818939538,41.46066217144967],[-88.349649820545508,41.460669169936082],[-88.351082823995,41.460658166600631],[-88.351514825031856,41.460653165592561],[-88.352527827484579,41.46065316324627],[-88.353173829034191,41.460645161737993],[-88.354883833149245,41.460631157756133],[-88.357912840431325,41.460602150696062],[-88.359685844674416,41.460574146546335],[-88.360497846631773,41.460569144657704],[-88.365285858091852,41.460493133448558]]]}},
{"type":"Feature","properties":{"STATEFP":"17","COUNTYFP":"031","GEOID":"17031","NAME":"Cook","NAMELSAD":"Cook County","ALAND":2447340897,"AWATER":1786343601},"geometry":{"type":"Polygon","coordinates":[[[-87.524993775479459,41.644634705885508],[-87.525046744469478,41.639281719317999],[-87.525046737254101,41.638042722416159],[-87.525046732822389,41.63728172431906],[-87.525077722350076,41.635465728884292],[-87.525073707890314,41.6329847350842],[-87.525060705429539,41.632569736112039],[-87.525046697688921,41.631248739404747],[-87.52505369509835,41.630799740532581],[-87.525050691634675,41.630206742013186],[-87.525052687303202,41.629461743877471],[-87.525048684453196,41.628974745092371],[-87.525072666882409,41.625942752690023],[-87.525107663305178,41.625306754303438],[-87.525075650414749,41.623112759767594],[-87.525075650059563,41.623051759920095],[-87.525107647568547,41.622603761060446],[-87.525098642604121,41.621756763172179],[-87.525131637882865,41.62092476527237],[-87.52513163709699,41.620789765609807],[-87.5251316362762,41.620648765962237],[-87.525131636054994,41.620610766057226],[-87.525131635938578,41.620590766107213],[-87.52513163547286,41.620510766307177],[-87.525132627617921,41.619160769682146],[-87.52511762608269,41.618906770308172],[-87.52513661709672,41.617350774208582],[-87.525128613881918,41.61680377557127],[-87.525116607851274,41.615775778134193],[-87.525113606349336,41.615519778772466],[-87.525110601418305,41.614674780883135],[-87.525133596606267,41.613832783000156],[-87.52513359150106,41.612955785192234],[-87.52513358937631,41.612590786104562],[-87.525143586452899,41.612081787381918],[-87.525165581406412,41.6111997895974],[-87.525184576424593,41.610330791778473],[-87.525192573896007,41.609890792881878],[-87.525194571401613,41.609460793957339],[-87.525202566324438,41.608582796155048],[-87.525206561196413,41.607698798365746],[-87.525211556136696,41.606825800549331],[-87.525213551059025,41.605951802733983],[-87.525218545929889,41.605066804947384],[-87.525220540823383,41.60418780714442],[-87.52522153573608,41.603312809331022],[-87.525225528182645,41.602011812583136],[-87.525240524446687,41.601358814220404],[-87.525248522711919,41.601054814982938],[-87.525228520857993,41.600750815734806],[-87.525238518561622,41.600348816742908],[-87.525209512077339,41.59925581946306],[-87.525189502848562,41.597684823381556],[-87.525190498779125,41.596984825131095],[-87.525192490634538,41.59558382863262],[-87.525218483475285,41.594333831764061],[-87.525253479947665,41.59370083335601],[-87.525378479509712,41.593529833820021],[-87.525379477572088,41.593195834654203],[-87.525379476949922,41.593088834921339],[-87.525379476653384,41.593037835048662],[-87.525379475833518,41.592896835400701],[-87.525383470548562,41.591984837678744],[-87.525386469468955,41.591796838148937],[-87.525389468092811,41.591557838746425],[-87.525392466280678,41.591243839531145],[-87.525392465298069,41.591074839953052],[-87.525353459870502,41.590171842197421],[-87.525410456245993,41.58950384387952],[-87.525359454635066,41.589266844458635],[-87.525389452144069,41.588814845594428],[-87.525392451838044,41.588759845732454],[-87.525419449584049,41.588350846759845],[-87.525422448353751,41.588136847294727],[-87.525424446741013,41.587857847991614],[-87.525425445164387,41.587585848670784],[-87.52542244430758,41.587440849032049],[-87.525426443134322,41.587235849544648],[-87.52542844173675,41.586993850149135],[-87.525429440253205,41.586737850788353],[-87.52542743918589,41.58655585124221],[-87.525389434474278,41.585775853181396],[-87.525383433661332,41.585640853517212],[-87.525380431972749,41.585352854235637],[-87.525311421023574,41.583525858784697],[-87.525294418296568,41.583070859918095],[-87.525296417241563,41.582887860375507],[-87.525298415773577,41.582633861010237],[-87.525299414236869,41.582368861672265],[-87.525301413240101,41.582195862104669],[-87.525297410824535,41.58178386313304],[-87.525298409985879,41.581638863495343],[-87.525298409351834,41.581529863767585],[-87.525298408362985,41.581359864192173],[-87.525298408089597,41.58131286430956],[-87.525298407758044,41.581255864451926],[-87.525297405246206,41.580824865528243],[-87.525295401606897,41.580200867086468],[-87.52529339687392,41.579388869114275],[-87.525287394931098,41.579059869935257],[-87.525286393093879,41.57874487072192],[-87.525284390419912,41.578286871865643],[-87.525284386179194,41.577557873686509],[-87.525277383515572,41.577105874814762],[-87.525278383101622,41.577033874994719],[-87.525280382774,41.576975875139794],[-87.525277380688337,41.576619876028722],[-87.525282370631643,41.574886880357859],[-87.525278364503635,41.573836882980267],[-87.525299348716885,41.571104889805035],[-87.525300343899886,41.570275891875553],[-87.525300342724904,41.570073892380066],[-87.52530134243915,41.570023892504963],[-87.525309335052171,41.568746895694403],[-87.525317326246594,41.567225899492954],[-87.525320322243076,41.566534901218581],[-87.525318315206675,41.565326904235434],[-87.525315307100527,41.563935907709414],[-87.525315304361044,41.563464908885678],[-87.525326292478582,41.561411914011963],[-87.525313292409479,41.561411914012993],[-87.525327277571662,41.558847920414848],[-87.525413270442144,41.557541923665575],[-87.525422269711925,41.55740792399893],[-87.525421269357693,41.557347924148836],[-87.525419265980815,41.556768925594369],[-87.525418264155718,41.556455926375818],[-87.525417263034058,41.556263926855237],[-87.525411250798243,41.554164932095752],[-87.525410250298563,41.554079932308092],[-87.52540824938059,41.553923932697856],[-87.525408248618973,41.553792933024873],[-87.525399234196868,41.551320939197531],[-87.525403228248294,41.550293941760515],[-87.525403226288972,41.549956942601789],[-87.525403220724996,41.548999944990818],[-87.525439219004284,41.54866894580892],[-87.525400213859086,41.547821947932263],[-87.525409211910286,41.547477948788853],[-87.525407207771067,41.546767950561716],[-87.525406201271224,41.545650953350382],[-87.525414185387689,41.542910960187982],[-87.525433167913306,41.53988596773285],[-87.525603101866636,41.52834299646549],[-87.525582080794294,41.524738005467142],[-87.525556068929419,41.522724010504419],[-87.525557068505833,41.522650010688494],[-87.525558068279793,41.522610010787737],[-87.525607038532357,41.517435023668142],[-87.525604018914748,41.514061032084783],[-87.525604017230251,41.513771032808052],[-87.525600009449263,41.51243603614018],[-87.525555994063481,41.509838042649704],[-87.525534986398256,41.508543045894797],[-87.525538981352781,41.507670048069969],[-87.525538976361716,41.506811050212988],[-87.525542941655388,41.500833065123686],[-87.525549940571025,41.500638065604655],[-87.525554939955057,41.500526065880116],[-87.525542937146668,41.500057067059615],[-87.525538938056329,41.499864067152821],[-87.525546946816263,41.498942066773232],[-87.525548947462639,41.49887506674456],[-87.525545949698184,41.498636066650135],[-87.525537956383658,41.497922066367181],[-87.525534958591052,41.497686066273893],[-87.525534960337637,41.497501066198964],[-87.525554966101708,41.496905065942649],[-87.525542981275649,41.495289065297314],[-87.525535987459079,41.494629065035085],[-87.525529021277265,41.491042063586988],[-87.525528030919588,41.490020063173631],[-87.525528033024983,41.489797063083287],[-87.525528033874693,41.489707063046829],[-87.525528038557567,41.489211062845904],[-87.525529045663973,41.488459062540642],[-87.525534099029414,41.482810060249591],[-87.525552131817818,41.47934905883919],[-87.525554134775774,41.479037058711967],[-87.525553136185579,41.478887058651736],[-87.525538162705715,41.476068057517246],[-87.525535168181889,41.475486057282822],[-87.525534170441617,41.475246057186041],[-87.525551177022066,41.474560056901289],[-87.525604196751956,41.47250405604921],[-87.525622203373018,41.471814055763922],[-87.525636206194193,41.471524055641815],[-87.525683214789794,41.470643055270067],[-87.525699217650072,41.470350055146589],[-87.525701218303624,41.470282055118531],[-87.527067226521012,41.470275054649647],[-87.53117125114035,41.470261053244954],[-87.532542259348503,41.470258052776586],[-87.532571259521518,41.470258052766702],[-87.536048280640486,41.470217051571275],[-87.538484295361243,41.470196050737925],[-87.539738302894719,41.470190050310464],[-87.540631308265617,41.470185050006066],[-87.54174631498698,41.47017704962591],[-87.541784315231411,41.470175049612692],[-87.542727320819964,41.470179049292959],[-87.543346324511731,41.470179049082667],[-87.543803327299116,41.470172048926536],[-87.545175335630816,41.470155048458786],[-87.545633338405807,41.470150048302862],[-87.547145347587644,41.470131047788442],[-87.555744399305595,41.470078044876402],[-87.55592740040484,41.47007704481458],[-87.557845411937677,41.470065044167036],[-87.567120467476556,41.470033041039549],[-87.572458499451869,41.470012039244523],[-87.573061503036996,41.470013039040886],[-87.574046508960834,41.470006038711098],[-87.574986514608298,41.470000038396336],[-87.577099527259406,41.469992037687312],[-87.57733552867316,41.469991037608196],[-87.577436529267203,41.469992037573782],[-87.577539529873164,41.4699930375387],[-87.577596530220461,41.469992037519887],[-87.578059532986586,41.469991037364309],[-87.578580536113591,41.469988037190014],[-87.5789755384898,41.469985037058208],[-87.579150539547669,41.469983037000098],[-87.579676542704178,41.469980036824239],[-87.579725542996101,41.46998003680774],[-87.579852543752708,41.46998003676498],[-87.580117545346624,41.469978036676622],[-87.580915550138485,41.46997303641016],[-87.58118155173068,41.469972036321074],[-87.581832555623876,41.469970036102879],[-87.582194557787886,41.469969035981514],[-87.583208563843328,41.469967035641233],[-87.583787567307397,41.469965035447366],[-87.583824567527785,41.469965035434917],[-87.584439571198743,41.469964035228493],[-87.584555571897212,41.469963035189956],[-87.584674572606076,41.469963035149924],[-87.584903573970195,41.46996303507288],[-87.585020574667155,41.469963035033516],[-87.585225575895734,41.469962034965057],[-87.585844579597833,41.469960034757847],[-87.586050580824917,41.469960034688555],[-87.586716584806879,41.469958034465577],[-87.588197593665399,41.469953033970185],[-87.58940260079919,41.469959033561565],[-87.590265605990723,41.469952033275341],[-87.590493607370576,41.469949033200436],[-87.591179611492848,41.469944032972776],[-87.591408612864043,41.469943032896396],[-87.591913615900751,41.469939032729087],[-87.593431624999326,41.469931032223982],[-87.593937628034396,41.469928032055911],[-87.59420562964479,41.469926031967177],[-87.594239629847266,41.469926031955758],[-87.594357630557155,41.469925031916773],[-87.595378636687471,41.469918031578487],[-87.596649644214367,41.469924031147691],[-87.596734644720584,41.469924031119142],[-87.598243653714476,41.469923030613067],[-87.599050658541472,41.469920030344205],[-87.599857663389187,41.469914030077618],[-87.600578667717485,41.469909029839279],[-87.601478673118365,41.469903029541747],[-87.602374678495067,41.469897029245729],[-87.602465679043803,41.469896029215974],[-87.602687680372583,41.469895029142286],[-87.602738680683117,41.46989402912596],[-87.602830681230927,41.469894029095101],[-87.602920681773682,41.469893029065688],[-87.603192683406959,41.469891028976036],[-87.603283683948803,41.469891028945518],[-87.605069694596963,41.469889028348227],[-87.606656703999491,41.469896027810286],[-87.606679704136454,41.469896027802577],[-87.607160707081036,41.469884027651311],[-87.607647710060959,41.469872027498226],[-87.607702710388409,41.469872027479802],[-87.607732710567035,41.469872027469748],[-87.607774710817083,41.469872027455679],[-87.607906711602993,41.469872027411455],[-87.607948711853041,41.469872027397379],[-87.608156713091432,41.469872027327696],[-87.608284713846871,41.469873027283946],[-87.608893717466088,41.469874027079037],[-87.609280719783499,41.469872026951109],[-87.609581721621922,41.46986502685639],[-87.611156731038179,41.469859026334269],[-87.613482744937599,41.469851025562924],[-87.61580975890584,41.46983302480151],[-87.616000760061993,41.46983002474056],[-87.616130760835787,41.469830024697089],[-87.61718176708537,41.469831024344636],[-87.617403768400436,41.469832024269401],[-87.619041778144236,41.469833023720582],[-87.619221779209383,41.469834023659359],[-87.620208785097034,41.469832023331321],[-87.620309785698225,41.469832023297542],[-87.620407786281575,41.469832023264772],[-87.620727788198863,41.469830023159844],[-87.620764788425348,41.46982902314852],[-87.622518798927629,41.469819022572743],[-87.623243803193532,41.469827022321745],[-87.624223809069662,41.469820022001777],[-87.624413810206661,41.469819021939372],[-87.624486810641173,41.469819021914972],[-87.625453816354138,41.469826021583948],[-87.625674817687809,41.469823021513413],[-87.626897824997499,41.469818021110278],[-87.628104832199526,41.469815020710357],[-87.62930683937752,41.469811020313387],[-87.63051484659681,41.469806019915765],[-87.63171785373892,41.469809019510279],[-87.632923860980853,41.469798019120937],[-87.63446087010486,41.469802018602685],[-87.634507870396163,41.469800018589495],[-87.635252874870233,41.469793018349591],[-87.635997879338234,41.469787018108562],[-87.636569882753619,41.469785017920238],[-87.637462888079099,41.469783017624827],[-87.637775889941693,41.469783017520385],[-87.637998891285747,41.469780017449899],[-87.638688895419946,41.469775017226297],[-87.638981897140908,41.469779017123258],[-87.640186904322661,41.469777016723931],[-87.641389911564531,41.469762016343047],[-87.642595918729327,41.469764015938253],[-87.643799925855006,41.469771015527051],[-87.644975932874416,41.469767015140526],[-87.645017933124308,41.469767015126521],[-87.646039939227094,41.469763014791468],[-87.646195940160695,41.469762014740901],[-87.646538942212331,41.469760014629436],[-87.647570948384839,41.469754014294175],[-87.647914950436927,41.469753014181002],[-87.648078951407371,41.469754014124888],[-87.648472953735634,41.469757013989174],[-87.64857395433657,41.469757013955515],[-87.648654954818539,41.469757013928515],[-87.648738955318322,41.469757013900519],[-87.648903956305361,41.469756013847011],[-87.649400959262451,41.469756013681369],[-87.649566960250141,41.469756013626046],[-87.64990096223741,41.469756013514733],[-87.650967968591175,41.469755013160643],[-87.651338970798577,41.469755013037002],[-87.653232982077924,41.469753012408901],[-87.654061987000034,41.469755012129539],[-87.654360988779032,41.469755012029893],[-87.661349030346884,41.469757009697766],[-87.665042052315201,41.46975800846522],[-87.666620061699533,41.469759007937519],[-87.666841063014473,41.469759007863857],[-87.666917063466684,41.469759007838519],[-87.66721306522787,41.46975900773986],[-87.667469066751082,41.469759007654531],[-87.667504066964014,41.469758007644622],[-87.667726068284892,41.469758007570633],[-87.667828068891794,41.469758007536633],[-87.66790606935588,41.469758007510642],[-87.667934069522488,41.469758007501305],[-87.668074070355487,41.469758007454644],[-87.668560073237884,41.469760007289103],[-87.668769074476813,41.469761007217656],[-87.668865075048004,41.469761007185653],[-87.669153076761617,41.469761007089652],[-87.669249077328203,41.469762007055863],[-87.66964007965008,41.469763006923728],[-87.670579085228113,41.469765006607069],[-87.670816086633735,41.469766006526235],[-87.670997087710731,41.469766006465889],[-87.671209088967629,41.46976700639339],[-87.671339089741153,41.46976700635004],[-87.671451090407587,41.469767006312701],[-87.671694091848963,41.469768006229842],[-87.67172909205722,41.469768006218167],[-87.671777092342822,41.469768006202166],[-87.67186009283671,41.46976800617449],[-87.672318095557415,41.469769006019931],[-87.673619103280913,41.469773005578674],[-87.673692103715297,41.46977300555433],[-87.674022105683406,41.469772005446124],[-87.674080106028512,41.469772005426783],[-87.674164106528366,41.469772005398767],[-87.67614011827763,41.469774004735946],[-87.677156124323346,41.469774004397067],[-87.679867140472183,41.469770003500621],[-87.681286148903126,41.469773003021494],[-87.681657151299873,41.469728002986656],[-87.683074159546678,41.469772002427135],[-87.684440167670871,41.469773001969536],[-87.68871019308331,41.469772000547437],[-87.690844205785439,41.469770999837827],[-87.694113225256189,41.46976599875844],[-87.698642252204777,41.469765997248359],[-87.700282261966734,41.469764996703802],[-87.701236267643225,41.469764996385727],[-87.703137278891845,41.469782995710453],[-87.703645281939117,41.469775995557121],[-87.703943283715844,41.469774995460035],[-87.706791300710009,41.46976099454308],[-87.707097302534052,41.469759994443436],[-87.708026308101466,41.469747994162297],[-87.70972531817398,41.46975899356984],[-87.709836318827925,41.469760993528034],[-87.712749336166766,41.469758992561886],[-87.716831360469769,41.469753991213842],[-87.717543364727049,41.469746990994238],[-87.718200368677614,41.469732990810819],[-87.72139338767316,41.469732989747804],[-87.722066391676918,41.469732989523749],[-87.722121392004112,41.469732989505438],[-87.722286392985737,41.469732989450506],[-87.722342393318883,41.469732989431861],[-87.722542394511521,41.469731989367872],[-87.723145398098822,41.46973198916713],[-87.723346399294599,41.469731989100211],[-87.724455405908728,41.469725988746795],[-87.727782425745843,41.469708987685067],[-87.728892432361562,41.469703987329403],[-87.729633436766548,41.469704987080341],[-87.730375441174971,41.469706986828186],[-87.731214446163008,41.469707986546467],[-87.732053451148587,41.469709986261968],[-87.732144451692392,41.469708986234458],[-87.732186451942241,41.469708986220489],[-87.734543465930813,41.46972198540049],[-87.735020468763551,41.469723985236186],[-87.737060480908525,41.469719984568584],[-87.739037492675919,41.469716983919348],[-87.74048850129617,41.469721983422268],[-87.742296512047162,41.469723982814848],[-87.742648514141138,41.469723982697701],[-87.743707520438818,41.469724982342363],[-87.744060522536643,41.469725982221959],[-87.744216523464686,41.46972598217004],[-87.744684526248761,41.469725982014282],[-87.744841527182743,41.469725981962036],[-87.745336530127446,41.469725981797289],[-87.745868533290192,41.469726981617278],[-87.746383536351843,41.469727981442901],[-87.746822538963443,41.469727981296792],[-87.747318541912122,41.469728981128711],[-87.747407542441579,41.469728981099088],[-87.747674544029962,41.469728981010221],[-87.747764544565371,41.469728980980257],[-87.748268547561693,41.469729980809511],[-87.752257548711114,41.469743984042132],[-87.752440547969698,41.469745984347952],[-87.752624547226134,41.469746984658478],[-87.753753542671575,41.469748986576114],[-87.754961537796774,41.469751988625518],[-87.764067501069221,41.46976500410473],[-87.76754448704574,41.469770010016234],[-87.770967473229732,41.469781015820345],[-87.778144444248596,41.469813027971348],[-87.778193444051098,41.469813028054887],[-87.778293443648067,41.469813028225374],[-87.779316439520059,41.469816029961947],[-87.780584434404687,41.469819032116341],[-87.782832425331534,41.469827035929555],[-87.783451422833565,41.469829036980151],[-87.784004420601605,41.469831037918247],[-87.784218419739162,41.469831038283154],[-87.784860417146916,41.469834039370646],[-87.785080416260286,41.469834039745805],[-87.78604241238331,41.469834041386264],[-87.786263411491035,41.469835041760724],[-87.787044408340279,41.469837043087793],[-87.787168407840568,41.469837043299243],[-87.787299407310996,41.469838043520262],[-87.787808405258076,41.4698390443859],[-87.789336399095333,41.469842046984638],[-87.789846397036825,41.469844047849726],[-87.789882396891741,41.469844047911124],[-87.78999139645245,41.469844048097016],[-87.790028396303356,41.469844048160112],[-87.790082396087314,41.469843048254539],[-87.790246395424802,41.469844048531897],[-87.790300395205591,41.469845048621664],[-87.790300394780985,41.470112048000331],[-87.790302385985029,41.475638035144534],[-87.79030638321953,41.477367031128416],[-87.790305383010406,41.477501030814771],[-87.790306382759965,41.477656030455925],[-87.790301380685392,41.478973027381997],[-87.790297378951863,41.480073024814715],[-87.790301378436709,41.480387024091534],[-87.790309377691131,41.48083602306184],[-87.790310375780521,41.482035020273777],[-87.790278372160799,41.484390014731368],[-87.790279371996263,41.484491014498253],[-87.790280371874658,41.484565014327977],[-87.790294369359614,41.486112010755249],[-87.790296367588141,41.487221008178416],[-87.790304362264578,41.490549000450159],[-87.79030736048783,41.491658997873429],[-87.790307360335163,41.491754997650041],[-87.790307360293809,41.491780997589537],[-87.790308360072103,41.491917997272829],[-87.790309359869454,41.492042996984047],[-87.790310359712947,41.492138996762748],[-87.790311359526214,41.492253996497247],[-87.790315358959006,41.49260099569819],[-87.790317358766856,41.492716995432481],[-87.790318354426674,41.495443989089488],[-87.790314353209567,41.496218987277615],[-87.790312352369639,41.496751986033082],[-87.790307350189423,41.498134982804068],[-87.790312349044527,41.498842981167591],[-87.790314348731599,41.499034980725249],[-87.790318348384076,41.499243980247783],[-87.790316348118154,41.49941597984315],[-87.790326347422905,41.500911978642598],[-87.790323347670835,41.501712978753268],[-87.79031334841892,41.504118979083472],[-87.790311348663167,41.504920979196498],[-87.790308348942105,41.505827979322675],[-87.79030334908434,41.506246979372925],[-87.790316349089252,41.506426979428234],[-87.790317349088468,41.506436979431925],[-87.790323349098131,41.506544979461104],[-87.790409349212709,41.508006979866856],[-87.790411349889027,41.510312980209257],[-87.790411350004945,41.510703980266555],[-87.790410350182341,41.511289980350206],[-87.790411350353622,41.511879980438898],[-87.790412350466198,41.512271980498575],[-87.790412350539441,41.512518980534779],[-87.790412350759439,41.513260980643516],[-87.790413350829354,41.513508980682097],[-87.790409351212944,41.514753980855623],[-87.790401352348681,41.518488981385104],[-87.790399352725032,41.519734981563225],[-87.790398352777189,41.519898981585015],[-87.790397352927101,41.520392981655178],[-87.790397352975987,41.520557981679346],[-87.790396352997007,41.520616981685762],[-87.790396353049445,41.520793981711698],[-87.790396353067223,41.520853981720492],[-87.790397353430535,41.522091981904147],[-87.790402354513716,41.525805982459602],[-87.790403354712396,41.526487982561783],[-87.790404354874013,41.527044982645648],[-87.79040535516549,41.528039982793707],[-87.790405355200761,41.528158982811142],[-87.790406355239426,41.528300982834189],[-87.790410355525722,41.52931298299147],[-87.790407356201783,41.531558983313879],[-87.790408356268074,41.531793983350575],[-87.790412356463833,41.532499983463012],[-87.790414356527052,41.532735983502086],[-87.790382356852234,41.533468983537659],[-87.790410357198155,41.534953983818156],[-87.790399357387614,41.535468983868917],[-87.790388357598275,41.536055983930218],[-87.790390357642565,41.536227983959918],[-87.790396357763285,41.536702984043011],[-87.790324358163076,41.537244983960598],[-87.790319358316154,41.537706984017035],[-87.790314358450829,41.538106984064392],[-87.790320358518386,41.538402984121234],[-87.79034835852984,41.538754984235759],[-87.790362358506371,41.538831984278524],[-87.790361358577442,41.539060984309835],[-87.790361358608507,41.539165984325216],[-87.790363358744827,41.539648984400486],[-87.790440358474413,41.539591984565334],[-87.790581357977885,41.539483984866642],[-87.791044356344969,41.539129985856007],[-87.792129352504617,41.538307988174751],[-87.792154352686808,41.539139988353888],[-87.792196352962534,41.540438988640297],[-87.792231353277501,41.541784988917975],[-87.792252353436169,41.542495989070339],[-87.792253353446029,41.542536989078656],[-87.792234353610411,41.542857989083323],[-87.792271353663466,41.543399989246751],[-87.792283353703567,41.543646989310282],[-87.792287353718109,41.543732989332007],[-87.7923003537189,41.543866989381101],[-87.792365353731782,41.544562989630428],[-87.792393354017037,41.545731989866397],[-87.792529355041367,41.55025599084243],[-87.792563355144907,41.550907991015663],[-87.792570355188886,41.551111991061667],[-87.79259235532723,41.551752991206229],[-87.792630355649692,41.553114991493679],[-87.792714356334329,41.556024992114452],[-87.792790356920264,41.558538992658775],[-87.79618234654383,41.558499000326435],[-87.798538339333732,41.558469005651766],[-87.799132337517875,41.55846700699523],[-87.799161337429268,41.558467007060827],[-87.799341336878442,41.558465007467738],[-87.800789332445277,41.558445010740385],[-87.801624329888767,41.55843401262765],[-87.802497327217694,41.558427014601477],[-87.804790320194684,41.558395019783731],[-87.805167319039967,41.558390020635791],[-87.805496318031899,41.558385021379266],[-87.812259297305403,41.558290036663067],[-87.813720292826062,41.558270039964775],[-87.814528290348505,41.55825904179077],[-87.814697289828658,41.558254042172251],[-87.814745289681255,41.558253042280654],[-87.814925289127117,41.558247042686858],[-87.815540287241319,41.558239044076728],[-87.817141282329473,41.558215047694382],[-87.817940279877789,41.558203049499781],[-87.818602277846892,41.558194050995773],[-87.821930267632382,41.558145058515649],[-87.824050261138652,41.558135063309436],[-87.825560256509476,41.558123066723027],[-87.826158254666211,41.558105068072635],[-87.826704252985564,41.558092069305452],[-87.827038251960374,41.558088070060272],[-87.827313251115712,41.558084070681623],[-87.828138248583144,41.558074072546034],[-87.828414247736106,41.55807107316982],[-87.829075245705212,41.55806107466325],[-87.831060239607041,41.558033079148366],[-87.831722237573274,41.558024080644195],[-87.831756237468369,41.558023080720929],[-87.831861237146114,41.558022080958253],[-87.83189623703899,41.558022081037421],[-87.832396235504234,41.55801708216751],[-87.833898230894377,41.558003085562468],[-87.834399229357189,41.557999086694984],[-87.834474229126727,41.557998086864458],[-87.834703228423081,41.557995087381904],[-87.834779228190399,41.557995087553813],[-87.834855227955998,41.557993087725364],[-87.835084227253191,41.557991088242979],[-87.835161227016584,41.557990088416972],[-87.835176226969793,41.557989088450718],[-87.835223226825917,41.557989088557036],[-87.835239226776906,41.557989088593224],[-87.835654225501131,41.55798308953085],[-87.836446223065764,41.557971091320155],[-87.836584222642344,41.557970091632114],[-87.836900221668643,41.557963092345624],[-87.837316220386853,41.55795409328497],[-87.838126217890462,41.557936095113874],[-87.839839212610784,41.557899098981785],[-87.841459207620957,41.557869102640552],[-87.841948206115518,41.557861103745125],[-87.842301205028505,41.557855104542462],[-87.84269720380874,41.557848105436861],[-87.843360201768093,41.557838106934625],[-87.843714200678761,41.557833107734389],[-87.844007199776271,41.55782810839618],[-87.844886197069584,41.557814110381727],[-87.845180196164875,41.557810111045967],[-87.845247195958592,41.557809111197322],[-87.845448195339799,41.557806111651381],[-87.845515195133544,41.557805111802736],[-87.845545195040614,41.557804111870411],[-87.84563419476693,41.557803112071525],[-87.845665194671952,41.557803112141634],[-87.84576519436358,41.557801112367457],[-87.846248192868671,41.557786113457119],[-87.846367192502044,41.557784113725909],[-87.848772185084229,41.557737119156705],[-87.848791185025974,41.557737119199679],[-87.848863184804287,41.557736119362339],[-87.849689182260263,41.557724121228276],[-87.850444179933589,41.557712122933637],[-87.850900178527439,41.557704123963482],[-87.851010178188133,41.557702124211893],[-87.851190177633214,41.557699124618438],[-87.851393177002464,41.557691125076069],[-87.853213171387651,41.557658129186123],[-87.853488170539109,41.557653129807136],[-87.853612170156779,41.557651130087201],[-87.853954169100561,41.557644130859366],[-87.854124168577144,41.557642131243469],[-87.856182162225764,41.557605135890917],[-87.857295158787792,41.557583138403899],[-87.86078414801473,41.557521146282674],[-87.861027147264593,41.557517146831465],[-87.862771141876166,41.557485150769402],[-87.866444130523647,41.557418159062834],[-87.870783117104864,41.557339168859656],[-87.871025116355426,41.557334169405927],[-87.873230109539577,41.557299174385335],[-87.875536102419844,41.557270179594283],[-87.878205094158432,41.557223185620302],[-87.878648092788012,41.557216186620657],[-87.878776092392073,41.557214186909697],[-87.879109091360846,41.557208187661487],[-87.879926088830146,41.557193189505917],[-87.880110088260693,41.557190189921393],[-87.880444087227616,41.557185190675646],[-87.881383084318799,41.557168192795523],[-87.884199075595916,41.557119199153149],[-87.885139072683913,41.55710320127541],[-87.885377071946635,41.557099201812754],[-87.885485071611782,41.557097202056553],[-87.886526068388875,41.557081204407169],[-87.886873067316515,41.557077205190986],[-87.888332062799265,41.557055208485515],[-87.889428059557133,41.557137210981445],[-87.889966057885644,41.557125212195452],[-87.890198057172839,41.557125212720081],[-87.891538052961678,41.55706521573731],[-87.892251050789355,41.557077217352195],[-87.89247405011038,41.557081217857331],[-87.895043042180276,41.557059223661795],[-87.895278041454816,41.557057224192754],[-87.896246038434271,41.557029226375533],[-87.896849036572675,41.557024227737983],[-87.8970540359213,41.557011228198682],[-87.897472034541195,41.556953229131125],[-87.897647033962045,41.55692822952134],[-87.89828303186269,41.556841230940286],[-87.898432031382882,41.556828231274331],[-87.901066023226122,41.556796237222997],[-87.901158022939683,41.556794237430573],[-87.901776021028155,41.556788238826599],[-87.901957020484843,41.556796239237642],[-87.902094020087119,41.556810239550529],[-87.902249019637495,41.556826239904566],[-87.902263019597825,41.556828239936678],[-87.90238801923374,41.556840240221987],[-87.902470018993426,41.556847240408963],[-87.90325801669637,41.556921242207295],[-87.903412016248552,41.556936242558876],[-87.903461016103037,41.556939242670339],[-87.903549015837598,41.556942242870001],[-87.903634015577964,41.556943243062435],[-87.903771015154987,41.556942243371985],[-87.90408201418839,41.556936244073874],[-87.904675012352868,41.556929245413194],[-87.904787011885446,41.556858245650481],[-87.905038011109909,41.556856246217571],[-87.909373997704876,41.556818256013202],[-87.909432002427707,41.559554256768202],[-87.909442003187337,41.559995256891384],[-87.909442003233906,41.560021256897308],[-87.909442003257197,41.560034256900273],[-87.909445003527566,41.560190256942633],[-87.909446003617703,41.560242256956755],[-87.909434004655509,41.560801257057058],[-87.90938100918892,41.563243257493795],[-87.909403009475852,41.563440257588546],[-87.90940901002925,41.563759257674874],[-87.909418010484174,41.564028257756597],[-87.90980602565574,41.573120260711256],[-87.909806026045501,41.573337260760788],[-87.909809028059342,41.57446326102464],[-87.909865031538047,41.576488261614266],[-87.909897033368736,41.57755726193114],[-87.910076039256467,41.581109263149891],[-87.910099040544367,41.581860263373855],[-87.910219047403658,41.585852264559627],[-87.910291052288741,41.588671265368291],[-87.91029305245101,41.588764265394111],[-87.910337055471913,41.590505265892602],[-87.91035205669597,41.591206266087141],[-87.910408059298447,41.592731266563824],[-87.91041805990352,41.593081266666729],[-87.910420060080455,41.593182266694406],[-87.910422060169026,41.593234266710859],[-87.910444061525823,41.594018266940459],[-87.910474062658366,41.594689267162536],[-87.910453063984946,41.595394267275751],[-87.910485066267867,41.596705267648815],[-87.910342069284496,41.598174267657434],[-87.910337069479368,41.598275267669081],[-87.910350070729805,41.598987267861645],[-87.910356071298693,41.59931126794946],[-87.910384072011979,41.599746268113059],[-87.910458072825591,41.600301268409495],[-87.910478073029424,41.600442268487555],[-87.910484073091851,41.600485268511136],[-87.910498073238742,41.600586268566317],[-87.91059007417293,41.601232268924903],[-87.910603074481557,41.601421268997939],[-87.910616074773955,41.601601269068915],[-87.910619074948869,41.601702269098901],[-87.910644076387342,41.602533269346374],[-87.910663077494377,41.603172269536167],[-87.910672077990526,41.603459269622483],[-87.910680078489236,41.603746269706512],[-87.910729081286775,41.60536127018856],[-87.910751082736738,41.606193270429493],[-87.910758083218568,41.606469270508732],[-87.91078208465882,41.60729827075361],[-87.91078208478541,41.607368270769634],[-87.910785085157841,41.607578270824597],[-87.910821086830055,41.60855127113004],[-87.910845088338519,41.609417271383442],[-87.910863089038699,41.609828271518907],[-87.910882090511137,41.610667271754686],[-87.91089109071757,41.610793271804233],[-87.910893091400467,41.611173271895851],[-87.910897091620754,41.611300271934134],[-87.910899091796935,41.611400271961628],[-87.910955095541198,41.613542272580986],[-87.910996097900053,41.614898272985918],[-87.911100103555142,41.618153273971103],[-87.911120104351895,41.61861827412374],[-87.911172105552325,41.619346274410375],[-87.911171105592686,41.61936727441288],[-87.911173105791192,41.619479274443165],[-87.911158105925253,41.619534274421206],[-87.911208107718835,41.620586274777551],[-87.91123510933356,41.621510275051612],[-87.911254110223098,41.622024275213249],[-87.911260110483525,41.622175275261711],[-87.91127411105073,41.622505275369654],[-87.911286111542708,41.622791275462895],[-87.911299112128731,41.62313027557061],[-87.911304112344354,41.623255275610795],[-87.911342114361389,41.62441327596401],[-87.911354114975552,41.624766276072648],[-87.911376116248547,41.625494276290375],[-87.91139311720066,41.626039276454613],[-87.911397117437005,41.626174276494808],[-87.911400117557505,41.626244276517788],[-87.911411117927386,41.626461276592956],[-87.911497120878394,41.628189277187964],[-87.911501121120466,41.628327277228863],[-87.911506121367651,41.628469277272991],[-87.911537123007122,41.629408277560067],[-87.911572125636951,41.630896277982401],[-87.911584126494958,41.631382278121677],[-87.911587126701306,41.631499278155466],[-87.911633129444269,41.633061278620339],[-87.911636129650745,41.633178278654128],[-87.911649130263598,41.633530278764994],[-87.911657131578437,41.634262278951532],[-87.911667131957699,41.634482279025171],[-87.9116731324673,41.634769279104944],[-87.911680132978489,41.635058279187476],[-87.911707134499864,41.635925279449005],[-87.91173013522193,41.636348279599382],[-87.91174013585649,41.636708279705182],[-87.911743136143357,41.636869279749099],[-87.911748136375124,41.637002279791218],[-87.911765137011798,41.637371279915307],[-87.911789139056381,41.638521280234976],[-87.911794139308384,41.638665280279625],[-87.911846141750445,41.640064280721418],[-87.91187714320165,41.640895280984147],[-87.911890144890137,41.641836281230439],[-87.911915147945592,41.643540281679847],[-87.911927148636266,41.643932281797746],[-87.920229131854356,41.643763301024713],[-87.920658130987619,41.643755302018377],[-87.921770128736171,41.643732304593456],[-87.922136127996112,41.643725305441144],[-87.923993124233334,41.643686309741206],[-87.929566112936257,41.643572322646172],[-87.930103111846833,41.643561323889614],[-87.931278109464742,41.643538326610582],[-87.931333109353389,41.643537326737963],[-87.931424109168418,41.643535326948644],[-87.9314511091127,41.643534327011054],[-87.931604108806596,41.643533327365844],[-87.931796108412613,41.643527327809913],[-87.936910098008184,41.643414339648842],[-87.936921097994869,41.643418339675364],[-87.940807090072425,41.643329348670164],[-87.941164089342365,41.643320349496278],[-87.950592070078486,41.643102371316388],[-87.950775069704576,41.643098371739946],[-87.956130058746069,41.642977384132976],[-87.959069052725752,41.642911390934415],[-87.961586047564822,41.642854396758906],[-87.961689047354355,41.642852396997348],[-87.962768045139384,41.64282739949401],[-87.965529039473466,41.642765405882962],[-87.968041034315817,41.642709411695627],[-87.970066030153305,41.642663416381026],[-87.970346029578494,41.642657417028971],[-87.970381029506001,41.64265641710989],[-87.972655024814657,41.642599422369798],[-87.972707024708129,41.642598422490153],[-87.975550019043453,41.642605429087332],[-87.976403017259415,41.642575431057928],[-87.976760016564157,41.642582431888016],[-87.97721601567369,41.642590432948047],[-87.978036013920359,41.64254743483847],[-87.979228011536847,41.64254743760366],[-87.979814010365089,41.642547438963049],[-87.980055009837642,41.642530439517422],[-87.981117007538899,41.642465441963019],[-87.981733006203925,41.642427443381429],[-87.981796006067043,41.642423443526461],[-87.982685004136187,41.6423674455731],[-87.984111001213293,41.642342448873961],[-87.985443998478502,41.642318451959341],[-87.986525996256631,41.642298454463564],[-87.988467992272689,41.642264458958671],[-87.989254990654288,41.642249460779944],[-87.996048976591553,41.642092476494106],[-87.996827974977393,41.64207447829579],[-87.999227970000618,41.6420184838463],[-88.000067968329773,41.642002485641456],[-88.000465967851227,41.641994485729654],[-88.002479965440415,41.641957486176956],[-88.002535965373482,41.6419564861894],[-88.002594965294378,41.641952486201646],[-88.002739965096552,41.641941486231396],[-88.003415964315039,41.641938486384248],[-88.00400996360986,41.64192948651668],[-88.005270962113343,41.641910486797805],[-88.005720961578717,41.641903486898052],[-88.006207960998978,41.641895487006408],[-88.006616960514179,41.641889487097615],[-88.006946960111065,41.641880487169963],[-88.007711959182004,41.641861487338218],[-88.008037958800855,41.641858487411419],[-88.008757957955083,41.641850487572711],[-88.009652956877858,41.641831487770439],[-88.010052956389274,41.641820487858041],[-88.010673955642531,41.641807487995258],[-88.012583953360661,41.641772488418709],[-88.012863953023725,41.641766488480506],[-88.016135949122273,41.641708489206131],[-88.017430947592757,41.641690489494735],[-88.018479946341543,41.641671489727109],[-88.018589946207499,41.641668489751162],[-88.020842943526119,41.641629490250651],[-88.024546939114842,41.641563491070812],[-88.026052937321623,41.641536491404075],[-88.027684935374126,41.641505491764555],[-88.027807945301149,41.645146492959071],[-88.027838947767293,41.64605149325623],[-88.027863949562757,41.646711493473532],[-88.027896951879441,41.647563493754284],[-88.027908952838402,41.64791549386991],[-88.027924955180254,41.648769494147388],[-88.027933956405207,41.64921649429278],[-88.027940957107333,41.649473494376807],[-88.027948957827547,41.649737494463324],[-88.027961959047644,41.65018449460969],[-88.027976960442174,41.650695494777061],[-88.027983961174542,41.650963494864634],[-88.027997962501033,41.651449495023776],[-88.027999962692107,41.651519495046692],[-88.028007963373469,41.651769495128754],[-88.028015964107297,41.652038495216914],[-88.028019964481132,41.652175495261787],[-88.028020964593239,41.652216495275177],[-88.028035966050979,41.652750495449993],[-88.028041966535667,41.652928495508505],[-88.028052967569749,41.653307495632674],[-88.028085970680024,41.654447496006199],[-88.028096971716707,41.654827496130721],[-88.028105972601011,41.655151496236812],[-88.028115973500647,41.655481496345075],[-88.0281279747349,41.65593349649297],[-88.028129974870609,41.655983496509478],[-88.028132975181919,41.656097496546785],[-88.02813497536458,41.656164496568763],[-88.028138975729931,41.656298496612713],[-88.028231984405977,41.65948049765634],[-88.028350995451191,41.663533498986695],[-88.028364996052034,41.663757499062122],[-88.028421999282145,41.664953499460445],[-88.028424001008176,41.665579499661952],[-88.028430001660467,41.665818499740205],[-88.028483006109425,41.667454500279035],[-88.028489006587591,41.66763050033709],[-88.028497007215009,41.667861500413323],[-88.028506008766001,41.66842750059741],[-88.028509009002292,41.668514500626117],[-88.028516009584024,41.668728500696645],[-88.028524010123007,41.668927500762614],[-88.028554012808655,41.669914501087369],[-88.028558013319625,41.670101501148473],[-88.028562013819581,41.670284501208286],[-88.028571014779487,41.670636501323699],[-88.028593016842962,41.671394501572898],[-88.028634019507706,41.672379501900032],[-88.028637019972948,41.672549501955444],[-88.028634020137005,41.672607501973296],[-88.028631020748207,41.672827502043205],[-88.028647022051828,41.673307502201617],[-88.028675025000837,41.67438950255665],[-88.028674025107051,41.674427502568598],[-88.028717029509238,41.67604350309928],[-88.028729030732137,41.676492503246784],[-88.028770034832462,41.677998503741769],[-88.028826040384885,41.680038504412614],[-88.028836041030601,41.680277504492146],[-88.028942051758705,41.684219505788633],[-88.028970054538547,41.685241506125045],[-88.026793057696409,41.685282505539995],[-88.026711057816627,41.685284505518105],[-88.025510059549148,41.685303505194106],[-88.025438059652629,41.685304505174635],[-88.023048063096155,41.685340504529158],[-88.0230190631395,41.685341504521503],[-88.020832066288804,41.685373503930386],[-88.020431066866706,41.685379503822027],[-88.018021070343153,41.68541650317097],[-88.015593073848692,41.685454502515064],[-88.014154075925333,41.685476502126079],[-88.013724076544307,41.685482502009656],[-88.012960077647975,41.685494501803198],[-88.012835077882883,41.6855155017752],[-88.012807077936344,41.68552050176902],[-88.012787077975744,41.685524501764732],[-88.012497078467433,41.685554501694078],[-88.012469078506626,41.685554501686376],[-88.012448078536025,41.685554501680599],[-88.012428078564042,41.685554501675099],[-88.012412078589293,41.68555550167099],[-88.012388078622905,41.685555501664396],[-88.012282078774177,41.685556501635538],[-88.011549079680393,41.685514501421181],[-88.011078080262465,41.685487501283468],[-88.010660080833233,41.685482501167002],[-88.009935081836602,41.685478500966418],[-88.009029083147936,41.685493500721748],[-88.008285084226841,41.685506500521022],[-88.00819008437135,41.685510500496079],[-88.008161084411967,41.685510500488107],[-88.008076084539582,41.685513500465625],[-88.008048084584559,41.685515500458521],[-88.007831084914301,41.685524500401513],[-88.007444085505156,41.68554150030014],[-88.007180085929633,41.68556050023318],[-88.006964086278288,41.685576500178513],[-88.006651086780167,41.685598500098948],[-88.006602086854556,41.685600500086061],[-88.00627508737324,41.68562150000232],[-88.005700088236509,41.685641499850028],[-88.00557108843168,41.685646499816009],[-88.005517088507318,41.685646499801145],[-88.005369088717515,41.685647499760705],[-88.005307088807271,41.685648499743941],[-88.005156089021682,41.685649499702684],[-88.00514008904409,41.685649499698279],[-88.00509308910992,41.685649499685347],[-88.005078089133846,41.685650499681508],[-88.004992089254287,41.685650499657847],[-88.004938089332853,41.685651499643278],[-88.004904089380474,41.68565149963392],[-88.004853089454812,41.685652499620183],[-88.004829089488425,41.685652499613582],[-88.004758089593693,41.685654499594627],[-88.004743089617591,41.685655499590794],[-88.00465208975379,41.685658499566635],[-88.004614089809905,41.685659499556472],[-88.004500089981221,41.685663499526278],[-88.004452090054258,41.685665499513654],[-88.004368090177749,41.685667499491124],[-88.004293090291526,41.685670499471371],[-88.004228090408716,41.685679499456135],[-88.004141090568339,41.685692499436023],[-88.004086090677362,41.685703499424122],[-88.004014090824725,41.685719499409018],[-88.003996090876086,41.685728499406707],[-88.003936090960167,41.685728499390194],[-88.003759091208181,41.685728499341465],[-88.003733091244627,41.68572849933431],[-88.003692091302042,41.685728499323019],[-88.003667091337107,41.685728499316134],[-88.002336093161333,41.685714498945643],[-88.000966095045811,41.685702498565014],[-88.000676095466758,41.68570749848665],[-88.000259096071503,41.685714498373898],[-87.999701096899244,41.685724497609272],[-87.999344097437032,41.685730496772294],[-87.999237097598808,41.685732496521496],[-87.996822101242145,41.685775490860195],[-87.996501101724149,41.685780490107483],[-87.996352101949824,41.685783489758293],[-87.995719102903465,41.68579448827429],[-87.9914021094052,41.685870478153575],[-87.98993011164012,41.685903474704546],[-87.989823111804199,41.685906474454001],[-87.989664112043954,41.685909474081285],[-87.987983114595337,41.685947470142537],[-87.987803114868242,41.685951469720756],[-87.987353115550434,41.685961468666292],[-87.987163115837831,41.685965468221006],[-87.987010116071403,41.685969467862655],[-87.986334117095808,41.685984466278612],[-87.985060119024979,41.686012463293153],[-87.983295121696784,41.686051459157078],[-87.982149123432436,41.686077456471708],[-87.982082123789368,41.686173456340946],[-87.982051123939812,41.686212456278938],[-87.982008124148152,41.686266456192897],[-87.981929124505925,41.68635645603225],[-87.981844124866797,41.68644445585695],[-87.981753125225381,41.686528455666426],[-87.981656125581623,41.686608455460679],[-87.981544125967474,41.686691455220512],[-87.981427126349502,41.686770454967466],[-87.981304126726499,41.686844454698928],[-87.98127312681433,41.686860454630505],[-87.981175127095753,41.686912454414596],[-87.981042127457115,41.686975454119491],[-87.980904127812025,41.687033453811217],[-87.980762128153685,41.687084453491607],[-87.980617128486045,41.687130453163547],[-87.980469128806462,41.68717045282677],[-87.980318129112263,41.687203452480993],[-87.980242129259125,41.687217452306236],[-87.980164129406177,41.687230452126492],[-87.980141129449976,41.687234452073554],[-87.979955129795144,41.687263451644391],[-87.979764130139316,41.687289451202645],[-87.979565130481546,41.687310450740711],[-87.979412130730836,41.687321450384133],[-87.979365130806386,41.687324450274488],[-87.979292130916647,41.687326450103463],[-87.979163131115385,41.687331449801626],[-87.978962131404245,41.687331449329186],[-87.978761131674446,41.687324448854824],[-87.978560131928745,41.6873114483788],[-87.978361132161652,41.687291447905565],[-87.978163132371975,41.687263447432478],[-87.977967132566292,41.68723044696273],[-87.977773132736701,41.687189446495502],[-87.977581132888531,41.687142446031316],[-87.977393133018978,41.687089445574912],[-87.977208133126851,41.687029445123649],[-87.977027133213383,41.686963444680153],[-87.976851133274536,41.686890444246508],[-87.976785133301178,41.686864444084264],[-87.976708133327918,41.686832443894538],[-87.976562133399014,41.686779443536906],[-87.976482133446083,41.686753443341786],[-87.976413133485195,41.686730443173332],[-87.97626113358902,41.686686442804074],[-87.97614813367872,41.686658442530863],[-87.976107133711707,41.686648442431782],[-87.975940133861187,41.686613442029753],[-87.97577213402802,41.686584441627048],[-87.97560113421244,41.686560441218639],[-87.975430134415291,41.686543440812166],[-87.975257134636834,41.686532440402623],[-87.975102134853287,41.686529440037567],[-87.97494613508951,41.686533439672083],[-87.974792135341104,41.686544439313209],[-87.974638135610917,41.686562438956223],[-87.974486135896058,41.686587438605848],[-87.974337136194976,41.686619438264422],[-87.974190136506522,41.686657437929327],[-87.974047136832979,41.686703437605807],[-87.973907137170542,41.686755437290969],[-87.973702137669306,41.686833436830412],[-87.973493138160492,41.686906436359088],[-87.973280138638884,41.686972435876449],[-87.973063139107168,41.68703243538274],[-87.972844139559868,41.687085434882427],[-87.972622140001079,41.687132434373417],[-87.972398140426847,41.687172433857796],[-87.972172140837216,41.687205433335563],[-87.9719441412348,41.687232432806994],[-87.971784141498404,41.687245432434452],[-87.9717551415401,41.687245432366289],[-87.971623141742825,41.687250432057397],[-87.971463141970347,41.68724943168106],[-87.971302142181344,41.687241431300478],[-87.971203142298052,41.687231431065101],[-87.971143142368959,41.687225430922446],[-87.970985142539831,41.687203430545146],[-87.970829142689951,41.687174430170664],[-87.970771142740105,41.687161430030834],[-87.970675142819388,41.687138429798992],[-87.970525142927841,41.687096429435108],[-87.970378143014244,41.687047429076401],[-87.970235143077176,41.686991428725214],[-87.970092143142864,41.686936428374317],[-87.969945143229822,41.686887428015652],[-87.969795143339141,41.686845427651811],[-87.969641143469687,41.686809427280203],[-87.969485143623615,41.686781426906052],[-87.969327143795809,41.686759426528823],[-87.969167143988784,41.686744426148778],[-87.96900714419958,41.686736425770626],[-87.968846144429619,41.686735425392008],[-87.968686144678486,41.686742425017876],[-87.968350145206884,41.686759424232825],[-87.968309145268648,41.686760424136743],[-87.967678146212776,41.686773422657346],[-87.967373146643155,41.686769421939509],[-87.967006147145511,41.686758421074096],[-87.966671147586666,41.686741420282281],[-87.962245160072754,41.689223410536677],[-87.961717161541188,41.689518409372766],[-87.961231162895388,41.689792408301926],[-87.961083163298696,41.689872407974875],[-87.960931163700025,41.689949407637613],[-87.960777164094154,41.690022407294578],[-87.960620164484851,41.690092406943684],[-87.958430169811365,41.691029402037152],[-87.95830617012092,41.691086401760295],[-87.958186170436733,41.691148401494139],[-87.958071170757435,41.691215401241031],[-87.957962171079245,41.691286401003104],[-87.957858171408304,41.691363400778478],[-87.955905177714328,41.692878396576312],[-87.955832177939982,41.692931396418217],[-87.955753178161871,41.692979396244695],[-87.955669178381029,41.693023396058365],[-87.955581178591288,41.693061395861044],[-87.955489178795091,41.693094395653013],[-87.955394178991057,41.69312239543661],[-87.955296179176855,41.693144395211583],[-87.955084179560643,41.69318439472282],[-87.95353918235692,41.693478391161108],[-87.952679183911656,41.693643389178618],[-87.952496184246442,41.693680388757222],[-87.952366184492817,41.693710388458825],[-87.952314184589,41.693721388339199],[-87.952230184756559,41.693744388147323],[-87.952134184940306,41.693767387927167],[-87.951957185298966,41.693818387523471],[-87.951586186057213,41.693928386678067],[-87.951446186344199,41.693970386359162],[-87.950187188907677,41.694343383489695],[-87.949867189560081,41.694439382760564],[-87.948725191873905,41.69477838015721],[-87.948540192254853,41.694836379736216],[-87.948359192646123,41.69490137932641],[-87.948182193045412,41.694972378927531],[-87.948010193449065,41.695048378541692],[-87.947842193862925,41.695131378167048],[-87.947680194279798,41.695219377807774],[-87.947523194703223,41.695313377461794],[-87.947371195128682,41.695411377128586],[-87.947226195558017,41.695515376813375],[-87.946283198389736,41.696213374768377],[-87.945892199564838,41.696505373920857],[-87.94512720184153,41.69707037226059],[-87.944981202275173,41.6971783719437],[-87.944483203750508,41.697546370862575],[-87.944281204349252,41.697696370424147],[-87.94407620495339,41.697847369978867],[-87.943728205980833,41.698105369223292],[-87.943580206402203,41.698208368900225],[-87.943427206818583,41.69830636856409],[-87.943323207093371,41.698369368334689],[-87.943268207233487,41.698400368212781],[-87.943104207643444,41.698489367848417],[-87.942994207907844,41.698544367602835],[-87.942347209445444,41.698861366156557],[-87.942302209627044,41.698917366064457],[-87.942265209804845,41.698976365991982],[-87.942236209978901,41.699038365939117],[-87.942215210144781,41.699101365905371],[-87.942204210302151,41.699166365895707],[-87.942201210449213,41.699231365904915],[-87.942212210602491,41.699307365949878],[-87.942217210706232,41.699357365974194],[-87.942226210822426,41.699415366009951],[-87.942245211104321,41.699554366089579],[-87.942249211229168,41.699613366113795],[-87.942256211398714,41.699694366150595],[-87.942259211703373,41.699834366192739],[-87.942255212016988,41.699974366218377],[-87.942242212342094,41.70011436622277],[-87.942222212673883,41.700253366210397],[-87.942195213014514,41.700392366181511],[-87.942159213364278,41.700530366131126],[-87.942139213526247,41.700592366099464],[-87.942132213587982,41.700616366088965],[-87.94210721378488,41.700691366048744],[-87.942065214084735,41.700803365977684],[-87.942041214258211,41.700868365937318],[-87.942012214499627,41.700961365892162],[-87.94199021473429,41.701055365863787],[-87.941976214958814,41.70114936585427],[-87.941970215107204,41.701213365856134],[-87.941968215177923,41.701244365859168],[-87.941967215405811,41.70134736588259],[-87.941971215594364,41.701435365914051],[-87.94197321583826,41.701547365946809],[-87.941981216074623,41.70165936599372],[-87.941996216304389,41.701772366057412],[-87.942020216518543,41.70188336614185],[-87.942052216722715,41.70199436624516],[-87.942091216913823,41.702103366364511],[-87.942139217089391,41.702210366504609],[-87.94216321719594,41.702272366576793],[-87.942180217313464,41.702335366632703],[-87.942187217445706,41.702399366665247],[-87.942185217591373,41.702464366676807],[-87.942174217746071,41.702528366666868],[-87.942154217907529,41.702590366635171],[-87.942125218077976,41.702651366581982],[-87.942086218269608,41.702716366506181],[-87.942020218525585,41.702795366370133],[-87.941946218800126,41.70287836621619],[-87.941866219075379,41.702958366047319],[-87.941780219349113,41.703034365863267],[-87.941687219622565,41.703106365661689],[-87.941590219892021,41.703174365449655],[-87.941487220159971,41.70323836522244],[-87.941396220380028,41.703287365019804],[-87.941267220679805,41.703351364731176],[-87.941053221152188,41.703446364249544],[-87.940844221602603,41.703534363777955],[-87.940650222014426,41.703613363339528],[-87.940629222057765,41.703621363291923],[-87.94057622216674,41.703641363171748],[-87.940518222286201,41.703663363040263],[-87.940419222491045,41.703701362815927],[-87.94020722291981,41.703778362334432],[-87.939993223341943,41.7038513618472],[-87.939819223716711,41.703925361454679],[-87.939641224085207,41.703994361051429],[-87.939460224444062,41.704057360639602],[-87.939276224795478,41.704115360219419],[-87.939091225145674,41.704172359796623],[-87.938908225501834,41.704233359379515],[-87.938728225862661,41.704298358970476],[-87.938492226349908,41.704390358435845],[-87.938259226843712,41.7044873579095],[-87.938031227341597,41.704589357396181],[-87.937807227844772,41.704696356893514],[-87.937588228351984,41.704808356403845],[-87.937373228866562,41.704926355925103],[-87.937163229382975,41.705048355459112],[-87.936958229903382,41.705175355006141],[-87.936758230425625,41.70530635456592],[-87.936563230951805,41.705442354138725],[-87.936404231389105,41.705557353791392],[-87.936275231751438,41.705654353510461],[-87.936154232114419,41.705756353249662],[-87.936039232480525,41.705863353004261],[-87.935931232846386,41.705974352776366],[-87.93583123321082,41.706089352568348],[-87.935739233571738,41.706207352379955],[-87.935655233929154,41.706328352211187],[-87.9355792342852,41.706453352062312],[-87.935512234636633,41.706581351935419],[-87.9354532349804,41.706710351827681],[-87.935403235319612,41.70684235174194],[-87.935355235649908,41.706971351660179],[-87.935300235994745,41.707103351562601],[-87.935242236319681,41.707224351455224],[-87.935171236691559,41.707360351320773],[-87.935092237066357,41.707493351166661],[-87.935007237443727,41.707624350997868],[-87.93491523782275,41.707752350811774],[-87.934822238183685,41.707871350621083],[-87.934712238587537,41.708001350392877],[-87.934601238969037,41.708120350159597],[-87.93448423935304,41.708237349911606],[-87.93441323957326,41.708302349759649],[-87.934339239792706,41.708365349600086],[-87.93422324012009,41.708456349348069],[-87.934101240443766,41.708542349080602],[-87.933973240763677,41.708623348797715],[-87.933840241078684,41.708699348501767],[-87.933702241388815,41.708770348192758],[-87.933559241691952,41.708835347870441],[-87.93352124176981,41.708851347784481],[-87.933500241802676,41.708855347735792],[-87.932872242931708,41.709045346296833],[-87.932348243980556,41.709256345108841],[-87.932250244140135,41.709278344882378],[-87.932213244203879,41.709288344797294],[-87.93207424444833,41.709328344478237],[-87.93193624469977,41.70937234416251],[-87.931800244954985,41.709419343852232],[-87.931578245377978,41.709499343346529],[-87.931360245806275,41.709584342851478],[-87.931145246238856,41.709673342364482],[-87.930925246664373,41.709756341864171],[-87.930709247093063,41.709843341374253],[-87.930662247188479,41.709863341267919],[-87.930639247233543,41.709872341215686],[-87.930592247326871,41.709891341109099],[-87.930579247356249,41.709898341080034],[-87.930408247748758,41.709993340698496],[-87.930352247879028,41.710025340573758],[-87.930283248036531,41.710063340419715],[-87.93017424830775,41.710134340179017],[-87.930079248523697,41.710186339966825],[-87.93005724858385,41.710203339918891],[-87.93002924865705,41.710223339857485],[-87.929938248911242,41.710296339659834],[-87.92967924962403,41.710499339096103],[-87.929424250337036,41.710705338542482],[-87.929352250556164,41.710772338388296],[-87.929252250858127,41.710864338173863],[-87.929013251577146,41.711083337661137],[-87.928941251793532,41.711149337506669],[-87.928698252519439,41.711370336984849],[-87.92846025324441,41.711594336475521],[-87.92832725360195,41.711696336185284],[-87.928248253814999,41.71175733601298],[-87.92794125465177,41.711999335344501],[-87.927698255372306,41.712220334822391],[-87.927460256093966,41.71244533431301],[-87.927415256253369,41.712499334219444],[-87.927362256411584,41.712548334105733],[-87.927302256569533,41.712593333974489],[-87.927236256724029,41.712633333827824],[-87.927164256873098,41.712667333665507],[-87.927087257015629,41.712695333489911],[-87.927007257147366,41.712716333305529],[-87.92692425726834,41.712730333112354],[-87.926840257376341,41.712737332915147],[-87.92681025741588,41.712740332844824],[-87.926716257543077,41.71275133262489],[-87.926592257699767,41.712760332333431],[-87.92646825784837,41.712765332041023],[-87.926343257986062,41.7127643317448],[-87.926218258115767,41.712759331447629],[-87.926082258243781,41.712747331122721],[-87.925946258359829,41.712729330796385],[-87.925833258490186,41.712731330529301],[-87.925719258633592,41.712739330261279],[-87.925607258784765,41.712752329999191],[-87.925496258944705,41.712770329740657],[-87.925387259114316,41.712794329488311],[-87.925280259289607,41.712822329241625],[-87.925175259474514,41.71285632900112],[-87.925084259657623,41.712897328795428],[-87.924997259846123,41.712943328600396],[-87.924914260039969,41.712994328416023],[-87.924835260235227,41.713048328241833],[-87.924694260630289,41.713168327936557],[-87.924632260828119,41.713233327805227],[-87.924073262656506,41.713844326626862],[-87.923838263367628,41.714073326124712],[-87.923595264078315,41.714298325602591],[-87.923346264786346,41.714519325065233],[-87.923152265315053,41.714680324643858],[-87.922965265843175,41.714845324239981],[-87.922784266369888,41.715013323850982],[-87.922607266901238,41.715186323472615],[-87.922598266926684,41.715194323453176],[-87.922424267428582,41.715354323078792],[-87.922247267958411,41.715527322700332],[-87.922076268484872,41.715702322336526],[-87.921911269011915,41.715881321987844],[-87.921865269193972,41.715949321894897],[-87.921811269380655,41.716015321782528],[-87.921750269566999,41.716077321652612],[-87.921682269752992,41.716135321505156],[-87.92160926993455,41.71618832134466],[-87.921529270115741,41.716237321166624],[-87.921445270291429,41.71628132097792],[-87.92135627046072,41.716319320775945],[-87.921263270624536,41.716352320563303],[-87.921167270779861,41.716379320342121],[-87.921068270926696,41.716400320112413],[-87.920967271062068,41.716414319876307],[-87.920862271224948,41.716440319633563],[-87.92075527138212,41.716462319385109],[-87.920606271591964,41.716488319038064],[-87.920455271794182,41.71650931868507],[-87.920303271985844,41.716524318328304],[-87.920135272184936,41.716534317932428],[-87.919967272370528,41.7165373175349],[-87.919800272539646,41.716532317137862],[-87.919632272700269,41.71652231673729],[-87.919519272777123,41.716499316464024],[-87.919405272862761,41.716480316189333],[-87.919289272960185,41.716466315911077],[-87.91917327306723,41.71645731563401],[-87.919066273174195,41.716453315379432],[-87.918959273286916,41.716452315125572],[-87.918810273473298,41.716466314775673],[-87.918663273666994,41.716485314431679],[-87.91851727387288,41.716511314091683],[-87.918405274038491,41.71653531383182],[-87.918294274208677,41.716562313575025],[-87.918250274270974,41.716570313472602],[-87.918204274323983,41.716572313364018],[-87.918158274365581,41.716568313254044],[-87.918114274395563,41.716559313147641],[-87.918073274412848,41.716545313047178],[-87.918035274415502,41.716525312952427],[-87.918002274407172,41.716502312868819],[-87.917947274388226,41.716461312728853],[-87.917890274375267,41.716422312584626],[-87.917815274368394,41.7163763123961],[-87.917801274368259,41.716368312361041],[-87.917708274375101,41.716319312129158],[-87.917611274395853,41.716275311888964],[-87.91745127444085,41.716208311494071],[-87.917382274467684,41.716183311324691],[-87.917310274507273,41.716163311149373],[-87.917235274561449,41.716149310968341],[-87.917159274626172,41.716140310786109],[-87.91708227470518,41.716138310603142],[-87.917006274792556,41.716141310423708],[-87.916930274893147,41.716151310245912],[-87.916890274951243,41.716159310152968],[-87.916856275000967,41.716166310074009],[-87.916272275902827,41.716312308723808],[-87.915610276921598,41.716477307193003],[-87.91532027735532,41.716543306520904],[-87.915129277639835,41.716586306078113],[-87.914711278098096,41.716592305088653],[-87.914261278588683,41.716597304023104],[-87.914261278618312,41.716613304026801],[-87.914262278861713,41.716745304059707],[-87.914266279101923,41.716877304099725],[-87.914271279339232,41.717008304141878],[-87.914282279877668,41.717305304236667],[-87.914387284800725,41.720021305114109],[-87.914395285100241,41.720187305171507],[-87.914412285870753,41.720612305310205],[-87.914416286027972,41.720699305339828],[-87.914420286187053,41.72078730536969],[-87.914422286296258,41.720847305388311],[-87.914427286497002,41.720958305425874],[-87.914428286555307,41.720990305435656],[-87.914434286814384,41.721133305482994],[-87.914447287385357,41.721448305586755],[-87.914460287952721,41.721761305690059],[-87.914481288606765,41.722125305824171],[-87.914501288920675,41.722305305913324],[-87.914526289303907,41.722525306023613],[-87.914600291535791,41.723767306486913],[-87.914607291751707,41.723887306531324],[-87.914612292073556,41.724063306583957],[-87.914621292584627,41.724343306670171],[-87.914630293157003,41.724656306764032],[-87.914671294157344,41.72521630699115],[-87.914674294308597,41.725299307017501],[-87.91467529436521,41.725330307027058],[-87.914687294992646,41.72567430713525],[-87.914692295201462,41.725789307173777],[-87.914693295245101,41.725813307181703],[-87.914696295379684,41.725887307205973],[-87.914698295424216,41.725912307216511],[-87.914699295467869,41.725936307224458],[-87.914703295601498,41.726010307251101],[-87.914705295646044,41.726035307261647],[-87.914706295678528,41.726053307268195],[-87.914709295775978,41.726107307287833],[-87.914710295810352,41.726126307294599],[-87.91471729613437,41.726304307352486],[-87.914718296155726,41.726316307357635],[-87.914739297109449,41.726840307528938],[-87.914747297434516,41.72701930758943],[-87.914765298673885,41.727695307788828],[-87.914796300654388,41.728776308112998],[-87.914832302382067,41.729723308418052],[-87.914859303614705,41.730399308638958],[-87.914864303881714,41.730545308684682],[-87.914878304482912,41.730875308794481],[-87.914878304689353,41.730986308820199],[-87.91488030496285,41.731134308859261],[-87.914886305575024,41.731466308950488],[-87.914906307415635,41.732465309229624],[-87.914909307680887,41.732609309270146],[-87.914919308023826,41.73279830933776],[-87.914919308047999,41.732811309340782],[-87.914922308119813,41.732851309357194],[-87.914923308144978,41.732865309362822],[-87.914925308236278,41.732915309379166],[-87.914929308357458,41.732982309404221],[-87.914931308512024,41.733066309428452],[-87.914933308605185,41.733117309445042],[-87.914935308789524,41.733217309472984],[-87.914944309339944,41.73351730956395],[-87.914947309523441,41.73361730959428],[-87.91495230996388,41.73385630966159],[-87.914965310866492,41.734347309806367],[-87.914974311283174,41.734575309880668],[-87.914985311720557,41.734815309962514],[-87.914992312045982,41.734993310020457],[-87.915014313023448,41.735528310196919],[-87.915022313350008,41.735707310257489],[-87.915027313699582,41.735897310313455],[-87.915043314749482,41.736468310483978],[-87.915049315100191,41.736659310542564],[-87.91505331533898,41.736789310582246],[-87.915062315733849,41.737005310653785],[-87.91506931605403,41.737180310711054],[-87.915075316293112,41.73731131075575],[-87.915076316350053,41.737342310765314],[-87.915079316522664,41.737436310794266],[-87.915081316580654,41.737468310806449],[-87.915089316935507,41.737662310870519],[-87.915108317713717,41.738088311014621],[-87.915106317786098,41.738126311018654],[-87.915109318009087,41.738247311053875],[-87.915116318368618,41.738443311116029],[-87.915120318572193,41.738554311151304],[-87.915133319187873,41.738890311260242],[-87.915138319392582,41.739002311298144],[-87.915139319470029,41.739044311310266],[-87.915145319705658,41.739173311354506],[-87.915147319784197,41.739216311369248],[-87.915157320184406,41.739435311443899],[-87.915175321400241,41.740095311639941],[-87.915181321805576,41.740315311705288],[-87.915181321855897,41.740342311711558],[-87.915184322004549,41.740423311737494],[-87.915186322055192,41.740451311748757],[-87.915187322110341,41.74048131175811],[-87.915191322280592,41.740574311789231],[-87.915193322336819,41.74060531180119],[-87.915196322466841,41.740676311824821],[-87.915205322855087,41.740888311895482],[-87.915207322903882,41.740915311906519],[-87.915206322988524,41.74096031191457],[-87.915210323028333,41.740983311929455],[-87.91521132306859,41.741005311936945],[-87.915229323912385,41.741465312086625],[-87.915262325427577,41.742291312357047],[-87.915272325871371,41.742533312437068],[-87.915288326698686,41.742983312579689],[-87.915302327402699,41.743366312702001],[-87.915311327625531,41.74348931275204],[-87.915315327738242,41.743551312775992],[-87.915324327977913,41.743683312828118],[-87.915326328080909,41.743739312845889],[-87.915330328195523,41.743802312870059],[-87.915351328892925,41.744184313008887],[-87.915389330127027,41.744860313256574],[-87.915412330991586,41.745332313421095],[-87.91541733117657,41.745433313456488],[-87.915408331709287,41.745715313500433],[-87.915396331977121,41.745854313504005],[-87.915407332419221,41.746095313586238],[-87.915423333031484,41.746429313702009],[-87.915451334522444,41.747238313956757],[-87.915465335226102,41.747620314078915],[-87.915476335814304,41.747939314179277],[-87.915511337578067,41.748896314485187],[-87.915513337645848,41.748933314498565],[-87.915525338164628,41.749215314592739],[-87.915536338686039,41.749498314684779],[-87.915524339394395,41.74987331474312],[-87.915540338938854,41.750290314633688],[-87.915539338871682,41.750319314613662],[-87.915538338788153,41.75035531458937],[-87.915550338216804,41.750596314471494],[-87.915550338191082,41.750607314464801],[-87.915552338112619,41.750640314449512],[-87.915553338083924,41.750652314444601],[-87.915559337790071,41.750776314383522],[-87.915574336990034,41.75111431421378],[-87.915604335518665,41.751735313907645],[-87.915610334712824,41.752078313713277],[-87.915629333933779,41.752406313559035],[-87.915636333704853,41.752502313517311],[-87.915658333099316,41.752755313415818],[-87.91566733260494,41.752964313310081],[-87.915679331966103,41.753234313174339],[-87.915679331430738,41.753463313034963],[-87.915712329083803,41.75445831250785],[-87.915743327248009,41.755235312108503],[-87.915769326287418,41.755639311924277],[-87.915783325731738,41.755873311815023],[-87.91578532555053,41.755950311772885],[-87.915794324675417,41.756322311567686],[-87.915796324559665,41.756371311542587],[-87.915797324421149,41.756430311509028],[-87.915801324044693,41.756590311421071],[-87.915803323863486,41.756667311378912],[-87.915805323738368,41.756720311351373],[-87.915807323557161,41.756797311309221],[-87.91580832347006,41.756834311289062],[-87.915813323013552,41.757028311182758],[-87.915815322830028,41.757106311139978],[-87.91581832250327,41.757245311062434],[-87.915827321525484,41.757661310830358],[-87.915831321195824,41.757801310754544],[-87.915867318479158,41.758954310137305],[-87.915910315314676,41.760297309420544],[-87.915918314482653,41.760651309223682],[-87.916023307081304,41.763792307556052],[-87.916122301781655,41.766036306419508],[-87.916147299370806,41.767062305852008],[-87.916199296006027,41.768490305102006],[-87.916237293794055,41.76942830461806],[-87.916240293696617,41.769469304600022],[-87.91625429281072,41.769845304403084],[-87.916302520539091,41.771095972600499],[-87.916319518335072,41.771513972786195],[-87.9163305167788,41.771808972915181],[-87.916366512107231,41.772694973308383],[-87.916378510546494,41.772990973439633],[-87.916447501073819,41.774786974227617],[-87.916505494112727,41.776107974821045],[-87.916533489498576,41.776981975192484],[-87.916561485431032,41.777752975526575],[-87.916598482925764,41.7782309757729],[-87.91660747930932,41.778913976036954],[-87.916608479082015,41.778956976054452],[-87.916613478391113,41.779087976111619],[-87.916615478159329,41.779131976131467],[-87.916654472673926,41.780171976583773],[-87.916655472404173,41.780222976604122],[-87.916679469744892,41.780727976833695],[-87.916680469581237,41.780758976846833],[-87.916681469444143,41.780784976858179],[-87.916713465067232,41.781614977220443],[-87.916715464793029,41.78166697724312],[-87.916717464449832,41.781731977270482],[-87.916724463511301,41.781909977348406],[-87.916735462268406,41.782145977455109],[-87.916782456721194,41.78319897792683],[-87.916837450178093,41.784440978481776],[-87.916868446230467,41.785189978811871],[-87.916871444264643,41.785560978950997],[-87.916873443024841,41.785794979038954],[-87.916908438380389,41.786675979423961],[-87.916909438259211,41.786698979434185],[-87.91691543641268,41.787047979571206],[-87.9169314339062,41.787522979772994],[-87.916938432914719,41.787710979854161],[-87.916943432277023,41.787831979907359],[-87.916994426383766,41.788950980408352],[-87.917006425072969,41.789199980521033],[-87.91701342387465,41.789426980616057],[-87.917018423236982,41.78954798066917],[-87.917034421330101,41.789909980830082],[-87.917040420688011,41.79003198088548],[-87.917040420565996,41.790054980893721],[-87.917043420186573,41.790126980925365],[-87.91704442006008,41.790150980935906],[-87.917051418920124,41.790366981026921],[-87.917074415502015,41.791014981303753],[-87.917076415238455,41.791064981325547],[-87.917086414361052,41.791231981404771],[-87.917096413144108,41.791462981506896],[-87.917126409493349,41.792155981813167],[-87.917136408271148,41.792387981915574],[-87.917142407570722,41.792520981974789],[-87.917162405471146,41.792919982156249],[-87.91716940476627,41.793053982217728],[-87.917183402879104,41.793411982372838],[-87.917228397220214,41.794485982843689],[-87.917243395328654,41.7948449830009],[-87.917251394539804,41.794994983069913],[-87.917255393694447,41.795154983134786],[-87.917264391824247,41.795508983278594],[-87.917288388789331,41.796084983530477],[-87.917301387150744,41.7963959836665],[-87.917303386823562,41.796457983692477],[-87.917312385844653,41.796643983776164],[-87.917315385513021,41.796706983804413],[-87.917320384827718,41.796836983860409],[-87.917337382773525,41.797226984032207],[-87.917343382089101,41.797356984090108],[-87.917345381746031,41.797421984117136],[-87.917353380718509,41.797616984202037],[-87.91735638037629,41.797681984230977],[-87.917365379036667,41.797935984338828],[-87.917394375205248,41.798662984653603],[-87.917396375021312,41.7986979846699],[-87.917405374387243,41.798818984730225],[-87.917408373679024,41.798952984783746],[-87.917413372839903,41.799111984849986],[-87.917419371922094,41.799285984923465],[-87.917422370301438,41.799591985038298],[-87.917424369735571,41.799698985080269],[-87.917429369458773,41.799751985108685],[-87.917440368863609,41.799865985170257],[-87.917454367151748,41.800190985312746],[-87.9174593665673,41.800301985361806],[-87.917472364849289,41.8006279855027],[-87.917512359696246,41.801605985927026],[-87.91752635797917,41.801931986069647],[-87.91753035736734,41.802047986118531],[-87.917532357156887,41.80208798613657],[-87.917535355525686,41.802395986251909],[-87.91753635527725,41.802442986270542],[-87.917542354911177,41.802512986306816],[-87.917559353976543,41.802691986402678],[-87.917579351156107,41.803226986630875],[-87.917586350212744,41.803405986707787],[-87.917588349646905,41.803512986749638],[-87.917591349214547,41.803594986784468],[-87.917590348258869,41.803774986846634],[-87.917595347944967,41.803834986877405],[-87.917604347379992,41.80394298693281],[-87.917616346584225,41.804094987009485],[-87.917616345788559,41.80424498706283],[-87.917626344359832,41.804515987178057],[-87.917632343166275,41.804741987269729],[-87.917649342067293,41.80495198737637],[-87.917659340866663,41.805179987476222],[-87.917667339987858,41.805346987550628],[-87.917668339803086,41.805381987564942],[-87.917669339724398,41.805396987572152],[-87.917674339129391,41.805509987621718],[-87.917678338660821,41.805598987660858],[-87.917673338423029,41.805642987667113],[-87.917681337729874,41.805774987729045],[-87.917716334689487,41.80635398800041],[-87.917728333676308,41.806546988091448],[-87.917730333349198,41.806608988117212],[-87.917739332068194,41.806851988220373],[-87.917775327246531,41.80776698861257],[-87.917780326582616,41.80789298866663],[-87.917789325890425,41.808024988730281],[-87.917792325643759,41.808071988752566],[-87.917806323969401,41.808389988891527],[-87.917848318930453,41.809346989309255],[-87.917863317251729,41.809665989450274],[-87.917865317030703,41.80970798946889],[-87.91791331208745,41.810647989891201],[-87.917934308960781,41.811240990140242],[-87.917979303733929,41.812233990575166],[-87.918050295682221,41.813763991247555],[-87.918089291606577,41.814538991593359],[-87.91811128909103,41.815016991802736],[-87.918177281544601,41.816450992430283],[-87.918200279030088,41.81692899264111],[-87.918212278043768,41.817116992729389],[-87.918223277220974,41.817273992804893],[-87.918236275068764,41.817681992972595],[-87.918242274071787,41.817870993050228],[-87.918248273223313,41.81803199311797],[-87.918270270633741,41.818523993331596],[-87.918279269607666,41.818718993416745],[-87.918465248540841,41.822722995163844],[-87.918468248220066,41.822783995190704],[-87.918476247331085,41.822952995264565],[-87.918502244353036,41.823518995510405],[-87.918557238065716,41.82471399602921],[-87.918583235156746,41.825266996270081],[-87.918589234446301,41.825401996328239],[-87.918593234020378,41.825482996363853],[-87.918601233099636,41.825657996439624],[-87.918607232452828,41.825780996493535],[-87.918610232094949,41.825848996522787],[-87.918636229111826,41.826415996768297],[-87.918735217954747,41.828536997688616],[-87.918741217212542,41.828677997748699],[-87.918777213194147,41.829441998080291],[-87.918781212646323,41.82954599812382],[-87.918861203556631,41.83127399887033],[-87.918877201837361,41.83160099901297],[-87.918927196156588,41.832680999478761],[-87.918939194767759,41.832944999592158],[-87.918947193810055,41.833126999669837],[-87.918949193700556,41.833147999680691],[-87.919007186813133,41.83445700023978],[-87.919016185819274,41.834646000321534],[-87.919053181526721,41.835462000671122],[-87.919078178628283,41.836013000907059],[-87.919208175212091,41.836680001365742],[-87.919584166097181,41.838465002638017],[-87.919761160212857,41.839606003338901],[-87.91979015524079,41.840549003715083],[-87.91972415045575,41.841440003910058],[-87.919574141690063,41.84306700421709],[-87.919558141054807,41.843184004230345],[-87.919550140739801,41.843242004236814],[-87.919515139275603,41.843512004270778],[-87.919512139145553,41.843536004273986],[-87.91950013850871,41.843654004294478],[-87.9194901380434,41.843740004307293],[-87.919481137616117,41.843819004319386],[-87.9194621366387,41.844000004349859],[-87.919454136169946,41.844087004366457],[-87.919450136017758,41.844115004369371],[-87.919447135882393,41.844140004372946],[-87.919445135790397,41.844157004375447],[-87.919443135698387,41.844174004377948],[-87.91944013554712,41.844202004382566],[-87.919438135391502,41.844231004389236],[-87.919400133828944,41.844519004424654],[-87.919354131903603,41.844874004469858],[-87.919227125591547,41.846042004660923],[-87.919222123996207,41.846342004756984],[-87.919210119292558,41.847227005045113],[-87.91923511728011,41.847611005221133],[-87.919235116914265,41.847680005245181],[-87.919316108576453,41.849267005934223],[-87.919340093626516,41.852091006957131],[-87.919392083353216,41.854038007720831],[-87.919514076370504,41.855377008388061],[-87.919725069552925,41.856701009195184],[-87.919782067709605,41.8570590094129],[-87.919954059795472,41.858583010221942],[-87.920193048909312,41.860680011335084],[-87.920213047985044,41.860858011428896],[-87.920296044147889,41.861597011817985],[-87.920305043276699,41.861763011889643],[-87.920306043192852,41.861779011896765],[-87.920311042683522,41.861876011938207],[-87.920316042264304,41.861956011973803],[-87.920327041177728,41.862163012062766],[-87.920365037148969,41.862930012387743],[-87.920372036366004,41.863079012450214],[-87.920373036165543,41.863117012464883],[-87.920373035905826,41.863166012481706],[-87.92037303566201,41.863212012497499],[-87.920410031346194,41.864033012839037],[-87.920414030841243,41.864129012878443],[-87.92041302901697,41.864473012994857],[-87.920407021383994,41.865912013478948],[-87.920412020445397,41.866090013548046],[-87.920433017031186,41.866738013804017],[-87.920450014630788,41.867194013987621],[-87.920459013208472,41.867464014094601],[-87.920462012554154,41.867588014141916],[-87.920470011289893,41.867828014236977],[-87.920477010093563,41.868055014325975],[-87.920487008492032,41.868359014446135],[-87.920482006541974,41.868726014563968],[-87.920483002387599,41.869510014834312],[-87.920483002170286,41.869551014848362],[-87.920498995942296,41.870729015277504],[-87.920511984586142,41.872874016033094],[-87.920455983264461,41.873113016026899],[-87.920458981756838,41.873398016129343],[-87.920470977221029,41.874256016442352],[-87.920474975709112,41.874542016546684],[-87.920475975190655,41.874640016581843],[-87.920478973619453,41.874937016688357],[-87.920479973095709,41.875036016723854],[-87.920480972529575,41.875143016762095],[-87.920483970820541,41.875466016877503],[-87.920484970249134,41.87557401691609],[-87.920483969580303,41.875700016957722],[-87.920483967571514,41.87607901708764],[-87.920483966898402,41.876206017131167],[-87.920492965831343,41.876409017214776],[-87.920501964923275,41.876582017288079],[-87.92050496352168,41.876847017383575],[-87.920504963198368,41.876908017404475],[-87.920503956164055,41.878235017857669],[-87.920502953497092,41.878738018028507],[-87.920501947856707,41.879802018391587],[-87.920501946982185,41.879967018448127],[-87.920500946716174,41.880017018463725],[-87.92050094322866,41.880675018689232],[-87.920531942618112,41.880796018778376],[-87.920602941225781,41.881072018982067],[-87.920606940715643,41.881169019021407],[-87.920616939660277,41.881370019105553],[-87.920614938444587,41.88159901918084],[-87.920610935737599,41.88210901934923],[-87.92060293462724,41.882317019408156],[-87.920600934280742,41.88238201942734],[-87.920602932597333,41.882700019539236],[-87.920602932327043,41.8827510195567],[-87.920602931516129,41.882904019609057],[-87.920602931240524,41.882956019626853],[-87.920602931113322,41.88298001963507],[-87.920602930731718,41.883052019659708],[-87.920603930600237,41.883077019669791],[-87.920603929370614,41.883309019749191],[-87.920604928799207,41.883417019787686],[-87.920611925949473,41.883956019982818],[-87.920610925683476,41.884006019998395],[-87.920609924447589,41.88423902007662],[-87.920609923901679,41.884342020111866],[-87.920609922263964,41.884651020217603],[-87.920609921712767,41.884755020253202],[-87.920610921109557,41.884869020293728],[-87.920612920152251,41.885050020358712],[-87.920624915463137,41.88593702068043],[-87.920628913898341,41.886233020787763],[-87.920629913660846,41.886278020804667],[-87.920628913421353,41.886323020818551],[-87.920627912047664,41.886582020905649],[-87.920626911967162,41.886597020909264],[-87.920625911483867,41.886688020938884],[-87.920617909424749,41.887075021059218],[-87.920610907255323,41.887483021188274],[-87.92060190443199,41.888014021356433],[-87.920604903247792,41.888238021437608],[-87.920611901198413,41.888626021580919],[-87.920611900965213,41.888670021595978],[-87.920614900268617,41.88880202164566],[-87.920615900031137,41.888847021662556],[-87.920616899141734,41.889015021721541],[-87.920618898672032,41.889104021755003],[-87.920622896471258,41.889520021903344],[-87.920620896002845,41.889608021930457],[-87.920621895574556,41.889689021959668],[-87.920612895486002,41.88970402195131],[-87.920620895313846,41.889738021974935],[-87.920620895244951,41.889751021979386],[-87.920619894968368,41.889803021995675],[-87.920618894723532,41.889849022009919],[-87.920617894468123,41.889897022024854],[-87.920614893781419,41.890026022064497],[-87.920611893158309,41.890143022100048],[-87.92060989263689,41.890241022130589],[-87.920597889746887,41.890784022298497],[-87.920598882926754,41.892071022740481],[-87.920592877424554,41.893108023086519],[-87.920594876461962,41.893290023151778],[-87.920595875344645,41.893501023225475],[-87.920570868333883,41.894819023639727],[-87.920563857170109,41.896924024350199],[-87.920563855988192,41.897147024426559],[-87.920562855096748,41.897315024482616],[-87.9205648548391,41.897364024502323],[-87.920564854632389,41.897403024515683],[-87.920565854410796,41.897445024531528],[-87.920563853613757,41.897595024579957],[-87.920561852223088,41.897857024666749],[-87.92055284858867,41.898541024887848],[-87.920553847264657,41.898791024974926],[-87.920551845921679,41.899044025058664],[-87.920554845654451,41.899095025080491],[-87.920555843747422,41.899455025205228],[-87.920556842471129,41.899696025289224],[-87.920556841453518,41.899888025354976],[-87.920558839653523,41.900228025474313],[-87.920556838384755,41.90046702555324],[-87.920556837361829,41.900660025619345],[-87.920552834914403,41.901121025771431],[-87.920451830311166,41.901970025916455],[-87.920436829606757,41.902100025939397],[-87.920433825395264,41.90289402620742],[-87.920429819476055,41.90401002658448],[-87.920425814017932,41.905039026931746],[-87.920423812150176,41.905391027049639],[-87.920420807652434,41.906239027336277],[-87.920419806580739,41.906441027404149],[-87.920419806140814,41.906524027432631],[-87.920418805212236,41.906699027491243],[-87.9204188046875,41.906798027525213],[-87.920419804455307,41.906842027541728],[-87.920420804037633,41.906921027570249],[-87.920423803473597,41.907028027611219],[-87.920419802192086,41.907269027688208],[-87.920409795911482,41.908452028079935],[-87.920399788883515,41.909776028520135],[-87.920393780179438,41.911417029074862],[-87.920399773703366,41.912640029502953],[-87.920401771686016,41.913021029636482],[-87.920414769415132,41.913452029802464],[-87.920406767673597,41.913779029903552],[-87.920389766293681,41.91403602996813],[-87.920381765670513,41.914152029996828],[-87.920394763908462,41.914487030129841],[-87.920397763572339,41.914551030155963],[-87.9203727567035,41.915842030564491],[-87.920364754299356,41.916294030708627],[-87.920362753417407,41.916460030762863],[-87.920359750758777,41.916961030930743],[-87.920359749868311,41.917129030988427],[-87.920358749602244,41.917179031004217],[-87.920358748785972,41.91733303105709],[-87.920358748515667,41.917384031074604],[-87.920358748351347,41.917415031085255],[-87.920357747560544,41.917564031135036],[-87.920355746477185,41.917768031202336],[-87.920353745176484,41.918013031283714],[-87.920347740362715,41.918920031586943],[-87.920345738325267,41.919304031716088],[-87.920343736282504,41.919689031845571],[-87.920340730157363,41.920844032238136],[-87.920339728110363,41.921230032369351],[-87.920338727759471,41.921296032390657],[-87.920338726688783,41.921498032460029],[-87.920338726333654,41.921565032483038],[-87.920336723649527,41.922071032654117],[-87.920336722335023,41.922319032739289],[-87.92032771558867,41.923590033163698],[-87.920324712898179,41.924097033333823],[-87.920323712356478,41.924199033367515],[-87.920321710716522,41.924508033470971],[-87.920321710170583,41.924611033506359],[-87.920321709836657,41.924674033527999],[-87.920321708834862,41.924863033592921],[-87.920322708496698,41.92492703361625],[-87.920322708332392,41.924958033626901],[-87.920322707569127,41.92510203367636],[-87.920322707479016,41.925119033682194],[-87.920320706618213,41.925281033735168],[-87.920314703617095,41.925846033921246],[-87.92031470173545,41.926201034043203],[-87.920305699658712,41.926591034165192],[-87.920314699350229,41.926651034197796],[-87.920307688720669,41.928655034877004],[-87.920282681437669,41.930024035314446],[-87.920281681054973,41.930096035337876],[-87.920287677027702,41.930857035607303],[-87.920285674990154,41.931241035736655],[-87.920284674681653,41.931299035755274],[-87.920284674591542,41.931316035761114],[-87.920284674321223,41.931367035778642],[-87.920284674231112,41.93138403578449],[-87.920281670151837,41.932153036044852],[-87.920278665881696,41.932958036317615],[-87.920268657909602,41.934460036820902],[-87.920264653823892,41.935230037080423],[-87.920263653218569,41.935344037118313],[-87.920261651393048,41.935688037233994],[-87.920261650783488,41.935803037273523],[-87.920260650406064,41.935874037296649],[-87.920260650215241,41.935910037309014],[-87.920260650024431,41.935946037321393],[-87.920260648980218,41.936143037389122],[-87.920259648507411,41.936232037418435],[-87.920259647934955,41.936340037455558],[-87.920258647260681,41.936467037497934],[-87.920255645237958,41.936848037625069],[-87.920255644559504,41.936976037669069],[-87.92025364071975,41.937700037915427],[-87.920249629186728,41.939875038658144],[-87.920249625343828,41.940600038907434],[-87.920248624457543,41.940767038963578],[-87.920247621784966,41.941271039135614],[-87.920247620889171,41.941440039193722],[-87.920247620724851,41.94147103920438],[-87.920247620216003,41.941567039237391],[-87.920247620046382,41.941599039248395],[-87.920245618427558,41.941904039350739],[-87.920241613573197,41.942819039660336],[-87.920240611950135,41.943125039764304],[-87.920239610899543,41.943323039831135],[-87.920239610348276,41.94342703986689],[-87.920239607735098,41.943920040036431],[-87.920239606674983,41.944120040105211],[-87.920239604517647,41.944527040245163],[-87.920239598035053,41.945750040665736],[-87.920239595872417,41.946158040806047],[-87.920239595660391,41.946198040819795],[-87.920239595024327,41.946318040861065],[-87.920239594807015,41.946359040875166],[-87.920238594705211,41.946378040880447],[-87.920238594387172,41.946438040901079],[-87.920238594281173,41.946458040907956],[-87.920234590889734,41.947097041122746],[-87.920230585743795,41.948067041451395],[-87.920212581647945,41.948836041693703],[-87.920212580709745,41.94901304175459],[-87.920212580582529,41.949037041762857],[-87.920211577316252,41.949653041973527],[-87.920208576782912,41.949753042004239],[-87.920206574708175,41.950144042136301],[-87.920202569138127,41.951194042492652],[-87.920202568968492,41.951226042503663],[-87.920201568739486,41.951269042517239],[-87.920199566002154,41.951785042692329],[-87.920198564903828,41.951992042762335],[-87.920198564458587,41.952076042791241],[-87.920198564145849,41.952135042811534],[-87.920198563939124,41.952174042824957],[-87.920198563743,41.952211042837689],[-87.920196563486357,41.952259042851772],[-87.920197563360261,41.952283042861239],[-87.920197562814295,41.952386042896684],[-87.920197562390243,41.952466042924208],[-87.920196561959784,41.952547042950869],[-87.920194558649982,41.953171043163138],[-87.920193558431563,41.953212043176038],[-87.920193558187734,41.953258043191866],[-87.920193557917401,41.953309043209416],[-87.920193557763682,41.953338043219389],[-87.920191555747238,41.953718043347727],[-87.920191554109337,41.954027043454055],[-87.920188550432684,41.954720043688901],[-87.920187547786554,41.955219043859401],[-87.920185545648181,41.955622043995696],[-87.920183543011547,41.956119044164311],[-87.920168532769964,41.958048044810312],[-87.920167532153968,41.958164044849035],[-87.920166531617497,41.958265044882623],[-87.920166530795882,41.95842004493597],[-87.920166528293976,41.958892045098438],[-87.920148520566784,41.960346045577687],[-87.920126507104939,41.962881046424762],[-87.920125506653264,41.962966046452863],[-87.920120503605062,41.963540046644717],[-87.920119503285903,41.963600046664226],[-87.920109496940327,41.964795047064207],[-87.920124492053915,41.965720047400183],[-87.920139487384859,41.966604047721901],[-87.920179474660415,41.969013048597034],[-87.920225459732691,41.971839049621501],[-87.920345421524985,41.979073052241048],[-87.92035042000947,41.979360052345072],[-87.920368408257843,41.981581053127243],[-87.920366406914567,41.981834053211927],[-87.920363404637271,41.982263053355965],[-87.920377402379444,41.982692053518356],[-87.920397389262817,41.985171054390662],[-87.920409381554038,41.986628054903399],[-87.920415378375452,41.987229055115961],[-87.920472343162857,41.993885057458208],[-87.921244344102291,41.993877058249616],[-87.930190355448431,41.993697067398543],[-87.930780356202533,41.993684068002104],[-87.93143235702334,41.993672068669866],[-87.931833357536689,41.993663069080121],[-87.93608736292677,41.993578073437156],[-87.937065364147116,41.993562074440256],[-87.938120365472656,41.993543075522034],[-87.938542366036614,41.993529075953113],[-87.938586366098278,41.993527075997925],[-87.938626366150004,41.993526076038876],[-87.938686366230229,41.993524076100172],[-87.938923366552942,41.993515076342014],[-87.938963366604668,41.993514076382972],[-87.939942367920892,41.993480077382998],[-87.941525369780379,41.99347607901327],[-87.941615369895445,41.993474079105518],[-87.941885370219538,41.993472079383267],[-87.94197637033048,41.993471079476791],[-87.942361370809195,41.993465079872088],[-87.943516372245327,41.993447081058086],[-87.943901372724,41.993441081453454],[-87.944312373243406,41.993433081875168],[-87.945548374794527,41.993411083144068],[-87.945960375309809,41.993404083567164],[-87.946219375636858,41.993399083833012],[-87.946564376069048,41.993393084187304],[-87.947000376617439,41.99338508463498],[-87.947167376827124,41.993382084806477],[-87.947260376940392,41.993381084902126],[-87.947299376990941,41.993380084942117],[-87.947420377147211,41.993377085066193],[-87.94746037719365,41.993377085107433],[-87.947792377615997,41.993370085448177],[-87.948788378872422,41.993351086470945],[-87.949121379290631,41.993345086813015],[-87.94944637970481,41.993338087146633],[-87.950424380929732,41.993321088151546],[-87.950750381334544,41.993316088486687],[-87.951021381675474,41.993311088765125],[-87.951836382690061,41.993298089602973],[-87.952108383026868,41.993294089882689],[-87.952365383356792,41.993288090146542],[-87.952887384010111,41.993279090683146],[-87.953139384328964,41.99327409094208],[-87.953397384649506,41.993270091207407],[-87.953439384708773,41.993268091250336],[-87.953568384869044,41.993266091383006],[-87.953611384918986,41.993266091427358],[-87.953652384977076,41.993264091469264],[-87.953778385133873,41.993262091598837],[-87.953820385187868,41.993261091641969],[-87.954539386106632,41.993245092380576],[-87.95503238684698,41.993213092883138],[-87.955062386892294,41.993211092913718],[-87.955131386977641,41.993210092984718],[-87.956230388321728,41.993197094116205],[-87.956561388695505,41.993199094458078],[-87.958486391003689,41.993185096441813],[-87.959177391884509,41.993170097152259],[-87.959227391947792,41.99316909720369],[-87.95935839211559,41.993166097338367],[-87.959464392249131,41.993164097447412],[-87.959752392609673,41.993159097743785],[-87.960936394083689,41.993140098962549],[-87.961331394573662,41.993134099369243],[-87.961803395158242,41.993127099855272],[-87.963218396910761,41.99310610131252],[-87.963691397491218,41.993100101799847],[-87.963768397585838,41.993099101879174],[-87.964001397877226,41.993095102119085],[-87.96407939796778,41.993095102199611],[-87.9643863983503,41.993090102515772],[-87.965306399486238,41.993077103463612],[-87.965614399864691,41.993073103781008],[-87.966241400644776,41.993063104426909],[-87.968123402980893,41.99303410636611],[-87.968751403756855,41.993025107013402],[-87.968877403913567,41.993023107143244],[-87.969258404381904,41.993018107536031],[-87.969385404534549,41.99301710766705],[-87.96942540458619,41.993016107708229],[-87.969558404740553,41.993016107845563],[-87.969577404767833,41.993015107865055],[-87.970156405502578,41.993003108461494],[-87.97034940574224,41.993000108660439],[-87.970405405812457,41.992999108718159],[-87.970575406025432,41.992996108893358],[-87.970632406091582,41.992996108952219],[-87.971591407277757,41.992982109940982],[-87.971888407643362,41.99297811024725],[-87.974468410820378,41.992943112908272],[-87.9754284119971,41.992931113898734],[-87.975681412311587,41.992927114159684],[-87.97644241325213,41.992916114944791],[-87.976590413434309,41.992914115097498],[-87.976696413562522,41.99291311520691],[-87.976849413755758,41.992910115364701],[-87.977309414326072,41.992903115839304],[-87.977400414436914,41.992902115933227],[-87.977463414515228,41.992901115998222],[-87.977496414558743,41.992900116032231],[-87.977596414679994,41.992899116135455],[-87.977630414719442,41.992899116170584],[-87.977817414952113,41.992896116363525],[-87.978378415650042,41.99288711694237],[-87.978566415878646,41.992885117136439],[-87.9787604161194,41.992882117336634],[-87.978842416219777,41.992881117421277],[-87.979342416841703,41.992873117937243],[-87.979537417078419,41.992871118138574],[-87.979576417128882,41.992870118178793],[-87.979692417268694,41.992869118298572],[-87.979732417315134,41.992869118339911],[-87.980096417758361,41.992865118715706],[-87.98118841907764,41.992855119843341],[-87.981553419516814,41.992852120220292],[-87.981612419590491,41.992851120281188],[-87.981792419809778,41.992849120467056],[-87.981852419879388,41.992849120529058],[-87.982169420262878,41.992846120856434],[-87.982782421000252,41.992841121489562],[-87.983108421394149,41.992838121826253],[-87.983123421411548,41.992838121841757],[-87.983414421759633,41.992836122142357],[-87.98344242179212,41.992836122171298],[-87.983529421903484,41.992834122261073],[-87.983793422230633,41.992830122533668],[-87.983881422332772,41.992830122624611],[-87.983999422480096,41.992828122746438],[-87.984354422912844,41.992824123113088],[-87.984473423050929,41.992824123236069],[-87.984546423140841,41.992823123311446],[-87.984765423410565,41.992820123537619],[-87.984839423496439,41.992820123614095],[-87.984867423534126,41.992819123642981],[-87.984906423579389,41.992819123683283],[-87.9849514236316,41.992819123729788],[-87.984980423665249,41.992819123759766],[-87.985014423709899,41.992818123794848],[-87.985055423757487,41.992818123837218],[-87.985119423836949,41.992817123903315],[-87.985155423878723,41.992817123940512],[-87.985182423915248,41.992816123968367],[-87.985264424015611,41.99281512405306],[-87.985292424048112,41.992815124082],[-87.985407424191934,41.992813124200758],[-87.985560424374682,41.992812124358828],[-87.985755424611355,41.992810124560265],[-87.985871424751153,41.9928091246801],[-87.98605042496925,41.992807124865003],[-87.98658742562877,41.992800125419699],[-87.986767425842828,41.992799125605693],[-87.987035426169399,41.992796125882556],[-87.987054426191449,41.992796125902196],[-87.987340426538879,41.992793126197675],[-87.987434426658368,41.992791126294748],[-87.9876654269368,41.992789126533417],[-87.987839427149098,41.992787126713189],[-87.988108427476817,41.992784126991118],[-87.988190427525169,41.992793127076219],[-87.988439427886874,41.992779127333073],[-87.98852242798317,41.992779127418864],[-87.988604428083519,41.992778127503584],[-87.988853428388012,41.992775127760858],[-87.988936428484323,41.992775127846656],[-87.988951428506923,41.992774127862127],[-87.988998428561459,41.992774127910714],[-87.989014428580035,41.992774127927248],[-87.989243428861329,41.992771128163866],[-87.98965442936418,41.992766128588549],[-87.989933429698297,41.992764128876892],[-87.990163429970352,41.992763129114621],[-87.9906954306188,41.992757129664412],[-87.992291432553657,41.992741131313956],[-87.992824433198024,41.992736131864902],[-87.993018433433477,41.992734132065436],[-87.993377433870762,41.992730132436527],[-87.993600434139893,41.992728132667054],[-87.993795434371307,41.992727132868652],[-87.99384943443917,41.992726132924467],[-87.994014434640974,41.992724133095038],[-87.994069434704784,41.992724133151903],[-87.994105434751745,41.992723133189109],[-87.994158434813244,41.992723133243913],[-87.994216434885729,41.992722133303864],[-87.994253434928666,41.99272213334212],[-87.994445435161794,41.992720133540615],[-87.995080435929651,41.992714134197108],[-87.995130435987647,41.992714134248807],[-87.995185436030724,41.992718134305697],[-87.995421436325273,41.992714134549679],[-87.996814438034789,41.992696135989981],[-87.997137438430258,41.992692136323988],[-87.997172438470869,41.992692136360176],[-87.997351438694096,41.99268913654528],[-87.997889439344206,41.992684137101634],[-87.998069439558193,41.99268313728777],[-87.998087439584268,41.992682137306396],[-87.99814343964924,41.992682137364298],[-87.998162439671276,41.992682137383952],[-87.998256439785507,41.992681137481163],[-87.998278439816232,41.992680137503918],[-87.998629440238972,41.992677137866913],[-87.998746440374717,41.992677137987904],[-87.99895144062809,41.992674138199931],[-87.999568441380177,41.99266713883808],[-87.999774441624353,41.992666139051131],[-87.99987044174091,41.992665139150425],[-88.000158442344556,41.992662139315243],[-88.00025444261162,41.992661139335688],[-88.000374442949322,41.992659139361258],[-88.000737443960247,41.992655139438575],[-88.000858444290316,41.992655139464325],[-88.001121445028389,41.992651139520376],[-88.001910447242366,41.992639139688563],[-88.002173447980283,41.992635139744635],[-88.002369448530288,41.99263213978643],[-88.002957450180162,41.992623139911842],[-88.003034450395276,41.992622139928272],[-88.003154450732808,41.992620139953864],[-88.003216450912134,41.992618139967121],[-88.00340345143745,41.992615140007018],[-88.003466451609256,41.992615140020433],[-88.003713452303316,41.992611140073151],[-88.004456454375401,41.992602140231661],[-88.004704455061855,41.992600140284544],[-88.004938455720293,41.99259614033452],[-88.005641457687958,41.992586140484619],[-88.005876458338861,41.992584140534753],[-88.006568460276213,41.992574140682564],[-88.007652463302108,41.992560140914136],[-88.008647466069803,41.992549141126709],[-88.009340467993866,41.992542141274768],[-88.009363468061565,41.992541141279716],[-88.009433468257384,41.99254014129469],[-88.009457468322793,41.992540141299806],[-88.010040469951832,41.992532141424498],[-88.011789474827978,41.992510141798675],[-88.012373476449184,41.99250414192359],[-88.01246647671249,41.99250214194354],[-88.012748477500736,41.992498142003946],[-88.012843477764534,41.99249714202427],[-88.012999478204435,41.99249414205773],[-88.01347047952234,41.992487142158652],[-88.013627479959979,41.99248514219228],[-88.013914480766573,41.992480142253832],[-88.014779483187084,41.992467142439295],[-88.015067483991317,41.99246314250103],[-88.015265484550298,41.992459142543574],[-88.015304484656539,41.992459142551901],[-88.015862486166881,41.992461142670884],[-88.016062486706844,41.992462142713507],[-88.01614948694386,41.99246214273208],[-88.016410487654895,41.992462142787794],[-88.016486487857065,41.992463142803942],[-88.016687488404628,41.992463142846859],[-88.017254489939603,41.992465142967745],[-88.017444490452363,41.992466143008222],[-88.017503490613095,41.99246614302082],[-88.017683491103469,41.992466143059239],[-88.017743491262095,41.99246714307197],[-88.018161492396018,41.992468143161112],[-88.019416495795838,41.992472143428664],[-88.019835496927783,41.992474143517931],[-88.019871497025861,41.992474143525619],[-88.019981497325574,41.992474143549089],[-88.02001849742156,41.992475143556909],[-88.020049497506008,41.992475143563524],[-88.020145497767572,41.992475143584016],[-88.020177497854746,41.992475143590838],[-88.020207497883661,41.992486143596309],[-88.020299498187143,41.992475143616886],[-88.020330498266802,41.992476143623414],[-88.021018500131703,41.992478143770072],[-88.023085505734883,41.992484144210643],[-88.02310350577919,41.992485144214385],[-88.023462506747862,41.992487144290799],[-88.023631507203604,41.992488144326764],[-88.023774507593245,41.992488144357281],[-88.023992508187234,41.992488144403794],[-88.024166508656606,41.992489144440825],[-88.024646509959794,41.992490144543154],[-88.024865510551791,41.992491144589778],[-88.025506512288999,41.992493144726353],[-88.027088516576342,41.992498145063351],[-88.027429517500877,41.992499145135994],[-88.028070519233609,41.992502145272411],[-88.028652520810269,41.992504145396346],[-88.028745521063712,41.992504145416184],[-88.029417522881047,41.992507145559195],[-88.029829523999169,41.992508145646966],[-88.030770526517458,41.992518145846489],[-88.031306527946086,41.992525145959945],[-88.031371528118626,41.992526145973692],[-88.031445528320319,41.992526145989466],[-88.033393533998478,41.992445146415363],[-88.037044544571714,41.992305147214815],[-88.037208545044919,41.992299147250776],[-88.037431545683106,41.992292147299494],[-88.037449545736564,41.992291147303497],[-88.037732546551354,41.992281147365517],[-88.037853546898475,41.992277147391995],[-88.037960547211952,41.992272147415626],[-88.03825754807356,41.992260147480977],[-88.0383995484911,41.992253147512415],[-88.038960550115135,41.992231147635842],[-88.039028550308984,41.992229147650697],[-88.039064550411339,41.992228147658565],[-88.039314551131298,41.992219147713477],[-88.039489551633906,41.992213147751876],[-88.039559551837598,41.992210147767331],[-88.039750552396939,41.992201147809631],[-88.039809552566254,41.992199147822575],[-88.039960553003482,41.992193147855858],[-88.040177553628965,41.992185147903598],[-88.041177556519983,41.9921461481241],[-88.042443560158745,41.992101148402938],[-88.0428415613016,41.99208714849064],[-88.043737563880157,41.992054148688489],[-88.043949564490944,41.992046148735362],[-88.045312568401386,41.991998149036419],[-88.04588457004543,41.991977149163048],[-88.04617757088414,41.991967149227797],[-88.04627757117288,41.991963149250012],[-88.046621572162806,41.9919501493263],[-88.046952573108669,41.991939149399471],[-88.047622575030275,41.991915149547957],[-88.048249576826052,41.991893149686938],[-88.048945578821289,41.991868149841416],[-88.049241579671218,41.991857149907226],[-88.050786583630099,41.991912150229844],[-88.050955584063402,41.9919181502651],[-88.051062584362256,41.991916150288517],[-88.055072596071071,41.991717151192461],[-88.055667597816083,41.991685151327559],[-88.055769598113173,41.991680151350629],[-88.056224599445088,41.991656151453938],[-88.056393599940051,41.991647151492351],[-88.056542600372524,41.991640151526042],[-88.059695609583756,41.991475152244092],[-88.060641612341584,41.991426152460107],[-88.060784612748577,41.991421152492251],[-88.060923613144737,41.991416152523534],[-88.061030613446249,41.99141315254743],[-88.061360614383105,41.991402152621525],[-88.061808615667076,41.991384152722858],[-88.062161616669769,41.991372152802242],[-88.062852618638203,41.991347152958056],[-88.063073619267641,41.991339153007914],[-88.063439620308898,41.991326153090462],[-88.063796621325679,41.991313153171085],[-88.064173622396311,41.991300153256084],[-88.064525623387297,41.991290153334973],[-88.064862624341586,41.991279153410872],[-88.065346625724558,41.991260153520663],[-88.065612626474831,41.991252153580454],[-88.06598062752029,41.991239153663656],[-88.06660762930052,41.991217153805451],[-88.067177630918493,41.991197153934444],[-88.068907636006585,41.991090154337996],[-88.069243636994841,41.991069154416593],[-88.069708638357952,41.991041154525149],[-88.069791638577982,41.99104215454301],[-88.069896638849642,41.991045154565171],[-88.069929638942526,41.991044154572634],[-88.070121639479822,41.991039154615819],[-88.070697641087605,41.991025154745167],[-88.070890641623592,41.991021154788342],[-88.071002641944943,41.991016154814083],[-88.071338642893465,41.99100515489031],[-88.071451643209741,41.991002154915776],[-88.071593643615728,41.990996154948348],[-88.072022644826276,41.990982155045735],[-88.072165645227201,41.990978155078025],[-88.07219564531573,41.990976155085107],[-88.072287645571478,41.990974155105725],[-88.072318645658882,41.990973155112769],[-88.072607646480137,41.990962155178828],[-88.07295564746417,41.990950155258062],[-88.07347464893941,41.990930155376851],[-88.073764649759113,41.990920155442936],[-88.073958650312363,41.990912155487521],[-88.074243651125968,41.990900155553085],[-88.074544651978769,41.990889155621915],[-88.074690652391098,41.990884155655209],[-88.07473965253071,41.990882155666469],[-88.074814652747932,41.990878155683966],[-88.07493365308747,41.99087315571137],[-88.075042653403798,41.990867155736858],[-88.075118653619896,41.990864155754309],[-88.075140653682936,41.990863155759399],[-88.075163653741129,41.990864155764164],[-88.075209653849996,41.99086815577315],[-88.075300654072564,41.990874155791431],[-88.075346654185196,41.990877155800682],[-88.075369654243417,41.99087815580544],[-88.0754406544159,41.990883155819617],[-88.075464654473024,41.99088515582433],[-88.075528654630418,41.990889155837245],[-88.075566654714024,41.990894155844195],[-88.075644654882822,41.99090515585825],[-88.075851655399347,41.990916155900521],[-88.0758746554651,41.990915155905824],[-88.075977655742705,41.990915155928356],[-88.076153656224577,41.990913155967405],[-88.076221656419122,41.990910155983102],[-88.076390656893338,41.990905156021462],[-88.076696657759229,41.99089415609145],[-88.076954658495623,41.990883156150964],[-88.077199659189404,41.990874156207099],[-88.077280659422598,41.990870156225931],[-88.077526660118963,41.9908611562823],[-88.077562660219698,41.990860156290466],[-88.077608660351075,41.990858156301101],[-88.077792660876597,41.990850156343633],[-88.078345662444349,41.990829156470653],[-88.078530662968646,41.990822156513154],[-88.078636663272675,41.990817156537794],[-88.078954664169913,41.990806156610589],[-88.079060664470191,41.990802156634963],[-88.079200664865709,41.990797156667064],[-88.079621666051111,41.990783156763342],[-88.079762666445546,41.990779156795405],[-88.079853666705318,41.990775156816497],[-88.079974667042165,41.990772156843889],[-88.080127667505636,41.990758156881469],[-88.080219667779076,41.99075115690367],[-88.080271667937438,41.990746156916522],[-88.080431668419607,41.990732156955666],[-88.080484668576972,41.990728156968459],[-88.080573668856914,41.990717156991174],[-88.080843669697259,41.990686157059443],[-88.080933669976091,41.990676157082113],[-88.081327671167884,41.990640157179158],[-88.081370671294508,41.990637157189482],[-88.081536671766628,41.990630157228011],[-88.082422674244441,41.99060415743039],[-88.082688674974349,41.990600157490043],[-88.082850675413667,41.990599157525956],[-88.083128676212013,41.990585157591248],[-88.083234676515147,41.990580157616051],[-88.083552677424478,41.990565157690483],[-88.083659677726601,41.990561157715213],[-88.083874678340749,41.990551157765523],[-88.084057678857974,41.990544157807896],[-88.085252682220968,41.990502158083665],[-88.085448682769226,41.99049615812865],[-88.085651683357653,41.99048415817704],[-88.085959684256707,41.990464158251044],[-88.086032684463532,41.990461158268047],[-88.087179687697741,41.990418158534169],[-88.087563688775177,41.990405158622892],[-88.087660689053379,41.990400158645855],[-88.087953689879114,41.990389158713938],[-88.088051690152867,41.990386158736491],[-88.0881256903657,41.99038215875408],[-88.088347690990034,41.990374158805579],[-88.08842269119846,41.990372158822758],[-88.088856692423548,41.990355158923904],[-88.089241693394044,41.990373159003106],[-88.089337693669336,41.990368159025884],[-88.089488694144848,41.990348159065604],[-88.090188696114836,41.990322159228469],[-88.090531697080792,41.990309159308417],[-88.090585697225706,41.990309159320333],[-88.090660697427012,41.990309159336903],[-88.09183270074206,41.990260159611786],[-88.091975701146453,41.99025415964536],[-88.09644771370418,41.990088160690824],[-88.097388716343261,41.990053160911486],[-88.097903717786579,41.990034161032291],[-88.097950717919161,41.990032161043409],[-88.100301724507275,41.989944161596206],[-88.100870726099615,41.989923161730111],[-88.103613733778516,41.989819162377756],[-88.106745742530961,41.989701163119335],[-88.108656747864472,41.989629163573049],[-88.108857748423375,41.989622163620609],[-88.109851751196985,41.989584163857238],[-88.110046751739532,41.989577163903512],[-88.110408752746579,41.989564163989449],[-88.111023754428885,41.989551164131932],[-88.113128760308697,41.989466164636276],[-88.11413776309206,41.989436164874114],[-88.114349763684913,41.989427164925203],[-88.114443763944763,41.989424164947458],[-88.114473764033875,41.989421164955395],[-88.114565764294426,41.989416164978017],[-88.11459676438318,41.989414164985774],[-88.114933765336474,41.989396165068541],[-88.115389766618932,41.989374165179655],[-88.115916768084261,41.989354165305912],[-88.115947768172916,41.989352165313676],[-88.11628576911302,41.989339165394767],[-88.116378769369945,41.989336165416852],[-88.116560769867078,41.989332165459295],[-88.116658770131295,41.989331165481666],[-88.116752770387848,41.989329165503577],[-88.117203771646672,41.989310165612551],[-88.117244771761932,41.989308165622568],[-88.118429775065195,41.98925916590882],[-88.118721775878612,41.989247165979386],[-88.119214777247933,41.989228166098037],[-88.119264777381133,41.989228166109271],[-88.119277777415746,41.989228166112184],[-88.119554778188856,41.989216166179446],[-88.12011077973709,41.98919316631406],[-88.120388780509558,41.989182166381191],[-88.120667781278755,41.989173166447713],[-88.120770781567572,41.989168166472993],[-88.121082782439032,41.989154166549085],[-88.121186782727548,41.989150166574177],[-88.12139578330428,41.989143166624167],[-88.121939784801654,41.989126166753785],[-88.12202478504237,41.98912116677505],[-88.122160785421684,41.989115166808226],[-88.122234785630198,41.989111166826589],[-88.12228278576373,41.989109166838247],[-88.122551786505596,41.989100166902645],[-88.123035787836756,41.98908516701804],[-88.123503789136535,41.989066167131618],[-88.123821790016919,41.989054167208444],[-88.124120790843762,41.98904316728057],[-88.125021793328543,41.989012167497101],[-88.125321794154729,41.989002167569105],[-88.125420794429331,41.988998167593174],[-88.12572079524972,41.988990167664312],[-88.125820795521264,41.988988167687729],[-88.127013798850427,41.988932167981645],[-88.127338799775771,41.988910168064834],[-88.1278848013215,41.988876168203348],[-88.127988801608979,41.988872168228625],[-88.1283328025646,41.988857168313068],[-88.128944804234706,41.988841168458514],[-88.129187804896759,41.988835168516118],[-88.129501805755595,41.988826168591153],[-88.130181807630251,41.988801168756218],[-88.130980809836601,41.988770168951085],[-88.131716811872082,41.98874016913139],[-88.132468813954574,41.988708169316411],[-88.133241816070438,41.988684169502591],[-88.139088832148715,41.98846517093331],[-88.140482835974339,41.988413171275589],[-88.14066683647944,41.988406171320868],[-88.141218837994472,41.98838517145677],[-88.1414038384995,41.988379171501826],[-88.141600839041317,41.988371171550604],[-88.142192840664009,41.988349171696242],[-88.142390841205739,41.98834217174479],[-88.143723844813806,41.988310172064246],[-88.144832847889248,41.988253172345715],[-88.144884848034181,41.988250172359081],[-88.145028848432361,41.988243172395464],[-88.145097848619784,41.988241172412202],[-88.145461849607173,41.988231172500264],[-88.145917850852399,41.988215172612392],[-88.146913853520431,41.988201172846658],[-88.147111854051303,41.988198172893348],[-88.14856585794405,41.988178173235312],[-88.149349860043131,41.988167173419896],[-88.149999861820774,41.988142173581338],[-88.152068867478462,41.988061174096728],[-88.152109867589104,41.988060174106629],[-88.152233867921339,41.988058174136029],[-88.152275868032277,41.988058174145621],[-88.152333868187839,41.988057174159408],[-88.152507868654453,41.988054174200769],[-88.152566868810311,41.988054174214255],[-88.152653869044784,41.9880521742352],[-88.152914869743483,41.988048174296992],[-88.153002869975936,41.9880481743171],[-88.153112870271116,41.988046174343317],[-88.153443871154678,41.988042174421111],[-88.153554871450183,41.988041174447019],[-88.153589871544909,41.988040174455556],[-88.15369487182457,41.988039174480093],[-88.153730871919649,41.988039174488321],[-88.15387687230988,41.988037174522773],[-88.154317873488424,41.988031174626812],[-88.154464873878965,41.988030174660956],[-88.154997875304915,41.988022174787133],[-88.155065875484496,41.98802217480268],[-88.156598879616297,41.987985175173456],[-88.157132881053045,41.987973175302223],[-88.157350881639744,41.987968175354851],[-88.158004883399599,41.9879531755128],[-88.158222883986127,41.987948175565457],[-88.158265884101851,41.987947175575854],[-88.158396884456494,41.987943175608059],[-88.158440884572641,41.987943175618128],[-88.158508884756543,41.987941175634795],[-88.158711885301187,41.987937175683491],[-88.158780885485498,41.987936175699843],[-88.158937885908699,41.987932175738003],[-88.159410887181238,41.987921175852428],[-88.159482887375631,41.987919175870033],[-88.159568887604777,41.987918175890286],[-88.159604887701988,41.987917175899085],[-88.159712887993564,41.987914175925496],[-88.159749888091213,41.987914175933973],[-88.159774888159362,41.987913175940257],[-88.159850888362101,41.987912175958215],[-88.159875888430264,41.987911175964506],[-88.159928888574498,41.987909175977762],[-88.159966888676976,41.987908175987023],[-88.160090889006369,41.987907176015973],[-88.160144889151056,41.987906176028908],[-88.16016888921655,41.987905176034971],[-88.160242889416182,41.987903176053031],[-88.160267889482142,41.987903176058758],[-88.160326889642192,41.987901176073393],[-88.160506890123685,41.987898176116303],[-88.160566890284187,41.987897176130609],[-88.160644890496485,41.987894176150164],[-88.160880891130034,41.987889176207034],[-88.160959891340639,41.987888176225695],[-88.161062891618897,41.987885176250991],[-88.16137589245767,41.987879176326075],[-88.161479892736381,41.987877176351034],[-88.161853893740272,41.987869176441265],[-88.161873893793043,41.987869176445841],[-88.162752896150323,41.987851176657507],[-88.163059896972868,41.987845176731298],[-88.163454898029599,41.987838176825846],[-88.163506898170965,41.987836176838911],[-88.163664898591932,41.987834176876277],[-88.163717898733822,41.987833176889005],[-88.163763898857283,41.987832176900127],[-88.163905899238117,41.987829176934405],[-88.163952899362073,41.987829176945176],[-88.164043899608387,41.987826176967765],[-88.16431790034153,41.987821177033467],[-88.16440990058625,41.987820177055134],[-88.16449290080935,41.987818177075319],[-88.164742901477013,41.98781417713495],[-88.164826901700621,41.987813177154798],[-88.164933901989045,41.987810177181061],[-88.165257902853881,41.987805177258259],[-88.165365903140739,41.987804177283607],[-88.166897907231842,41.987779177649585],[-88.167242908153725,41.987773177732258],[-88.167780909598534,41.987760177863336],[-88.168750912199954,41.987738178098944],[-88.169098913133269,41.987730178183575],[-88.169371913842753,41.987735178243291],[-88.169603914442206,41.987741178292993],[-88.170595917094559,41.987722178532067],[-88.171004918194171,41.987711178632566],[-88.171038918287707,41.987709178641573],[-88.171142918565707,41.987707178666653],[-88.171177918657932,41.987707178674697],[-88.17124491883844,41.987705178691293],[-88.17128991895899,41.987704178702224],[-88.171625919850257,41.987701178781201],[-88.171738920148002,41.987701178807157],[-88.17201692088446,41.987699178872212],[-88.172089921076818,41.987699178888981],[-88.173143923850205,41.987701179129886],[-88.173495924775807,41.987702179210132],[-88.173614925093219,41.987700179238679],[-88.173972926040378,41.98769817932213],[-88.174092926356579,41.987698179349692],[-88.174573927629723,41.987695179462023],[-88.175851931008424,41.987689179759293],[-88.176019931452956,41.987688179798511],[-88.176502932729278,41.98768617991071],[-88.176558932878706,41.987685179924192],[-88.176726933323209,41.987684179963409],[-88.176783933473388,41.987684179976505],[-88.176983934004028,41.987682180023683],[-88.177585935595658,41.987679180163866],[-88.177786936125216,41.987679180210051],[-88.178295937473578,41.987675180329504],[-88.178447937874012,41.987675180364434],[-88.179825941535171,41.987658180691774],[-88.180335942889414,41.987652180812781],[-88.180481943277584,41.987650180847595],[-88.180919944442039,41.987644180952081],[-88.181065944830166,41.987642180986903],[-88.181312945487861,41.987638181046229],[-88.182055947458934,41.987630181222144],[-88.182303948117394,41.987627181281077],[-88.18240294838165,41.987625181305113],[-88.182699949170839,41.987621181375971],[-88.18279994943596,41.987620181399606],[-88.182818949485991,41.987620181403976],[-88.18287394963258,41.987619181417266],[-88.182951949839747,41.987618181435842],[-88.183408951053678,41.987612181544797],[-88.183561951458316,41.987611181580625],[-88.183690951803243,41.987608181612224],[-88.184081952846682,41.9876001817073],[-88.184211953192445,41.987598181738498],[-88.184433953785614,41.987593181792782],[-88.18456195411575,41.987597181819659],[-88.184921955041361,41.987610181894077],[-88.185324956090639,41.987617181982237],[-88.185614956840723,41.98762518204375],[-88.185965957748166,41.98763518211797],[-88.186247958497631,41.98763118218541],[-88.187093960745827,41.987619182387782],[-88.18737596149515,41.987615182455251],[-88.187445961682812,41.987613182472664],[-88.187658962248719,41.987610182523618],[-88.187729962437331,41.987609182540602],[-88.187940962999591,41.987605182591764],[-88.188574964685529,41.987595182744187],[-88.188786965248639,41.987592182794927],[-88.189044965934485,41.987588182856925],[-88.189454967020495,41.98758418295391],[-88.189756967820472,41.987581183025391],[-88.189820967988965,41.98758118304012],[-88.190022968517553,41.987583183085263],[-88.190079968669238,41.98758218309905],[-88.190297969259319,41.987572183155855],[-88.190954971030564,41.987546183324383],[-88.191173971619762,41.987538183380138],[-88.191343972078357,41.987531183423968],[-88.19185697346019,41.98751118355549],[-88.192028973922277,41.987505183599133],[-88.192370974836379,41.987496183683952],[-88.19304897664685,41.987479183851619],[-88.19309797677731,41.987478183863587],[-88.193397977572786,41.987474183935426],[-88.193492977825812,41.987472183958673],[-88.193627978182519,41.987471183990458],[-88.193644978228775,41.987470183995057],[-88.193879978850077,41.98746818405057],[-88.194131979517636,41.98746518411069],[-88.194398980223085,41.987463184173599],[-88.194658980911612,41.987460184235559],[-88.194923981613286,41.987457184298684],[-88.195182982297609,41.98745518435976],[-88.195447982999227,41.987452184422892],[-88.195705983682373,41.987449184484426],[-88.19597298438768,41.987447184547356],[-88.196234985081304,41.987444184609814],[-88.19675598645911,41.987439184733375],[-88.196911986872379,41.98743718477072],[-88.197059987263117,41.987436184805546],[-88.198415990849924,41.987422185127933],[-88.198566991249933,41.987420185164133],[-88.19930799318989,41.987426185330882],[-88.199375993367283,41.987427185345879],[-88.199507993712984,41.987428185375627],[-88.200466996225089,41.987435185591913],[-88.200960997520085,41.987438185703724],[-88.20120199815112,41.98744018575789],[-88.201770999642065,41.987444185886289],[-88.202161000663651,41.987447185974098],[-88.202192000745185,41.987447185981246],[-88.202796002326963,41.987452186116975],[-88.202870002521607,41.987452186134036],[-88.202896002590009,41.987452186140025],[-88.203267003568598,41.987450186226972],[-88.203407003939589,41.987448186260671],[-88.204227006131561,41.987422186468244],[-88.204633007216742,41.987409186571149],[-88.204988008163625,41.987399186660198],[-88.20520200873429,41.987393186713867],[-88.207133013889234,41.987333187202736],[-88.207163013969364,41.987332187210384],[-88.207273014262341,41.987329187237961],[-88.207393014582891,41.987325187268567],[-88.207526014936263,41.987322187301466],[-88.20756401503742,41.987321187310961],[-88.207871015857023,41.987311187389125],[-88.208272016927339,41.987298187491199],[-88.208429017343661,41.987295187529654],[-88.208723018122456,41.987290187601218],[-88.209026018924831,41.987285187674885],[-88.209148019247891,41.987283187704541],[-88.209341019759947,41.987279187752058],[-88.209584020403355,41.98727518781115],[-88.209902021243735,41.987271187887579],[-88.210018021550951,41.987269187915864],[-88.210267022208754,41.987266187975621],[-88.210450022691958,41.987264188019395],[-88.210671023277399,41.987260188073421],[-88.210821023672636,41.987259188108844],[-88.210882023835325,41.98725718812441],[-88.210925023948263,41.98725718813435],[-88.211101024414248,41.987254188177253],[-88.211204024685998,41.987253188201805],[-88.211319024990487,41.98725118822987],[-88.211538025570576,41.987247188283447],[-88.211756026146801,41.987244188336078],[-88.212202027326597,41.987237188444382],[-88.212425027917064,41.987233188498926],[-88.212457028002291,41.987232188507065],[-88.213206029961071,41.987239188675112],[-88.215705036582321,41.987188189291366],[-88.215914037135562,41.987184189342742],[-88.218125042989257,41.987139189888666],[-88.218464043881141,41.987137189968706],[-88.218700044500494,41.987137190023368],[-88.219312046109863,41.987134190167417],[-88.220137048279199,41.987130190361576],[-88.222482054445322,41.987118190914074],[-88.222992055788595,41.987113191036109],[-88.223127056144818,41.987111191068948],[-88.224311059269155,41.987093191357339],[-88.224393059484285,41.987093191376346],[-88.225123061411068,41.987081191554935],[-88.227694068190473,41.987043192181012],[-88.227809068493897,41.987041192209276],[-88.227886068697657,41.987039192228714],[-88.227941068842796,41.987038192242267],[-88.228366069964594,41.987030192347198],[-88.228705071144915,41.986704192685082],[-88.23138007819334,41.986645193356075],[-88.232022079684398,41.98687119332358],[-88.232263080245403,41.986956193310995],[-88.232446080727541,41.986953193355923],[-88.232755081542322,41.986947193432542],[-88.234232085444958,41.986907193808172],[-88.234476086088961,41.986901193869762],[-88.23447108612929,41.986833193924014],[-88.234661086629188,41.986830193970668],[-88.23474708685518,41.98682919399149],[-88.234938087356909,41.986827194037566],[-88.235752089496842,41.986816194235978],[-88.236719092038513,41.986803194471705],[-88.236900092513139,41.986802194514659],[-88.236900092487971,41.986836194486671],[-88.237082092968279,41.986831194533131],[-88.237478094012587,41.986821194633521],[-88.237562094234733,41.986818194655541],[-88.237644094450872,41.98681619467628],[-88.237669094516335,41.986816194682099],[-88.237761094758682,41.986814194705154],[-88.238218095961727,41.986805194818956],[-88.241334104158824,41.986746195593689],[-88.242203106440144,41.98673519580538],[-88.243123108857674,41.986719196033235],[-88.250796128194779,41.986587199220338],[-88.25088812834376,41.986585199391385],[-88.250945128435944,41.986584199497152],[-88.251095128678713,41.986581199775792],[-88.252160130400711,41.986563201751061],[-88.253268132191721,41.986545203805008],[-88.255070135105541,41.986513207146693],[-88.255525135841154,41.986505207990177],[-88.258132140055167,41.986460212820852],[-88.262725147477653,41.986380221325469],[-88.262872147715385,41.986377221597841],[-88.262919144546785,41.993615216476563],[-88.262921144503437,41.99371921640558],[-88.263021142980719,41.997484213893344],[-88.263033142114281,41.999463212495641],[-88.263042141500861,42.000880214315252],[-88.263086140059826,42.004317222933352],[-88.263095139761759,42.005028224715922],[-88.263096139747574,42.005064224807263],[-88.263099139637674,42.005325225461014],[-88.263099139615647,42.005375225585105],[-88.263134138449743,42.008157232559377],[-88.263136138398991,42.008280232868621],[-88.263142138197423,42.008761234074335],[-88.263144138111471,42.008964234582137],[-88.263174137131898,42.011306240454267],[-88.263181136912465,42.011832241773618],[-88.263182136863122,42.011948242063497],[-88.26318313685033,42.011981242147378],[-88.263207136034652,42.01392924702963],[-88.263210135954509,42.014123247517055],[-88.263223135524868,42.015151250094142],[-88.26324313544788,42.015405250764168],[-88.263246135436404,42.015443250864429],[-88.263252135425716,42.015491250995446],[-88.263251135321994,42.015723251569248],[-88.263251135014215,42.016423253306506],[-88.263251134911769,42.016656253884761],[-88.263251134906497,42.016668253914546],[-88.263251134890666,42.016704254003884],[-88.263251134885394,42.016716254033668],[-88.263253134778523,42.016967254660557],[-88.263259134457059,42.017722256546193],[-88.263262134351535,42.017974257177549],[-88.263262134310636,42.018067257408354],[-88.263265134192807,42.018347258109195],[-88.263266134153227,42.01844125834446],[-88.263267134099166,42.018568258661624],[-88.263270133936942,42.018949259613123],[-88.263272133884627,42.019076259932277],[-88.263272133867474,42.019115260029061],[-88.263273133816952,42.019234260326378],[-88.263274133801119,42.019274260427629],[-88.263277133753633,42.019394260731382],[-88.263284133646849,42.019665261417792],[-88.263298133631494,42.019756261671333],[-88.263312133620971,42.019836261897581],[-88.263315133608671,42.019876262002782],[-88.263317133597695,42.019909262088639],[-88.263319133589363,42.019936262159604],[-88.263317133552889,42.020011262341782],[-88.263317133537498,42.020046262428643],[-88.263308133448291,42.020213262825287],[-88.263305133413553,42.020280262985622],[-88.263250132854523,42.021331265485173],[-88.263217132523906,42.021950266956161],[-88.263219132453983,42.022117267374576],[-88.263227132246499,42.022621268641231],[-88.263225132169069,42.022789269054222],[-88.263231132169167,42.022813269125642],[-88.263237132169266,42.022837269197069],[-88.263273132169914,42.022981269625596],[-88.263286132171473,42.023030269772896],[-88.263286132160474,42.023055269834941],[-88.263286132131469,42.02312126999874],[-88.26328713204623,42.023319270492102],[-88.263288132018999,42.023385270657883],[-88.263291131949188,42.023556271088175],[-88.263307131416141,42.024834274291479],[-88.263309131093266,42.025577276139366],[-88.26331813105007,42.025712276492172],[-88.263313130847365,42.026153277576746],[-88.263316130684032,42.026537278535663],[-88.263317130648915,42.026621278746106],[-88.263317130642761,42.026635278780859],[-88.263286130539626,42.026743278987702],[-88.263336129632847,42.02901228471741],[-88.26333712959908,42.029093284920407],[-88.263340129552248,42.029212285221639],[-88.263339129178405,42.030059287321698],[-88.263338128872647,42.030751289037084],[-88.263360128009381,42.032808294185308],[-88.263370127626814,42.03372129647078],[-88.263372127590088,42.03381329670303],[-88.263373127558111,42.033890296896089],[-88.263385127286014,42.034560298582434],[-88.263424126485376,42.036548303592696],[-88.263424126471776,42.03657930366964],[-88.263448125984922,42.03779030672208],[-88.263453125884993,42.038039307349827],[-88.263453125880162,42.038050307377127],[-88.263451125835658,42.038143307603988],[-88.263450125785539,42.03825330787501],[-88.263440125443665,42.038990309684337],[-88.263428125029975,42.039882311874408],[-88.263427124998728,42.039949312038715],[-88.263421124804566,42.040366313061796],[-88.263416124636379,42.040728313950339],[-88.263414124548817,42.040919314420414],[-88.26341312452719,42.040964314530122],[-88.263388123691627,42.04276131894067],[-88.263387123649352,42.042853319167016],[-88.263385123565271,42.043036319617251],[-88.263390122879812,42.044619323555565],[-88.263398122865539,42.044686323737508],[-88.263397122827641,42.044768323939046],[-88.263398122779947,42.044881324221436],[-88.263399122737937,42.044981324471557],[-88.263399122723456,42.045014324553456],[-88.263399122684831,42.045102324771847],[-88.263400122612993,42.045270325190728],[-88.26340012256604,42.045377325456265],[-88.263402122470637,42.045603326021038],[-88.26340412240026,42.045772326444357],[-88.263404122380948,42.045816326553556],[-88.263404122326961,42.0459393268588],[-88.263405122255563,42.046106327275197],[-88.263405122183144,42.046271327684678],[-88.263405122173481,42.046293327739278],[-88.263405122122577,42.046409328027146],[-88.263405122112047,42.046433328086707],[-88.263407122057473,42.046566328420695],[-88.263407122050893,42.046581328457918],[-88.26340812197995,42.046747328871824],[-88.263410121911789,42.046911329282736],[-88.263410121846391,42.047060329652503],[-88.263410121772665,42.04722833006943],[-88.263411121702148,42.047393330480858],[-88.263411121666167,42.047475330684357],[-88.263411121631933,42.047553330877925],[-88.263411121599901,42.047626331059085],[-88.263412121561885,42.047717331286876],[-88.26341212148948,42.047882331696357],[-88.263413121418097,42.048049332112754],[-88.263415121347748,42.048218332536067],[-88.26341612128428,42.048367332907794],[-88.26341612126761,42.048405333002094],[-88.263417121236159,42.048481333192655],[-88.263417121189647,42.048587333455714],[-88.263417121147512,42.048683333693951],[-88.263419121033323,42.048952334365431],[-88.263420121028204,42.048968334407093],[-88.26341912101752,42.048988334454769],[-88.263422120949969,42.049155334875081],[-88.263425120888144,42.049309335263118],[-88.263425120850414,42.04939533547654],[-88.263423120804021,42.049492335713346],[-88.263423120797,42.04950833575306],[-88.263429120649235,42.049871336665632],[-88.263429120637383,42.049898336732639],[-88.263431120560057,42.050083337195645],[-88.263428120478821,42.050255337616633],[-88.263431120427995,42.050384337942624],[-88.263431120400355,42.050447338098969],[-88.26343212034655,42.050574338416098],[-88.263432120328119,42.050616338520335],[-88.26343212025003,42.050794338962064],[-88.263435120202274,42.050916339270685],[-88.263436120175683,42.050981339433953],[-88.263435120093476,42.051164339886135],[-88.263439120024842,42.051338340325756],[-88.263439120019569,42.05135034035554],[-88.263439120010361,42.051371340407655],[-88.263441119949292,42.051519340778846],[-88.263443119871553,42.051705341244343],[-88.263443119846102,42.051763341388273],[-88.263446119765462,42.051960341883017],[-88.263450119656923,42.052225342548468],[-88.263451119627717,42.052296342726621],[-88.263454119612902,42.052343342849113],[-88.263454119562027,42.052459343136988],[-88.263457119421318,42.052793343971707],[-88.263460119204751,42.053300345235748],[-88.263485118493293,42.055033349585202],[-88.26349811812797,42.055924351821673],[-88.263511117754007,42.056835354107754],[-88.263529117388188,42.0577503564135],[-88.263529117339985,42.057860356686469],[-88.263539117012101,42.058653358673844],[-88.263543116877116,42.058979359490628],[-88.263551116629529,42.059580360997629],[-88.263560116296802,42.060380363000398],[-88.26357111594136,42.061241365158423],[-88.26357711561117,42.062022367108185],[-88.263583115233274,42.062912369328423],[-88.263592115030008,42.063417370599097],[-88.263608114483901,42.064737373905814],[-88.263608114441425,42.064834374146521],[-88.263610114333801,42.065089374783192],[-88.263622113885873,42.06616737748157],[-88.263623113819165,42.066324377873109],[-88.263633113811622,42.066387378048873],[-88.263633113806364,42.066399378078643],[-88.263635113749089,42.066539378429944],[-88.263638113609375,42.066872379262101],[-88.263060112448201,42.066876378149644],[-88.262876112078672,42.066877377794839],[-88.261598109510615,42.066887375337998],[-88.260495107294403,42.066895373216042],[-88.260130106561292,42.066897372512244],[-88.259270104833348,42.06690337085719],[-88.258989104268721,42.066905370316512],[-88.258765103818433,42.066907369886515],[-88.258607103500566,42.066909369584678],[-88.258375103027689,42.066925369173958],[-88.258348102973542,42.066925369121527],[-88.258283102843137,42.066925368995307],[-88.258167102610415,42.066925368770065],[-88.258062102399762,42.066925368566167],[-88.257207100684496,42.066925366905942],[-88.256922100112732,42.066925366352521],[-88.256651099569055,42.0669253658263],[-88.255841097944057,42.066925364253443],[-88.255690097641136,42.06692536396023],[-88.255571097399041,42.066932363746567],[-88.25547109719507,42.066939363569809],[-88.255135096510841,42.066960362969617],[-88.254381094974718,42.067008361624985],[-88.254246094699454,42.067017361385247],[-88.254128094459261,42.067024361173551],[-88.253793093775755,42.067047360580325],[-88.253696093581596,42.06704636038949],[-88.253472093131577,42.067047359957037],[-88.253106092396109,42.067049359251357],[-88.252800091781523,42.067050358659685],[-88.252576091331505,42.067051358227232],[-88.252466091110264,42.067052358016149],[-88.251304088775811,42.067057355772349],[-88.248438081365023,42.067072352729632],[-88.24748807845215,42.067072352399165],[-88.246593075707921,42.067072352087827],[-88.246217074556085,42.067070351952069],[-88.245908073609698,42.067068351839616],[-88.244983070776613,42.067062351502969],[-88.244675069833292,42.067060351390886],[-88.24441706904328,42.06705835129619],[-88.243646066681407,42.067054351018108],[-88.243464066123906,42.067053350952328],[-88.243389065895002,42.067051350921275],[-88.243323065693161,42.067050350895848],[-88.243031064801556,42.067043350776963],[-88.242555063347424,42.067033350586669],[-88.242503063188522,42.067032350566116],[-88.2423180626229,42.067029350494359],[-88.24108105884946,42.066993349975228],[-88.240734057792551,42.066980349822472],[-88.240667057589278,42.066976349789307],[-88.239930055328642,42.06697834953804],[-88.239233053190631,42.066980349300664],[-88.238364050529086,42.06697534898624],[-88.238285050282514,42.066983348978496],[-88.238183049969251,42.066984348945503],[-88.238187049838942,42.067246349592473],[-88.238191049429986,42.068020351501033],[-88.23819504923982,42.06839235241906],[-88.238203048621187,42.06957435533441],[-88.2382080482611,42.070264357036393],[-88.238210048053929,42.070656358003028],[-88.238207047572359,42.071524360140792],[-88.238215047138866,42.072366362218425],[-88.238225046237645,42.074079366443087],[-88.238273042202778,42.081769385410588],[-88.238276041291215,42.083462389583715],[-88.238273040488764,42.084920393175416],[-88.23827304037998,42.085120393668262],[-88.238277038755186,42.08813040108722],[-88.238255036440663,42.092258411250668],[-88.238254036389122,42.092347411469575],[-88.238254036284118,42.092540411945166],[-88.238251036215388,42.092649412212531],[-88.238252036099382,42.092868412752601],[-88.238251035950995,42.093135413410138],[-88.238237034337899,42.09601942051102],[-88.238278032950092,42.098808427400918],[-88.238341030807845,42.10311443803932],[-88.238341030776311,42.103172438182249],[-88.23833903000434,42.104580441651265],[-88.23833102887231,42.106615446662772],[-88.238325027631831,42.108861452195093],[-88.23832202713173,42.109763454416587],[-88.238311025702743,42.112326460727729],[-88.238310025093142,42.113441463474999],[-88.238313024794394,42.114008464873649],[-88.238329023496561,42.11648947099512],[-88.238341022268727,42.118818476740309],[-88.23834102226003,42.118834476779732],[-88.238344021464968,42.120314480428483],[-88.238351019139728,42.124632491073207],[-88.23835001894129,42.124991491957445],[-88.238348018485695,42.125817493992088],[-88.238349016893096,42.128752501225655],[-88.238349016796292,42.128930501664314],[-88.238343016417929,42.129590503287851],[-88.2383410153152,42.131606508255103],[-88.23834301495144,42.132287509934358],[-88.238340014899791,42.132364510122613],[-88.238341014866606,42.132431510288235],[-88.238339014501207,42.133091511913719],[-88.238331013223842,42.135392517580215],[-88.238328012684377,42.136366519978978],[-88.238316010928784,42.139522527750287],[-88.238316010860245,42.139648528060796],[-88.238322010608044,42.140148529296113],[-88.238310010143337,42.140930531216945],[-88.238289009510822,42.141966533758932],[-88.238300008998252,42.1429755362512],[-88.238303008881402,42.143208536826975],[-88.238306008714531,42.143533537629473],[-88.238310008558571,42.143844538397992],[-88.238317008246099,42.144461539922219],[-88.238321008078216,42.144794540744982],[-88.238322008008637,42.144928541075735],[-88.23833400762625,42.145704542994501],[-88.238333007579996,42.145783543188656],[-88.238344007179151,42.146587545175926],[-88.238361006435539,42.148058548810283],[-88.238366006295493,42.148346549522749],[-88.238375005869145,42.14918555159533],[-88.238378005749169,42.149424552185977],[-88.238397005025533,42.1508715557625],[-88.238422004219828,42.152506559805815],[-88.238440003599194,42.153758562901473],[-88.238441003534035,42.153884563212578],[-88.238446003352863,42.154248564112478],[-88.238366003084536,42.154252564077865],[-88.238202002536738,42.154256563996547],[-88.237712000897787,42.154272563763556],[-88.237549000352757,42.154277563685234],[-88.237398999852076,42.154280563609227],[-88.237063998733689,42.154287563440192],[-88.236950998357727,42.154287563377366],[-88.236801997861448,42.15428856329698],[-88.23592999495861,42.154291562819516],[-88.235662994070822,42.154290562668599],[-88.232396983205774,42.154288560847739],[-88.232248982713941,42.154287560763002],[-88.231606980577965,42.15428756040604],[-88.231110978927191,42.154288560132706],[-88.23108897885399,42.15428856012047],[-88.230947978383185,42.154291560049415],[-88.230583977174405,42.154287559837236],[-88.229653974081387,42.154285559315262],[-88.227969968479812,42.154283558374068],[-88.225284959546713,42.154283556881197],[-88.224590957237723,42.154283556495329],[-88.223828954704302,42.154280556064371],[-88.223698954271782,42.154280555992088],[-88.223370953175234,42.154289555831582],[-88.222880951549101,42.154282555542146],[-88.222815951332834,42.154282555506001],[-88.220039942098182,42.154280553957705],[-88.219334939752642,42.154280553565727],[-88.219094938955351,42.154278553427453],[-88.216757931180723,42.154277552125691],[-88.215473926913106,42.154270551394937],[-88.211863914906374,42.15426454937348],[-88.211835914813221,42.154264549357904],[-88.211815914746694,42.154264549346784],[-88.211778914623594,42.154264549326221],[-88.211676914284226,42.154264549269513],[-88.209246906199027,42.154265547920929],[-88.208672904289358,42.154265547601803],[-88.208235902836094,42.154264547356469],[-88.207228899485827,42.154264546796611],[-88.206926898478528,42.154268546638271],[-88.206490897024139,42.154274546410193],[-88.20628089632352,42.154277546300605],[-88.205863894943846,42.154265546040115],[-88.205108892433273,42.154263545615592],[-88.202354883272733,42.154260544077353],[-88.201571880667714,42.154260543642053],[-88.200962878644873,42.154255543291598],[-88.200838878232318,42.154255543222661],[-88.199580874044386,42.154259542532792],[-88.196925865213956,42.154255541047291],[-88.192623850904127,42.154251538646236],[-88.190158842703212,42.154251537275883],[-88.188963838729606,42.154248536604513],[-88.187478833791189,42.154245535771942],[-88.186309829902711,42.154244535119744],[-88.185690827844738,42.154242534770958],[-88.183833821668784,42.154239533731641],[-88.18369882121965,42.154239533656593],[-88.183215819612755,42.154239533388093],[-88.182658817760384,42.154238533076125],[-88.180990812211832,42.154237532146567],[-88.180434810362073,42.154237531837488],[-88.180142809391327,42.154236531672851],[-88.179265806475811,42.154233531178363],[-88.178974805507693,42.154233531016601],[-88.178951805431169,42.154233531003811],[-88.178517803988015,42.15423253076024],[-88.17793080203586,42.154231530431616],[-88.177678801197487,42.154231530291533],[-88.177149799435398,42.15423453000443],[-88.176932798711988,42.154236529888436],[-88.176694797921655,42.154234529751498],[-88.176396796930973,42.154233529583529],[-88.175502793956738,42.154233529086575],[-88.175205792968654,42.15423352892148],[-88.174805791638619,42.154232528696809],[-88.173766788182732,42.154231528116938],[-88.17360578764783,42.154230528025138],[-88.173206786321146,42.154229527801029],[-88.172995785619179,42.154229527683739],[-88.172364783519939,42.15422952733298],[-88.172154782820527,42.154230527218559],[-88.171614781024758,42.154229526916076],[-88.17020577633869,42.154227526128253],[-88.169997775646706,42.154227526012633],[-88.169459773855351,42.154229525718165],[-88.168740771463334,42.154229525318499],[-88.166585764293146,42.154230524122887],[-88.165867761903684,42.154231523726054],[-88.165587760972173,42.154231523570409],[-88.164749758184243,42.154231523104585],[-88.164470757256041,42.154231522949495],[-88.164006755713132,42.154230522689282],[-88.1626177510921,42.154230521917171],[-88.16215474955176,42.154230521659805],[-88.160847745203526,42.154230520933268],[-88.156965732288583,42.154230518775364],[-88.156926732158851,42.154230518753678],[-88.156093729384395,42.15423451829971],[-88.155620727805228,42.154241518052643],[-88.155573727649639,42.154240518024245],[-88.155435727191332,42.154239517945271],[-88.155389727038298,42.154239517919699],[-88.155354726921857,42.154239517900237],[-88.155239726540046,42.154238517834038],[-88.154791725051965,42.154235517578208],[-88.154642724556268,42.15423551749538],[-88.154596724404044,42.15423451746755],[-88.154458723944913,42.154234517390833],[-88.154413723795216,42.154234517365822],[-88.153370720330045,42.154228516772463],[-88.153144719582968,42.154222516633276],[-88.152707718132334,42.154218516381313],[-88.152570717676554,42.154218516305157],[-88.152097716103754,42.154217516039992],[-88.151971715686187,42.15421551596544],[-88.151699714782083,42.154214515811994],[-88.151039712589593,42.154210515436112],[-88.150741711594989,42.154214515279499],[-88.15056271099705,42.154217515186772],[-88.15053971092054,42.154217515173983],[-88.14996070899106,42.154221514861163],[-88.149485707406768,42.154226514608396],[-88.148911705496346,42.154227514291584],[-88.14855370430125,42.154232514103832],[-88.148237703251596,42.154230513923679],[-88.148157702987064,42.154228513874706],[-88.147809701834205,42.154222513667776],[-88.14755670099332,42.154221513524888],[-88.147374700387829,42.154221513423721],[-88.14708769943303,42.15422151326419],[-88.146532697586636,42.154221512955687],[-88.146319696874727,42.154225512846281],[-88.146294696791557,42.15422551283239],[-88.145681694752199,42.154225512491642],[-88.145213693194407,42.154226512233734],[-88.144946692306107,42.154226512085316],[-88.144148689651288,42.154226511641738],[-88.14388268876634,42.154226511493874],[-88.143612687868085,42.154226511343794],[-88.143450687328297,42.154227511255989],[-88.143390687128687,42.154227511222636],[-88.143339686959024,42.154227511194286],[-88.143157686353533,42.154227511093119],[-88.143090686130634,42.154227511055872],[-88.141592681147827,42.154226510220951],[-88.141260680045804,42.154223510029702],[-88.140922678920489,42.154224509844049],[-88.140826678601115,42.154224509790687],[-88.140538677642951,42.154224509630595],[-88.140443677326914,42.154224509577794],[-88.140097676176666,42.154223509383236],[-88.139061672731714,42.154221508802905],[-88.13871667158395,42.154221508611137],[-88.138189669831547,42.15422050831598],[-88.136611664584336,42.154217507432179],[-88.136433663992136,42.154217507333236],[-88.136085662838639,42.154212507128697],[-88.135244660045913,42.154206506647938],[-88.134787658519599,42.154213506409448],[-88.134761658433931,42.154212506392774],[-88.134690658198593,42.154211506351103],[-88.133984655855855,42.154204505943177],[-88.133655654762165,42.154203505758097],[-88.133229653345836,42.154202505519109],[-88.132367650478997,42.154201505037783],[-88.132150649757932,42.154200504914968],[-88.131502647603043,42.154199504552601],[-88.131286646884462,42.154199504432547],[-88.131108646293157,42.154198504331404],[-88.130577644527506,42.154197504034066],[-88.130400643938643,42.154197503935691],[-88.129980642543131,42.154195503697842],[-88.128720638354892,42.154191502988738],[-88.128350637124882,42.154190502780892],[-88.128301636961865,42.154190502753657],[-88.128287636915289,42.154190502745877],[-88.128248636785543,42.154190502724205],[-88.128235636742289,42.154190502716979],[-88.127985635910591,42.154190502578032],[-88.127669634859345,42.154190502402408],[-88.127236633418846,42.154190502161754],[-88.12717563321506,42.154191502130054],[-88.126987632594876,42.154185502012375],[-88.126851632146838,42.154180501925801],[-88.126825632060346,42.154180501911348],[-88.126446630795115,42.154185501711709],[-88.126311630344262,42.154187501641069],[-88.126142629778499,42.154191501555928],[-88.126072629546499,42.154190501514826],[-88.125355627165646,42.15418550110536],[-88.125116626371423,42.154184500970338],[-88.124871625557262,42.154183500831984],[-88.124136623112989,42.154182500421307],[-88.123891622297947,42.154182500285145],[-88.123682621607088,42.154177500158042],[-88.123645621484002,42.154177500137472],[-88.123232620107402,42.154180499914517],[-88.123056619528995,42.154172499799181],[-88.123028619436724,42.154171499781434],[-88.12284861883704,42.15417249968359],[-88.122688618303883,42.154173499596858],[-88.122554617852757,42.154179499535523],[-88.122278616925684,42.154189499404012],[-88.122195616649549,42.154189499357877],[-88.122032616106395,42.154190499269475],[-88.121933615777053,42.154190499214451],[-88.121639614798099,42.15419149905324],[-88.121541614471184,42.154192499000956],[-88.121391613972165,42.154192498917595],[-88.121357613858152,42.154193498900874],[-88.121073612924093,42.154181498716817],[-88.120942612490069,42.15417949863965],[-88.120793611996177,42.154177498552478],[-88.12069261166198,42.154175498491973],[-88.12039061066001,42.154172498317592],[-88.120290610328226,42.154171498259835],[-88.12007660962081,42.154166498129996],[-88.119885608986309,42.154165498021662],[-88.119359607236476,42.154165497729359],[-88.118670604943489,42.154166497348648],[-88.118265603594367,42.154168497127941],[-88.117690601684231,42.154165496801859],[-88.11758260132676,42.154163496737496],[-88.116885599014424,42.154156496334934],[-88.115535594530712,42.15414849556737],[-88.11485359226468,42.154145495181893],[-88.11458159136167,42.154143495026418],[-88.113765588652669,42.15413749455999],[-88.113494587752982,42.154135494405068],[-88.113344587254915,42.15413449431955],[-88.113244586923173,42.154133494261814],[-88.112725585199428,42.154130493966946],[-88.112497584440959,42.154130493840263],[-88.112248583610807,42.154132493706243],[-88.112174583364634,42.154132493665131],[-88.111954582632791,42.154132493542889],[-88.111881582389032,42.154133493504474],[-88.111560581323957,42.154130493319627],[-88.110604578149307,42.15412449277548],[-88.110280577077987,42.154117492580347],[-88.109810575518225,42.154113492310586],[-88.108464571050973,42.154102491539057],[-88.108401570841409,42.154102491504055],[-88.107932569281274,42.154102491243492],[-88.107825568926273,42.154101491181898],[-88.107504567861284,42.154098490997107],[-88.107397567506268,42.154097490935499],[-88.106937565979848,42.154093490671343],[-88.106255563715877,42.154088490281708],[-88.105559561404434,42.154084489886472],[-88.105100559878537,42.154083489629329],[-88.104463557766223,42.154076489260447],[-88.103989556194222,42.154071488986425],[-88.102909552604558,42.154068488380062],[-88.102552551421795,42.154063488171047],[-88.102337550708512,42.154061488047354],[-88.101916549307177,42.154062487815629],[-88.101623548331574,42.154063487655009],[-88.101272547168776,42.154058487449348],[-88.100628545034255,42.154050487074556],[-88.099340540755676,42.154044486346343],[-88.099122540030535,42.15404448622526],[-88.099074539870884,42.1540444861986],[-88.098697538620712,42.154040485980673],[-88.098675538547525,42.154040485968451],[-88.098633538408777,42.154039485942988],[-88.098607538322312,42.15403948592855],[-88.098338537430408,42.154036485772757],[-88.098249537134365,42.154036485723324],[-88.098193536949054,42.154035485690081],[-88.098025536391205,42.15403448559465],[-88.097969536204928,42.154034485563542],[-88.097630535080199,42.154031485368876],[-88.096986532943887,42.154025484998435],[-88.09661453170942,42.154022484785457],[-88.096276530588028,42.154019484591366],[-88.096020529737501,42.154018484447057],[-88.095927529429119,42.154017484393286],[-88.094884525964716,42.154012483803434],[-88.094536524808163,42.154011483608045],[-88.094071523265384,42.154007483341324],[-88.093241520509508,42.154002482869807],[-88.09267951864507,42.153997482547119],[-88.09221651710898,42.153993482281535],[-88.092155516907056,42.153992482245549],[-88.09197451630601,42.153991482142928],[-88.091914516106442,42.15399148210961],[-88.091513514775599,42.153988481880589],[-88.090310510782146,42.153980481195674],[-88.089941509556766,42.153978480986559],[-88.089909509450337,42.153978480968789],[-88.089835509205187,42.15397748092559],[-88.089615508474424,42.153976480801319],[-88.089542508231617,42.153976480760782],[-88.089314507476246,42.153973480627855],[-88.08920550711467,42.15397248056523],[-88.089190507064799,42.153972480556902],[-88.088632505213766,42.153967480236531],[-88.088405504459743,42.15396648010838],[-88.087949502945023,42.153964479850977],[-88.087726502204305,42.153963479725057],[-88.087055499974511,42.153961479348283],[-88.086584498418901,42.153950479063639],[-88.086397497799922,42.153947478953512],[-88.086130496910869,42.153948478807365],[-88.085830495914081,42.153947478638713],[-88.08493149292697,42.15394447813329],[-88.08463249193349,42.153943477965193],[-88.084336490951003,42.153941477796664],[-88.08344848800354,42.153935477291085],[-88.08315348702439,42.153933477123125],[-88.083041486652874,42.153932477058859],[-88.08270548553736,42.153930476868133],[-88.082593485164864,42.153930476805961],[-88.082561485059443,42.153929476786104],[-88.082464484736832,42.153929476732245],[-88.082433484633711,42.153929476715042],[-88.082231483963881,42.15392747659871],[-88.081627481958037,42.153924476257131],[-88.081426481290521,42.153923476143461],[-88.081397481194074,42.15392347612736],[-88.081309480901382,42.153923476078504],[-88.081281480808258,42.153923476062964],[-88.081179480470027,42.15392247600424],[-88.080874479458672,42.153919475828665],[-88.08077347912274,42.153919475772589],[-88.080609478578296,42.153918475679468],[-88.080593478526097,42.153917475668486],[-88.080055476739815,42.153914475363564],[-88.079876476144449,42.153914475264195],[-88.078571471805134,42.153913474537681],[-88.077455468100567,42.153906473903604],[-88.077365467801243,42.153906473853645],[-88.076917466317397,42.153900473592486],[-88.076689465561145,42.15389847346178],[-88.075264460824854,42.153895472664558],[-88.074683458896644,42.153891472333761],[-88.074255457469036,42.153895472104487],[-88.074071456856046,42.153896472004419],[-88.073512455005172,42.153888471677568],[-88.072654452153671,42.15388647119719],[-88.069333441117962,42.153877469335299],[-88.068845439500208,42.153872469054136],[-88.068452438196317,42.153869468829839],[-88.067384434645419,42.153868468235025],[-88.066897433025758,42.153868467964735],[-88.06657843196696,42.15386646778358],[-88.06562142878947,42.15386146724218],[-88.065303427732943,42.153860467063637],[-88.064806426080025,42.153860466787805],[-88.063937423188875,42.153861466307568],[-88.063318421134483,42.153857465955838],[-88.062823419491437,42.153854465674989],[-88.062536418539082,42.153852465511612],[-88.06167741568656,42.153848465026719],[-88.06146041496595,42.153847464904253],[-88.061391414736462,42.153847464865969],[-88.061295414417202,42.153847464812685],[-88.060907413130053,42.153844464591238],[-88.060779412705429,42.153843464518161],[-88.060415411494859,42.153843464316161],[-88.059821409517227,42.153845463990592],[-88.058104403815619,42.153837463021461],[-88.057487401765812,42.153835462674998],[-88.05651239852763,42.153831462125815],[-88.056355398006573,42.153830462036659],[-88.055884396441257,42.153829461773263],[-88.055727395919135,42.153829461686144],[-88.055390394800582,42.153827461495069],[-88.054379391444883,42.153821460921904],[-88.054043390328545,42.153820460733435],[-88.053904389867398,42.15381946065429],[-88.053488388486116,42.153817460419404],[-88.053378388120279,42.153817460358368],[-88.053350388027155,42.153817460342829],[-88.053215387580394,42.153815460263871],[-88.052813386247877,42.153811460032721],[-88.052679385803359,42.15381045995634],[-88.052664385753459,42.153810459948019],[-88.052217384266925,42.153810459699997],[-88.051765382761531,42.153812459453228],[-88.050833379669783,42.153805458921966],[-88.050372378138889,42.153803458662146],[-88.050225377651131,42.153802458578568],[-88.050181377504799,42.153802458554154],[-88.05014437738285,42.153801458531603],[-88.049784376186764,42.153800458329847],[-88.049717375963951,42.153800458292672],[-88.049638375701221,42.153800458248838],[-88.049598375568181,42.153800458226648],[-88.049478375169116,42.153800458160063],[-88.049439375038304,42.153801458140435],[-88.048912373287948,42.153799457844002],[-88.048861373118356,42.153799457815701],[-88.048323371332515,42.153796457511163],[-88.047665369147623,42.153793457140054],[-88.047331368039124,42.153791456950728],[-88.046805366292091,42.15378945665487],[-88.046368364841086,42.153787456408395],[-88.045059360493525,42.153782455672122],[-88.044623359044721,42.153781455428224],[-88.044305357990552,42.153778455245792],[-88.044196357628095,42.153778455185318],[-88.043791356277865,42.153781454966627],[-88.043037353771552,42.153780454546308],[-88.042917353374747,42.153778454475734],[-88.042491351961445,42.153775454233397],[-88.042070350565922,42.153771453991844],[-88.041725349416367,42.15377345380444],[-88.041520348732377,42.153775453694706],[-88.040029343792199,42.153759452835651],[-88.039430341813912,42.153747452479479],[-88.039387341670917,42.153747452455626],[-88.038665339253981,42.153761452082946],[-88.038645339187482,42.153761452071855],[-88.038586338990143,42.153762452041107],[-88.038567338925816,42.153763452032557],[-88.038508338728477,42.153764452001809],[-88.038331338137581,42.153766451907593],[-88.0382733379424,42.153768451879387],[-88.038124337444614,42.153770451800703],[-88.03802133710326,42.153769451741574],[-88.037265334590302,42.153768451320175],[-88.037014333755621,42.15376845118093],[-88.036534332160514,42.153767450912653],[-88.036466331936666,42.153765450870964],[-88.036443331861335,42.153764450856222],[-88.036067330623595,42.153753450625835],[-88.036033330510534,42.153753450606978],[-88.035614329119468,42.153751450370578],[-88.034823326491349,42.15374944992783],[-88.034337324876333,42.153748449656256],[-88.034276324673485,42.15374844962242],[-88.034220324488416,42.153747449589375],[-88.034055323940862,42.153746449495877],[-88.034000323757965,42.153746449465359],[-88.033910323459835,42.153745449413456],[-88.03364232256979,42.153744449262824],[-88.033596322417964,42.153743449235328],[-88.033553322273818,42.153744449213448],[-88.033536322217287,42.153744449204019],[-88.033352321606557,42.153743449099977],[-88.033256321288476,42.153742449044742],[-88.032366318332336,42.153739448545132],[-88.032070317348015,42.153739448380932],[-88.031629315883833,42.153737448132368],[-88.030308311494466,42.15373444739371],[-88.029868310032469,42.15373344714768],[-88.029656309328658,42.153732447028119],[-88.029495308793273,42.153732446938818],[-88.029021307218201,42.153731446673923],[-88.028810306516533,42.15373144655689],[-88.028772306390167,42.153731446535815],[-88.028658306011081,42.153731446472577],[-88.028621305888052,42.153731446452049],[-88.028574305731752,42.153731446425979],[-88.028433305262865,42.15373144634777],[-88.028386305106579,42.153731446321707],[-88.027884303434888,42.15373344604717],[-88.026378298419772,42.153739445223557],[-88.025877296750224,42.153742444951526],[-88.025694296141666,42.153742444850018],[-88.025146294315789,42.153745444551909],[-88.024964293708194,42.153747444454858],[-88.024801293166149,42.153747444364441],[-88.024765293045263,42.153748444346419],[-88.024314291552585,42.153742444084514],[-88.024152291016236,42.153740443990742],[-88.024068290752297,42.153727443918768],[-88.02398029044781,42.153737443889476],[-88.023827289941408,42.153735443800706],[-88.023746289673255,42.15373444375382],[-88.023539288988445,42.153731443633141],[-88.022918286932864,42.153723443273087],[-88.02271228625024,42.153721443154929],[-88.022129284321053,42.153713442815977],[-88.02201428393272,42.153718442761928],[-88.02119928124165,42.15370244227875],[-88.020524279016172,42.153686441873269],[-88.019923277008132,42.153694441555508],[-88.019493275569872,42.153701441330632],[-88.019226274683206,42.153700441180604],[-88.018023270687706,42.153696440505655],[-88.017403268628442,42.153694440157921],[-88.017176267874817,42.153693440030096],[-88.016978267217596,42.153692439918352],[-88.014741259787471,42.153685438664219],[-88.011263248254053,42.153659436685423],[-88.01098624733298,42.153659436531825],[-88.009456242241797,42.153662435689171],[-88.009378241982432,42.15366243564592],[-88.008896240382143,42.153660435374803],[-88.007452235587991,42.153654434562604],[-88.00697123398983,42.153653434293979],[-88.006469232323084,42.153651434011792],[-88.004963227322861,42.153645433165288],[-88.004462225658216,42.153644432885578],[-88.003487222417448,42.15364343234306],[-88.000562212695243,42.153640430715534],[-87.999588208413783,42.153639430006407],[-87.998983204853886,42.153639429423038],[-87.998654202918033,42.153639429105809],[-87.997171194194578,42.153637427672045],[-87.996567190640619,42.153637427089642],[-87.996541190487633,42.153637427064574],[-87.995806186162866,42.153637426355857],[-87.993715173859329,42.153637424339642],[-87.993523172732495,42.153635424150707],[-87.993072170083238,42.153632423710143],[-87.992763168263636,42.153633423414092],[-87.99186816299904,42.153632422549208],[-87.989184147209869,42.153630419957388],[-87.988290141949705,42.153630419095357],[-87.987810139127106,42.153629418630629],[-87.986371130665347,42.15362641723739],[-87.985892127848743,42.153625416773622],[-87.985774127154457,42.153625416659843],[-87.985421125077536,42.153625416319464],[-87.98530312438497,42.153624416203783],[-87.985163123559545,42.153625416070689],[-87.98499012254166,42.153625415903882],[-87.984305118513092,42.153624415241467],[-87.983032111023221,42.15362441401399],[-87.98225110643348,42.153621413255216],[-87.981567102410963,42.153620412593781],[-87.98111409974571,42.153620412156975],[-87.980586096637381,42.153621411649759],[-87.980235094575974,42.153619411307503],[-87.979953092926195,42.153614411026091],[-87.979383089576473,42.153612410472661],[-87.978757085897342,42.153610409865244],[-87.978661085332575,42.153610409772675],[-87.97643707227401,42.153597407603485],[-87.975688067877797,42.153592406871752],[-87.975581067248356,42.153592406768581],[-87.975465066567978,42.153591406654833],[-87.975222065140528,42.153590406418616],[-87.974170058960212,42.153586405396624],[-87.973697056181933,42.153584404936723],[-87.972158047139445,42.153579403443231],[-87.971937045839468,42.153579403230125],[-87.970381036662843,42.153590401750684],[-87.969351030608152,42.153588400753698],[-87.968947028231625,42.153588400364143],[-87.966586014354348,42.153583398078034],[-87.965832009921328,42.153582397349084],[-87.965588008488353,42.153581397111907],[-87.965487007894239,42.153581397014513],[-87.965467007776581,42.153581396995229],[-87.965350007090692,42.153580396880514],[-87.963817998116866,42.153564395372804],[-87.963425995820714,42.153560394987203],[-87.962823992294332,42.153554394395286],[-87.962790992100238,42.153554394363461],[-87.962268989044574,42.153548393848702],[-87.962217988744612,42.153548393799518],[-87.962090988000128,42.153547393675154],[-87.961969987293344,42.153545393554673],[-87.961046981887023,42.153536392647517],[-87.960710979920862,42.15353239231591],[-87.960541978929484,42.153531392151045],[-87.960427978264022,42.153529392037314],[-87.95915597081634,42.153516390785988],[-87.959134970692858,42.153516390765738],[-87.959113970569391,42.153516390745487],[-87.959006969942706,42.153515390640408],[-87.958937969539463,42.153514390571964],[-87.958841968977481,42.153513390477492],[-87.958756968480188,42.153512390393622],[-87.958732968339064,42.15351239037048],[-87.957167959172523,42.15349838883472],[-87.956893957566621,42.153496388566701],[-87.955714950660592,42.153486387410766],[-87.955544949666333,42.153484387243026],[-87.955334948434285,42.153483387038612],[-87.955306948269651,42.153483387011612],[-87.955081946952077,42.153481386790837],[-87.954141941438891,42.153476385874889],[-87.95337193692275,42.153472385124765],[-87.952623932538827,42.153467384393949],[-87.952276930507026,42.153464384053628],[-87.951607926585112,42.153460383400898],[-87.951351925220379,42.153409383056776],[-87.951006923355592,42.153350382611556],[-87.950612921195969,42.153294382124813],[-87.950225919048165,42.153249381665781],[-87.949784916556439,42.153214381173747],[-87.949619915615742,42.153204380995547],[-87.949450914651649,42.153194380813503],[-87.949424914501819,42.153193380786519],[-87.948881911345254,42.153182380241894],[-87.948840911107425,42.153181380200451],[-87.948646909974272,42.15317938000954],[-87.948529909290315,42.153178379894811],[-87.948178907238514,42.153175379550603],[-87.948062906557595,42.153175379438736],[-87.947919905721065,42.153174379298925],[-87.947490903211516,42.153171378879492],[-87.94734890237801,42.153171378742556],[-87.947107900969158,42.153169378506334],[-87.946791899117216,42.153168378199688],[-87.946524897547135,42.153169377944124],[-87.946384896725377,42.153169377809114],[-87.94629989622355,42.153170377729047],[-87.946144895307924,42.153172377583395],[-87.946113895125961,42.153172377553496],[-87.946023894597673,42.153172377466703],[-87.945993894418677,42.153173377439678],[-87.945545891791909,42.153172377005745],[-87.945038888818885,42.153171376514912],[-87.944204883941325,42.153165375699189],[-87.94375788132659,42.153162375262397],[-87.943323878791205,42.153158374836238],[-87.942023871188368,42.153149373565384],[-87.941809869935426,42.153148373357105],[-87.941621868835099,42.153147373173901],[-87.941590868653165,42.153147373144002],[-87.941481868016481,42.153146373036982],[-87.941246866643397,42.153144372806544],[-87.94115486610653,42.153143372715903],[-87.941045865466819,42.153143372610792],[-87.940885864533925,42.15314137245268],[-87.940574862711799,42.153140372150851],[-87.940408861731413,42.153142371994591],[-87.940249860788995,42.153145371846989],[-87.939920858842612,42.153150371539262],[-87.939569856798101,42.153145371191222],[-87.939551856692461,42.153145371173864],[-87.938895852889402,42.153130370512592],[-87.938259849223201,42.153109369859145],[-87.937532844979486,42.153102369144683],[-87.936906841322298,42.153097368531434],[-87.936853841011342,42.153097368480317],[-87.936818840809167,42.153096368444658],[-87.936715840204812,42.153096368345324],[-87.936681840005321,42.153096368312539],[-87.936457838697436,42.153094368092702],[-87.936403838380571,42.15309436804062],[-87.935785834773895,42.153088367433178],[-87.935561833462884,42.153087367215242],[-87.934716828524671,42.153081366388882],[-87.934400826592253,42.153105366130013],[-87.934219825572768,42.153092365930611],[-87.934118825003111,42.153085365819834],[-87.933959824103056,42.153075365647382],[-87.930864806026364,42.153051362616765],[-87.929700799283594,42.153026361446415],[-87.928956794861392,42.153043360761423],[-87.928542792384647,42.153057360388949],[-87.928051789497403,42.153059359919268],[-87.926935782989091,42.153048358821984],[-87.925564774929128,42.153053357509378],[-87.92335876192351,42.153071355416415],[-87.923065760161165,42.153083355156816],[-87.922887759196541,42.153061354943048],[-87.922627757794672,42.153027354627234],[-87.922165755063034,42.15303335419317],[-87.920033742420529,42.153070352207955],[-87.9177617289252,42.15311435010117],[-87.915945718138516,42.153148348415016],[-87.915400714912948,42.15315534790286],[-87.914855711683245,42.153163347392606],[-87.914420709114481,42.153167346980787],[-87.914313708490312,42.153166346875679],[-87.914215707922864,42.153164346777345],[-87.912295696728364,42.153145344889374],[-87.911656693001902,42.153139344261646],[-87.911359691274782,42.15313534396757],[-87.911344691186756,42.153135343953103],[-87.911041689420514,42.153132343655145],[-87.910714687517469,42.153128343332135],[-87.910484686143718,42.153134343121835],[-87.910344685330116,42.153132342982985],[-87.910204684508528,42.153132342847982],[-87.910064683690948,42.153131342711049],[-87.9099266828851,42.153130342576056],[-87.909801682155575,42.153129342453589],[-87.909511680490013,42.153120342156669],[-87.909249678936391,42.153124341911678],[-87.909023677646587,42.153115341676475],[-87.908867676739277,42.153113341522207],[-87.908812676416545,42.153113341469165],[-87.908767676156543,42.153112341423842],[-87.908350673725863,42.15310834101404],[-87.907293667564588,42.153098339975521],[-87.906554663249111,42.153093339253275],[-87.903952648078928,42.153070336699848],[-87.902137637473544,42.153060334930323],[-87.90113863162594,42.153057333961158],[-87.897380609708293,42.153028330281337],[-87.897351609542611,42.153027330251454],[-87.897264609036711,42.15302633016563],[-87.897235608866623,42.153026330137664],[-87.896256603155578,42.153019329180083],[-87.893543587324999,42.153001326529122],[-87.893322586033463,42.153000326314071],[-87.892344580311658,42.152997325365135],[-87.892306580093376,42.152996325326569],[-87.892192579433953,42.152994325212781],[-87.892154579211109,42.152994325176131],[-87.892099578893152,42.152993325121173],[-87.891934577939239,42.152990324956285],[-87.891879577616734,42.152990324903243],[-87.891636576210047,42.152986324661214],[-87.891564575787839,42.152986324591772],[-87.891296574230026,42.15298332432755],[-87.890908571968623,42.152980323947602],[-87.89066657055416,42.152979323712302],[-87.890455569326136,42.152977323504963],[-87.889822565642163,42.152971322882969],[-87.889779565390029,42.152971322841502],[-87.889611564409591,42.152970322677561],[-87.889141561672318,42.152966322216606],[-87.888523558067405,42.152962321612911],[-87.887732553462413,42.152955320836618],[-87.887263550726757,42.152952320378539],[-87.886551546552269,42.152952319691884],[-87.88441753404058,42.152952317633854],[-87.883706529871958,42.152952316948166],[-87.883672529672609,42.152952316915375],[-87.883570529074589,42.152952316817],[-87.883472528500022,42.152952316722491],[-87.883320527608817,42.152952316575906],[-87.88267052379787,42.152952315949044],[-87.882454522526572,42.152953315742657],[-87.882209521095007,42.15295231550445],[-87.881478516809125,42.152952314799478],[-87.881234515378537,42.15295231456416],[-87.881193515138165,42.152952314524619],[-87.88109351455185,42.152952314428177],[-87.881072514428737,42.152952314407926],[-87.881032514194217,42.152952314369351],[-87.880813512910223,42.152952314158142],[-87.88068651216561,42.152952314035666],[-87.880340510137003,42.152952313701981],[-87.880160509086593,42.152951313526465],[-87.880141508975186,42.152951313508147],[-87.879942507808465,42.15295131331623],[-87.87977950685773,42.152950313157106],[-87.879605505852425,42.152947312983528],[-87.879151503220456,42.152941312534146],[-87.878802501149508,42.152946312207185],[-87.87859549993091,42.152947312009481],[-87.878259497951007,42.152949311689291],[-87.878150497311964,42.152949311584166],[-87.878078496884825,42.152950311516655],[-87.877826495412364,42.152949311271698],[-87.877718494779174,42.152949311167546],[-87.877529493671062,42.152949310985271],[-87.87723849196496,42.152949310704635],[-87.876963490357682,42.152948310437502],[-87.876775489255436,42.152948310256193],[-87.876635488439689,42.152947310119252],[-87.876373486903617,42.152947309866576],[-87.876217485989002,42.152947309716126],[-87.876078485174048,42.152947309582082],[-87.875995484692496,42.152946309500102],[-87.875888484065186,42.15294630939691],[-87.875748483244379,42.1529463092619],[-87.87566648276362,42.152946309182816],[-87.875620482493929,42.15294630913845],[-87.87548248168487,42.152946309005365],[-87.875437481421031,42.152946308961965],[-87.875288480547468,42.152946308818272],[-87.875234480230873,42.152946308766197],[-87.874891478225024,42.15294530843348],[-87.874811477755983,42.152945308356323],[-87.874682476999681,42.152945308231921],[-87.874494475897464,42.152945308050612],[-87.874419475457771,42.152945307978278],[-87.874401475352229,42.15294530796092],[-87.874309474817963,42.152944307870278],[-87.874166473979599,42.152944307732362],[-87.874124473733346,42.152944307691861],[-87.873851472132827,42.152944307428569],[-87.87361747076605,42.152943307200971],[-87.873304468931025,42.152943306899111],[-87.872485464134584,42.152942306107342],[-87.872144462140568,42.152941305776558],[-87.872099461876743,42.152941305733158],[-87.871878460581101,42.152941305520024],[-87.871594458921294,42.152940305244208],[-87.871551458669202,42.152940305202733],[-87.871486458288132,42.152940305140049],[-87.871424457924647,42.152940305080257],[-87.871382457678408,42.152940305039749],[-87.871190456557983,42.152939304852659],[-87.871093455989325,42.152939304759116],[-87.870226450911645,42.152938303921054],[-87.869938449223227,42.152938303643303],[-87.869429446244411,42.152937303150487],[-87.869382445968881,42.152937303105162],[-87.868159438804256,42.152936301923773],[-87.86790343730344,42.152936301676881],[-87.867880437168594,42.152936301654698],[-87.867395434314631,42.152938301190822],[-87.866909431460044,42.152939300724036],[-87.866092426654191,42.152942299941905],[-87.865454422946087,42.152936299315044],[-87.86509942088108,42.152933298966907],[-87.864969420124353,42.152932298839595],[-87.864481417285134,42.152928298361253],[-87.863017408757329,42.152918296930068],[-87.862529405913094,42.152915296453656],[-87.862015402916555,42.152912295952163],[-87.860473393927478,42.152903294447682],[-87.859960390937175,42.152900293947148],[-87.85945938802287,42.152896293456266],[-87.85795637926384,42.152887291989373],[-87.857455376344348,42.152884291500413],[-87.85686037287968,42.152880290918866],[-87.855076362486699,42.152869289177104],[-87.854482359022754,42.152866288598446],[-87.854356358295774,42.152864288473069],[-87.853978356103511,42.152860288100797],[-87.853853355376728,42.152859287978302],[-87.853719354602944,42.152857287845215],[-87.853316352264343,42.152853287448828],[-87.853183351490728,42.15285228731863],[-87.853114351092159,42.152851287250158],[-87.852907349896455,42.152848287044733],[-87.852839349497984,42.15284828697915],[-87.852575347968326,42.152845286718744],[-87.852240346028466,42.15284128638794],[-87.852045344897434,42.152839286196006],[-87.852007344680558,42.152838286157433],[-87.851991344586807,42.152838286142007],[-87.851857343807438,42.152837286010843],[-87.849449329856355,42.152810283636327],[-87.848796326071906,42.152803282993034],[-87.84860232492359,42.152805282809794],[-87.848577324842026,42.152794282764432],[-87.848502324331804,42.152806282715289],[-87.848478324185308,42.15280728269407],[-87.848451324027124,42.152807282668029],[-87.848371323558453,42.152807282590878],[-87.848345323400196,42.152808282567726],[-87.848311323201017,42.152808282534941],[-87.848211322609245,42.15280928244043],[-87.848178322410007,42.152810282410528],[-87.847951321068237,42.15281228219547],[-87.84791232083974,42.152812282157853],[-87.847621319111127,42.152816281884931],[-87.847556318736238,42.152815281820317],[-87.846825314471303,42.152812281109512],[-87.845958309499451,42.15279428023856],[-87.845692307923201,42.152797279987816],[-87.845071304231126,42.152806279406306],[-87.844393300198732,42.152816278771738],[-87.84341529458996,42.152796277789861],[-87.841704284645971,42.152783276114562],[-87.841602284030131,42.152786276021985],[-87.841536283649631,42.152785275956397],[-87.840079275256386,42.152762274506735],[-87.839014269006057,42.15276427348347],[-87.838575266428506,42.152765273062002],[-87.838392265356632,42.152765272885517],[-87.83837026522778,42.152765272864293],[-87.83816526402704,42.152765272666585],[-87.837914262569313,42.152763272420636],[-87.837845262171385,42.152762272352156],[-87.837663261105376,42.152762272176624],[-87.837552260461464,42.152761272067643],[-87.837441259811328,42.152761271960586],[-87.837217258505575,42.152760271742615],[-87.836437253943288,42.152759270988412],[-87.835879250687583,42.152757270446379],[-87.835433248075347,42.152757270016231],[-87.835118246230365,42.152757269712424],[-87.834695243752847,42.152757269304473],[-87.834174240758415,42.15274826878457],[-87.833860238951161,42.152743268472051],[-87.833555237196705,42.152738268168221],[-87.833494236845809,42.152737268107451],[-87.832398230459148,42.152732267040733],[-87.832226229451862,42.152732266874843],[-87.832033228328015,42.152731266686772],[-87.831363224410751,42.152730266038652],[-87.831314224130224,42.15272926598945],[-87.82915921158812,42.152717263887816],[-87.828441207403188,42.152714263189523],[-87.827999204834569,42.152711262757421],[-87.826674197121861,42.152704261465942],[-87.826233194552785,42.152702261036758],[-87.825918192721531,42.15270026072907],[-87.824973187228039,42.152694259806026],[-87.824659185402794,42.152692259499304],[-87.824610185122538,42.152691259450116],[-87.824465184286851,42.152689259306392],[-87.82441718400581,42.152689259260093],[-87.824285183246246,42.152687259128903],[-87.824067181989832,42.152684258912842],[-87.823890180993473,42.152678258730504],[-87.823759180246512,42.15267525859835],[-87.823663179704468,42.15267225849994],[-87.82364217959487,42.152670258475816],[-87.823291177700227,42.152646258090776],[-87.823175177067967,42.152639257965326],[-87.823005176159811,42.152626257776177],[-87.822840175267658,42.152615257595713],[-87.822498173393356,42.152596257229035],[-87.822329172458012,42.152588257050532],[-87.822097171187664,42.152575256801583],[-87.821756169313346,42.152557256437788],[-87.821401167296884,42.152548256077949],[-87.821169165973259,42.152543255844499],[-87.821112165653261,42.152541255785643],[-87.821073165431827,42.152540255746082],[-87.82094416469738,42.152537255615854],[-87.820888164376527,42.152536255559902],[-87.820842164114154,42.152535255513591],[-87.82079616385181,42.152534255467295],[-87.820704163320343,42.152533255376625],[-87.82065816305122,42.152533255332251],[-87.820595162689443,42.152532255269549],[-87.820410161613921,42.152531255089173],[-87.820348161251218,42.15253125502938],[-87.820108159860752,42.152529254794011],[-87.819391155700231,42.152524254092768],[-87.819152154308924,42.152523253860316],[-87.818959153193504,42.152521253670287],[-87.818523150656631,42.152519253245892],[-87.818381149839624,42.152517253105046],[-87.818294149330711,42.152517253021138],[-87.818189148716485,42.152517252919864],[-87.818051147909244,42.152517252786758],[-87.81797114744127,42.1525172527096],[-87.81731914357924,42.15252425209431],[-87.817102142289201,42.152527251890831],[-87.81628713745944,42.152536251122228],[-87.814609127496894,42.152557249544529],[-87.814216125218337,42.152554249159664],[-87.813842123037077,42.152553248796998],[-87.813027118296674,42.152549248003169],[-87.812994118110595,42.152548247969406],[-87.812895117531369,42.152548247873916],[-87.812863117344151,42.152548247843058],[-87.812775116836306,42.152547247756239],[-87.812511115298761,42.152546247499664],[-87.812423114783897,42.15254624741479],[-87.812378114527633,42.152545247369453],[-87.812243113737821,42.152545247239246],[-87.812198113474537,42.152545247195846],[-87.811937111961583,42.152543246940219],[-87.811156107420544,42.152539246179188],[-87.810896105906536,42.152538245926479],[-87.810544103868395,42.152535245581149],[-87.809491097757814,42.152528244551938],[-87.809140095718689,42.152526244209511],[-87.808602092599912,42.152522243682846],[-87.807739087594442,42.152516242838828],[-87.806979083191749,42.152510242094145],[-87.806640081223151,42.1525082417633],[-87.806451080060071,42.152516241596544],[-87.806198078500884,42.152527241373875],[-87.806005077400684,42.152523241179964],[-87.805444074198363,42.152512240617511],[-87.804186066875971,42.152507239394446],[-87.804054065878574,42.152538239327356],[-87.803983065485014,42.152535239253041],[-87.8039240651471,42.152534239194196],[-87.803416062269932,42.152521238678972],[-87.802486056822289,42.152522237783927],[-87.801787052623226,42.152537237138887],[-87.801359050075192,42.152543236737735],[-87.801108048569915,42.152548236505361],[-87.800075042481865,42.152554235520697],[-87.799982041930363,42.152555235432942],[-87.799648039990984,42.152553235106915],[-87.799608039764337,42.152552235066388],[-87.799488039062254,42.152552234950647],[-87.799449038834084,42.152552234913031],[-87.799394038519694,42.152551234858045],[-87.799230037560179,42.152551234699864],[-87.799176037244237,42.152551234647781],[-87.799108036853823,42.152550234580254],[-87.798906035679394,42.152549234383478],[-87.798839035287401,42.152549234318855],[-87.798766034860307,42.152549234248447],[-87.798735034686359,42.152548234216603],[-87.798657034230018,42.152548234141378],[-87.798622034025243,42.15254823410762],[-87.798576033756106,42.152548234063254],[-87.798427032891809,42.152547233917602],[-87.798324032289173,42.152547233818254],[-87.798253031881245,42.152546233747827],[-87.798042030654216,42.152545233542376],[-87.797972030244694,42.152545233474861],[-87.796369020918775,42.152538231915152],[-87.796050019075054,42.152535231601647],[-87.794885012176493,42.152546230499397],[-87.793874006246412,42.152548229528172],[-87.79385000609841,42.152549229506967],[-87.793826005957996,42.152549229483824],[-87.793645004906622,42.152548229307307],[-87.79239799798448,42.152499228009255],[-87.791964995543495,42.152487227568265],[-87.789721982524881,42.152474225379564],[-87.789516981341393,42.152472225177952],[-87.788863977584313,42.152464224532551],[-87.786905966313071,42.152441222599244],[-87.786637964769369,42.152438222334908],[-87.786253962484963,42.152443221974274],[-87.786079961451875,42.152445221810332],[-87.785980960880778,42.152444221712905],[-87.785163956142668,42.152439220915142],[-87.784891954560052,42.152438220650851],[-87.784564952663729,42.152436220331552],[-87.78358594698669,42.152430219375603],[-87.783259945096376,42.152428219057271],[-87.782938943243238,42.152425218741811],[-87.781975937676279,42.152417217797385],[-87.781655935821263,42.152415217484844],[-87.781452934650332,42.152413217285144],[-87.780846931131279,42.152410216694797],[-87.780644929958299,42.152409216498015],[-87.780394928512706,42.152407216252989],[-87.779644924168039,42.152402215519842],[-87.779395922720369,42.152401215277727],[-87.779063920795537,42.152399214953597],[-87.779030920610637,42.15239821491982],[-87.777936914360311,42.152380213829538],[-87.777572912272959,42.152375213468694],[-87.777526912004063,42.152375213424328],[-87.777390911209096,42.152375213293155],[-87.777345910946053,42.152375213249748],[-87.776567906406513,42.152374212497392],[-87.774235892791637,42.152372210244181],[-87.773814890330797,42.152372209838106],[-87.773458888266305,42.152370209490833],[-87.772745884139809,42.152365208793363],[-87.772356881890815,42.152362208412306],[-87.772309881624352,42.152361208365022],[-87.771966879636068,42.152359208030283],[-87.771641877736485,42.152359207716813],[-87.770073868679788,42.15234620617904],[-87.769318864325584,42.152339205437151],[-87.768219857927875,42.152336204371259],[-87.767831855702255,42.152331203987259],[-87.766516847638556,42.152376202806693],[-87.76629184636549,42.152371202579914],[-87.766207845891344,42.152369202494981],[-87.765858843927333,42.152360202140791],[-87.762916827311713,42.15229219917034],[-87.76273582620297,42.152298199007468],[-87.762562825132349,42.152305198854272],[-87.762549825056411,42.152305198841731],[-87.760662814322643,42.152271196955212],[-87.7588708040266,42.152251195187631],[-87.758823803604926,42.152268195175502],[-87.758801803086911,42.152313195242186],[-87.758764802351294,42.152373195323712],[-87.75476877786987,42.152501191719566],[-87.754336774938565,42.152547191392813],[-87.750328749599291,42.152759187941655],[-87.748448746374365,42.152859187109357],[-87.741556741430784,42.153225184709228],[-87.721756734828062,42.153425176188129],[-87.718254734395586,42.153378174502414],[-87.64835272574787,42.152442140187659],[-87.62505272286711,42.152130128465387],[-87.522269698876912,42.152017080341807],[-87.50004869368675,42.151993069909835],[-87.375045035484931,42.151514120340224],[-87.258585355789094,42.150783165855792],[-87.250041379259471,42.150729169183379],[-87.21392852921467,42.150492208727741],[-87.125038898409713,42.149912306341683],[-87.111157959234944,42.149408319781088],[-87.113929028311517,42.138944270329048],[-87.117614120215393,42.125030204346935],[-87.122257235644156,42.107558121108866],[-87.125038304797215,42.097097071075758],[-87.125038307844221,42.096701069311756],[-87.125038316985254,42.095513064019755],[-87.12503832003226,42.095117062255746],[-87.130851467647418,42.072867955462925],[-87.131285478658384,42.071208947473188],[-87.131783491312305,42.069302938290278],[-87.134537561299794,42.058763887428015],[-87.150005951487202,42.000031601135468],[-87.149689952785906,42.00002760159277],[-87.148742956678007,42.000015602963245],[-87.148427957964998,42.000012603423592],[-87.15175102808054,41.986587578548047],[-87.161722237085499,41.946314504645997],[-87.165046306330765,41.932890480211086],[-87.166302332475837,41.927812470995839],[-87.170073410706124,41.91258044343418],[-87.171330436720822,41.907503434275917],[-87.171786446164447,41.905659430953882],[-87.172125453183256,41.904288428485231],[-87.172344457736799,41.903399426886168],[-87.173005471374907,41.900732422086037],[-87.173225475914364,41.899844420488776],[-87.175440521613098,41.890896404420815],[-87.179369602395141,41.875032376039705],[-87.182101658043948,41.864058356469251],[-87.184328703292806,41.855114340567958],[-87.184592708661256,41.854052338683381],[-87.184851713921319,41.853011336836389],[-87.185227721565965,41.851498334153604],[-87.186357744462853,41.846961326113075],[-87.186734752086295,41.845449323435467],[-87.19059483013973,41.829943296057522],[-87.202175062587003,41.78342921473056],[-87.20603692470867,41.767924251197037],[-87.206270925975147,41.766983249838184],[-87.206440926889215,41.766301248853466],[-87.207772933991905,41.760954241146734],[-87.210417923969871,41.760940238951818],[-87.21835289389567,41.760900232370211],[-87.220998883865235,41.760887230176152],[-87.250037773927261,41.760614206014303],[-87.276805625068192,41.760535226325146],[-87.375040078497406,41.760248300938535],[-87.444231693132608,41.760342353790335],[-87.500041382621433,41.760419396460421],[-87.500041382622342,41.760362396422558],[-87.500041382625071,41.760193396310292],[-87.500041382625952,41.76013739627308],[-87.500067382629425,41.760137396327337],[-87.500995382752961,41.760128398257962],[-87.501927382877255,41.760119400196992],[-87.504785383259787,41.76009040614246],[-87.51893938518316,41.759951435596882],[-87.523658385835105,41.759905445419868],[-87.523887346589348,41.742765458195649],[-87.523938324258637,41.738946467898138],[-87.523989301932545,41.735126477598612],[-87.524139235891241,41.723816506290696],[-87.524149231901049,41.723132508026325],[-87.524151230879681,41.722957508469356],[-87.524151227874029,41.722443509759991],[-87.52416022440967,41.7218495112676],[-87.524198210773619,41.719510517207439],[-87.524317203942459,41.718319520405331],[-87.524308203283866,41.718208520668114],[-87.524228197717775,41.717271522880324],[-87.524233196004914,41.716977523626944],[-87.524197170099484,41.712553534670711],[-87.524162145256952,41.708312545260341],[-87.524171144491689,41.708179545608949],[-87.524191142823781,41.707889546369579],[-87.524212140631462,41.707509547357631],[-87.524307135458415,41.706601549790022],[-87.524439120713609,41.704044556414672],[-87.524465116413865,41.703301558318714],[-87.524468115402399,41.703127558759697],[-87.524466114208181,41.702923559268051],[-87.524465113914701,41.702873559391847],[-87.52446211326783,41.702763559662948],[-87.524458112765387,41.70267855986981],[-87.524536102307408,41.700866564533669],[-87.524538101627599,41.700749564830019],[-87.524561091654164,41.699034569163622],[-87.524621081254551,41.697235573762391],[-87.524612070642718,41.695419578299038],[-87.52460606893429,41.69512857901929],[-87.524629061085491,41.693776582440577],[-87.524628060120989,41.693611582852505],[-87.524625058476076,41.693330583552154],[-87.524657049606944,41.69180058743153],[-87.524810021528594,41.686936599827689],[-87.524802018440539,41.686409601135914],[-87.524739991049358,41.681733612759778],[-87.524817986647662,41.680950614822876],[-87.524837960651027,41.676483626029864],[-87.524839954540766,41.675434628657953],[-87.524781944480182,41.673731632849211],[-87.524752943206281,41.673524633331901],[-87.524777934243815,41.67197763723572],[-87.524844910502566,41.667877647578479],[-87.52485190879446,41.667581648327428],[-87.52475587442072,41.661727662874291],[-87.524739866832377,41.660433666097177],[-87.524739859618464,41.659196669194763],[-87.524739856743395,41.658703670429276],[-87.524739848135681,41.657227674125338],[-87.524739845266453,41.656735675357361],[-87.524789838961794,41.655630678175278],[-87.524789832472521,41.654517680961703],[-87.524778827911021,41.653740682895986],[-87.524788814220329,41.651387688796753],[-87.524835807105234,41.650143691955982],[-87.52479080680402,41.650114691985657],[-87.524888790570088,41.647279699173318],[-87.524839790492393,41.647291699098183],[-87.524993775479459,41.644634705885508]]]}},
{"type":"Feature","properties":{"STATEFP":"17","COUNTYFP":"089","GEOID":"17089","NAME":"Kane","NAMELSAD":"Kane County","ALAND":1344907944,"AWATER":12712197},"geometry":{"type":"Polygon","coordinates":[[[-88.375317296826324,41.722609280262454],[-88.375781297250256,41.722605279789086],[-88.376198297595025,41.722578279352255],[-88.376358297735635,41.72257327918723],[-88.377973299250101,41.722584277551512],[-88.378029299300493,41.72258327749411],[-88.378200299455969,41.722581277319357],[-88.378257299508817,41.722581277261433],[-88.378320299565686,41.722580277196911],[-88.378509299739406,41.722579277004357],[-88.378573299798731,41.722579276939321],[-88.378615299837691,41.722579276896646],[-88.378744299957305,41.722579276765551],[-88.378787299997171,41.722579276721859],[-88.378872300075969,41.722579276635486],[-88.378947300145526,41.722579276559273],[-88.378987300182615,41.72257927651863],[-88.379141300320811,41.722576276360634],[-88.379235300406449,41.7225752762646],[-88.379606300744342,41.722571275885578],[-88.379761300886543,41.722570275727563],[-88.379922301032778,41.722568275562935],[-88.379974301079471,41.72256727550959],[-88.380209301292808,41.722564275269249],[-88.380617301663534,41.722559274852074],[-88.380831301858947,41.722557274633566],[-88.380897301917116,41.722555274565465],[-88.381098302100483,41.722553274360166],[-88.381165302162614,41.722553274292082],[-88.381215302205945,41.722551274240232],[-88.381417302390247,41.722549274033909],[-88.3814813024496,41.722549273968859],[-88.381614302569915,41.722547273832667],[-88.381769302710623,41.7225452736741],[-88.381823302760708,41.722545273619218],[-88.381841302775882,41.722544273600406],[-88.381952302877323,41.722543273487069],[-88.384557305239341,41.722507270820373],[-88.384640305316339,41.722507270735996],[-88.384873305527989,41.722504270497545],[-88.38502230566472,41.722503270345548],[-88.385467306071575,41.722499269891038],[-88.385573306169903,41.722499269783277],[-88.385807306387008,41.722499269545395],[-88.385977306544703,41.722499269372577],[-88.390572310712429,41.722434264664884],[-88.390710310837605,41.722432264523427],[-88.390798310916338,41.722430264432809],[-88.391480311536213,41.722421263734162],[-88.391707311742536,41.722418263501609],[-88.392131312125926,41.722411263066412],[-88.393047312958814,41.722399262127908],[-88.393403313286399,41.722397261764662],[-88.393828313678057,41.722395261331243],[-88.394019313852496,41.722393261135814],[-88.394595314382883,41.722390260548195],[-88.394787314559707,41.722389260352315],[-88.394821314586949,41.722386260315986],[-88.394871314630507,41.722384260263965],[-88.394923314674458,41.722381260209318],[-88.394957314703163,41.722379260173561],[-88.395862315530508,41.722370259247704],[-88.398577318013153,41.722343256469578],[-88.398843318255928,41.722340256197143],[-88.398868318279156,41.722340256171705],[-88.399482318840882,41.722334255543373],[-88.399545318897992,41.722333255478667],[-88.399619318965307,41.722332255402769],[-88.399734319070703,41.722331255285155],[-88.399798319130142,41.722331255220034],[-88.399835319163103,41.722330255181781],[-88.399949319267563,41.722329255065176],[-88.399987319302866,41.722329255026516],[-88.400012319324674,41.722328255000477],[-88.400027319337198,41.722327254984592],[-88.400088319393845,41.722327254922533],[-88.400114319417995,41.722327254896079],[-88.400138319438895,41.722326254871049],[-88.400213319507131,41.722325254794129],[-88.400238319530345,41.722325254768691],[-88.400712319959368,41.722317254281485],[-88.40213732125504,41.722297252819097],[-88.402613321687483,41.722290252330339],[-88.40272832179015,41.722287252211437],[-88.403075322105551,41.722282251855169],[-88.403191322211953,41.722281251736497],[-88.403406322406141,41.722277251515173],[-88.403977322925584,41.722269250929003],[-88.404051322994334,41.722269250853685],[-88.404267323195,41.722269250633843],[-88.404313323237744,41.722269250587026],[-88.404451323365961,41.722269250446573],[-88.404497323408705,41.722269250399755],[-88.404654323550446,41.722266250238064],[-88.405127323981645,41.722260249752836],[-88.405285324125714,41.722258249590737],[-88.405313324150356,41.722257249561601],[-88.40539832422796,41.722256249474448],[-88.405427324254902,41.722256249444932],[-88.40631132505986,41.72224424853745],[-88.406717325430321,41.722239248120957],[-88.408963327485012,41.72221524581893],[-88.409848328295439,41.722206244912009],[-88.40998132841635,41.722204244775277],[-88.410383328784647,41.722200244363336],[-88.410517328907844,41.722199244226246],[-88.410743329103155,41.722188243988825],[-88.41084332919344,41.722186243885673],[-88.411354329661762,41.722181243362023],[-88.411564329854315,41.722179243146861],[-88.411597329883676,41.722178243112587],[-88.411698329976204,41.722177243009071],[-88.411732330007823,41.722177242974453],[-88.412905331081035,41.722164241771246],[-88.413397331531812,41.722159241266844],[-88.415157333128761,41.722129239453906],[-88.416426334295764,41.722119238154477],[-88.416517334380387,41.722119238061794],[-88.41760033536417,41.722101236946081],[-88.41762533538612,41.722100236919921],[-88.417700335454597,41.722099236842816],[-88.417726335478775,41.722099236816334],[-88.417942335673189,41.722094236592795],[-88.418077335794862,41.722091236453167],[-88.418592336263544,41.722083235922888],[-88.418809336461521,41.7220802356997],[-88.419040336671245,41.722076235461529],[-88.41946733705943,41.72206923502155],[-88.419735337308751,41.722069234748503],[-88.419967337524596,41.722069234512141],[-88.420778338263688,41.722057233677269],[-88.421427338857285,41.722049233010267],[-88.422857340175085,41.722039231545935],[-88.42321534049934,41.722032231176044],[-88.424027341238528,41.722019230339065],[-88.424249341441325,41.722016230110619],[-88.424916342053251,41.722009229425723],[-88.425139342258277,41.722007229196983],[-88.425534342619642,41.722002228790714],[-88.42584734290719,41.721999228469485],[-88.426721343703207,41.721985227568261],[-88.427117344064342,41.721979227160148],[-88.42824334510135,41.721970226005631],[-88.428377345224845,41.721969225868278],[-88.431621348202128,41.721934222534529],[-88.432127348667223,41.721929222014772],[-88.432747349220335,41.721909221367078],[-88.432894349357227,41.721909221217196],[-88.433097349546273,41.7219092210102],[-88.433337349764955,41.721905220762359],[-88.433485349901574,41.721904220610675],[-88.433982350356032,41.721897220098406],[-88.434569350894336,41.72189021949432],[-88.435475351723838,41.721878218560917],[-88.435973352180554,41.72187221804829],[-88.43664535279585,41.721863217355761],[-88.438664354646107,41.721837215275585],[-88.439337355263788,41.721829214582613],[-88.441332357094822,41.721805212527848],[-88.443809359380253,41.721785209984148],[-88.444070359621236,41.721783209716179],[-88.444088359638016,41.721783209697811],[-88.444203359737202,41.721776209574614],[-88.44915636430153,41.72172920448034],[-88.44921636435636,41.721728204418241],[-88.44930036443246,41.721726204330785],[-88.449572364681615,41.721722204049719],[-88.451606366537561,41.721685201941369],[-88.451967366867677,41.721679201567603],[-88.453983368720856,41.721654199487389],[-88.454457369157609,41.721649198998996],[-88.456957371447118,41.72160919641037],[-88.461707375817099,41.721549191504003],[-88.467216380868194,41.721458185789459],[-88.468367381924296,41.721439184594871],[-88.47048738387511,41.721409182398858],[-88.470707384070849,41.72139918216422],[-88.47162738492068,41.721389181213922],[-88.471707384993479,41.721387181130183],[-88.471949385217656,41.721385180880816],[-88.472030385293351,41.721385180798002],[-88.472128385382987,41.721383180695845],[-88.472424385657618,41.721381180391255],[-88.47252338574917,41.72138018028906],[-88.472607385826691,41.721379180202199],[-88.474983388011609,41.721342177736119],[-88.476547389451682,41.721319176113695],[-88.480227392845634,41.721269172298982],[-88.482177394632629,41.721229170262852],[-88.482366394807599,41.721227170067415],[-88.483127395512156,41.721219169280467],[-88.484827397075492,41.721189167509571],[-88.489185401098879,41.721127162983379],[-88.489670401546775,41.72112016247938],[-88.48984940171259,41.72111816229399],[-88.490474402289834,41.72110916164447],[-88.499339410486286,41.720983152427181],[-88.507259425578837,41.720870149343718],[-88.507315425696987,41.720877149334164],[-88.507447425964287,41.72088014929615],[-88.51247943599094,41.720801147622815],[-88.514379439762138,41.720755146971349],[-88.523233457422151,41.720647144055896],[-88.52758046608264,41.720586142612547],[-88.529445469788627,41.720550141980773],[-88.532169475191864,41.720488141045628],[-88.534965480688371,41.720373140020961],[-88.535176481107456,41.720369139949348],[-88.535354481464168,41.720369139893123],[-88.535414481584397,41.720369139874173],[-88.535476481708656,41.72036913985459],[-88.535807482362557,41.720359139737617],[-88.53596848266163,41.720334139655677],[-88.536078482798132,41.720245139510261],[-88.536413483528804,41.720308139482704],[-88.536808484365679,41.72035613941766],[-88.537454485683,41.720380139243531],[-88.543957498578038,41.720239137010736],[-88.547817506252272,41.720179135712982],[-88.548687507980233,41.720164135418379],[-88.550187510960114,41.720139134911349],[-88.550671511923639,41.72013313475037],[-88.552123514814042,41.720115134267296],[-88.552607515777467,41.720109134106238],[-88.553530517608053,41.720091133790511],[-88.555207520934445,41.720059133217518],[-88.556299523106205,41.720044132851868],[-88.557223524944462,41.720032132543295],[-88.557317525130657,41.720030132510878],[-88.560758531965902,41.71997613134873],[-88.561189532810261,41.719958131188207],[-88.570586551588278,41.7199221281587],[-88.571582553570678,41.719911127827714],[-88.574297558974067,41.719881126925088],[-88.574572559521386,41.719878126833684],[-88.575569561506541,41.719868126503471],[-88.575608561584616,41.719868126491086],[-88.57601156238708,41.719864126357649],[-88.576026562417113,41.719864126352881],[-88.576454563268513,41.719859126210117],[-88.577337565025289,41.719849125915978],[-88.577780565907759,41.719845125769787],[-88.587006584294954,41.71977212273714],[-88.588711587690696,41.71975712217408],[-88.58889858805928,41.719752122107572],[-88.589461589173581,41.719741121913032],[-88.589649589545274,41.719737121847608],[-88.589703589651066,41.719735121827597],[-88.589735589715104,41.719735121817429],[-88.589762589769151,41.719735121808846],[-88.58978358981004,41.719734121800755],[-88.590014590268936,41.719731121723058],[-88.59018659060861,41.719727121662707],[-88.590321590876513,41.719725121616946],[-88.590422591077512,41.719724121583404],[-88.590503591236185,41.719721121553384],[-88.590742591708789,41.719716121470299],[-88.592008594213723,41.719691121032128],[-88.592431595051039,41.719683120886181],[-88.592777595735399,41.719676120766124],[-88.593968598104993,41.719664120370091],[-88.594330598823632,41.719659120247762],[-88.600030610144117,41.71958611832833],[-88.601930613917304,41.719562117688419],[-88.601946618662467,41.723503123423498],[-88.601946618680415,41.723518123445345],[-88.601946618704332,41.723538123474476],[-88.601947618750586,41.723575123528057],[-88.601961622924108,41.727041128572274],[-88.60197562702983,41.730450133533779],[-88.601975627064519,41.730479133576026],[-88.601975627083647,41.730495133599334],[-88.601976627120379,41.730524133641289],[-88.601976627139507,41.730540133664597],[-88.601976627174182,41.730569133706837],[-88.601977627484814,41.730827134082368],[-88.601978627794239,41.731084134456438],[-88.601989631414597,41.734092138835003],[-88.602064648934345,41.748607159961686],[-88.602119657600454,41.763697195450582],[-88.602141659274267,41.766934203357415],[-88.602141659281813,41.766949203394084],[-88.602142659396009,41.767172203938884],[-88.602142659403043,41.767186203973097],[-88.602142660298696,41.768968208327834],[-88.602142660381105,41.769132208728607],[-88.602142660392175,41.769154208782368],[-88.602142660614831,41.769597209864955],[-88.602142660620345,41.769608209891828],[-88.602144663146689,41.774626222154296],[-88.602144663206488,41.774745222445098],[-88.602144663220059,41.774772222511075],[-88.602178664934016,41.778037230486568],[-88.602240668867452,41.785597248958339],[-88.602226668886061,41.785694249196332],[-88.602202668896211,41.785817249498521],[-88.602202668917826,41.785860249603608],[-88.602242670198891,41.78823725541082],[-88.60226167149014,41.790724261488656],[-88.602264671686129,41.791101262410017],[-88.602265671751127,41.791226262715504],[-88.60226667180207,41.79132326295256],[-88.602267671852474,41.791419263187166],[-88.602267671876604,41.791467263304497],[-88.60226767188918,41.791492263365605],[-88.602272672203128,41.792095264839318],[-88.602378676089216,41.799368282616086],[-88.602389676324748,41.799789283645289],[-88.602390676345024,41.799825283733291],[-88.602515679050398,41.804665295568306],[-88.602557680119503,41.806609300323139],[-88.602563680251762,41.80684630090289],[-88.60251768102539,41.808583305149284],[-88.602508681236671,41.80904230627138],[-88.602504681260157,41.809106306427729],[-88.602463681744226,41.810246309213696],[-88.602419682678274,41.81229431421913],[-88.602383683294704,41.81367631759602],[-88.602376683407655,41.813931318219041],[-88.602355683452842,41.814112318660328],[-88.602351683786026,41.814792320322461],[-88.602357684352214,41.815892323011958],[-88.602316685961043,41.819270331266772],[-88.602294686840992,41.821116335777369],[-88.602269687475513,41.822487339126283],[-88.602245687613461,41.822866340050368],[-88.602243687622149,41.822892340113725],[-88.60219669034359,41.828511353841911],[-88.60217769110254,41.830104357732743],[-88.602165691564721,41.831076360106628],[-88.602148692221931,41.832458363481685],[-88.602130692893482,41.833873366937027],[-88.602088693755334,41.835772371571217],[-88.602087693778259,41.83582237169324],[-88.602125694614358,41.837319375357183],[-88.602033696989722,41.842450387879012],[-88.601986698695129,41.846051396667995],[-88.601935700750516,41.850367407201304],[-88.601913701645174,41.852245411784047],[-88.601916701776418,41.852493412390515],[-88.601916701793499,41.852527412473577],[-88.601916701807568,41.852555412541975],[-88.601931702801437,41.854467417216021],[-88.601931702812479,41.854489417269761],[-88.601931702831081,41.854526417360148],[-88.601886704005494,41.85706342354662],[-88.601825705595587,41.860499431923706],[-88.601824705624992,41.860562432077309],[-88.601824705636048,41.860584432131049],[-88.601823705664472,41.860645432279767],[-88.601823705672516,41.86066143231885],[-88.601823705678029,41.860672432345716],[-88.601822705692385,41.860705432426059],[-88.601753707441944,41.864495441663522],[-88.601748707556339,41.864745442272643],[-88.601745707645051,41.864935442735799],[-88.601744707713635,41.865076443079843],[-88.601711709853987,41.869485453836859],[-88.601711709863523,41.869504453883252],[-88.601711709874081,41.869525453934529],[-88.601684711608797,41.873100462655763],[-88.601683711719033,41.873324463202401],[-88.601683711738119,41.873362463295187],[-88.601673712138989,41.8742054653504],[-88.601618714499395,41.879152477410841],[-88.601616714600354,41.879362477922868],[-88.601616714617407,41.879396478005873],[-88.601615714647806,41.879461478164231],[-88.601614714702791,41.87957547844222],[-88.601611714805003,41.879792478970984],[-88.60152071827487,41.887112496808264],[-88.601519718302214,41.887171496951915],[-88.601519718308253,41.887183496981208],[-88.601519718315785,41.88719849701782],[-88.601518718334106,41.887239497117527],[-88.601469720195638,41.891168506689162],[-88.601435721488983,41.89389851333889],[-88.601435721539659,41.893999513585399],[-88.601425722674861,41.896306519211898],[-88.601425722701961,41.896360519343695],[-88.601425722729061,41.896414519475485],[-88.601416723696374,41.898382524274844],[-88.601415723813034,41.89861952485284],[-88.601410724315613,41.899643527349859],[-88.601410724334187,41.899680527440161],[-88.601410724347744,41.89970752750606],[-88.601407724720332,41.900463529349828],[-88.601404725095449,41.901224531205784],[-88.601402725265061,41.901571532051783],[-88.60140172534058,41.901726532429635],[-88.601395725924647,41.902917535333643],[-88.601394726024779,41.903121535831062],[-88.601391726279402,41.903642537101227],[-88.601391726341632,41.903766537403847],[-88.601389726545364,41.904181538415742],[-88.601387726761615,41.904621539488652],[-88.601387726783187,41.904664539593597],[-88.601386726793464,41.904689539654157],[-88.60138572680124,41.904709539702509],[-88.601357727003546,41.905239540983288],[-88.601357727062265,41.905356541268802],[-88.601354727441816,41.906126543146492],[-88.601354727446846,41.906136543170895],[-88.601353727546439,41.90633954366583],[-88.601353727568025,41.906382543770761],[-88.60135372759963,41.906445543924498],[-88.60134972784445,41.906951545157462],[-88.601348727909908,41.907086545486436],[-88.601348727921447,41.907109545542568],[-88.601343728271871,41.907830547299696],[-88.601343728284917,41.907856547363153],[-88.601341728436907,41.908168548123584],[-88.601341728460497,41.908215548238275],[-88.601340728563613,41.908425548750266],[-88.601340728571145,41.908440548786878],[-88.601340728585186,41.908468548855197],[-88.601340728590202,41.9084785488796],[-88.601339728685261,41.908672549352545],[-88.601339728695308,41.908692549401351],[-88.601341728929683,41.909150550519932],[-88.60134172894422,41.9091795505907],[-88.601342729045868,41.909377551074336],[-88.601342729057407,41.909400551130474],[-88.601343729136957,41.909554551506737],[-88.601345729423031,41.910115552876682],[-88.601345729462167,41.910193553067025],[-88.601346729608466,41.910480553767862],[-88.601346729646593,41.91055655395332],[-88.601348729781122,41.910815554586307],[-88.601348730410876,41.912070557648882],[-88.601348730526297,41.912300558210163],[-88.601349731246671,41.913731561702718],[-88.601350731688015,41.914606563838475],[-88.601350731695064,41.914620563872631],[-88.601350731993122,41.915214565322181],[-88.601351733514377,41.918241572709505],[-88.601351733519394,41.918251572733908],[-88.60135173385008,41.918910574342071],[-88.601352734323555,41.919849576634036],[-88.60135273435769,41.919917576799982],[-88.601349735737315,41.922680583540988],[-88.60134973590992,41.923024584380457],[-88.601349735979184,41.923162584717218],[-88.601353736552355,41.924286587462255],[-88.601362737662939,41.926458592767538],[-88.601389741285999,41.933554610099861],[-88.601389741307571,41.933597610204799],[-88.601389741314591,41.933611610238962],[-88.601389741330152,41.933642610314621],[-88.601389741339688,41.933661610360993],[-88.601389741355248,41.933692610436637],[-88.601389741374817,41.933731610531822],[-88.601383742412352,41.935826615641119],[-88.601383742430926,41.935863615731407],[-88.601383742438458,41.935878615768019],[-88.601377743359038,41.937740620308574],[-88.601377743374599,41.937771620384225],[-88.601383745876035,41.9427286324851],[-88.601386746924263,41.944803637550912],[-88.601386746930302,41.944815637580191],[-88.601387747237226,41.94542263906218],[-88.601395750206109,41.951301653414916],[-88.60139575021114,41.951311653439312],[-88.601396750634507,41.95215065548755],[-88.601396750705277,41.952291655831665],[-88.601471754486681,41.95947867342317],[-88.601413759872173,41.970478700229656],[-88.601408760143542,41.971042701602457],[-88.601409761876283,41.974490710018259],[-88.60134576303652,41.977101716341664],[-88.601336763512691,41.978092718753075],[-88.601290765028367,41.981328726613725],[-88.601286765091217,41.981472726961954],[-88.601313768747829,41.98863374445699],[-88.601362772551184,41.995982762431083],[-88.601447778929938,42.003264780121832],[-88.601448779006247,42.003322780261527],[-88.601531788376548,42.010516797552135],[-88.601557797867713,42.017910815272415],[-88.601557797885576,42.017924815305932],[-88.601583807117109,42.025113832535915],[-88.601606811970925,42.028874841558469],[-88.601606811990067,42.028889841594371],[-88.601627816560338,42.032431850091115],[-88.601633817159637,42.032889851192749],[-88.601642818008898,42.033537852751849],[-88.601643818085407,42.033595852891565],[-88.60164481816318,42.033654853033696],[-88.60170682826498,42.041449871747716],[-88.601706828294311,42.041472871802775],[-88.601749831778406,42.044116878170527],[-88.601750831824376,42.044150878252822],[-88.601750831856279,42.044175878312657],[-88.601750831880523,42.044194878358141],[-88.601750831898386,42.04420887839165],[-88.601833838738216,42.049399890892907],[-88.601827844341315,42.053801901424798],[-88.60182684503431,42.054346902728483],[-88.601826845260234,42.05452390315218],[-88.601829845469794,42.054681903533144],[-88.601861847655059,42.056327907502656],[-88.601865848208121,42.056752908523691],[-88.601865848224733,42.056765908554809],[-88.601879850380882,42.058425912541381],[-88.601920852542435,42.060033916428416],[-88.601923854346921,42.061440919799338],[-88.601924854662414,42.061685920386758],[-88.601898854807743,42.061853920764925],[-88.60195586085274,42.06646893186533],[-88.599517854321547,42.066474929618579],[-88.599390853980935,42.066474929500792],[-88.599295853724882,42.0664739294103],[-88.593951839385767,42.066468924442106],[-88.593100837102128,42.066467923650471],[-88.590898831192618,42.066464921601103],[-88.590129829128941,42.066463920885525],[-88.588327824293529,42.06646191920953],[-88.588316824983195,42.067054920611106],[-88.588312826653294,42.068440923907083],[-88.588325826731932,42.068476924004869],[-88.588308831956638,42.072822934335711],[-88.5883118330174,42.073690936404979],[-88.588329836366327,42.07641194289981],[-88.588372842002869,42.080961953772693],[-88.588371842055935,42.081007953881262],[-88.588371850818675,42.08823197108007],[-88.588305859460888,42.095509988344382],[-88.588306863890054,42.099159997034988],[-88.588311867577588,42.102189004251017],[-88.588311867808002,42.102379004703344],[-88.588311867901382,42.102456004886669],[-88.58831286793091,42.102478004940004],[-88.588312867955167,42.102498004987616],[-88.588312867998823,42.102534005073316],[-88.588312868134636,42.10264600533997],[-88.588312868357789,42.102830005778017],[-88.588312868477843,42.102929006013717],[-88.58834187715496,42.110015022911675],[-88.588341877167096,42.110025022935488],[-88.588370884397818,42.115917036991199],[-88.58833488927884,42.120028046743364],[-88.588332889531301,42.120241047248498],[-88.588415894587754,42.124208056774542],[-88.588407895099124,42.124649057816612],[-88.588397895176328,42.124737058016301],[-88.588355895425735,42.12504505870826],[-88.588448900716898,42.129179068642244],[-88.588434900826869,42.129304068926011],[-88.588432900894929,42.12936506906928],[-88.588440900945443,42.129387069129557],[-88.58853491132038,42.137704089024751],[-88.588633922187867,42.146408109847947],[-88.588633922218222,42.146433109907484],[-88.588633922343291,42.146536110152724],[-88.588655930954715,42.153572126927969],[-88.588654930973476,42.153590126969817],[-88.574236886425254,42.153624112467035],[-88.571904879222316,42.153632110127155],[-88.570492874855475,42.153632108698915],[-88.560226843127779,42.153652098361889],[-88.550653813547683,42.153678088739547],[-88.545543797718778,42.15365408351439],[-88.544917795777678,42.153649082869478],[-88.543811792361097,42.153653081760083],[-88.543050790010511,42.15365608099733],[-88.53820677504568,42.153673076137153],[-88.535330766113049,42.153634073137098],[-88.518674714653642,42.153693056425972],[-88.518076712864016,42.15376105597835],[-88.517959712496818,42.153755055846105],[-88.517877712239653,42.153751055753908],[-88.516670708439619,42.153675054357201],[-88.515593705109467,42.153676053270075],[-88.511044691045925,42.153683048684698],[-88.510420689116799,42.153684048055794],[-88.506000675443659,42.153681043577826],[-88.491530636098403,42.153739021775685],[-88.481924612482729,42.153754003813461],[-88.48177861212362,42.15375400353993],[-88.477080600565685,42.153749994729019],[-88.474813594989158,42.153748990479485],[-88.474784594917821,42.153748990425157],[-88.472772589967846,42.153746986651051],[-88.472055588204981,42.153747985310069],[-88.471911587850812,42.15374798504029],[-88.467206576299162,42.153780976302095],[-88.464794570376682,42.153797971822783],[-88.463881568131441,42.153798970114636],[-88.459187556595481,42.15381696136253],[-88.457982553634125,42.153821959116677],[-88.45682855079761,42.153825956964049],[-88.454138544176388,42.153818951908185],[-88.451728538243557,42.153810947374531],[-88.451609538007403,42.153914947394284],[-88.450478535217101,42.153900945242825],[-88.450322534830079,42.153894944936567],[-88.44924053218341,42.153923942977308],[-88.448532530394914,42.153835941445401],[-88.448018529130437,42.153835940482452],[-88.447566528026357,42.153850939670718],[-88.44602152422344,42.153846936766939],[-88.445362522604285,42.153850935541712],[-88.442925516616455,42.153865931011303],[-88.440312510190907,42.153871926130158],[-88.439624508437632,42.153745924546037],[-88.434425495668521,42.153785914899608],[-88.432484490910525,42.153822911350112],[-88.431071487432419,42.153817908691195],[-88.429441483418898,42.15380890561633],[-88.427913479664369,42.153818902777218],[-88.426365475860905,42.153829899903016],[-88.425147472870719,42.153844897656498],[-88.425132472834207,42.15384589763076],[-88.424198470536908,42.153846895883333],[-88.423259468223307,42.153837894102999],[-88.422818467141582,42.15384589329566],[-88.422509466384938,42.153854892737982],[-88.422521466429757,42.153893892852366],[-88.419120458070012,42.153914886530536],[-88.417603454339726,42.15392088370281],[-88.417122453155869,42.153919882799372],[-88.416395451367819,42.153921881442159],[-88.415872450082063,42.153924880469475],[-88.414670447125957,42.153928878227148],[-88.412373441476177,42.15393487393824],[-88.412223441108452,42.153938873666696],[-88.411969440482451,42.153935873183777],[-88.408470431871379,42.153930866617095],[-88.407837430300603,42.153888865331801],[-88.406758427644391,42.153883863298574],[-88.4015864149317,42.153925853709069],[-88.400962413397451,42.153929852549588],[-88.4001274113443,42.15393485099721],[-88.399986410995439,42.15392785071645],[-88.399210409076616,42.153892849179606],[-88.398272406768015,42.15388984741525],[-88.396545402518043,42.153885844170404],[-88.393759395667047,42.153899838984458],[-88.393497395022919,42.153901838498392],[-88.389850386053908,42.153919831709075],[-88.388977383903963,42.153910830052183],[-88.388750383345652,42.153911829629301],[-88.383671370860114,42.153969820252932],[-88.383471370367403,42.153966819871108],[-88.369568336161961,42.154017793948597],[-88.369515336031057,42.154013793839717],[-88.369400335748296,42.154015793629078],[-88.367712331593751,42.154011790457382],[-88.359287310859742,42.154003774655678],[-88.354413298865111,42.1539997655156],[-88.354186298306431,42.153997765085535],[-88.348679284754311,42.153992754757205],[-88.345469276855127,42.153980748714901],[-88.341917268114358,42.153981742063309],[-88.341786267791491,42.153998741859041],[-88.340441264481569,42.153999739341877],[-88.339158261324172,42.154001736943279],[-88.337508257263963,42.153996733840216],[-88.336121253853733,42.153945731118313],[-88.335741252919249,42.153936730384622],[-88.335605252584358,42.153940730139546],[-88.334206249142909,42.153927727487201],[-88.333447247273781,42.153949726118711],[-88.332619245238547,42.153921724499625],[-88.331910243494221,42.15391972316656],[-88.331714243012044,42.153918722796952],[-88.330911241037768,42.153901721251358],[-88.327134231745333,42.153897714165893],[-88.327126231726609,42.153888714129018],[-88.326125229264079,42.153886712248898],[-88.326030229030465,42.153885712068487],[-88.325323227291037,42.153885710744007],[-88.325281227188142,42.153881710655597],[-88.321167217068918,42.15386470290705],[-88.31703920691632,42.153845695127288],[-88.316681206035923,42.153843694451723],[-88.316418205389255,42.153841693954135],[-88.316262205005486,42.153841693661882],[-88.315197202388546,42.153823691622748],[-88.314787201379943,42.153823690854637],[-88.314362200334457,42.153823690058424],[-88.314178199882363,42.153820689706386],[-88.314040199543228,42.153818689442964],[-88.313865199113266,42.153815689107795],[-88.313753198837915,42.15381468889553],[-88.313282197680365,42.153808687998485],[-88.312443195618343,42.153798686402226],[-88.311729193863897,42.153788685040148],[-88.310768191502348,42.15377668321041],[-88.310188190077255,42.153768682104236],[-88.309763189032864,42.153763681295786],[-88.309294187880681,42.153756680400001],[-88.308935186998482,42.153752679717641],[-88.308678186366777,42.153750679231251],[-88.308529186000499,42.153749678949666],[-88.30827618537802,42.153750678478112],[-88.308123185001293,42.153752678196362],[-88.307597183707756,42.153751677208454],[-88.306520181057479,42.153757675205391],[-88.30593617962063,42.153759674116166],[-88.305386178267185,42.153762673093098],[-88.304652176461119,42.153765671725303],[-88.304447175956895,42.15376567134124],[-88.304169175265869,42.153797670898804],[-88.304013174878065,42.153815670650637],[-88.303815174383701,42.153847670358097],[-88.303589173823823,42.153864669976358],[-88.302542171246586,42.153870668029604],[-88.301576168866447,42.153885666256677],[-88.299556163901158,42.153867662428276],[-88.298917162330596,42.153861661216446],[-88.297013157626694,42.153936657833626],[-88.295569154076375,42.153926655103952],[-88.294205150723002,42.15391665252411],[-88.292953147647921,42.153897650131952],[-88.292820147324122,42.153885649853294],[-88.292656146924628,42.153871649511636],[-88.292346146167148,42.153853648886624],[-88.292314146088984,42.153851648821757],[-88.292285146017946,42.153850648764973],[-88.291562144251259,42.15380964730965],[-88.291124143174997,42.153805646479249],[-88.290895142613749,42.153798646032996],[-88.290651142014738,42.153794645566038],[-88.290472141574412,42.15379464523069],[-88.290285141115348,42.153791644872975],[-88.289341138802698,42.153760643028129],[-88.288852137599918,42.15376064211199],[-88.287756134911007,42.15373864000447],[-88.287623134586724,42.153729639733136],[-88.28683713265292,42.153731638265477],[-88.286487131794971,42.153722637587585],[-88.285429129181878,42.153756635689184],[-88.284650127261884,42.153768634259322],[-88.283965125572365,42.153782633010501],[-88.282201121213916,42.153839629846317],[-88.282123121021371,42.15384162970512],[-88.281941120573279,42.153842629366636],[-88.281580119684534,42.153844628695261],[-88.27969411502076,42.153912625329873],[-88.278247111448593,42.153945622700618],[-88.277281109062471,42.153970620952741],[-88.273280099262394,42.153853613168145],[-88.272793098070935,42.15383661221373],[-88.272416097148579,42.153823611475268],[-88.272375097047743,42.153823611398458],[-88.271778095579137,42.153823610280021],[-88.270785093148774,42.153792608342954],[-88.270761093089746,42.153792608297984],[-88.27036809212828,42.153779607529515],[-88.268478087502459,42.153723603849912],[-88.267886086050211,42.153714602718487],[-88.267443084963631,42.153707601871169],[-88.266310082183935,42.153691599708786],[-88.265769080856032,42.153685598680326],[-88.265598080436362,42.153683598354995],[-88.265149079339452,42.153666597471606],[-88.26489207868029,42.153729597146373],[-88.262645073084784,42.153885593323828],[-88.262589072950092,42.153878593201547],[-88.262543072835584,42.153881593122819],[-88.262487072696047,42.153885593027837],[-88.262392072459207,42.153892592867237],[-88.261802070991507,42.153928591851333],[-88.261134069329856,42.153968590699264],[-88.260856068622701,42.154019590305154],[-88.260074066693178,42.154030588867577],[-88.260030066583084,42.154034588795085],[-88.257917061367877,42.154066584916421],[-88.257877061267564,42.154070584851439],[-88.257859061220927,42.154075584830146],[-88.257844061183064,42.154077584807013],[-88.257731060904476,42.154078584597833],[-88.257686060796516,42.154072584498614],[-88.253168049778424,42.153865575519937],[-88.252149047294864,42.153818573493886],[-88.25141104549698,42.153783572024103],[-88.250785043972826,42.153752570774074],[-88.250764043921677,42.153751570732233],[-88.250652043649239,42.153745570507461],[-88.250399043031521,42.153736570011027],[-88.250149042421214,42.153727569520228],[-88.249883041673897,42.153716569144812],[-88.24836103664714,42.153649568133915],[-88.247836034913291,42.153626567785608],[-88.246351029915786,42.153741567247877],[-88.245451026894173,42.15379656688512],[-88.244300023029624,42.153866566419993],[-88.243288019631663,42.153927566009379],[-88.243150019168453,42.153935565952573],[-88.240197009232674,42.154147564836549],[-88.239989008533726,42.154160564753056],[-88.239576007143071,42.15419156460004],[-88.238446003352863,42.154248564112478],[-88.238441003534035,42.153884563212578],[-88.238440003599194,42.153758562901473],[-88.238422004219828,42.152506559805815],[-88.238397005025533,42.1508715557625],[-88.238378005749169,42.149424552185977],[-88.238375005869145,42.14918555159533],[-88.238366006295493,42.148346549522749],[-88.238361006435539,42.148058548810283],[-88.238344007179151,42.146587545175926],[-88.238333007579996,42.145783543188656],[-88.23833400762625,42.145704542994501],[-88.238322008008637,42.144928541075735],[-88.238321008078216,42.144794540744982],[-88.238317008246099,42.144461539922219],[-88.238310008558571,42.143844538397992],[-88.238306008714531,42.143533537629473],[-88.238303008881402,42.143208536826975],[-88.238300008998252,42.1429755362512],[-88.238289009510822,42.141966533758932],[-88.238310010143337,42.140930531216945],[-88.238322010608044,42.140148529296113],[-88.238316010860245,42.139648528060796],[-88.238316010928784,42.139522527750287],[-88.238328012684377,42.136366519978978],[-88.238331013223842,42.135392517580215],[-88.238339014501207,42.133091511913719],[-88.238341014866606,42.132431510288235],[-88.238340014899791,42.132364510122613],[-88.23834301495144,42.132287509934358],[-88.2383410153152,42.131606508255103],[-88.238343016417929,42.129590503287851],[-88.238349016796292,42.128930501664314],[-88.238349016893096,42.128752501225655],[-88.238348018485695,42.125817493992088],[-88.23835001894129,42.124991491957445],[-88.238351019139728,42.124632491073207],[-88.238344021464968,42.120314480428483],[-88.23834102226003,42.118834476779732],[-88.238341022268727,42.118818476740309],[-88.238329023496561,42.11648947099512],[-88.238313024794394,42.114008464873649],[-88.238310025093142,42.113441463474999],[-88.238311025702743,42.112326460727729],[-88.23832202713173,42.109763454416587],[-88.238325027631831,42.108861452195093],[-88.23833102887231,42.106615446662772],[-88.23833903000434,42.104580441651265],[-88.238341030776311,42.103172438182249],[-88.238341030807845,42.10311443803932],[-88.238278032950092,42.098808427400918],[-88.238237034337899,42.09601942051102],[-88.238251035950995,42.093135413410138],[-88.238252036099382,42.092868412752601],[-88.238251036215388,42.092649412212531],[-88.238254036284118,42.092540411945166],[-88.238254036389122,42.092347411469575],[-88.238255036440663,42.092258411250668],[-88.238277038755186,42.08813040108722],[-88.23827304037998,42.085120393668262],[-88.238273040488764,42.084920393175416],[-88.238276041291215,42.083462389583715],[-88.238273042202778,42.081769385410588],[-88.238225046237645,42.074079366443087],[-88.238215047138866,42.072366362218425],[-88.238207047572359,42.071524360140792],[-88.238210048053929,42.070656358003028],[-88.2382080482611,42.070264357036393],[-88.238203048621187,42.06957435533441],[-88.23819504923982,42.06839235241906],[-88.238191049429986,42.068020351501033],[-88.238187049838942,42.067246349592473],[-88.238183049969251,42.066984348945503],[-88.238285050282514,42.066983348978496],[-88.238364050529086,42.06697534898624],[-88.239233053190631,42.066980349300664],[-88.239930055328642,42.06697834953804],[-88.240667057589278,42.066976349789307],[-88.240734057792551,42.066980349822472],[-88.24108105884946,42.066993349975228],[-88.2423180626229,42.067029350494359],[-88.242503063188522,42.067032350566116],[-88.242555063347424,42.067033350586669],[-88.243031064801556,42.067043350776963],[-88.243323065693161,42.067050350895848],[-88.243389065895002,42.067051350921275],[-88.243464066123906,42.067053350952328],[-88.243646066681407,42.067054351018108],[-88.24441706904328,42.06705835129619],[-88.244675069833292,42.067060351390886],[-88.244983070776613,42.067062351502969],[-88.245908073609698,42.067068351839616],[-88.246217074556085,42.067070351952069],[-88.246593075707921,42.067072352087827],[-88.24748807845215,42.067072352399165],[-88.248438081365023,42.067072352729632],[-88.251304088775811,42.067057355772349],[-88.252466091110264,42.067052358016149],[-88.252576091331505,42.067051358227232],[-88.252800091781523,42.067050358659685],[-88.253106092396109,42.067049359251357],[-88.253472093131577,42.067047359957037],[-88.253696093581596,42.06704636038949],[-88.253793093775755,42.067047360580325],[-88.254128094459261,42.067024361173551],[-88.254246094699454,42.067017361385247],[-88.254381094974718,42.067008361624985],[-88.255135096510841,42.066960362969617],[-88.25547109719507,42.066939363569809],[-88.255571097399041,42.066932363746567],[-88.255690097641136,42.06692536396023],[-88.255841097944057,42.066925364253443],[-88.256651099569055,42.0669253658263],[-88.256922100112732,42.066925366352521],[-88.257207100684496,42.066925366905942],[-88.258062102399762,42.066925368566167],[-88.258167102610415,42.066925368770065],[-88.258283102843137,42.066925368995307],[-88.258348102973542,42.066925369121527],[-88.258375103027689,42.066925369173958],[-88.258607103500566,42.066909369584678],[-88.258765103818433,42.066907369886515],[-88.258989104268721,42.066905370316512],[-88.259270104833348,42.06690337085719],[-88.260130106561292,42.066897372512244],[-88.260495107294403,42.066895373216042],[-88.261598109510615,42.066887375337998],[-88.262876112078672,42.066877377794839],[-88.263060112448201,42.066876378149644],[-88.263638113609375,42.066872379262101],[-88.263635113749089,42.066539378429944],[-88.263633113806364,42.066399378078643],[-88.263633113811622,42.066387378048873],[-88.263623113819165,42.066324377873109],[-88.263622113885873,42.06616737748157],[-88.263610114333801,42.065089374783192],[-88.263608114441425,42.064834374146521],[-88.263608114483901,42.064737373905814],[-88.263592115030008,42.063417370599097],[-88.263583115233274,42.062912369328423],[-88.26357711561117,42.062022367108185],[-88.26357111594136,42.061241365158423],[-88.263560116296802,42.060380363000398],[-88.263551116629529,42.059580360997629],[-88.263543116877116,42.058979359490628],[-88.263539117012101,42.058653358673844],[-88.263529117339985,42.057860356686469],[-88.263529117388188,42.0577503564135],[-88.263511117754007,42.056835354107754],[-88.26349811812797,42.055924351821673],[-88.263485118493293,42.055033349585202],[-88.263460119204751,42.053300345235748],[-88.263457119421318,42.052793343971707],[-88.263454119562027,42.052459343136988],[-88.263454119612902,42.052343342849113],[-88.263451119627717,42.052296342726621],[-88.263450119656923,42.052225342548468],[-88.263446119765462,42.051960341883017],[-88.263443119846102,42.051763341388273],[-88.263443119871553,42.051705341244343],[-88.263441119949292,42.051519340778846],[-88.263439120010361,42.051371340407655],[-88.263439120019569,42.05135034035554],[-88.263439120024842,42.051338340325756],[-88.263435120093476,42.051164339886135],[-88.263436120175683,42.050981339433953],[-88.263435120202274,42.050916339270685],[-88.26343212025003,42.050794338962064],[-88.263432120328119,42.050616338520335],[-88.26343212034655,42.050574338416098],[-88.263431120400355,42.050447338098969],[-88.263431120427995,42.050384337942624],[-88.263428120478821,42.050255337616633],[-88.263431120560057,42.050083337195645],[-88.263429120637383,42.049898336732639],[-88.263429120649235,42.049871336665632],[-88.263423120797,42.04950833575306],[-88.263423120804021,42.049492335713346],[-88.263425120850414,42.04939533547654],[-88.263425120888144,42.049309335263118],[-88.263422120949969,42.049155334875081],[-88.26341912101752,42.048988334454769],[-88.263420121028204,42.048968334407093],[-88.263419121033323,42.048952334365431],[-88.263417121147512,42.048683333693951],[-88.263417121189647,42.048587333455714],[-88.263417121236159,42.048481333192655],[-88.26341612126761,42.048405333002094],[-88.26341612128428,42.048367332907794],[-88.263415121347748,42.048218332536067],[-88.263413121418097,42.048049332112754],[-88.26341212148948,42.047882331696357],[-88.263412121561885,42.047717331286876],[-88.263411121599901,42.047626331059085],[-88.263411121631933,42.047553330877925],[-88.263411121666167,42.047475330684357],[-88.263411121702148,42.047393330480858],[-88.263410121772665,42.04722833006943],[-88.263410121846391,42.047060329652503],[-88.263410121911789,42.046911329282736],[-88.26340812197995,42.046747328871824],[-88.263407122050893,42.046581328457918],[-88.263407122057473,42.046566328420695],[-88.263405122112047,42.046433328086707],[-88.263405122122577,42.046409328027146],[-88.263405122173481,42.046293327739278],[-88.263405122183144,42.046271327684678],[-88.263405122255563,42.046106327275197],[-88.263404122326961,42.0459393268588],[-88.263404122380948,42.045816326553556],[-88.26340412240026,42.045772326444357],[-88.263402122470637,42.045603326021038],[-88.26340012256604,42.045377325456265],[-88.263400122612993,42.045270325190728],[-88.263399122684831,42.045102324771847],[-88.263399122723456,42.045014324553456],[-88.263399122737937,42.044981324471557],[-88.263398122779947,42.044881324221436],[-88.263397122827641,42.044768323939046],[-88.263398122865539,42.044686323737508],[-88.263390122879812,42.044619323555565],[-88.263385123565271,42.043036319617251],[-88.263387123649352,42.042853319167016],[-88.263388123691627,42.04276131894067],[-88.26341312452719,42.040964314530122],[-88.263414124548817,42.040919314420414],[-88.263416124636379,42.040728313950339],[-88.263421124804566,42.040366313061796],[-88.263427124998728,42.039949312038715],[-88.263428125029975,42.039882311874408],[-88.263440125443665,42.038990309684337],[-88.263450125785539,42.03825330787501],[-88.263451125835658,42.038143307603988],[-88.263453125880162,42.038050307377127],[-88.263453125884993,42.038039307349827],[-88.263448125984922,42.03779030672208],[-88.263424126471776,42.03657930366964],[-88.263424126485376,42.036548303592696],[-88.263385127286014,42.034560298582434],[-88.263373127558111,42.033890296896089],[-88.263372127590088,42.03381329670303],[-88.263370127626814,42.03372129647078],[-88.263360128009381,42.032808294185308],[-88.263338128872647,42.030751289037084],[-88.263339129178405,42.030059287321698],[-88.263340129552248,42.029212285221639],[-88.26333712959908,42.029093284920407],[-88.263336129632847,42.02901228471741],[-88.263286130539626,42.026743278987702],[-88.263317130642761,42.026635278780859],[-88.263317130648915,42.026621278746106],[-88.263316130684032,42.026537278535663],[-88.263313130847365,42.026153277576746],[-88.26331813105007,42.025712276492172],[-88.263309131093266,42.025577276139366],[-88.263307131416141,42.024834274291479],[-88.263291131949188,42.023556271088175],[-88.263288132018999,42.023385270657883],[-88.26328713204623,42.023319270492102],[-88.263286132131469,42.02312126999874],[-88.263286132160474,42.023055269834941],[-88.263286132171473,42.023030269772896],[-88.263273132169914,42.022981269625596],[-88.263237132169266,42.022837269197069],[-88.263231132169167,42.022813269125642],[-88.263225132169069,42.022789269054222],[-88.263227132246499,42.022621268641231],[-88.263219132453983,42.022117267374576],[-88.263217132523906,42.021950266956161],[-88.263250132854523,42.021331265485173],[-88.263305133413553,42.020280262985622],[-88.263308133448291,42.020213262825287],[-88.263317133537498,42.020046262428643],[-88.263317133552889,42.020011262341782],[-88.263319133589363,42.019936262159604],[-88.263317133597695,42.019909262088639],[-88.263315133608671,42.019876262002782],[-88.263312133620971,42.019836261897581],[-88.263298133631494,42.019756261671333],[-88.263284133646849,42.019665261417792],[-88.263277133753633,42.019394260731382],[-88.263274133801119,42.019274260427629],[-88.263273133816952,42.019234260326378],[-88.263272133867474,42.019115260029061],[-88.263272133884627,42.019076259932277],[-88.263270133936942,42.018949259613123],[-88.263267134099166,42.018568258661624],[-88.263266134153227,42.01844125834446],[-88.263265134192807,42.018347258109195],[-88.263262134310636,42.018067257408354],[-88.263262134351535,42.017974257177549],[-88.263259134457059,42.017722256546193],[-88.263253134778523,42.016967254660557],[-88.263251134885394,42.016716254033668],[-88.263251134890666,42.016704254003884],[-88.263251134906497,42.016668253914546],[-88.263251134911769,42.016656253884761],[-88.263251135014215,42.016423253306506],[-88.263251135321994,42.015723251569248],[-88.263252135425716,42.015491250995446],[-88.263246135436404,42.015443250864429],[-88.26324313544788,42.015405250764168],[-88.263223135524868,42.015151250094142],[-88.263210135954509,42.014123247517055],[-88.263207136034652,42.01392924702963],[-88.26318313685033,42.011981242147378],[-88.263182136863122,42.011948242063497],[-88.263181136912465,42.011832241773618],[-88.263174137131898,42.011306240454267],[-88.263144138111471,42.008964234582137],[-88.263142138197423,42.008761234074335],[-88.263136138398991,42.008280232868621],[-88.263134138449743,42.008157232559377],[-88.263099139615647,42.005375225585105],[-88.263099139637674,42.005325225461014],[-88.263096139747574,42.005064224807263],[-88.263095139761759,42.005028224715922],[-88.263086140059826,42.004317222933352],[-88.263042141500861,42.000880214315252],[-88.263033142114281,41.999463212495641],[-88.263021142980719,41.997484213893344],[-88.262921144503437,41.99371921640558],[-88.262919144546785,41.993615216476563],[-88.262872147715385,41.986377221597841],[-88.262873149484946,41.982434224438713],[-88.262893150086612,41.981163225389416],[-88.262888150302373,41.980664225739737],[-88.262876151358057,41.978267227444256],[-88.262864151371858,41.978194227475889],[-88.262850151353334,41.978186227457229],[-88.262848151450171,41.977963227614374],[-88.26284515153516,41.977763227753222],[-88.262838151869005,41.976994228295048],[-88.262836151965871,41.976771228452243],[-88.262833152146385,41.976358228744623],[-88.262819152857801,41.974723229898736],[-88.262818152931132,41.974556230017377],[-88.262801153715202,41.972749231291004],[-88.262795154026193,41.972035231795651],[-88.262782154705931,41.970475232898742],[-88.2627761550049,41.969788233384229],[-88.262764155388851,41.968891234011437],[-88.262761155756266,41.968062234604488],[-88.26276015578479,41.967995234651184],[-88.2627611558366,41.967883234733591],[-88.262759155850119,41.96784623475704],[-88.2627541560677,41.967344235111049],[-88.262729157963932,41.963034238180953],[-88.262729158054157,41.962833238326006],[-88.26272915891424,41.960917239708728],[-88.262722159518191,41.95954824068599],[-88.262724160419481,41.957547242133231],[-88.262723160471836,41.957427242218323],[-88.262703163450851,41.950725247026853],[-88.262701164461717,41.948467248654246],[-88.262698165443339,41.946271250235611],[-88.2626931669474,41.942905252659251],[-88.262689167010734,41.942751252765099],[-88.262692167284968,41.942150253203103],[-88.262690168025216,41.940495254395536],[-88.26269016808584,41.940360254493029],[-88.262687168825124,41.938704255684975],[-88.262687168997104,41.938321255961561],[-88.262681169502201,41.937177256780075],[-88.262681169570456,41.937025256889847],[-88.262684170201638,41.935629257901837],[-88.262684170266752,41.935484258006547],[-88.26258217313331,41.928782262726578],[-88.262578173219836,41.928577262870164],[-88.262576173293894,41.928406262991516],[-88.262566174342453,41.926042264690246],[-88.262565174491186,41.925708264930769],[-88.262567174638249,41.925387265165305],[-88.262563174701469,41.925234265271456],[-88.262554175683746,41.923021266862733],[-88.262554175832534,41.922690267102261],[-88.262528176017412,41.922199267428951],[-88.262534176054459,41.922135267481899],[-88.262547176127654,41.922012267585231],[-88.262553176211,41.921845267712683],[-88.262555176238479,41.921790267754673],[-88.262557176266839,41.92173326779811],[-88.26256517638889,41.921486267985607],[-88.262567176415899,41.921432268026855],[-88.262571176475788,41.921311268118778],[-88.262571176485679,41.921289268134693],[-88.262572176542335,41.921166268224766],[-88.262574176610698,41.921020268332576],[-88.262575176656128,41.92092226840456],[-88.262577176730787,41.920762268522481],[-88.262588177260881,41.919616269363303],[-88.262554178178107,41.917472270878427],[-88.262546178236462,41.917318270981504],[-88.262538178345594,41.917051271166407],[-88.262534178433228,41.916844271312094],[-88.262532178532567,41.916617271474344],[-88.262512179844052,41.913640273609417],[-88.262511179891277,41.913532273686627],[-88.262510179962774,41.91337027380294],[-88.262497180858659,41.911339275261057],[-88.262496180941866,41.911151275396257],[-88.262495180997192,41.911025275486551],[-88.262495181034069,41.910943275545954],[-88.262494181060163,41.910882275589159],[-88.262493181125848,41.910733275696124],[-88.262490181370097,41.910181276093091],[-88.262489181443868,41.910014276213104],[-88.26247618228652,41.908102277585982],[-88.26247518238236,41.907886277741561],[-88.262471182614092,41.907359278119685],[-88.262464182721772,41.907099278301601],[-88.262461182766828,41.906990278377805],[-88.26245618283356,41.906827278491313],[-88.262454182856089,41.906771278530051],[-88.262452182885397,41.90670027857967],[-88.262450182911536,41.906636278624219],[-88.262465183006483,41.90646927875909],[-88.262465183130644,41.906193278959101],[-88.262464183302527,41.905808279237199],[-88.262464183401491,41.905588279396639],[-88.262464183470769,41.905434279508242],[-88.262463183623296,41.905092279755188],[-88.262463183737992,41.90483727993999],[-88.262463183787489,41.904727280019713],[-88.262435184034118,41.904097280451253],[-88.262423184177194,41.903744280696515],[-88.262415184359298,41.903316280999817],[-88.262415184530752,41.902935281276143],[-88.262419184797892,41.90235328170175],[-88.262419185031447,41.901834282078141],[-88.262415185799796,41.900115283321419],[-88.262407186186351,41.899233283954409],[-88.262415186837984,41.897808284994632],[-88.262420186969081,41.897531285199626],[-88.262449187615204,41.896178286204126],[-88.262451187970939,41.895393286774755],[-88.262447188049492,41.895207286906405],[-88.262444188527951,41.894135287681166],[-88.262444189046249,41.892983288516298],[-88.262445189061481,41.89295228853954],[-88.262447189236326,41.892569288818713],[-88.262443189340573,41.892326288991832],[-88.26244318941076,41.892170289104925],[-88.262444189490751,41.891995289232547],[-88.262457190621134,41.889519291036947],[-88.262457190734509,41.889267291219596],[-88.262457190748904,41.889235291242784],[-88.262457190936502,41.888818291545029],[-88.26245719101432,41.888645291670421],[-88.262468191926018,41.886649293124741],[-88.262476192443387,41.885521293947598],[-88.262474192488583,41.885415294023048],[-88.262474192517828,41.88535029407015],[-88.262475192608136,41.885152294214294],[-88.262475192660318,41.885036294298338],[-88.262475192708891,41.8849282943766],[-88.262476192743407,41.884854294430895],[-88.262477192776146,41.88478429448228],[-88.262477192800432,41.884730294521411],[-88.262478192858353,41.884604294613368],[-88.262480193042549,41.884200294907423],[-88.262480193088876,41.884097294982055],[-88.262485193604689,41.882964295806197],[-88.262489193645152,41.882885295866032],[-88.262477193631213,41.882883295859678],[-88.262481193700921,41.882739295966608],[-88.262482193726896,41.882684296007106],[-88.262482193736787,41.882662296023042],[-88.262486193811,41.882508296137203],[-88.262489193862379,41.882402296215929],[-88.262486193972464,41.882149296397287],[-88.262485193997321,41.882091296438659],[-88.262485194010367,41.882062296459672],[-88.262485194018012,41.882045296471986],[-88.262484194077942,41.881909296569873],[-88.262484194083328,41.881897296578565],[-88.26248319411134,41.881832296625021],[-88.262509196030734,41.877635299681067],[-88.262510196116025,41.877448299817082],[-88.262532197956062,41.873415302749635],[-88.26254019858564,41.872036303752147],[-88.262549198993369,41.871153304395932],[-88.262550199030073,41.871074304453629],[-88.262550199044469,41.871042304476788],[-88.262551199113531,41.870891304586586],[-88.262538200482254,41.867812306808695],[-88.262544200956881,41.866772307564304],[-88.26253720254239,41.863227310127179],[-88.262536202682838,41.86291231035478],[-88.262549204276311,41.859401312901291],[-88.262563204355416,41.85926131300792],[-88.262562204446382,41.859056313155882],[-88.262585205986056,41.855689315599982],[-88.262599206755581,41.854012316817467],[-88.262611207383856,41.852644317810395],[-88.262629208302684,41.850644319261491],[-88.262658210087352,41.846743322088045],[-88.262707212491577,41.841509325878143],[-88.26270821273242,41.840975326263809],[-88.262731213544782,41.839221327533487],[-88.262734214017101,41.838176328288029],[-88.262747214657679,41.836780329296978],[-88.262747214694926,41.836697329356852],[-88.262732214690075,41.836672329373087],[-88.262723214695228,41.83663932939583],[-88.262713214700653,41.836603329420612],[-88.262704214707185,41.836567329445529],[-88.262709214757436,41.836467329518321],[-88.262734214815652,41.836397329571774],[-88.262750214851636,41.836355329603947],[-88.262750214896514,41.836255329676085],[-88.262757215257665,41.835467330245322],[-88.262760215426013,41.835099330511085],[-88.262763215580904,41.834761330755185],[-88.262768215831699,41.834214331150186],[-88.262771216022017,41.833797331451194],[-88.262750216050421,41.833684331530883],[-88.262761216237593,41.833293331813863],[-88.26278321667013,41.832381332473254],[-88.262793217204717,41.831213333316015],[-88.262792217418593,41.83073433366129],[-88.262798217478718,41.830614333748109],[-88.262807217560848,41.830452333865324],[-88.26280221770007,41.830130334097191],[-88.26281321826383,41.828899334984868],[-88.262813218283114,41.828856335015871],[-88.262814218337084,41.828738335100944],[-88.262816218438303,41.828517335260273],[-88.262832218524082,41.828363335371648],[-88.262829218579711,41.828232335465955],[-88.262834219477924,41.826241336900523],[-88.262832219882199,41.825335337553291],[-88.262832220090772,41.824870337888321],[-88.262827221017247,41.822793339384972],[-88.262783224143192,41.815726344482364],[-88.262784224186831,41.815631344550731],[-88.262788224242428,41.815516344633167],[-88.262818224328385,41.815391344719572],[-88.262815225164687,41.813520346068344],[-88.262796225390872,41.812974346464713],[-88.262791225450528,41.812830346569299],[-88.262794225550849,41.812613346725279],[-88.262791225626401,41.812438346851906],[-88.262787225684377,41.812300346952036],[-88.262787225760206,41.812131347073887],[-88.262785225789656,41.812061347124683],[-88.262773225938489,41.811703347384814],[-88.262778226076676,41.811406347598151],[-88.262777226198196,41.811133347795185],[-88.262780226268006,41.810984347902107],[-88.262780226280555,41.8109563479223],[-88.262778226497133,41.810469348273827],[-88.262776226620346,41.810190348475388],[-88.262767226714772,41.809960348642917],[-88.262768226892106,41.809567348926173],[-88.262766226931902,41.809474348993625],[-88.262769227009301,41.809308349112776],[-88.262768227088657,41.80912934924207],[-88.262767227116399,41.809065349288424],[-88.262766227147765,41.808993349340554],[-88.262729228124442,41.806737350975951],[-88.262670229764652,41.802958353718878],[-88.262637230685144,41.800839355259143],[-88.262611230882555,41.800345355623875],[-88.262598231137233,41.7997513560573],[-88.262598231219471,41.799568356189639],[-88.262577231295907,41.799354356350868],[-88.262577231314793,41.79931235638125],[-88.262577232326009,41.797062358008944],[-88.26256923321975,41.795057359462234],[-88.262562233629495,41.794131360134784],[-88.262546234285963,41.792638361221272],[-88.262542234462131,41.792238361512332],[-88.262542234466636,41.79222836151957],[-88.262539234559185,41.792016361674193],[-88.262543234630726,41.791865361781923],[-88.262546234675725,41.791771361848781],[-88.26254423471525,41.791679361916152],[-88.262540234775443,41.79153736202052],[-88.262542234821325,41.791439362090664],[-88.262540234851869,41.791367362143575],[-88.262467235994109,41.788680364119962],[-88.262466236003107,41.788658364136346],[-88.262465236373316,41.787833364734645],[-88.262404238536888,41.782904368337],[-88.262400238614845,41.7827233684703],[-88.262343240710265,41.777958371958604],[-88.262343240728725,41.777917371988373],[-88.262342240753981,41.777859372031038],[-88.262336240970797,41.777366372392379],[-88.262332241104701,41.777061372616117],[-88.262313241791887,41.775499373761541],[-88.262311241869,41.775324373889838],[-88.262298242277708,41.774392374574632],[-88.262288242653483,41.773539375200478],[-88.262284242784332,41.773241375419474],[-88.262280242910691,41.772953375631232],[-88.262279242946775,41.772871375691437],[-88.262278242978837,41.772798375745118],[-88.262277242998266,41.772753375778436],[-88.262275243037564,41.772662375845805],[-88.262275243046119,41.772643375859616],[-88.262275243059634,41.77261337588142],[-88.262275243083067,41.772561375919217],[-88.262274243098446,41.772525375946003],[-88.262273243119239,41.772477375981509],[-88.262273243127794,41.772458375995321],[-88.262273243148059,41.772413376028034],[-88.262273243161587,41.772383376049845],[-88.262271243177466,41.772344376079431],[-88.262270243237893,41.772208376178909],[-88.262271243255412,41.772171376205179],[-88.262269243288415,41.772094376262402],[-88.262267243298453,41.772068376282547],[-88.262269243313199,41.772039376302381],[-88.262267243397119,41.771849376441757],[-88.262263243422595,41.771785376490776],[-88.262263243443769,41.771738376524937],[-88.26226224350556,41.771599376626625],[-88.262261243518694,41.771568376649789],[-88.262261243534454,41.771533376675237],[-88.262261243551578,41.771495376702866],[-88.262259243566575,41.771458376731026],[-88.262259243590904,41.771404376770285],[-88.262259243616143,41.771348376811005],[-88.262258243633781,41.771307376841435],[-88.262258243643686,41.771285376857435],[-88.262244244133043,41.770173377674944],[-88.262242244197154,41.770027377782412],[-88.262241244236435,41.769938377847787],[-88.262229244615369,41.769075378483279],[-88.262203245510676,41.767041379980483],[-88.262187245969955,41.765993380754182],[-88.262186246001164,41.765922380806551],[-88.262186246072389,41.76576438092156],[-88.262170246553907,41.764667381731364],[-88.262150247486886,41.762562383278592],[-88.262150247499051,41.76253538329825],[-88.262124248142953,41.761061384391226],[-88.262124248147458,41.761051384398506],[-88.262124248153327,41.761038384407975],[-88.262118248300524,41.760701384658034],[-88.262117248343912,41.760603384730196],[-88.262117248415194,41.76044538484534],[-88.262111248532193,41.760175385046622],[-88.2621082486083,41.760001385175705],[-88.262066249842817,41.757191387256896],[-88.262026251035081,41.754480389266888],[-88.261982250762912,41.748988392680062],[-88.262010246434258,41.747043392856668],[-88.261997245811273,41.746769392896603],[-88.261994245533813,41.746646392912012],[-88.261977245093277,41.746455392946963],[-88.261975244843427,41.746344392960253],[-88.261956241916053,41.7450423931123],[-88.261953241396938,41.744811393138974],[-88.261947240589109,41.744452393181632],[-88.261933238381175,41.743470393296271],[-88.261914235506836,41.742192393446381],[-88.261923232270306,41.740742393588818],[-88.261928230498143,41.739948393666694],[-88.261932229062992,41.739305393729772],[-88.261932228774413,41.739176393743172],[-88.261933228464287,41.739037393756682],[-88.261934228189958,41.738914393768511],[-88.261929225769748,41.737834393885372],[-88.26193422524824,41.737599393905093],[-88.261928223379712,41.736766393997257],[-88.261927223278207,41.736721394002878],[-88.261927223199905,41.736686394006519],[-88.261912219180473,41.734895394206866],[-88.261908218161366,41.734441394257892],[-88.261891213220238,41.732239394503289],[-88.261889212896335,41.732095394520215],[-88.261877209711031,41.730676394679605],[-88.261947209606987,41.73060239461909],[-88.261980209448083,41.730518394595627],[-88.261982209420765,41.730505394595021],[-88.261985209378679,41.730485394594169],[-88.261982208543955,41.730113394635637],[-88.261980207960633,41.729853394664531],[-88.261977207163923,41.729498394704251],[-88.261976206820805,41.729345394721093],[-88.261967206477308,41.729195394745474],[-88.26196720638336,41.729153394749837],[-88.261975204887321,41.728481394811624],[-88.261974204754452,41.728422394818722],[-88.261973204442654,41.728283394834122],[-88.261972204289648,41.728215394842159],[-88.26197120397336,41.728074394857749],[-88.261971203825738,41.728008394864595],[-88.261970203498251,41.727862394880717],[-88.261969203211052,41.727734394894981],[-88.261966202394134,41.72737039493569],[-88.261964201882336,41.727142394961312],[-88.261964201757067,41.727086394967117],[-88.261955198310815,41.725549395135516],[-88.261951197112651,41.72501539519493],[-88.261949196296541,41.724651395234716],[-88.268095201681064,41.724543389062902],[-88.268649202166259,41.724533388506259],[-88.268804202301553,41.724530388350516],[-88.271204204404938,41.724487385938318],[-88.272147205229317,41.724469384990272],[-88.27298820596917,41.724455384144548],[-88.273244206188465,41.724448383887207],[-88.275018207740047,41.724414382102871],[-88.275190207891157,41.724411381929833],[-88.275190207914889,41.724422381929443],[-88.275190207996857,41.724460381928104],[-88.275211208190839,41.72454138190411],[-88.275312208341518,41.724568381801568],[-88.277279210051745,41.724526379823999],[-88.278073210791504,41.724532379025028],[-88.278269210934582,41.724515378828158],[-88.278600210996188,41.724402378497125],[-88.278821211085486,41.724349378275505],[-88.280910212921683,41.724312376172051],[-88.28140221335579,41.724304375676518],[-88.282013213877889,41.724286375061084],[-88.284686216225992,41.72423737236776],[-88.286496217833999,41.724212370543412],[-88.28695321824074,41.724206370082733],[-88.287315218531148,41.72418636971738],[-88.290616221456801,41.724136366388173],[-88.291314222072742,41.724124365683927],[-88.298322228303817,41.724024358610109],[-88.300475230259352,41.724013356437325],[-88.314080242170306,41.723708342662569],[-88.31587624376219,41.723676340842403],[-88.317306245027297,41.723649339392452],[-88.318945246468303,41.723613337729134],[-88.319273246759039,41.72360733739643],[-88.319492246955079,41.723604337174464],[-88.319528246988227,41.723604337138077],[-88.319582247036081,41.723603337083297],[-88.319856247275226,41.723596336804938],[-88.319947247355287,41.723594336712566],[-88.323944250891614,41.723516332654981],[-88.326150252848763,41.72347533041463],[-88.333291259191185,41.723342323155947],[-88.334796260532997,41.723316321625461],[-88.341380266464427,41.723234314934878],[-88.34163226668656,41.723228314677812],[-88.343213268090381,41.723196313066417],[-88.344005268792202,41.723179312258686],[-88.345127269790282,41.723157311114839],[-88.346443270966191,41.723134309773826],[-88.347340271765617,41.723117308859152],[-88.347732272114058,41.723109308459186],[-88.349123273349747,41.723080307039439],[-88.349630273806355,41.723073306523105],[-88.350107274233579,41.723065306036794],[-88.350628274696405,41.723054305504775],[-88.351445275417646,41.72303430466939],[-88.352508276376696,41.723020303586601],[-88.35265427650998,41.7230193034382],[-88.353545277301762,41.72300030252778],[-88.354246277924744,41.72298530181137],[-88.354457278109791,41.72297930159516],[-88.356365279810944,41.72294129964564],[-88.356634280051452,41.722936299370865],[-88.357433280765662,41.72292129855456],[-88.358795281984371,41.722896297163032],[-88.359622282724871,41.722881296317986],[-88.359873282948925,41.722876296061301],[-88.360081283134818,41.722872295848646],[-88.360105283155391,41.722871295823893],[-88.360177283220381,41.722870295750432],[-88.36020228324351,41.722870295725059],[-88.360232283269625,41.722869295694217],[-88.360324283351474,41.722867295600061],[-88.360355283380187,41.722867295568605],[-88.360467283478911,41.722864295453739],[-88.360805283781872,41.722858295108338],[-88.360918283884828,41.722857294993268],[-88.360982283940771,41.722855294927506],[-88.361174284111925,41.722851294731036],[-88.361239284172086,41.722851294665077],[-88.361269284198215,41.72285029463422],[-88.361359284278251,41.722848294542068],[-88.36139028430695,41.722848294510612],[-88.36145828436662,41.722846294440792],[-88.361662284548885,41.722842294232109],[-88.361731284612745,41.722842294162099],[-88.361762284639823,41.722841294130227],[-88.361855284722623,41.722839294035019],[-88.361887284752243,41.722839294002547],[-88.361922284783006,41.722838293966618],[-88.362028284877866,41.722836293858215],[-88.36206428491117,41.722836293821679],[-88.362115284956758,41.722835293769513],[-88.362267285092557,41.722832293614012],[-88.3623192851407,41.72283229356124],[-88.362373285189051,41.722831293506012],[-88.362537285335961,41.722828293338324],[-88.362592285386896,41.722828293282511],[-88.362631285421358,41.72282729324251],[-88.362748285526408,41.722825293122938],[-88.362788285563454,41.722825293082337],[-88.362865285631472,41.722823293003366],[-88.363099285841585,41.722819292764186],[-88.363177285913793,41.722819292685024],[-88.363208285940871,41.722818292653145],[-88.363221285952903,41.72281829263995],[-88.363301286023713,41.722816292557908],[-88.363333286053347,41.722816292525437],[-88.36342728613549,41.722813292428768],[-88.36363728632341,41.722809292213945],[-88.363731286410427,41.722809292118534],[-88.363807286480792,41.722809292041397],[-88.363857286525487,41.722808291990219],[-88.364007286659472,41.7228052918367],[-88.364058286706708,41.722805291784937],[-88.364103286746754,41.722804291738839],[-88.364242286870578,41.722801291596483],[-88.364288286913151,41.722801291549786],[-88.364327286947642,41.72280029150977],[-88.364444287052748,41.722798291390163],[-88.36448428708978,41.722798291349562],[-88.365148287686807,41.722787290670844],[-88.365727288210039,41.722779290079636],[-88.366237288682328,41.72277928956192],[-88.367142289494709,41.722763288636173],[-88.367807290092983,41.722752287956169],[-88.367910290185193,41.722750287850708],[-88.368221290465243,41.722745287532724],[-88.368725290917723,41.722736287016971],[-88.36889829107318,41.722733286839969],[-88.369341291473987,41.722727286387446],[-88.369787291874417,41.72271928593095],[-88.369969292038277,41.722716285744774],[-88.370074292133964,41.722715285637697],[-88.370648292651467,41.722706285050684],[-88.371307293250965,41.72269928437823],[-88.372433294253327,41.722673283222562],[-88.372500294313852,41.722672283154054],[-88.372563294369101,41.722670283089123],[-88.373902295563013,41.722640281714853],[-88.374389295997233,41.722629281214878],[-88.375317296826324,41.722609280262454]]]}},
{"type":"Feature","properties":{"STATEFP":"17","COUNTYFP":"197","GEOID":"17197","NAME":"Will","NAMELSAD":"Will County","ALAND":2164911517,"AWATER":34563906},"geometry":{"type":"Polygon","coordinates":[[[-87.526215021850376,41.385289021401029],[-87.526220028063051,41.384631021146177],[-87.52622403504472,41.383891020858094],[-87.526238055966232,41.381674019997604],[-87.526243062940608,41.380935019711316],[-87.526245068898248,41.380303019464236],[-87.526254086769882,41.378408018726773],[-87.526257092390978,41.377812018495128],[-87.526258092714031,41.377778018482793],[-87.526261097167293,41.377306018300068],[-87.526276110496298,41.375895017760676],[-87.526282114929217,41.375426017582654],[-87.526282115757823,41.37533801754801],[-87.526284118220943,41.375077017447502],[-87.526286119045679,41.374990017415485],[-87.526287120234826,41.374864017367003],[-87.526289123790093,41.374487017220872],[-87.526291124972573,41.374362017173922],[-87.526301137607234,41.373023016658458],[-87.52633317548279,41.369009015118095],[-87.526345188109403,41.367671014607147],[-87.52636421060798,41.365286013694579],[-87.526381230237348,41.363205012899982],[-87.526409278059049,41.358131010948711],[-87.526423300526389,41.355747010034591],[-87.526438314448583,41.35427100947819],[-87.526473346353896,41.350888008206375],[-87.526485356181809,41.349846007817185],[-87.526503370084768,41.348372007268871],[-87.52651137702432,41.347636006993866],[-87.526538397845911,41.345428006174636],[-87.526547404776153,41.34469300590235],[-87.526544410528103,41.344081005659177],[-87.526539427791406,41.342245004935762],[-87.526538433537652,41.341634004696026],[-87.526537433987556,41.34158600467569],[-87.526537434138078,41.341570004669464],[-87.526559460842392,41.338735003601172],[-87.526561462397595,41.338570003540262],[-87.526610507213093,41.333813001773251],[-87.526600523122426,41.332120001097657],[-87.526618542708277,41.330040000321347],[-87.52662454892284,41.32938000007578],[-87.526655570015706,41.327140999263207],[-87.526655570457677,41.32709399924498],[-87.526656570609276,41.327077999240615],[-87.52666757177866,41.326954999213186],[-87.526672572216981,41.326908999204569],[-87.526670573756775,41.326744999137297],[-87.526671574641796,41.326650999102711],[-87.526663578375107,41.326252998933562],[-87.52666157990555,41.326089998866628],[-87.526649597486298,41.324218998118333],[-87.526653602239378,41.32371399792995],[-87.526714657039065,41.317891995792124],[-87.526715669280634,41.316589995290208],[-87.526717691563604,41.314219994377034],[-87.526717695766024,41.313772994204044],[-87.526725708247071,41.312445993707023],[-87.526726708849424,41.312381993684326],[-87.526726710118581,41.312246993632101],[-87.526726712403047,41.312003993538106],[-87.52673372183672,41.311000993164697],[-87.526754747014081,41.30832399217406],[-87.526750750104654,41.307994992038395],[-87.526738759517869,41.306992991625343],[-87.526732762410418,41.306684991493327],[-87.526716771089681,41.30576099110128],[-87.526711773992531,41.305451990970823],[-87.526709775467722,41.305294990905708],[-87.526711785669335,41.304209990490072],[-87.526724820703265,41.300483989077016],[-87.526730832362091,41.299243988610868],[-87.526729834364275,41.299030988526212],[-87.526726840342732,41.298394988273358],[-87.526726842420388,41.298173988187862],[-87.526728843577089,41.298050988144858],[-87.530718844732732,41.298007997248142],[-87.538232846941099,41.297920014404241],[-87.540367847560432,41.297895019282592],[-87.54109884779345,41.29788402095285],[-87.543297848454927,41.297855025979359],[-87.543968848657244,41.297846027513508],[-87.544032848668948,41.297846027659951],[-87.544086848687627,41.297845027783389],[-87.545927849181894,41.297827031994231],[-87.549619850148275,41.297793040441924],[-87.551618850655927,41.297776045017457],[-87.553516851126119,41.297761049362741],[-87.553620851144842,41.297761049600844],[-87.553957851239474,41.29775705037251],[-87.555285851571256,41.297746053413533],[-87.55572985166782,41.297744054430261],[-87.558406852315017,41.297724060561762],[-87.566437854202746,41.297668078965202],[-87.569115854812168,41.297651085104583],[-87.569839855019382,41.297641086766077],[-87.572015855615192,41.297614091760124],[-87.572741855805162,41.297606093426417],[-87.572933855862303,41.297603093867401],[-87.575816856505625,41.297585100481378],[-87.585044858521954,41.29753012166092],[-87.588120859176684,41.297513128723466],[-87.589238859507446,41.297494131298073],[-87.592595860448512,41.297443139028957],[-87.593715860752653,41.297427141608729],[-87.603681862933044,41.297354164533687],[-87.607089863781681,41.297312172392544],[-87.60729686382254,41.297311172868703],[-87.608631864129222,41.297298175945507],[-87.623795867459393,41.297162210918643],[-87.624366867593608,41.297155212238856],[-87.626049867977713,41.297136216128997],[-87.626611868097356,41.297131217426703],[-87.628121868421275,41.297117220914529],[-87.632652869367178,41.297078231380482],[-87.633650869570488,41.297070233685709],[-87.634163869674154,41.297066234870606],[-87.634477869740721,41.297063235596596],[-87.635358869924772,41.297055237633153],[-87.638002870457171,41.297034243742452],[-87.638873870626583,41.29702824575417],[-87.639958870856873,41.297017248265107],[-87.643180871515852,41.296988255718574],[-87.644255871730635,41.296979258205063],[-87.645952872072655,41.296964262131986],[-87.64612687210473,41.2969632625339],[-87.648161872512503,41.296945267244077],[-87.650099872950449,41.296918271745518],[-87.651132873159483,41.296908274138914],[-87.654423873780615,41.29688428175379],[-87.655522873981695,41.296877284295633],[-87.664803875639663,41.296822305763754],[-87.665696875819691,41.296812307838351],[-87.668380876338347,41.296786314068207],[-87.669276876507283,41.296778316147183],[-87.669377876526752,41.296777316381721],[-87.684256879113605,41.296680350865344],[-87.684537879174556,41.296675351523412],[-87.685375879323431,41.296668353470089],[-87.687862879743932,41.296652359238543],[-87.688645879875608,41.296647361054845],[-87.688692879886275,41.29664636116533],[-87.691507880392351,41.296619367715422],[-87.699955881873223,41.296540387382024],[-87.70274988234921,41.296515393888221],[-87.702771882352252,41.296515393939011],[-87.702907882374532,41.296514394255269],[-87.703316882431054,41.296514395199431],[-87.703452882446385,41.296515395511079],[-87.70401988254892,41.296508396836195],[-87.705722882851873,41.296488400814539],[-87.706291882950282,41.296482402142388],[-87.706577883002979,41.296478402812177],[-87.70744588314524,41.296471404832992],[-87.7077358831949,41.296468405509763],[-87.707813883208871,41.296467405692248],[-87.707917883223104,41.296467405932404],[-87.708049883224518,41.296472406225334],[-87.708128883218748,41.296477406395852],[-87.7110208836921,41.296453413131758],[-87.719698885072717,41.296385433346572],[-87.722591885525119,41.296362440090491],[-87.723489885672635,41.296352442191711],[-87.726186886112004,41.296322448503979],[-87.727087886252164,41.296314450607902],[-87.727171886265879,41.296313450804746],[-87.730176886727889,41.296287457821514],[-87.73944388810564,41.296213479457649],[-87.742534888555653,41.296188486679938],[-87.743336888681199,41.296177488567395],[-87.745749889048994,41.296147494238745],[-87.746437889151863,41.296139495854526],[-87.74655288917036,41.29613749612659],[-87.747510889306582,41.296129498367456],[-87.750380887583233,41.296109503696421],[-87.751277882739217,41.296103502573416],[-87.751338882416619,41.296099502507793],[-87.751398882086136,41.296102502422485],[-87.752002878828051,41.296096501672032],[-87.753997868059031,41.29608049918113],[-87.754491865390548,41.296077498561331],[-87.754646864560868,41.296072498378784],[-87.754663864468853,41.296072498357148],[-87.75610285670524,41.296058496566609],[-87.760419833403347,41.296021491176674],[-87.761859825629472,41.296009489376594],[-87.762536821975232,41.296003488531106],[-87.764567811006714,41.295988485985504],[-87.765245807343234,41.295984485132713],[-87.765567805605286,41.295981484730696],[-87.766384801196324,41.29597348371157],[-87.769807782714892,41.295944479427206],[-87.770949776547468,41.295935477995279],[-87.773090764981262,41.295920475304875],[-87.779516730261633,41.295876467220715],[-87.781659718680913,41.295862464520923],[-87.782240715549719,41.295853463801613],[-87.783990706116114,41.295827461631255],[-87.784573702972139,41.295819460906266],[-87.78467770241221,41.295817460778302],[-87.786603692021259,41.295793458376167],[-87.79269665913472,41.295723450752902],[-87.794728648163542,41.295701448204284],[-87.795968641467525,41.295688446647326],[-87.799691621357141,41.295652441962787],[-87.800933614646269,41.295641440396835],[-87.801537611389605,41.295631439645049],[-87.803353601591397,41.29560543737491],[-87.803960598313665,41.295598436612217],[-87.803976598228488,41.295597436593816],[-87.805090592218917,41.295580435202289],[-87.808487573890517,41.29552943095328],[-87.809621567767067,41.295515429527512],[-87.809714567261807,41.295516429406277],[-87.809998565707403,41.295527429020254],[-87.810094565181586,41.295531428889241],[-87.812122554230186,41.295506426338363],[-87.818206521369746,41.295432418673457],[-87.820235510408367,41.295408416112572],[-87.822312499200777,41.295373413507924],[-87.828547465545583,41.295271405668863],[-87.830486455077562,41.295239403227043],[-87.830626454321305,41.295237403050145],[-87.830845453139418,41.295233402774834],[-87.832416444644778,41.295217400778618],[-87.837786415599652,41.295167393941554],[-87.839577405910759,41.295151391658223],[-87.840156402785368,41.295140390928424],[-87.841895393394196,41.295110388730826],[-87.842477390249783,41.295101387993455],[-87.842532389952822,41.295100387923981],[-87.84411638139153,41.295078385912646],[-87.849038354783744,41.29501137965336],[-87.849322353247331,41.295008379290714],[-87.850681345902515,41.294987377563565],[-87.850853344974382,41.294983377346632],[-87.851376342145329,41.294977376678965],[-87.851551341197592,41.294976376454251],[-87.851568341106542,41.294975376433577],[-87.853050333089669,41.29495837454094],[-87.85755430872328,41.29490636878409],[-87.85905530060073,41.294890366862255],[-87.859628297506006,41.294878366135094],[-87.861350288204889,41.294842363948327],[-87.861787285843192,41.294834363391786],[-87.861924285103271,41.294831363217824],[-87.865488265817888,41.294788358651019],[-87.87618420792711,41.294657344915599],[-87.879750188619269,41.294616340323479],[-87.881424179564021,41.294586338174284],[-87.886452152353485,41.294505331702453],[-87.888068143607441,41.29447832962007],[-87.888130143271027,41.294478329539473],[-87.888188142957958,41.294476329465382],[-87.888602140716444,41.294470328931041],[-87.890026133010522,41.294444327095782],[-87.890502130431599,41.294439326479775],[-87.897296093637252,41.294342317691225],[-87.900346077119096,41.294294313740444],[-87.907201039999947,41.294164304849737],[-87.919621972679224,41.293975288657151],[-87.919762971915276,41.293972288472958],[-87.921278963698782,41.293944286491403],[-87.925832939010576,41.293864280530087],[-87.926706934272104,41.293848279384576],[-87.927350930780548,41.293836278540184],[-87.931107910412692,41.293758273608226],[-87.931589907799278,41.293748272974753],[-87.93647288132081,41.293643266547321],[-87.942378849272728,41.293546258758205],[-87.946137828869354,41.293487253791376],[-87.948583815592741,41.293443250553189],[-87.955790776462948,41.293317240992458],[-87.955926775724578,41.293314240811434],[-87.95812576378222,41.293276237888108],[-87.95837176244585,41.293273237561586],[-87.958629761044236,41.293270237219204],[-87.959406756823228,41.293260236187344],[-87.959664755421073,41.293259235845994],[-87.960150752781018,41.293252235199979],[-87.96161274483741,41.293237233259603],[-87.962100742185612,41.293233232612373],[-87.966225719778649,41.29314922710428],[-87.976024666521482,41.293012214025637],[-87.97632466489226,41.292993213611751],[-87.976586663468112,41.292988213260173],[-87.994678565077194,41.292712188955022],[-87.995123562656161,41.292706188355979],[-87.996460555382015,41.292690186558048],[-87.996566554805298,41.292689186415799],[-87.996906552955409,41.29268518595854],[-87.99784854782979,41.292670184686585],[-88.000677536241298,41.292629181615986],[-88.001621536379844,41.292617181379207],[-88.002172536460563,41.292608181238457],[-88.003831536703913,41.292583180817253],[-88.004384536785182,41.292576180678523],[-88.006289537065001,41.292549180196851],[-88.012007537906541,41.292472178755339],[-88.013915538187774,41.292446178273643],[-88.013905538158539,41.291873177538399],[-88.013881538071743,41.290156175333905],[-88.013873538042873,41.289586174602107],[-88.013863538006078,41.288859173668712],[-88.013845537975882,41.28829517294708],[-88.013752537813659,41.285267169072391],[-88.013733537769625,41.284428167997262],[-88.013706537702191,41.283139166345045],[-88.013683537649214,41.282135165058691],[-88.013616537490066,41.279123161199543],[-88.013594537436958,41.278121159915784],[-88.013594537435964,41.278101159890042],[-88.013555537356623,41.276630158007251],[-88.013439537114408,41.272159152284999],[-88.013407537044159,41.270864150627439],[-88.013403537033909,41.270673150382791],[-88.013375536979197,41.269680149112801],[-88.01329953681666,41.266715145319182],[-88.013274536762424,41.265728144056411],[-88.013271536753408,41.265560143841135],[-88.01326353672691,41.265061143201471],[-88.013261536717977,41.264890142982061],[-88.013257536706178,41.264670142700183],[-88.013246536670181,41.263994141833699],[-88.013243536658379,41.263770141546395],[-88.013222536612787,41.262945140491077],[-88.013161536476048,41.260472137327419],[-88.01314153643041,41.259648136273306],[-88.013093536323126,41.257721133808694],[-88.013061536250262,41.256414132137046],[-88.012982536006675,41.251940126406772],[-88.012948535901302,41.250013123938992],[-88.012940536866665,41.249819123373783],[-88.012920539970295,41.249241121614887],[-88.012915541001675,41.249049121030104],[-88.012906543661657,41.248554119521323],[-88.012885551600334,41.247077115017468],[-88.012879554239689,41.246586113519925],[-88.012871556276281,41.246207112364921],[-88.012847562370212,41.245073108908926],[-88.012839564401617,41.244695107756883],[-88.01283156643305,41.244317106604818],[-88.01280757252222,41.243184103151556],[-88.012799574548453,41.242807102002459],[-88.012784577503908,41.242257100326924],[-88.012743586344797,41.240612095314162],[-88.012730589290271,41.240064093643973],[-88.012717592596289,41.23944909176911],[-88.012679602482791,41.237610086162263],[-88.012668605768027,41.23699908429888],[-88.012659608289709,41.236530082868676],[-88.012634615844632,41.235125078583479],[-88.012627618356078,41.234658077158784],[-88.012618619097267,41.234520076739443],[-88.012607621167092,41.23413507556613],[-88.012603621865949,41.23400507517001],[-88.01256862858132,41.232756071363177],[-88.012462648730775,41.229009059941021],[-88.012440653049666,41.228206057492656],[-88.012427655448491,41.227760056132922],[-88.012378663710166,41.226224051450615],[-88.012235688501519,41.221616037399663],[-88.012188696761953,41.220081032717879],[-88.01218469746695,41.219950032318309],[-88.01217469958209,41.219557031119166],[-88.012171700281769,41.219427030722443],[-88.012137707429531,41.218099026670203],[-88.012037728854935,41.214119014523419],[-88.012005735918962,41.212807010518468],[-88.012004735994338,41.212793010475835],[-88.011985739779675,41.212090008330058],[-88.011951746920033,41.210764004282147],[-88.0119317511313,41.209982001894751],[-88.011914754917285,41.2092789997483],[-88.011914754987274,41.209265999708542],[-88.01191275529429,41.209208999534603],[-88.011906756376845,41.209007998921045],[-88.011905756737661,41.208940998716379],[-88.011901757572446,41.208785998243137],[-88.011890760060695,41.208323996832412],[-88.0118877607824,41.208189996423194],[-88.011886760895521,41.208168996359149],[-88.011882761579585,41.208041995971485],[-88.011880761778897,41.208004995858659],[-88.011878762274407,41.207912995577701],[-88.011870763798726,41.207629994713692],[-88.011866764434345,41.207511994353524],[-88.011862765317687,41.207347993852721],[-88.011806775235016,41.205506988232152],[-88.029470775348585,41.205281985134881],[-88.029697775350286,41.205278985094935],[-88.031078775358978,41.205260984852799],[-88.031170775358504,41.205259984837276],[-88.035974775382869,41.205197983998239],[-88.047521775424755,41.205048981990394],[-88.050498775434775,41.20500998147304],[-88.055314775442113,41.204947980641052],[-88.055427775439924,41.204946980622879],[-88.058639775450857,41.204903980064437],[-88.060154775448879,41.204884979805094],[-88.064990775456778,41.204820978969003],[-88.069906775455237,41.204756978124387],[-88.07001477545812,41.20475497810417],[-88.073508775491661,41.204701977483992],[-88.074066775494501,41.204693977386391],[-88.074177775497077,41.204691977365819],[-88.076877775516181,41.204651976890389],[-88.077243775521509,41.204645976824374],[-88.07905677553407,41.204618976505245],[-88.089371775604491,41.204462974689683],[-88.089765775480672,41.204482974692624],[-88.09920977548461,41.204348973064278],[-88.108759468681825,41.204185973651747],[-88.108957468765226,41.204175973510957],[-88.112944469320851,41.204135971406338],[-88.113943469453247,41.204126970883266],[-88.118620470306496,41.204051968280716],[-88.124904471469833,41.203949964769102],[-88.128891472200607,41.20388696254367],[-88.130160472497792,41.203857961792323],[-88.133961473356408,41.203775959561284],[-88.135229473648479,41.203747958812805],[-88.135293473653093,41.203747958781726],[-88.135961473816153,41.203731958381233],[-88.138160474349206,41.203679957064786],[-88.138894474510536,41.203664956636231],[-88.139959474768219,41.203639955998575],[-88.143161475515285,41.203568954098877],[-88.14407847572744,41.203548953555746],[-88.144153475747444,41.203546953509552],[-88.144228475767449,41.203544953463364],[-88.144304475787521,41.203542953416679],[-88.144381475807663,41.203540953369497],[-88.145007475962473,41.203525952991974],[-88.147348476512903,41.203473951598653],[-88.148135476702109,41.203455951127268],[-88.150634477237631,41.203407949673618],[-88.158153478834535,41.203266945304847],[-88.160559479333244,41.203223943913713],[-88.16266747990656,41.203167942602221],[-88.172341482321798,41.202942936720476],[-88.172974482386195,41.20294093639879],[-88.173027482397785,41.202939936367642],[-88.175731483027562,41.202883934751839],[-88.177010483307612,41.202859933999363],[-88.183846485013376,41.20270492983127],[-88.186528485688285,41.202643928190234],[-88.195932487945313,41.202446922503633],[-88.196048487970046,41.202444922435561],[-88.198931488794443,41.202367920598334],[-88.199118488840412,41.202363920484295],[-88.199915489005576,41.202350920019505],[-88.200139489047032,41.202347919892297],[-88.200776489214462,41.20233291949625],[-88.200988489262627,41.202328919369663],[-88.202181489514629,41.202308918670347],[-88.20249548956366,41.202305918498247],[-88.205616490329959,41.202239916593761],[-88.205691490351612,41.202237916545741],[-88.20616949045305,41.202229916264997],[-88.207347490713147,41.202208915565983],[-88.209909491305766,41.202159914026446],[-88.214857492349836,41.202078911121035],[-88.220301493590213,41.201978907857402],[-88.226485495074954,41.201856904092971],[-88.230571496010057,41.201782901635468],[-88.234464496751002,41.201731899398055],[-88.236182497066991,41.201710898418057],[-88.244140498926257,41.20156489359546],[-88.24426446269716,41.206108919214152],[-88.244350448807666,41.207850929020495],[-88.244391431684264,41.209997941138319],[-88.244481412645584,41.212384954594022],[-88.244556393739501,41.214754967963074],[-88.244627383183868,41.216077975416148],[-88.244628382928568,41.216109975596694],[-88.244666376138255,41.216960980394504],[-88.244736356652098,41.219402994178971],[-88.244740355574791,41.219537994941049],[-88.244743355255508,41.219577995166219],[-88.244748354601015,41.219659995628199],[-88.244751354162034,41.219714995938197],[-88.244758351345098,41.220067997932198],[-88.244802341217181,41.221337005094327],[-88.244849326005181,41.223243015859559],[-88.244851325598063,41.223294016147392],[-88.244854324664203,41.223411016808235],[-88.244862322165957,41.223724018576156],[-88.244881317815455,41.224269021652979],[-88.244913310120026,41.225233027096209],[-88.24493230560951,41.22579803028664],[-88.24498729439162,41.227203038218867],[-88.245004290966108,41.227632040641076],[-88.245012288419375,41.227951042443621],[-88.245036275279958,41.229597051749856],[-88.245038274353902,41.229713052405636],[-88.245081267045762,41.23062805757138],[-88.2450892661588,41.230739058197351],[-88.245107264264888,41.23097605953371],[-88.245127257509736,41.2318220643158],[-88.245162247782901,41.233040071199632],[-88.245211234636855,41.234686080503145],[-88.245238229747287,41.235298083960636],[-88.245245226241778,41.235737086443685],[-88.245245226042215,41.235762086585176],[-88.24527821776654,41.236798092441632],[-88.245278217614867,41.236817092549174],[-88.245277213072796,41.237386095769921],[-88.245279212697241,41.237433096035531],[-88.245286210508667,41.237707097584945],[-88.245290210324356,41.237730097714298],[-88.245320207405115,41.238095099774164],[-88.245407191860764,41.240040110767339],[-88.245441181538681,41.241332118075455],[-88.245488164602023,41.243452130070089],[-88.245529155546251,41.244585136478733],[-88.245547151477822,41.245094139358123],[-88.245556149567307,41.245333140710116],[-88.245568146929429,41.245663142576987],[-88.245640126652972,41.248200156933919],[-88.245659121625096,41.24882916049377],[-88.245660121449177,41.248851160618251],[-88.245708112335123,41.250029167147666],[-88.245798118110898,41.252645170027421],[-88.245880124809489,41.255676173367064],[-88.245876125336039,41.255913173629231],[-88.24595912901718,41.257583175466145],[-88.245987130335877,41.258181176124168],[-88.246045132977272,41.259379177442433],[-88.246050133206609,41.259483177556881],[-88.246075134778991,41.260195178341313],[-88.246103136969339,41.261186179433793],[-88.24614113929691,41.262240180595136],[-88.24617214160196,41.263283181745024],[-88.246171142045711,41.263483181966116],[-88.246191143034139,41.263931182459508],[-88.246235145251774,41.264936183566533],[-88.246268147019848,41.265737184449101],[-88.246292150009992,41.267088185940324],[-88.246306150966788,41.26752118641781],[-88.246481161117075,41.272117191485307],[-88.246482162168149,41.272591192009259],[-88.246521165543385,41.274117193693677],[-88.246522165807093,41.274236193825175],[-88.246582169168576,41.275758195504046],[-88.246615171565153,41.276842196700557],[-88.246613171598909,41.276857196717259],[-88.246637173658314,41.277788197745238],[-88.246639173806457,41.277855197819207],[-88.246645174148867,41.278010197990234],[-88.246722178507312,41.279983200167557],[-88.246752180379204,41.280830201102582],[-88.246845185712814,41.283244203767531],[-88.246846185759168,41.283265203790698],[-88.246849185942608,41.283348203882355],[-88.246852186103865,41.283421203962952],[-88.246856186284845,41.283503204053446],[-88.246858186406413,41.283558204114179],[-88.24686018653685,41.283617204179329],[-88.246861186574321,41.283634204198087],[-88.246863186715842,41.283698204268774],[-88.246865186870679,41.283768204346103],[-88.246887188056945,41.284305204938995],[-88.246902188849958,41.284664205335368],[-88.246917189833781,41.285109205826892],[-88.246921192271017,41.286208207042414],[-88.246929192894811,41.286490207353992],[-88.246949193826524,41.286912207819903],[-88.246989195119809,41.287499208467494],[-88.247002196303839,41.288034209058793],[-88.246988196908219,41.288305209359223],[-88.24698919751367,41.288578209661203],[-88.247013197785648,41.28870320979847],[-88.247021198400631,41.288981210105689],[-88.247036199058442,41.289279210434763],[-88.247043199868912,41.289645210839417],[-88.247037200025545,41.289715210917102],[-88.247064202191638,41.290694211999202],[-88.24708220367863,41.291366212742027],[-88.247084203846825,41.291442212826041],[-88.247096205000133,41.291963213402063],[-88.247108205836184,41.292341213819874],[-88.247125207243599,41.292977214522992],[-88.247128207486981,41.293087214644608],[-88.247119207735253,41.293198214767756],[-88.24712520795137,41.293296214875987],[-88.247145208834525,41.293696215317894],[-88.247147209020468,41.293780215410784],[-88.247153209491771,41.293993215646275],[-88.247154209562552,41.29402521568165],[-88.247194212877702,41.29552321733803],[-88.247198213163074,41.295652217480658],[-88.2472002133823,41.295751217590158],[-88.247203213579141,41.295840217688557],[-88.247218215091394,41.296523218443937],[-88.247222215418944,41.296671218607614],[-88.247236216782795,41.297287219288926],[-88.247363228805142,41.302717225295758],[-88.24737622983433,41.303182225810218],[-88.247384230520595,41.303492226153217],[-88.247398232108793,41.304209226946647],[-88.247408233058749,41.304638227421364],[-88.247493241181417,41.308306231480799],[-88.24751224286203,41.309065232320904],[-88.247518243557678,41.309379232668491],[-88.247522243900846,41.309534232840058],[-88.247525244255343,41.309694233017176],[-88.247545246097815,41.310526233938191],[-88.247547246350408,41.310640234064394],[-88.247565247858205,41.31132123481828],[-88.24757924930023,41.31197223553901],[-88.247585249864983,41.312227235821325],[-88.247592250560487,41.312541236168983],[-88.247606251813892,41.313107236795645],[-88.247617253041284,41.313661237409057],[-88.247642255002845,41.314547238390098],[-88.247650255826898,41.314919238802027],[-88.247651256505847,41.315225239140887],[-88.247659256899382,41.315403239337996],[-88.24766425718029,41.315530239478633],[-88.247731263783791,41.31851124278009],[-88.247747265227915,41.319163243502274],[-88.247773267700069,41.320279244738465],[-88.24783727371225,41.32299324774516],[-88.247959278211752,41.325030250003344],[-88.247967278381239,41.32510725008877],[-88.247971284800101,41.327999253292823],[-88.247971285730188,41.328418253757015],[-88.247985287416995,41.329179254600426],[-88.247993288323499,41.329588255053743],[-88.247996291998987,41.331244256888525],[-88.248000292391197,41.331421257084735],[-88.248006292942904,41.331670257360756],[-88.248017294028728,41.332160257903936],[-88.248018294110707,41.332197257944962],[-88.248040296257983,41.333166259019187],[-88.248086299136091,41.334466260460964],[-88.248161305303995,41.33725026354842],[-88.248184307975336,41.33845526488463],[-88.248194309128138,41.338975265461279],[-88.248334317346831,41.342687269581134],[-88.24838632071787,41.344209271270593],[-88.248467325243666,41.346253273540434],[-88.248459326328444,41.346741274081062],[-88.248495327375409,41.347215274608395],[-88.248531331897425,41.349254276871008],[-88.248524332211559,41.349395277026964],[-88.248539332962039,41.349734277403662],[-88.248638341740758,41.353694281800486],[-88.248647342825308,41.354183282343314],[-88.248703347689371,41.356377284780031],[-88.248718347687259,41.356377284781011],[-88.248757349791447,41.357327285837236],[-88.24879235297999,41.358765287434586],[-88.248853356838026,41.360506289370065],[-88.248916363090203,41.363325292501962],[-88.248928364467787,41.36394629319183],[-88.248947366932782,41.365057294425874],[-88.248895366941795,41.365058294422866],[-88.248908368490305,41.365756295198246],[-88.248906368583832,41.365798295244673],[-88.248937370871829,41.366830296392088],[-88.248939371031469,41.366902296472134],[-88.248946371574689,41.367147296744513],[-88.248948373433393,41.367984297673281],[-88.248939373998653,41.368238297954328],[-88.248934374281347,41.368365298094801],[-88.248974377605521,41.369864299761282],[-88.249046380708251,41.371265301322076],[-88.249077382296974,41.37198230212045],[-88.249088385032053,41.373214303488552],[-88.249118385621458,41.373481303787607],[-88.24914938728584,41.374232304623902],[-88.249171389064614,41.375034305516017],[-88.249177390232276,41.375560306100354],[-88.249184390520213,41.375690306245303],[-88.249186390617709,41.375734306294319],[-88.249203391559732,41.376159306767633],[-88.249221392692704,41.376670307336532],[-88.249223392812425,41.376724307396657],[-88.249224392852298,41.376742307416734],[-88.249225392945462,41.376784307463446],[-88.24923939363245,41.377094307808882],[-88.249240393663428,41.377108307824521],[-88.249256394612289,41.377536308301146],[-88.249284396457227,41.378368309227419],[-88.24928939668321,41.378470309341139],[-88.249304397145778,41.378679309574643],[-88.249300397377255,41.37878330968968],[-88.249300397403914,41.378795309702994],[-88.249303397592385,41.378880309797651],[-88.249320398616746,41.379342310312204],[-88.249322398683148,41.379372310345715],[-88.249352400305852,41.380104311161354],[-88.249353400334613,41.380117311175894],[-88.249369401123644,41.380473311572729],[-88.249430404155859,41.38184131309783],[-88.249484407528954,41.383362314792308],[-88.249492408114591,41.383626315086289],[-88.249486409190496,41.384110315623019],[-88.249492410536149,41.384716316296526],[-88.249510411929407,41.385344316995806],[-88.249579416869821,41.387571319476457],[-88.249603418929127,41.388499320509752],[-88.249639421578252,41.389693321839928],[-88.249645422019782,41.389892322061648],[-88.249649422377075,41.390053322240917],[-88.249659423258137,41.390450322683002],[-88.249661423531222,41.390573322819847],[-88.249662423633339,41.390619322871053],[-88.249728429299239,41.393172325714538],[-88.249819437420754,41.396831329790359],[-88.249960446363104,41.400861334286198],[-88.250095454728154,41.404509338094016],[-88.250096454813018,41.404546338132612],[-88.250101455112826,41.404675338263353],[-88.250133457205749,41.405579339187341],[-88.25013445729725,41.405619339229276],[-88.250156458421628,41.406099339707353],[-88.250246464125311,41.408560342217008],[-88.250420474534764,41.41304234676678],[-88.25043647548469,41.413451347181947],[-88.250477477678672,41.414391348125797],[-88.250485478065855,41.414556348289501],[-88.250549481422595,41.415993349729739],[-88.250602484219627,41.417191350931866],[-88.25063948622001,41.418049351795474],[-88.250670487858415,41.41875135250045],[-88.25067548796234,41.418792352533742],[-88.250706488723864,41.419099352798952],[-88.250690489541455,41.419486353269541],[-88.250789495214008,41.421927355744337],[-88.250810496015873,41.422264356068105],[-88.25081449618591,41.422336356138473],[-88.250820496456527,41.422451356251841],[-88.250845497412811,41.422853356638271],[-88.250854498101589,41.423153356950436],[-88.250868499124934,41.42359835741194],[-88.250882500243605,41.424086357921411],[-88.25088250029242,41.424108357945926],[-88.250894501414791,41.424600358464815],[-88.250919503502232,41.425512359420011],[-88.250940505128909,41.426221360158891],[-88.250942505340333,41.42631436025767],[-88.250989510063491,41.428389362456052],[-88.251015511134582,41.42884236289774],[-88.251086514515862,41.430285364334011],[-88.251105515200663,41.430572364607904],[-88.25111951667337,41.431220365296646],[-88.251122517215464,41.431461365558178],[-88.251130518138368,41.431868365992734],[-88.251162519986934,41.432665366804201],[-88.251162520248613,41.432783366935837],[-88.251163520637022,41.432957367127514],[-88.251182522040025,41.433568367763151],[-88.251188522656136,41.433839368050975],[-88.251210523521095,41.43420436840502],[-88.251230524425281,41.434589368786263],[-88.251240525308646,41.434976369193947],[-88.251258526167774,41.435343369560044],[-88.251276527046798,41.435719369936223],[-88.251296528602623,41.436398370645804],[-88.251307531579002,41.437728372103713],[-88.251308531776615,41.437816372199528],[-88.251321533017517,41.438361372776583],[-88.251362535235273,41.439315373743099],[-88.251360536148042,41.439729374210039],[-88.25140853899029,41.440957375466084],[-88.251425540287386,41.441523376057397],[-88.251430540701051,41.441704376247543],[-88.251475543652589,41.442985377570615],[-88.251479543963967,41.443121377712956],[-88.251483544239889,41.443241377837438],[-88.251543546878025,41.444364378948876],[-88.251564547936312,41.444818379406087],[-88.251598549833361,41.445636380239158],[-88.251617552710144,41.446913381620824],[-88.251635553751797,41.447363382080994],[-88.251669555473256,41.448102382826335],[-88.251721557232301,41.448838383526009],[-88.251725557472568,41.448942383632804],[-88.25175655946974,41.449809384528756],[-88.251773560574946,41.450289385025265],[-88.251790561675634,41.450767385519583],[-88.251805562678328,41.451203385971716],[-88.251908569371935,41.454111388981701],[-88.251935571114444,41.454868389765174],[-88.251961572790151,41.4555963905187],[-88.251962572938737,41.455662390590199],[-88.25197257351455,41.45591139084538],[-88.251979574071967,41.456155391101994],[-88.251983574303154,41.456255391204529],[-88.252045578167511,41.457932392936272],[-88.252047578362792,41.458018393027849],[-88.252215589250042,41.462752397936967],[-88.2522155892744,41.462763397949281],[-88.252220589585264,41.462898398088882],[-88.25222758997181,41.463065398259694],[-88.252232590450902,41.463276398484396],[-88.252396601392462,41.468042403445203],[-88.252405605733301,41.469994405611367],[-88.252465608710637,41.471275406909882],[-88.252556614265117,41.473688409407366],[-88.252675619289036,41.475832411541681],[-88.252682619880602,41.476092411817412],[-88.252698621033019,41.476596412346467],[-88.252745624991746,41.478336414191972],[-88.252746625022851,41.478349414204295],[-88.252826630738753,41.480849416829038],[-88.252956639288726,41.484579420724316],[-88.252995642295062,41.485898422118126],[-88.253045645459082,41.487277423555305],[-88.253125651321724,41.489846426263092],[-88.253195655635125,41.491725428219347],[-88.253295660992734,41.494046430607526],[-88.253305661899333,41.494446431035108],[-88.253405668204664,41.497197433908624],[-88.253405668582374,41.497368434100835],[-88.253476672611214,41.499119435915013],[-88.25351567472093,41.500033436814917],[-88.2536346813622,41.502819436148251],[-88.25371668592534,41.50473443569156],[-88.253766689498562,41.506248435363304],[-88.253805692438377,41.507496435098027],[-88.253915698729656,41.510142434479491],[-88.254035707209709,41.51373843370552],[-88.254055707664591,41.513918433637585],[-88.254055707947856,41.514042433619657],[-88.254055708327073,41.514208433595662],[-88.254205719868821,41.519119432575479],[-88.254286723698286,41.520720432178429],[-88.25430072433555,41.520986432111471],[-88.254315724990889,41.521259432041504],[-88.254325725793009,41.521601431971966],[-88.254335726540305,41.5219194319059],[-88.25449974075913,41.527997430704367],[-88.25450674134882,41.52824943065437],[-88.254549741940906,41.528469430536241],[-88.254554742268496,41.528608430506402],[-88.254581745792635,41.530128430236275],[-88.254586746603778,41.530479430176428],[-88.254604747982597,41.531067430056929],[-88.254635750182061,41.532003429862222],[-88.254704754651385,41.533900429456239],[-88.254739756889919,41.534850429252558],[-88.254741757252049,41.53500742922644],[-88.254741757277117,41.535018429224884],[-88.254746757647681,41.535176429192681],[-88.254748757788605,41.535236429180252],[-88.254750757927269,41.535295429167967],[-88.254755758279586,41.535445429136907],[-88.254796761428082,41.536789428866427],[-88.254866765583316,41.538549428480991],[-88.254877765977255,41.538712428436483],[-88.25488476620805,41.538807428409385],[-88.25488676626226,41.538829428402366],[-88.254933769083721,41.540025428142478],[-88.25493776934708,41.54013742811896],[-88.254974771589261,41.541088427913493],[-88.255005773417906,41.541863427744666],[-88.255011773739895,41.541999427713982],[-88.255019774216294,41.542201427670186],[-88.25502577458839,41.542359427636448],[-88.255029774824294,41.542459427614702],[-88.25503277502402,41.542544427596994],[-88.255040775575566,41.542779427548645],[-88.255037776569822,41.543218427493244],[-88.25507277887283,41.544198427288691],[-88.255072779057357,41.544279427277409],[-88.255126781990128,41.545519427000364],[-88.255136782784547,41.545859426933788],[-88.255155783847414,41.546309426834625],[-88.255166784406825,41.546545426780661],[-88.255166784591324,41.546626426769421],[-88.255186785343952,41.54693942668748],[-88.255196786912578,41.547619426573945],[-88.255221788572214,41.54832642642797],[-88.255223788703702,41.548382426416389],[-88.255234789406387,41.548681426353902],[-88.255246790154246,41.548999426286898],[-88.255282791300004,41.549471426152778],[-88.255287791412314,41.549516426137004],[-88.25533079271051,41.550049425981285],[-88.255344792826804,41.550088425949198],[-88.25538379438315,41.550738425785283],[-88.255384794426092,41.550756425780897],[-88.255389795307778,41.551139425718638],[-88.255402795922805,41.551398425658284],[-88.255415796401252,41.551597425606197],[-88.255416796430524,41.551609425602642],[-88.255419796613936,41.551687425586216],[-88.25544379781941,41.55219642547069],[-88.255453798294155,41.552396425424249],[-88.255456798416077,41.552447425411557],[-88.255562802916572,41.554334424952515],[-88.255564803120663,41.554422424936703],[-88.255584805562137,41.555478424754675],[-88.255613807026464,41.55609742461565],[-88.255625807636562,41.556355424557928],[-88.255662809468575,41.557129424383064],[-88.255675810082721,41.557388424323463],[-88.255676810132414,41.557409424318728],[-88.255681810378576,41.557513424295216],[-88.255690810768911,41.55767742425607],[-88.255701811276779,41.557891424206403],[-88.255708811576795,41.558017424176185],[-88.255712811793728,41.558109424156207],[-88.255726812411908,41.558369424094728],[-88.255726812450575,41.558386424092426],[-88.255726812536992,41.558424424087256],[-88.255783815397777,41.559634423816838],[-88.255864820263156,41.56170642338612],[-88.255877820992566,41.562016423320202],[-88.255887821218394,41.562107423289461],[-88.255887821263869,41.562127423286753],[-88.255967825708908,41.56401642288467],[-88.255978825777348,41.564037422861645],[-88.25599182692909,41.564533422771049],[-88.255988826966657,41.564552422773986],[-88.255987827023858,41.564578422772328],[-88.255988827148485,41.564632422763218],[-88.255995828241197,41.565107422686481],[-88.256005828825863,41.565356422634686],[-88.256035831852273,41.566663422404247],[-88.256065833314821,41.567282422266523],[-88.256105835818204,41.56835142205054],[-88.256135837146161,41.568911421921193],[-88.256165839314463,41.569841421742574],[-88.256226842175494,41.571051421471068],[-88.256276844543081,41.572053421247738],[-88.25628684476581,41.572143421217817],[-88.256355849124688,41.574007420846719],[-88.256388850828571,41.574731420691904],[-88.256446853948617,41.57605942041306],[-88.256516857990391,41.577784420061462],[-88.256553859840722,41.578570419892678],[-88.256556860002675,41.578639419878321],[-88.256564860250776,41.578742419850684],[-88.256583860868034,41.57899941978345],[-88.256590861100705,41.579096419758386],[-88.256593861210433,41.579142419747079],[-88.256642861956152,41.579432419622904],[-88.256759868006014,41.582007419081151],[-88.256778868937872,41.582403418996357],[-88.256790869553328,41.582665418941296],[-88.256806870434374,41.583041418864454],[-88.256809870618838,41.583120418848935],[-88.25683087190319,41.583670418740837],[-88.256832871992913,41.583708418732414],[-88.256842872577451,41.583958418682535],[-88.256917876359822,41.585568418343641],[-88.256946877841145,41.586199418211834],[-88.256951878137784,41.586326418186765],[-88.256974879635592,41.586969418063937],[-88.256996881079345,41.587589417945949],[-88.257133889012792,41.59098541727419],[-88.257136889176564,41.591055417260108],[-88.257258894548599,41.593334416761429],[-88.25727089487259,41.593468416724072],[-88.257408903164105,41.597026416039007],[-88.257512909675086,41.599825415511184],[-88.257536911111671,41.600442415393466],[-88.257683918854383,41.60375641473432],[-88.257767922871878,41.605471414382322],[-88.257818926535563,41.607054414101562],[-88.257828926911401,41.607213414065534],[-88.25782892729589,41.607383414044278],[-88.257852928083381,41.607714413964231],[-88.257944931063122,41.608966413660283],[-88.258136941327308,41.613371412808497],[-88.258179943569218,41.614333412621953],[-88.258338952032815,41.617969411926232],[-88.258345952445737,41.618147411893553],[-88.258498960490982,41.62160541123496],[-88.258542962906262,41.622645411041056],[-88.25865696918963,41.625352410539321],[-88.258747974178149,41.627502410142434],[-88.25874997428717,41.62754941013376],[-88.258756974708291,41.627731410101319],[-88.259063991455704,41.634956408781314],[-88.259116994334519,41.636199408556273],[-88.259192999073278,41.638253408202687],[-88.259273003933018,41.640359407838837],[-88.259314006489703,41.641468407649555],[-88.259389011091585,41.643464407308343],[-88.259409012489002,41.64407240720876],[-88.259505019259052,41.647019406729193],[-88.25961902730181,41.650522406163105],[-88.259625027793945,41.650737406129878],[-88.259637028640824,41.651106406070532],[-88.2596580301053,41.651744405967655],[-88.259679031560609,41.652378405865406],[-88.259701033188165,41.653088405753138],[-88.259730035263701,41.653993405608944],[-88.259759037327697,41.654893405465607],[-88.259772038287849,41.655312405399656],[-88.259790039580778,41.655876405310281],[-88.25982404197471,41.656920405144199],[-88.259856044304811,41.657937404984281],[-88.259944050376077,41.660585404563214],[-88.259961051522652,41.661085404483451],[-88.259975052462835,41.661495404418055],[-88.259988053399411,41.661904404354139],[-88.26009906105601,41.665246403827751],[-88.260210069326178,41.668863403274194],[-88.260545094269503,41.679785401628045],[-88.260663110669938,41.687029400682121],[-88.260778126650607,41.694092399768408],[-88.260790128443261,41.694885399667392],[-88.260807130609209,41.695842399542727],[-88.26080913110053,41.696060399516504],[-88.260814132461221,41.696664399444515],[-88.260852138261612,41.69923139911986],[-88.260880140934248,41.700409398959273],[-88.260957151786457,41.705211398349249],[-88.26101515974247,41.7087323979027],[-88.261018160207456,41.70893839787707],[-88.261032161053564,41.709309397821592],[-88.261036161286299,41.709411397806193],[-88.261037161347858,41.709438397802174],[-88.261039161455273,41.709485397794907],[-88.261052163769023,41.710511397669585],[-88.261082169218355,41.71292839737557],[-88.261104172147967,41.714225397211848],[-88.261151178827305,41.717184396842782],[-88.261163180336268,41.717852396758211],[-88.261192184555625,41.719722396526663],[-88.26121118746498,41.721012396368266],[-88.261224188842135,41.721621396289478],[-88.261246191870356,41.722963396122864],[-88.261270195410987,41.724533395930088],[-88.261272195686217,41.724655395914986],[-88.260783195245651,41.724658396406319],[-88.260108194646207,41.724666397084071],[-88.259995194545084,41.724667397197571],[-88.25993819449296,41.724667397254883],[-88.257642192467557,41.724700399559083],[-88.257251192116797,41.724703399951736],[-88.2560811910719,41.724714401126342],[-88.255691190726665,41.72471940151766],[-88.255505190558864,41.724720401704474],[-88.254949190061893,41.724725402262614],[-88.254764189899589,41.724728402448136],[-88.254333189521489,41.724735402880313],[-88.253185188506265,41.724750404031859],[-88.252047187502697,41.724766405173014],[-88.248449188204788,41.724786405736161],[-88.246871190806885,41.724796404211951],[-88.245892192427874,41.724805403265769],[-88.244893194081698,41.72481440230024],[-88.242955197296396,41.724834400426538],[-88.241977198921035,41.724845399480735],[-88.241828199166974,41.724846399336762],[-88.241384199899883,41.724849398907736],[-88.241237200144923,41.724851398765502],[-88.241119200337806,41.72485139865163],[-88.240768200918708,41.724854398312331],[-88.240651201114744,41.724856398199044],[-88.240223201826311,41.724861397785041],[-88.240102202026478,41.724862397668076],[-88.238939203963568,41.724877396542759],[-88.238512204676042,41.724883396129478],[-88.238126205321478,41.724889395755746],[-88.236968207255671,41.724906394634658],[-88.236582207903666,41.72491339426066],[-88.236552207952712,41.724913394231706],[-88.236461208103918,41.724914394143674],[-88.236425208165215,41.724915394108713],[-88.236369208256761,41.724915394054662],[-88.236354208283714,41.72491639403998],[-88.236293208383444,41.724916393981104],[-88.236112208686649,41.724919393805784],[-88.236052208789573,41.724921393747458],[-88.236014208851728,41.72492139371078],[-88.235903209038071,41.724923393603227],[-88.235866209100976,41.724924393567314],[-88.235823209171301,41.724924393525804],[-88.23569820938053,41.724926393404736],[-88.235655209455672,41.724928393362816],[-88.23563120949251,41.724927393339854],[-88.235559209602982,41.724924393270989],[-88.235535209639821,41.724923393248034],[-88.235512209675022,41.724922393226031],[-88.235446209775688,41.724919393162956],[-88.235424209811669,41.724919393141718],[-88.235399209850115,41.724918393117797],[-88.235326209962224,41.724915393047965],[-88.235302209999048,41.724914393025017],[-88.23044721805303,41.724961388328488],[-88.225672225981995,41.725009383707608],[-88.225494226280659,41.725012383535038],[-88.225122226899174,41.725016383174918],[-88.22497522714464,41.725018383032513],[-88.224829227388483,41.725020382891067],[-88.224260228336817,41.725027382339995],[-88.223236230044662,41.725040381348101],[-88.222683230966993,41.72504738081242],[-88.222653231016082,41.725047380783451],[-88.221296233279176,41.725064379468883],[-88.219861235672795,41.725082378078589],[-88.219357236515279,41.725089377590088],[-88.218491237957878,41.725099376751182],[-88.217777239149271,41.725108376059289],[-88.217700239277832,41.725109375984665],[-88.217644239372035,41.725110375930321],[-88.217478239648813,41.725112375769477],[-88.217272239991047,41.725114375569994],[-88.217168240166359,41.725116375469021],[-88.216825240737961,41.725120375136704],[-88.216466241338324,41.725125374788647],[-88.215581242815006,41.725136373930944],[-88.215180243484198,41.7251413735423],[-88.213556246194003,41.725161371968234],[-88.2128952472967,41.725169371327553],[-88.21270024762886,41.725174371137804],[-88.212631247736624,41.725172371071707],[-88.210542251231885,41.725201369045614],[-88.209703252623811,41.725208368233091],[-88.209222253429658,41.72521536776641],[-88.208660254368169,41.725222367221434],[-88.208158255205859,41.725228366734711],[-88.207578256173974,41.725235366172321],[-88.207205256797891,41.725240365810471],[-88.206897257312775,41.72524436551172],[-88.206468258028465,41.725249365095756],[-88.206295258314412,41.725250364928307],[-88.206035258750731,41.725254364675912],[-88.205883258991761,41.725251364529939],[-88.20583725913562,41.725277364477769],[-88.205792259254153,41.725294364429232],[-88.205760259335577,41.725305364395034],[-88.205739259377879,41.725308364373859],[-88.205111260390737,41.725302363768762],[-88.205068260450602,41.725298363728413],[-88.205025260497251,41.725289363689555],[-88.204955260553774,41.725267363628518],[-88.203784262508719,41.725281362492794],[-88.202917263955314,41.725291361651969],[-88.202734264263043,41.725294361474212],[-88.20016326855459,41.725324358980366],[-88.200107268649006,41.725325358925936],[-88.19224128179232,41.725419351292345],[-88.192063282092263,41.725422351119256],[-88.187283290081609,41.72547834647866],[-88.187036290544796,41.725499346232425],[-88.186998290615435,41.725502346194624],[-88.186969290668529,41.72550434616587],[-88.186909290766906,41.725504346107854],[-88.186729291067579,41.725506345933098],[-88.186670291167076,41.725507345875684],[-88.185932292396558,41.725514345159581],[-88.185787292639858,41.725516345018647],[-88.184776294372909,41.725543344031308],[-88.183719296125801,41.725550343006574],[-88.182982297348403,41.725555342291997],[-88.182074298876799,41.725569341408715],[-88.179354303465075,41.725614338761154],[-88.178447304998272,41.725630337877774],[-88.178210305395595,41.72563333764738],[-88.177502306585509,41.72564333695869],[-88.17726630698408,41.725647336728862],[-88.177201307090712,41.725647336665979],[-88.177008307418745,41.725651336477739],[-88.176944307526583,41.72565233641545],[-88.176894307608606,41.725652336367084],[-88.176747307858335,41.725655336223717],[-88.176698307941592,41.725656336175931],[-88.176121308911092,41.72566433561466],[-88.174393311823707,41.725691333932382],[-88.173817312794739,41.72570033337157],[-88.173700312989624,41.725701333257966],[-88.173350313581224,41.725707332916961],[-88.173234313777328,41.725709332803937],[-88.173104313993548,41.725710332677757],[-88.172717314645922,41.725716332300941],[-88.17258831486626,41.725719332174933],[-88.172548314931902,41.725719332136229],[-88.172431315129685,41.725721332022225],[-88.172392315196575,41.725722331984095],[-88.171659316428418,41.725732331270848],[-88.169460320133354,41.725765329129644],[-88.168771321293406,41.725775328458802],[-88.168728321366899,41.725776328416778],[-88.168608321569735,41.725778328299832],[-88.168486321769976,41.725778328181761],[-88.167762322975989,41.725784327478635],[-88.167521323377457,41.725786327244563],[-88.167471323462451,41.725787327195782],[-88.167325323719666,41.725793327052003],[-88.167276323805936,41.725795327003759],[-88.166986324308354,41.725804326719377],[-88.166605324974839,41.725818326344822],[-88.166118325771492,41.725817325873869],[-88.165829326245984,41.72581732559415],[-88.165515326776202,41.725822325288149],[-88.164577328360409,41.725837324373963],[-88.164264328892017,41.725843324068471],[-88.164068329222687,41.725846323877484],[-88.163588330022677,41.725850323411159],[-88.163430330285081,41.7258513232578],[-88.163286330556957,41.725863323113316],[-88.163035330980961,41.725867322868638],[-88.162282332261938,41.725882322133316],[-88.162032332690288,41.725888321888725],[-88.160839334700128,41.725905320726447],[-88.15778133986052,41.725951317745597],[-88.15767534004064,41.725953317642073],[-88.157263340738481,41.725960317240038],[-88.15607234276429,41.725983316076537],[-88.156052342797139,41.725983316057167],[-88.155995342890805,41.725983316001965],[-88.15597634292503,41.725984315983126],[-88.155956342957893,41.725984315963764],[-88.155899343054557,41.725985315908112],[-88.155880343088782,41.725986315889266],[-88.155682343420139,41.725988315696632],[-88.155551343641392,41.725990315568879],[-88.15508934441857,41.725996315118785],[-88.154892344751318,41.725999314926661],[-88.154816344879237,41.726000314852605],[-88.15458834525991,41.726002314630904],[-88.154513345389191,41.726004314557379],[-88.154258345817269,41.726007314309072],[-88.153496347102674,41.726018313566129],[-88.153242347532199,41.72602231331831],[-88.152700348453209,41.726032312788838],[-88.151076351213391,41.726062311202135],[-88.150647351942894,41.726070310782895],[-88.150602352019916,41.726071310738845],[-88.150535352136131,41.726073310673023],[-88.150447352286889,41.726075310586857],[-88.15018335273912,41.726081310328354],[-88.150096352891268,41.72608431024269],[-88.149715353545034,41.726093309869448],[-88.148956354850853,41.726112309125327],[-88.148572355488284,41.726114308752379],[-88.148191356120805,41.726116308382345],[-88.146790358528634,41.726150307009],[-88.145074361479914,41.726192305326308],[-88.144899361807873,41.726205305150501],[-88.144887361802901,41.726197305142712],[-88.143934363441431,41.726220304208155],[-88.143490364202748,41.726230303773043],[-88.142806365380594,41.726247303101921],[-88.14262236568328,41.726247302923589],[-88.139691370742497,41.726323300045387],[-88.138055373557094,41.726362298439987],[-88.137845373924719,41.726369298232889],[-88.137552374428978,41.726376297945308],[-88.136698375897623,41.726396297107243],[-88.13558837781008,41.726423296017295],[-88.134427379810091,41.726451294877201],[-88.13420438019628,41.726457294657877],[-88.133023382229823,41.726485293498143],[-88.132545383055145,41.726497293028352],[-88.132438383240896,41.726500292923028],[-88.132325383433368,41.726502292812391],[-88.131750384424947,41.726516292247425],[-88.131616384655203,41.726519292115896],[-88.131008385704476,41.726534291518341],[-88.130861385959378,41.726538291373672],[-88.13084738598242,41.726538291360093],[-88.130794386072907,41.726539291308157],[-88.130158387178085,41.726557290681797],[-88.130007387433224,41.726559290534261],[-88.129590388152181,41.726569290124495],[-88.129362388543825,41.726574289900675],[-88.128790389531062,41.726588289338373],[-88.128670389738403,41.726591289220366],[-88.12802939084591,41.72660728859001],[-88.127874391107724,41.726609288438567],[-88.127479391793969,41.726620288049482],[-88.126995392630135,41.726632287573473],[-88.126968392674627,41.726632287547275],[-88.126511393466402,41.726644287097429],[-88.126415393631063,41.726646287003213],[-88.126270393882919,41.726650286860369],[-88.125849394609034,41.726660286446489],[-88.125297395564033,41.726674285903307],[-88.125165395797779,41.726679285772526],[-88.124874396296832,41.72668528548688],[-88.124474396985292,41.726694285093835],[-88.124140397565029,41.726703284764824],[-88.123780398187648,41.72671228441056],[-88.123004399528611,41.726731283647062],[-88.122505400393578,41.726744283155639],[-88.122370400625925,41.726747283022959],[-88.121964401327887,41.726757282623396],[-88.121634401898092,41.726765282298686],[-88.121082402853958,41.726779281755149],[-88.120970403048446,41.726782281644773],[-88.120818403312157,41.726786281495023],[-88.120504403852834,41.726793281186332],[-88.12002640468036,41.726805280715659],[-88.119874404944127,41.726809280565881],[-88.119647405338142,41.726815280342173],[-88.118920406599472,41.726834279625784],[-88.118789406822103,41.726836279497483],[-88.118521407277271,41.726840279235041],[-88.118387407439187,41.726822279114977],[-88.118275407610753,41.726818279008469],[-88.118053407957163,41.726812278796295],[-88.117536408885499,41.72683527828147],[-88.117290409330778,41.726847278035883],[-88.117070409700247,41.726849277821152],[-88.116412410811989,41.726857277177757],[-88.116193411186458,41.726861276962843],[-88.116162411237582,41.726861276932738],[-88.116070411395953,41.72686327684228],[-88.116040411448751,41.726864276812584],[-88.115991411529578,41.726864276764999],[-88.115846411778676,41.726867276622521],[-88.115798411864475,41.726869276574774],[-88.115302412715778,41.72687927608748],[-88.113814415270085,41.726909274625399],[-88.113319416123346,41.726920274138386],[-88.113268416207504,41.726920274088855],[-88.113115416469938,41.726923273938546],[-88.113065416559081,41.726925273888838],[-88.112723417150008,41.726933273552092],[-88.111696418928034,41.726958272540209],[-88.11135541952082,41.726967272203787],[-88.111313419593472,41.726968272162416],[-88.111190419803137,41.726970272041783],[-88.111149419877478,41.726972272000801],[-88.110707420640381,41.726982271565653],[-88.109383422932851,41.727014270260874],[-88.108942423701066,41.727026269825416],[-88.1088034239406,41.727029269688622],[-88.108389424657616,41.727039269280546],[-88.108251424898896,41.727043269144119],[-88.107946425425965,41.727050268843684],[-88.107621425989436,41.727058268523194],[-88.105993428812411,41.727098266917665],[-88.105940428906678,41.727100266864973],[-88.105644429412365,41.727105266574362],[-88.104757430934697,41.727122265702256],[-88.104462431445626,41.727129265411399],[-88.104125432022528,41.7271352650803],[-88.103116433756966,41.727155264087664],[-88.102780434339152,41.727163263756282],[-88.098653055718842,41.727253541985753],[-88.098585055833098,41.727254541964342],[-88.098381056178269,41.727258541900504],[-88.098314056293233,41.727260541879815],[-88.098294056326168,41.727260541873406],[-88.098235056425636,41.727261541854887],[-88.098216056459265,41.727262541849193],[-88.098187056509346,41.727263541840287],[-88.098171056535662,41.72726354183515],[-88.097940056920606,41.727265541761867],[-88.097628057438882,41.727267541662606],[-88.097534057593606,41.727267541632457],[-88.095867060370637,41.72728154110338],[-88.09528006135109,41.72728754091748],[-88.095222061453683,41.727290540900057],[-88.094873062073219,41.727309540795609],[-88.091627067827943,41.727481539821575],[-88.090827069191249,41.727500539572212],[-88.089683071140698,41.727527539215522],[-88.088846072567804,41.727547538954596],[-88.088279073533371,41.72756053877761],[-88.08708107557743,41.727589538404196],[-88.085768077816297,41.727620537994547],[-88.082845082802152,41.72768953708227],[-88.080756086366094,41.727738536429896],[-88.078941089462162,41.727780535862699],[-88.078610090027723,41.727788535759366],[-88.075948094568986,41.727849534926889],[-88.075660095061423,41.72785653483696],[-88.069382105789956,41.728004532873705],[-88.06919610609441,41.728003532813531],[-88.069032106377691,41.72800853276263],[-88.068701106944147,41.728016532659133],[-88.063577115712661,41.728138531055514],[-88.063545115768065,41.728139531045585],[-88.063515115820138,41.728140531036296],[-88.063439115948199,41.728141531012206],[-88.063364116084799,41.728146530989882],[-88.062289117911092,41.728166530651251],[-88.062175118112165,41.728171530616372],[-88.061232119725886,41.728193530320873],[-88.060975120165736,41.728199530240332],[-88.060382121181121,41.728213530054532],[-88.060233121437506,41.728217530008017],[-88.059860122076756,41.728226529891209],[-88.058815123867319,41.728251529563828],[-88.05873012401031,41.728252529536839],[-88.058699124064091,41.728253529527215],[-88.058329124698545,41.728262529411346],[-88.058162124984747,41.728266529359026],[-88.057748125691944,41.728275529228974],[-88.057069126852525,41.728290529015752],[-88.056895127152956,41.728295528961517],[-88.056160128411392,41.728312528730953],[-88.056055128592661,41.728315528698211],[-88.054858130643339,41.728343528322767],[-88.054522131219386,41.728351528217402],[-88.054295131607532,41.728356528146087],[-88.053900132283758,41.728365528022081],[-88.053637132734039,41.728371527939501],[-88.053392133154588,41.728377527862733],[-88.052915133971666,41.728388527713008],[-88.052721134302743,41.728392527651941],[-88.052619134479173,41.728395527620144],[-88.052413134832719,41.728400527555557],[-88.052367134898262,41.728396527539367],[-88.052347134944426,41.728401527534672],[-88.052332134979693,41.728405527531223],[-88.052283135084267,41.728414527518567],[-88.052197135268344,41.728430527496435],[-88.052101135453242,41.728440527468997],[-88.052029135595845,41.728449527448937],[-88.052012135626569,41.728450527443812],[-88.051942135750153,41.72845352742231],[-88.051722136126941,41.728458527353204],[-88.050852137617682,41.728478527079979],[-88.050563138113858,41.728485526989317],[-88.050013139004704,41.728478526809795],[-88.049674139549296,41.728472526698567],[-88.049446139915673,41.728468526623757],[-88.045041147453304,41.728564525237857],[-88.040009156068152,41.72867352365332],[-88.035147164413573,41.728784522123057],[-88.034895164846972,41.728790522043788],[-88.034668165239012,41.728796521972576],[-88.034450165591622,41.728793521901316],[-88.034257165941042,41.728804521842697],[-88.030349172653899,41.728893520611592],[-88.030279166790351,41.726719519886579],[-88.030272166240749,41.726515519818427],[-88.030132154447429,41.722145518362368],[-88.030117153252803,41.721702518214578],[-88.03011415301826,41.721615518185537],[-88.029988143222937,41.717982516973208],[-88.029963141267302,41.717257516731451],[-88.029911137391608,41.715819516251287],[-88.029904136764031,41.71558751617426],[-88.029868133990888,41.714559515831489],[-88.0298621334112,41.714345515760598],[-88.02984213165864,41.713697515545405],[-88.029725121022622,41.709768514242505],[-88.02970111873816,41.708925513963415],[-88.029684117246873,41.708374513780626],[-88.029677116635227,41.708148513705652],[-88.029669115829563,41.707851513607501],[-88.029660114868392,41.707497513490658],[-88.02964511370979,41.707068513347849],[-88.029637112915026,41.706775513251003],[-88.029634112729568,41.706706513227864],[-88.029622111635135,41.706302513094037],[-88.029593109079059,41.705358512781096],[-88.029592108901525,41.705293512759852],[-88.029583108229303,41.705044512676913],[-88.029580107930855,41.704934512640563],[-88.029578107746559,41.704866512618054],[-88.029571107123616,41.704636512541839],[-88.029566106571991,41.704433512474928],[-88.029549105239582,41.703940512311],[-88.029528103425534,41.703270512088878],[-88.029492100088191,41.702039511681576],[-88.029477098768922,41.701552511520255],[-88.029467098111581,41.701308511438718],[-88.029439095409018,41.70031251110963],[-88.029424094048082,41.699810510943522],[-88.029424093998486,41.699792510937726],[-88.029419093633919,41.699657510892777],[-88.029411092876998,41.699378510800578],[-88.029365088902367,41.69791151031469],[-88.029290082497042,41.695547509531778],[-88.029282081712154,41.695258509436428],[-88.029197074265852,41.692512508528125],[-88.029165071483291,41.691486508188831],[-88.029163070923744,41.69128250812259],[-88.029157070747615,41.69121550809934],[-88.029156070561569,41.691147508077172],[-88.029153070403211,41.691088508057334],[-88.029151070251686,41.691032508038745],[-88.029150070159346,41.690998508027526],[-88.029147069978933,41.690931508005114],[-88.028982055282995,41.685517506217124],[-88.028970054538547,41.685241506125045],[-88.028942051758705,41.684219505788633],[-88.028836041030601,41.680277504492146],[-88.028826040384885,41.680038504412614],[-88.028770034832462,41.677998503741769],[-88.028729030732137,41.676492503246784],[-88.028717029509238,41.67604350309928],[-88.028674025107051,41.674427502568598],[-88.028675025000837,41.67438950255665],[-88.028647022051828,41.673307502201617],[-88.028631020748207,41.672827502043205],[-88.028634020137005,41.672607501973296],[-88.028637019972948,41.672549501955444],[-88.028634019507706,41.672379501900032],[-88.028593016842962,41.671394501572898],[-88.028571014779487,41.670636501323699],[-88.028562013819581,41.670284501208286],[-88.028558013319625,41.670101501148473],[-88.028554012808655,41.669914501087369],[-88.028524010123007,41.668927500762614],[-88.028516009584024,41.668728500696645],[-88.028509009002292,41.668514500626117],[-88.028506008766001,41.66842750059741],[-88.028497007215009,41.667861500413323],[-88.028489006587591,41.66763050033709],[-88.028483006109425,41.667454500279035],[-88.028430001660467,41.665818499740205],[-88.028424001008176,41.665579499661952],[-88.028421999282145,41.664953499460445],[-88.028364996052034,41.663757499062122],[-88.028350995451191,41.663533498986695],[-88.028231984405977,41.65948049765634],[-88.028138975729931,41.656298496612713],[-88.02813497536458,41.656164496568763],[-88.028132975181919,41.656097496546785],[-88.028129974870609,41.655983496509478],[-88.0281279747349,41.65593349649297],[-88.028115973500647,41.655481496345075],[-88.028105972601011,41.655151496236812],[-88.028096971716707,41.654827496130721],[-88.028085970680024,41.654447496006199],[-88.028052967569749,41.653307495632674],[-88.028041966535667,41.652928495508505],[-88.028035966050979,41.652750495449993],[-88.028020964593239,41.652216495275177],[-88.028019964481132,41.652175495261787],[-88.028015964107297,41.652038495216914],[-88.028007963373469,41.651769495128754],[-88.027999962692107,41.651519495046692],[-88.027997962501033,41.651449495023776],[-88.027983961174542,41.650963494864634],[-88.027976960442174,41.650695494777061],[-88.027961959047644,41.65018449460969],[-88.027948957827547,41.649737494463324],[-88.027940957107333,41.649473494376807],[-88.027933956405207,41.64921649429278],[-88.027924955180254,41.648769494147388],[-88.027908952838402,41.64791549386991],[-88.027896951879441,41.647563493754284],[-88.027863949562757,41.646711493473532],[-88.027838947767293,41.64605149325623],[-88.027807945301149,41.645146492959071],[-88.027684935374126,41.641505491764555],[-88.026052937321623,41.641536491404075],[-88.024546939114842,41.641563491070812],[-88.020842943526119,41.641629490250651],[-88.018589946207499,41.641668489751162],[-88.018479946341543,41.641671489727109],[-88.017430947592757,41.641690489494735],[-88.016135949122273,41.641708489206131],[-88.012863953023725,41.641766488480506],[-88.012583953360661,41.641772488418709],[-88.010673955642531,41.641807487995258],[-88.010052956389274,41.641820487858041],[-88.009652956877858,41.641831487770439],[-88.008757957955083,41.641850487572711],[-88.008037958800855,41.641858487411419],[-88.007711959182004,41.641861487338218],[-88.006946960111065,41.641880487169963],[-88.006616960514179,41.641889487097615],[-88.006207960998978,41.641895487006408],[-88.005720961578717,41.641903486898052],[-88.005270962113343,41.641910486797805],[-88.00400996360986,41.64192948651668],[-88.003415964315039,41.641938486384248],[-88.002739965096552,41.641941486231396],[-88.002594965294378,41.641952486201646],[-88.002535965373482,41.6419564861894],[-88.002479965440415,41.641957486176956],[-88.000465967851227,41.641994485729654],[-88.000067968329773,41.642002485641456],[-87.999227970000618,41.6420184838463],[-87.996827974977393,41.64207447829579],[-87.996048976591553,41.642092476494106],[-87.989254990654288,41.642249460779944],[-87.988467992272689,41.642264458958671],[-87.986525996256631,41.642298454463564],[-87.985443998478502,41.642318451959341],[-87.984111001213293,41.642342448873961],[-87.982685004136187,41.6423674455731],[-87.981796006067043,41.642423443526461],[-87.981733006203925,41.642427443381429],[-87.981117007538899,41.642465441963019],[-87.980055009837642,41.642530439517422],[-87.979814010365089,41.642547438963049],[-87.979228011536847,41.64254743760366],[-87.978036013920359,41.64254743483847],[-87.97721601567369,41.642590432948047],[-87.976760016564157,41.642582431888016],[-87.976403017259415,41.642575431057928],[-87.975550019043453,41.642605429087332],[-87.972707024708129,41.642598422490153],[-87.972655024814657,41.642599422369798],[-87.970381029506001,41.64265641710989],[-87.970346029578494,41.642657417028971],[-87.970066030153305,41.642663416381026],[-87.968041034315817,41.642709411695627],[-87.965529039473466,41.642765405882962],[-87.962768045139384,41.64282739949401],[-87.961689047354355,41.642852396997348],[-87.961586047564822,41.642854396758906],[-87.959069052725752,41.642911390934415],[-87.956130058746069,41.642977384132976],[-87.950775069704576,41.643098371739946],[-87.950592070078486,41.643102371316388],[-87.941164089342365,41.643320349496278],[-87.940807090072425,41.643329348670164],[-87.936921097994869,41.643418339675364],[-87.936910098008184,41.643414339648842],[-87.931796108412613,41.643527327809913],[-87.931604108806596,41.643533327365844],[-87.9314511091127,41.643534327011054],[-87.931424109168418,41.643535326948644],[-87.931333109353389,41.643537326737963],[-87.931278109464742,41.643538326610582],[-87.930103111846833,41.643561323889614],[-87.929566112936257,41.643572322646172],[-87.923993124233334,41.643686309741206],[-87.922136127996112,41.643725305441144],[-87.921770128736171,41.643732304593456],[-87.920658130987619,41.643755302018377],[-87.920229131854356,41.643763301024713],[-87.911927148636266,41.643932281797746],[-87.911915147945592,41.643540281679847],[-87.911890144890137,41.641836281230439],[-87.91187714320165,41.640895280984147],[-87.911846141750445,41.640064280721418],[-87.911794139308384,41.638665280279625],[-87.911789139056381,41.638521280234976],[-87.911765137011798,41.637371279915307],[-87.911748136375124,41.637002279791218],[-87.911743136143357,41.636869279749099],[-87.91174013585649,41.636708279705182],[-87.91173013522193,41.636348279599382],[-87.911707134499864,41.635925279449005],[-87.911680132978489,41.635058279187476],[-87.9116731324673,41.634769279104944],[-87.911667131957699,41.634482279025171],[-87.911657131578437,41.634262278951532],[-87.911649130263598,41.633530278764994],[-87.911636129650745,41.633178278654128],[-87.911633129444269,41.633061278620339],[-87.911587126701306,41.631499278155466],[-87.911584126494958,41.631382278121677],[-87.911572125636951,41.630896277982401],[-87.911537123007122,41.629408277560067],[-87.911506121367651,41.628469277272991],[-87.911501121120466,41.628327277228863],[-87.911497120878394,41.628189277187964],[-87.911411117927386,41.626461276592956],[-87.911400117557505,41.626244276517788],[-87.911397117437005,41.626174276494808],[-87.91139311720066,41.626039276454613],[-87.911376116248547,41.625494276290375],[-87.911354114975552,41.624766276072648],[-87.911342114361389,41.62441327596401],[-87.911304112344354,41.623255275610795],[-87.911299112128731,41.62313027557061],[-87.911286111542708,41.622791275462895],[-87.91127411105073,41.622505275369654],[-87.911260110483525,41.622175275261711],[-87.911254110223098,41.622024275213249],[-87.91123510933356,41.621510275051612],[-87.911208107718835,41.620586274777551],[-87.911158105925253,41.619534274421206],[-87.911173105791192,41.619479274443165],[-87.911171105592686,41.61936727441288],[-87.911172105552325,41.619346274410375],[-87.911120104351895,41.61861827412374],[-87.911100103555142,41.618153273971103],[-87.910996097900053,41.614898272985918],[-87.910955095541198,41.613542272580986],[-87.910899091796935,41.611400271961628],[-87.910897091620754,41.611300271934134],[-87.910893091400467,41.611173271895851],[-87.91089109071757,41.610793271804233],[-87.910882090511137,41.610667271754686],[-87.910863089038699,41.609828271518907],[-87.910845088338519,41.609417271383442],[-87.910821086830055,41.60855127113004],[-87.910785085157841,41.607578270824597],[-87.91078208478541,41.607368270769634],[-87.91078208465882,41.60729827075361],[-87.910758083218568,41.606469270508732],[-87.910751082736738,41.606193270429493],[-87.910729081286775,41.60536127018856],[-87.910680078489236,41.603746269706512],[-87.910672077990526,41.603459269622483],[-87.910663077494377,41.603172269536167],[-87.910644076387342,41.602533269346374],[-87.910619074948869,41.601702269098901],[-87.910616074773955,41.601601269068915],[-87.910603074481557,41.601421268997939],[-87.91059007417293,41.601232268924903],[-87.910498073238742,41.600586268566317],[-87.910484073091851,41.600485268511136],[-87.910478073029424,41.600442268487555],[-87.910458072825591,41.600301268409495],[-87.910384072011979,41.599746268113059],[-87.910356071298693,41.59931126794946],[-87.910350070729805,41.598987267861645],[-87.910337069479368,41.598275267669081],[-87.910342069284496,41.598174267657434],[-87.910485066267867,41.596705267648815],[-87.910453063984946,41.595394267275751],[-87.910474062658366,41.594689267162536],[-87.910444061525823,41.594018266940459],[-87.910422060169026,41.593234266710859],[-87.910420060080455,41.593182266694406],[-87.91041805990352,41.593081266666729],[-87.910408059298447,41.592731266563824],[-87.91035205669597,41.591206266087141],[-87.910337055471913,41.590505265892602],[-87.91029305245101,41.588764265394111],[-87.910291052288741,41.588671265368291],[-87.910219047403658,41.585852264559627],[-87.910099040544367,41.581860263373855],[-87.910076039256467,41.581109263149891],[-87.909897033368736,41.57755726193114],[-87.909865031538047,41.576488261614266],[-87.909809028059342,41.57446326102464],[-87.909806026045501,41.573337260760788],[-87.90980602565574,41.573120260711256],[-87.909418010484174,41.564028257756597],[-87.90940901002925,41.563759257674874],[-87.909403009475852,41.563440257588546],[-87.90938100918892,41.563243257493795],[-87.909434004655509,41.560801257057058],[-87.909446003617703,41.560242256956755],[-87.909445003527566,41.560190256942633],[-87.909442003257197,41.560034256900273],[-87.909442003233906,41.560021256897308],[-87.909442003187337,41.559995256891384],[-87.909432002427707,41.559554256768202],[-87.909373997704876,41.556818256013202],[-87.905038011109909,41.556856246217571],[-87.904787011885446,41.556858245650481],[-87.904675012352868,41.556929245413194],[-87.90408201418839,41.556936244073874],[-87.903771015154987,41.556942243371985],[-87.903634015577964,41.556943243062435],[-87.903549015837598,41.556942242870001],[-87.903461016103037,41.556939242670339],[-87.903412016248552,41.556936242558876],[-87.90325801669637,41.556921242207295],[-87.902470018993426,41.556847240408963],[-87.90238801923374,41.556840240221987],[-87.902263019597825,41.556828239936678],[-87.902249019637495,41.556826239904566],[-87.902094020087119,41.556810239550529],[-87.901957020484843,41.556796239237642],[-87.901776021028155,41.556788238826599],[-87.901158022939683,41.556794237430573],[-87.901066023226122,41.556796237222997],[-87.898432031382882,41.556828231274331],[-87.89828303186269,41.556841230940286],[-87.897647033962045,41.55692822952134],[-87.897472034541195,41.556953229131125],[-87.8970540359213,41.557011228198682],[-87.896849036572675,41.557024227737983],[-87.896246038434271,41.557029226375533],[-87.895278041454816,41.557057224192754],[-87.895043042180276,41.557059223661795],[-87.89247405011038,41.557081217857331],[-87.892251050789355,41.557077217352195],[-87.891538052961678,41.55706521573731],[-87.890198057172839,41.557125212720081],[-87.889966057885644,41.557125212195452],[-87.889428059557133,41.557137210981445],[-87.888332062799265,41.557055208485515],[-87.886873067316515,41.557077205190986],[-87.886526068388875,41.557081204407169],[-87.885485071611782,41.557097202056553],[-87.885377071946635,41.557099201812754],[-87.885139072683913,41.55710320127541],[-87.884199075595916,41.557119199153149],[-87.881383084318799,41.557168192795523],[-87.880444087227616,41.557185190675646],[-87.880110088260693,41.557190189921393],[-87.879926088830146,41.557193189505917],[-87.879109091360846,41.557208187661487],[-87.878776092392073,41.557214186909697],[-87.878648092788012,41.557216186620657],[-87.878205094158432,41.557223185620302],[-87.875536102419844,41.557270179594283],[-87.873230109539577,41.557299174385335],[-87.871025116355426,41.557334169405927],[-87.870783117104864,41.557339168859656],[-87.866444130523647,41.557418159062834],[-87.862771141876166,41.557485150769402],[-87.861027147264593,41.557517146831465],[-87.86078414801473,41.557521146282674],[-87.857295158787792,41.557583138403899],[-87.856182162225764,41.557605135890917],[-87.854124168577144,41.557642131243469],[-87.853954169100561,41.557644130859366],[-87.853612170156779,41.557651130087201],[-87.853488170539109,41.557653129807136],[-87.853213171387651,41.557658129186123],[-87.851393177002464,41.557691125076069],[-87.851190177633214,41.557699124618438],[-87.851010178188133,41.557702124211893],[-87.850900178527439,41.557704123963482],[-87.850444179933589,41.557712122933637],[-87.849689182260263,41.557724121228276],[-87.848863184804287,41.557736119362339],[-87.848791185025974,41.557737119199679],[-87.848772185084229,41.557737119156705],[-87.846367192502044,41.557784113725909],[-87.846248192868671,41.557786113457119],[-87.84576519436358,41.557801112367457],[-87.845665194671952,41.557803112141634],[-87.84563419476693,41.557803112071525],[-87.845545195040614,41.557804111870411],[-87.845515195133544,41.557805111802736],[-87.845448195339799,41.557806111651381],[-87.845247195958592,41.557809111197322],[-87.845180196164875,41.557810111045967],[-87.844886197069584,41.557814110381727],[-87.844007199776271,41.55782810839618],[-87.843714200678761,41.557833107734389],[-87.843360201768093,41.557838106934625],[-87.84269720380874,41.557848105436861],[-87.842301205028505,41.557855104542462],[-87.841948206115518,41.557861103745125],[-87.841459207620957,41.557869102640552],[-87.839839212610784,41.557899098981785],[-87.838126217890462,41.557936095113874],[-87.837316220386853,41.55795409328497],[-87.836900221668643,41.557963092345624],[-87.836584222642344,41.557970091632114],[-87.836446223065764,41.557971091320155],[-87.835654225501131,41.55798308953085],[-87.835239226776906,41.557989088593224],[-87.835223226825917,41.557989088557036],[-87.835176226969793,41.557989088450718],[-87.835161227016584,41.557990088416972],[-87.835084227253191,41.557991088242979],[-87.834855227955998,41.557993087725364],[-87.834779228190399,41.557995087553813],[-87.834703228423081,41.557995087381904],[-87.834474229126727,41.557998086864458],[-87.834399229357189,41.557999086694984],[-87.833898230894377,41.558003085562468],[-87.832396235504234,41.55801708216751],[-87.83189623703899,41.558022081037421],[-87.831861237146114,41.558022080958253],[-87.831756237468369,41.558023080720929],[-87.831722237573274,41.558024080644195],[-87.831060239607041,41.558033079148366],[-87.829075245705212,41.55806107466325],[-87.828414247736106,41.55807107316982],[-87.828138248583144,41.558074072546034],[-87.827313251115712,41.558084070681623],[-87.827038251960374,41.558088070060272],[-87.826704252985564,41.558092069305452],[-87.826158254666211,41.558105068072635],[-87.825560256509476,41.558123066723027],[-87.824050261138652,41.558135063309436],[-87.821930267632382,41.558145058515649],[-87.818602277846892,41.558194050995773],[-87.817940279877789,41.558203049499781],[-87.817141282329473,41.558215047694382],[-87.815540287241319,41.558239044076728],[-87.814925289127117,41.558247042686858],[-87.814745289681255,41.558253042280654],[-87.814697289828658,41.558254042172251],[-87.814528290348505,41.55825904179077],[-87.813720292826062,41.558270039964775],[-87.812259297305403,41.558290036663067],[-87.805496318031899,41.558385021379266],[-87.805167319039967,41.558390020635791],[-87.804790320194684,41.558395019783731],[-87.802497327217694,41.558427014601477],[-87.801624329888767,41.55843401262765],[-87.800789332445277,41.558445010740385],[-87.799341336878442,41.558465007467738],[-87.799161337429268,41.558467007060827],[-87.799132337517875,41.55846700699523],[-87.798538339333732,41.558469005651766],[-87.79618234654383,41.558499000326435],[-87.792790356920264,41.558538992658775],[-87.792714356334329,41.556024992114452],[-87.792630355649692,41.553114991493679],[-87.79259235532723,41.551752991206229],[-87.792570355188886,41.551111991061667],[-87.792563355144907,41.550907991015663],[-87.792529355041367,41.55025599084243],[-87.792393354017037,41.545731989866397],[-87.792365353731782,41.544562989630428],[-87.7923003537189,41.543866989381101],[-87.792287353718109,41.543732989332007],[-87.792283353703567,41.543646989310282],[-87.792271353663466,41.543399989246751],[-87.792234353610411,41.542857989083323],[-87.792253353446029,41.542536989078656],[-87.792252353436169,41.542495989070339],[-87.792231353277501,41.541784988917975],[-87.792196352962534,41.540438988640297],[-87.792154352686808,41.539139988353888],[-87.792129352504617,41.538307988174751],[-87.791044356344969,41.539129985856007],[-87.790581357977885,41.539483984866642],[-87.790440358474413,41.539591984565334],[-87.790363358744827,41.539648984400486],[-87.790361358608507,41.539165984325216],[-87.790361358577442,41.539060984309835],[-87.790362358506371,41.538831984278524],[-87.79034835852984,41.538754984235759],[-87.790320358518386,41.538402984121234],[-87.790314358450829,41.538106984064392],[-87.790319358316154,41.537706984017035],[-87.790324358163076,41.537244983960598],[-87.790396357763285,41.536702984043011],[-87.790390357642565,41.536227983959918],[-87.790388357598275,41.536055983930218],[-87.790399357387614,41.535468983868917],[-87.790410357198155,41.534953983818156],[-87.790382356852234,41.533468983537659],[-87.790414356527052,41.532735983502086],[-87.790412356463833,41.532499983463012],[-87.790408356268074,41.531793983350575],[-87.790407356201783,41.531558983313879],[-87.790410355525722,41.52931298299147],[-87.790406355239426,41.528300982834189],[-87.790405355200761,41.528158982811142],[-87.79040535516549,41.528039982793707],[-87.790404354874013,41.527044982645648],[-87.790403354712396,41.526487982561783],[-87.790402354513716,41.525805982459602],[-87.790397353430535,41.522091981904147],[-87.790396353067223,41.520853981720492],[-87.790396353049445,41.520793981711698],[-87.790396352997007,41.520616981685762],[-87.790397352975987,41.520557981679346],[-87.790397352927101,41.520392981655178],[-87.790398352777189,41.519898981585015],[-87.790399352725032,41.519734981563225],[-87.790401352348681,41.518488981385104],[-87.790409351212944,41.514753980855623],[-87.790413350829354,41.513508980682097],[-87.790412350759439,41.513260980643516],[-87.790412350539441,41.512518980534779],[-87.790412350466198,41.512271980498575],[-87.790411350353622,41.511879980438898],[-87.790410350182341,41.511289980350206],[-87.790411350004945,41.510703980266555],[-87.790411349889027,41.510312980209257],[-87.790409349212709,41.508006979866856],[-87.790323349098131,41.506544979461104],[-87.790317349088468,41.506436979431925],[-87.790316349089252,41.506426979428234],[-87.79030334908434,41.506246979372925],[-87.790308348942105,41.505827979322675],[-87.790311348663167,41.504920979196498],[-87.79031334841892,41.504118979083472],[-87.790323347670835,41.501712978753268],[-87.790326347422905,41.500911978642598],[-87.790316348118154,41.49941597984315],[-87.790318348384076,41.499243980247783],[-87.790314348731599,41.499034980725249],[-87.790312349044527,41.498842981167591],[-87.790307350189423,41.498134982804068],[-87.790312352369639,41.496751986033082],[-87.790314353209567,41.496218987277615],[-87.790318354426674,41.495443989089488],[-87.790317358766856,41.492716995432481],[-87.790315358959006,41.49260099569819],[-87.790311359526214,41.492253996497247],[-87.790310359712947,41.492138996762748],[-87.790309359869454,41.492042996984047],[-87.790308360072103,41.491917997272829],[-87.790307360293809,41.491780997589537],[-87.790307360335163,41.491754997650041],[-87.79030736048783,41.491658997873429],[-87.790304362264578,41.490549000450159],[-87.790296367588141,41.487221008178416],[-87.790294369359614,41.486112010755249],[-87.790280371874658,41.484565014327977],[-87.790279371996263,41.484491014498253],[-87.790278372160799,41.484390014731368],[-87.790310375780521,41.482035020273777],[-87.790309377691131,41.48083602306184],[-87.790301378436709,41.480387024091534],[-87.790297378951863,41.480073024814715],[-87.790301380685392,41.478973027381997],[-87.790306382759965,41.477656030455925],[-87.790305383010406,41.477501030814771],[-87.79030638321953,41.477367031128416],[-87.790302385985029,41.475638035144534],[-87.790300394780985,41.470112048000331],[-87.790300395205591,41.469845048621664],[-87.790246395424802,41.469844048531897],[-87.790082396087314,41.469843048254539],[-87.790028396303356,41.469844048160112],[-87.78999139645245,41.469844048097016],[-87.789882396891741,41.469844047911124],[-87.789846397036825,41.469844047849726],[-87.789336399095333,41.469842046984638],[-87.787808405258076,41.4698390443859],[-87.787299407310996,41.469838043520262],[-87.787168407840568,41.469837043299243],[-87.787044408340279,41.469837043087793],[-87.786263411491035,41.469835041760724],[-87.78604241238331,41.469834041386264],[-87.785080416260286,41.469834039745805],[-87.784860417146916,41.469834039370646],[-87.784218419739162,41.469831038283154],[-87.784004420601605,41.469831037918247],[-87.783451422833565,41.469829036980151],[-87.782832425331534,41.469827035929555],[-87.780584434404687,41.469819032116341],[-87.779316439520059,41.469816029961947],[-87.778293443648067,41.469813028225374],[-87.778193444051098,41.469813028054887],[-87.778144444248596,41.469813027971348],[-87.770967473229732,41.469781015820345],[-87.76754448704574,41.469770010016234],[-87.764067501069221,41.46976500410473],[-87.754961537796774,41.469751988625518],[-87.753753542671575,41.469748986576114],[-87.752624547226134,41.469746984658478],[-87.752440547969698,41.469745984347952],[-87.752257548711114,41.469743984042132],[-87.748268547561693,41.469729980809511],[-87.747764544565371,41.469728980980257],[-87.747674544029962,41.469728981010221],[-87.747407542441579,41.469728981099088],[-87.747318541912122,41.469728981128711],[-87.746822538963443,41.469727981296792],[-87.746383536351843,41.469727981442901],[-87.745868533290192,41.469726981617278],[-87.745336530127446,41.469725981797289],[-87.744841527182743,41.469725981962036],[-87.744684526248761,41.469725982014282],[-87.744216523464686,41.46972598217004],[-87.744060522536643,41.469725982221959],[-87.743707520438818,41.469724982342363],[-87.742648514141138,41.469723982697701],[-87.742296512047162,41.469723982814848],[-87.74048850129617,41.469721983422268],[-87.739037492675919,41.469716983919348],[-87.737060480908525,41.469719984568584],[-87.735020468763551,41.469723985236186],[-87.734543465930813,41.46972198540049],[-87.732186451942241,41.469708986220489],[-87.732144451692392,41.469708986234458],[-87.732053451148587,41.469709986261968],[-87.731214446163008,41.469707986546467],[-87.730375441174971,41.469706986828186],[-87.729633436766548,41.469704987080341],[-87.728892432361562,41.469703987329403],[-87.727782425745843,41.469708987685067],[-87.724455405908728,41.469725988746795],[-87.723346399294599,41.469731989100211],[-87.723145398098822,41.46973198916713],[-87.722542394511521,41.469731989367872],[-87.722342393318883,41.469732989431861],[-87.722286392985737,41.469732989450506],[-87.722121392004112,41.469732989505438],[-87.722066391676918,41.469732989523749],[-87.72139338767316,41.469732989747804],[-87.718200368677614,41.469732990810819],[-87.717543364727049,41.469746990994238],[-87.716831360469769,41.469753991213842],[-87.712749336166766,41.469758992561886],[-87.709836318827925,41.469760993528034],[-87.70972531817398,41.46975899356984],[-87.708026308101466,41.469747994162297],[-87.707097302534052,41.469759994443436],[-87.706791300710009,41.46976099454308],[-87.703943283715844,41.469774995460035],[-87.703645281939117,41.469775995557121],[-87.703137278891845,41.469782995710453],[-87.701236267643225,41.469764996385727],[-87.700282261966734,41.469764996703802],[-87.698642252204777,41.469765997248359],[-87.694113225256189,41.46976599875844],[-87.690844205785439,41.469770999837827],[-87.68871019308331,41.469772000547437],[-87.684440167670871,41.469773001969536],[-87.683074159546678,41.469772002427135],[-87.681657151299873,41.469728002986656],[-87.681286148903126,41.469773003021494],[-87.679867140472183,41.469770003500621],[-87.677156124323346,41.469774004397067],[-87.67614011827763,41.469774004735946],[-87.674164106528366,41.469772005398767],[-87.674080106028512,41.469772005426783],[-87.674022105683406,41.469772005446124],[-87.673692103715297,41.46977300555433],[-87.673619103280913,41.469773005578674],[-87.672318095557415,41.469769006019931],[-87.67186009283671,41.46976800617449],[-87.671777092342822,41.469768006202166],[-87.67172909205722,41.469768006218167],[-87.671694091848963,41.469768006229842],[-87.671451090407587,41.469767006312701],[-87.671339089741153,41.46976700635004],[-87.671209088967629,41.46976700639339],[-87.670997087710731,41.469766006465889],[-87.670816086633735,41.469766006526235],[-87.670579085228113,41.469765006607069],[-87.66964007965008,41.469763006923728],[-87.669249077328203,41.469762007055863],[-87.669153076761617,41.469761007089652],[-87.668865075048004,41.469761007185653],[-87.668769074476813,41.469761007217656],[-87.668560073237884,41.469760007289103],[-87.668074070355487,41.469758007454644],[-87.667934069522488,41.469758007501305],[-87.66790606935588,41.469758007510642],[-87.667828068891794,41.469758007536633],[-87.667726068284892,41.469758007570633],[-87.667504066964014,41.469758007644622],[-87.667469066751082,41.469759007654531],[-87.66721306522787,41.46975900773986],[-87.666917063466684,41.469759007838519],[-87.666841063014473,41.469759007863857],[-87.666620061699533,41.469759007937519],[-87.665042052315201,41.46975800846522],[-87.661349030346884,41.469757009697766],[-87.654360988779032,41.469755012029893],[-87.654061987000034,41.469755012129539],[-87.653232982077924,41.469753012408901],[-87.651338970798577,41.469755013037002],[-87.650967968591175,41.469755013160643],[-87.64990096223741,41.469756013514733],[-87.649566960250141,41.469756013626046],[-87.649400959262451,41.469756013681369],[-87.648903956305361,41.469756013847011],[-87.648738955318322,41.469757013900519],[-87.648654954818539,41.469757013928515],[-87.64857395433657,41.469757013955515],[-87.648472953735634,41.469757013989174],[-87.648078951407371,41.469754014124888],[-87.647914950436927,41.469753014181002],[-87.647570948384839,41.469754014294175],[-87.646538942212331,41.469760014629436],[-87.646195940160695,41.469762014740901],[-87.646039939227094,41.469763014791468],[-87.645017933124308,41.469767015126521],[-87.644975932874416,41.469767015140526],[-87.643799925855006,41.469771015527051],[-87.642595918729327,41.469764015938253],[-87.641389911564531,41.469762016343047],[-87.640186904322661,41.469777016723931],[-87.638981897140908,41.469779017123258],[-87.638688895419946,41.469775017226297],[-87.637998891285747,41.469780017449899],[-87.637775889941693,41.469783017520385],[-87.637462888079099,41.469783017624827],[-87.636569882753619,41.469785017920238],[-87.635997879338234,41.469787018108562],[-87.635252874870233,41.469793018349591],[-87.634507870396163,41.469800018589495],[-87.63446087010486,41.469802018602685],[-87.632923860980853,41.469798019120937],[-87.63171785373892,41.469809019510279],[-87.63051484659681,41.469806019915765],[-87.62930683937752,41.469811020313387],[-87.628104832199526,41.469815020710357],[-87.626897824997499,41.469818021110278],[-87.625674817687809,41.469823021513413],[-87.625453816354138,41.469826021583948],[-87.624486810641173,41.469819021914972],[-87.624413810206661,41.469819021939372],[-87.624223809069662,41.469820022001777],[-87.623243803193532,41.469827022321745],[-87.622518798927629,41.469819022572743],[-87.620764788425348,41.46982902314852],[-87.620727788198863,41.469830023159844],[-87.620407786281575,41.469832023264772],[-87.620309785698225,41.469832023297542],[-87.620208785097034,41.469832023331321],[-87.619221779209383,41.469834023659359],[-87.619041778144236,41.469833023720582],[-87.617403768400436,41.469832024269401],[-87.61718176708537,41.469831024344636],[-87.616130760835787,41.469830024697089],[-87.616000760061993,41.46983002474056],[-87.61580975890584,41.46983302480151],[-87.613482744937599,41.469851025562924],[-87.611156731038179,41.469859026334269],[-87.609581721621922,41.46986502685639],[-87.609280719783499,41.469872026951109],[-87.608893717466088,41.469874027079037],[-87.608284713846871,41.469873027283946],[-87.608156713091432,41.469872027327696],[-87.607948711853041,41.469872027397379],[-87.607906711602993,41.469872027411455],[-87.607774710817083,41.469872027455679],[-87.607732710567035,41.469872027469748],[-87.607702710388409,41.469872027479802],[-87.607647710060959,41.469872027498226],[-87.607160707081036,41.469884027651311],[-87.606679704136454,41.469896027802577],[-87.606656703999491,41.469896027810286],[-87.605069694596963,41.469889028348227],[-87.603283683948803,41.469891028945518],[-87.603192683406959,41.469891028976036],[-87.602920681773682,41.469893029065688],[-87.602830681230927,41.469894029095101],[-87.602738680683117,41.46989402912596],[-87.602687680372583,41.469895029142286],[-87.602465679043803,41.469896029215974],[-87.602374678495067,41.469897029245729],[-87.601478673118365,41.469903029541747],[-87.600578667717485,41.469909029839279],[-87.599857663389187,41.469914030077618],[-87.599050658541472,41.469920030344205],[-87.598243653714476,41.469923030613067],[-87.596734644720584,41.469924031119142],[-87.596649644214367,41.469924031147691],[-87.595378636687471,41.469918031578487],[-87.594357630557155,41.469925031916773],[-87.594239629847266,41.469926031955758],[-87.59420562964479,41.469926031967177],[-87.593937628034396,41.469928032055911],[-87.593431624999326,41.469931032223982],[-87.591913615900751,41.469939032729087],[-87.591408612864043,41.469943032896396],[-87.591179611492848,41.469944032972776],[-87.590493607370576,41.469949033200436],[-87.590265605990723,41.469952033275341],[-87.58940260079919,41.469959033561565],[-87.588197593665399,41.469953033970185],[-87.586716584806879,41.469958034465577],[-87.586050580824917,41.469960034688555],[-87.585844579597833,41.469960034757847],[-87.585225575895734,41.469962034965057],[-87.585020574667155,41.469963035033516],[-87.584903573970195,41.46996303507288],[-87.584674572606076,41.469963035149924],[-87.584555571897212,41.469963035189956],[-87.584439571198743,41.469964035228493],[-87.583824567527785,41.469965035434917],[-87.583787567307397,41.469965035447366],[-87.583208563843328,41.469967035641233],[-87.582194557787886,41.469969035981514],[-87.581832555623876,41.469970036102879],[-87.58118155173068,41.469972036321074],[-87.580915550138485,41.46997303641016],[-87.580117545346624,41.469978036676622],[-87.579852543752708,41.46998003676498],[-87.579725542996101,41.46998003680774],[-87.579676542704178,41.469980036824239],[-87.579150539547669,41.469983037000098],[-87.5789755384898,41.469985037058208],[-87.578580536113591,41.469988037190014],[-87.578059532986586,41.469991037364309],[-87.577596530220461,41.469992037519887],[-87.577539529873164,41.4699930375387],[-87.577436529267203,41.469992037573782],[-87.57733552867316,41.469991037608196],[-87.577099527259406,41.469992037687312],[-87.574986514608298,41.470000038396336],[-87.574046508960834,41.470006038711098],[-87.573061503036996,41.470013039040886],[-87.572458499451869,41.470012039244523],[-87.567120467476556,41.470033041039549],[-87.557845411937677,41.470065044167036],[-87.55592740040484,41.47007704481458],[-87.555744399305595,41.470078044876402],[-87.547145347587644,41.470131047788442],[-87.545633338405807,41.470150048302862],[-87.545175335630816,41.470155048458786],[-87.543803327299116,41.470172048926536],[-87.543346324511731,41.470179049082667],[-87.542727320819964,41.470179049292959],[-87.541784315231411,41.470175049612692],[-87.54174631498698,41.47017704962591],[-87.540631308265617,41.470185050006066],[-87.539738302894719,41.470190050310464],[-87.538484295361243,41.470196050737925],[-87.536048280640486,41.470217051571275],[-87.532571259521518,41.470258052766702],[-87.532542259348503,41.470258052776586],[-87.53117125114035,41.470261053244954],[-87.527067226521012,41.470275054649647],[-87.525701218303624,41.470282055118531],[-87.525693224832594,41.469585054840657],[-87.525673246341938,41.467293053923825],[-87.525667253516303,41.466529053617705],[-87.525667262188534,41.46561005324736],[-87.525667270247396,41.464756052903205],[-87.525667271710077,41.464601052840749],[-87.525667288176933,41.462856052137525],[-87.525667293735097,41.46226705190017],[-87.525667296839742,41.461938051767582],[-87.5256632972322,41.461894051750704],[-87.525651298381362,41.461765051701242],[-87.525648298770108,41.461722051684532],[-87.525635300045849,41.461579051629585],[-87.525599303871942,41.461152051464573],[-87.525587305144384,41.461010051409595],[-87.525588305867416,41.460934051378679],[-87.525591308036496,41.460706051285939],[-87.525592308759514,41.460630051255031],[-87.525597312214089,41.460267051107387],[-87.525613322563729,41.459180050665431],[-87.525619326013938,41.458818050518239],[-87.525626330130237,41.458386050342718],[-87.525621340069065,41.457330049917225],[-87.52562234325525,41.456993049781033],[-87.525624346371401,41.456664049647962],[-87.525795369498525,41.454312048681864],[-87.525802371168297,41.454139048611815],[-87.525805372457882,41.454004048557415],[-87.525813375415652,41.453695048432834],[-87.525818377149818,41.453514048359871],[-87.525867395057986,41.451643047607391],[-87.525884401032698,41.451019047357008],[-87.525896414787354,41.449567046776373],[-87.525933456030558,41.445213045038471],[-87.525944468314151,41.443916044521714],[-87.525932469695604,41.443763044459956],[-87.525928470797197,41.443644044412217],[-87.525926471908974,41.443525044364605],[-87.525920472114265,41.443500044354224],[-87.525863473683046,41.443303044271595],[-87.525846474153383,41.443244044246789],[-87.525846474672065,41.443189044224781],[-87.525839480219702,41.442597043987256],[-87.525819496859839,41.440822043274444],[-87.525813502404105,41.440231043036945],[-87.525807510353729,41.439385042697126],[-87.525807511164885,41.439299042662647],[-87.525809515966102,41.438791042459286],[-87.525806537446783,41.436512041545285],[-87.52580854620922,41.435584041173662],[-87.525808559328937,41.434193040616087],[-87.525808560404187,41.434079040570396],[-87.525811570048262,41.433058040161818],[-87.525836583718487,41.431621039592081],[-87.525865598913583,41.430024038960525],[-87.525886609194131,41.428944038534624],[-87.525889612102617,41.428637038412816],[-87.525891615204515,41.428309038282343],[-87.525900624514037,41.427326037892378],[-87.525904627615319,41.426999037763039],[-87.525903629307962,41.426819037690834],[-87.525902630642335,41.426677037633802],[-87.525901631938979,41.426539037578351],[-87.525901632429282,41.426487037557578],[-87.525900635291137,41.426183037435827],[-87.525896645937294,41.42505203698267],[-87.525895647620615,41.424873036910817],[-87.525896648483098,41.424782036874809],[-87.525980693799809,41.420014035005714],[-87.525990699196441,41.419446034783867],[-87.526041723360336,41.416905033796489],[-87.526056730236235,41.416182033516506],[-87.526105752006458,41.413893032633048],[-87.526108765548386,41.412457032065568],[-87.52611277436435,41.411523031697683],[-87.526163806304012,41.408154030393774],[-87.526165807536358,41.408024030343583],[-87.526105816018898,41.407099029940511],[-87.526090818561755,41.406823029821737],[-87.526089819519015,41.406721029780655],[-87.526088820203015,41.406648029751082],[-87.526081830833263,41.405517029298039],[-87.526078833413166,41.405242029187001],[-87.526068841177675,41.404414028851889],[-87.526091849715982,41.403517028511452],[-87.526112875355253,41.400804027450754],[-87.526125889327119,41.399326026874796],[-87.526149902809067,41.397904026329975],[-87.526163909358388,41.397214026067807],[-87.52617094303028,41.393642024661133],[-87.52617395352452,41.39252902422367],[-87.526175956413624,41.39222302410441],[-87.526182970754434,41.390703023509751],[-87.526204009948643,41.386549021887994],[-87.526207013734933,41.38614802173251],[-87.526215021850376,41.385289021401029]]]}},
{"type":"Feature","properties":{"STATEFP":"17","COUNTYFP":"043","GEOID":"17043","NAME":"DuPage","NAMELSAD":"DuPage County","ALAND":849119520,"AWATER":22123209},"geometry":{"type":"Polygon","coordinates":[[[-87.920193558187734,41.953258043191866],[-87.920193558431563,41.953212043176038],[-87.920194558649982,41.953171043163138],[-87.920196561959784,41.952547042950869],[-87.920197562390243,41.952466042924208],[-87.920197562814295,41.952386042896684],[-87.920197563360261,41.952283042861239],[-87.920196563486357,41.952259042851772],[-87.920198563743,41.952211042837689],[-87.920198563939124,41.952174042824957],[-87.920198564145849,41.952135042811534],[-87.920198564458587,41.952076042791241],[-87.920198564903828,41.951992042762335],[-87.920199566002154,41.951785042692329],[-87.920201568739486,41.951269042517239],[-87.920202568968492,41.951226042503663],[-87.920202569138127,41.951194042492652],[-87.920206574708175,41.950144042136301],[-87.920208576782912,41.949753042004239],[-87.920211577316252,41.949653041973527],[-87.920212580582529,41.949037041762857],[-87.920212580709745,41.94901304175459],[-87.920212581647945,41.948836041693703],[-87.920230585743795,41.948067041451395],[-87.920234590889734,41.947097041122746],[-87.920238594281173,41.946458040907956],[-87.920238594387172,41.946438040901079],[-87.920238594705211,41.946378040880447],[-87.920239594807015,41.946359040875166],[-87.920239595024327,41.946318040861065],[-87.920239595660391,41.946198040819795],[-87.920239595872417,41.946158040806047],[-87.920239598035053,41.945750040665736],[-87.920239604517647,41.944527040245163],[-87.920239606674983,41.944120040105211],[-87.920239607735098,41.943920040036431],[-87.920239610348276,41.94342703986689],[-87.920239610899543,41.943323039831135],[-87.920240611950135,41.943125039764304],[-87.920241613573197,41.942819039660336],[-87.920245618427558,41.941904039350739],[-87.920247620046382,41.941599039248395],[-87.920247620216003,41.941567039237391],[-87.920247620724851,41.94147103920438],[-87.920247620889171,41.941440039193722],[-87.920247621784966,41.941271039135614],[-87.920248624457543,41.940767038963578],[-87.920249625343828,41.940600038907434],[-87.920249629186728,41.939875038658144],[-87.92025364071975,41.937700037915427],[-87.920255644559504,41.936976037669069],[-87.920255645237958,41.936848037625069],[-87.920258647260681,41.936467037497934],[-87.920259647934955,41.936340037455558],[-87.920259648507411,41.936232037418435],[-87.920260648980218,41.936143037389122],[-87.920260650024431,41.935946037321393],[-87.920260650215241,41.935910037309014],[-87.920260650406064,41.935874037296649],[-87.920261650783488,41.935803037273523],[-87.920261651393048,41.935688037233994],[-87.920263653218569,41.935344037118313],[-87.920264653823892,41.935230037080423],[-87.920268657909602,41.934460036820902],[-87.920278665881696,41.932958036317615],[-87.920281670151837,41.932153036044852],[-87.920284674231112,41.93138403578449],[-87.920284674321223,41.931367035778642],[-87.920284674591542,41.931316035761114],[-87.920284674681653,41.931299035755274],[-87.920285674990154,41.931241035736655],[-87.920287677027702,41.930857035607303],[-87.920281681054973,41.930096035337876],[-87.920282681437669,41.930024035314446],[-87.920307688720669,41.928655034877004],[-87.920314699350229,41.926651034197796],[-87.920305699658712,41.926591034165192],[-87.92031470173545,41.926201034043203],[-87.920314703617095,41.925846033921246],[-87.920320706618213,41.925281033735168],[-87.920322707479016,41.925119033682194],[-87.920322707569127,41.92510203367636],[-87.920322708332392,41.924958033626901],[-87.920322708496698,41.92492703361625],[-87.920321708834862,41.924863033592921],[-87.920321709836657,41.924674033527999],[-87.920321710170583,41.924611033506359],[-87.920321710716522,41.924508033470971],[-87.920323712356478,41.924199033367515],[-87.920324712898179,41.924097033333823],[-87.92032771558867,41.923590033163698],[-87.920336722335023,41.922319032739289],[-87.920336723649527,41.922071032654117],[-87.920338726333654,41.921565032483038],[-87.920338726688783,41.921498032460029],[-87.920338727759471,41.921296032390657],[-87.920339728110363,41.921230032369351],[-87.920340730157363,41.920844032238136],[-87.920343736282504,41.919689031845571],[-87.920345738325267,41.919304031716088],[-87.920347740362715,41.918920031586943],[-87.920353745176484,41.918013031283714],[-87.920355746477185,41.917768031202336],[-87.920357747560544,41.917564031135036],[-87.920358748351347,41.917415031085255],[-87.920358748515667,41.917384031074604],[-87.920358748785972,41.91733303105709],[-87.920358749602244,41.917179031004217],[-87.920359749868311,41.917129030988427],[-87.920359750758777,41.916961030930743],[-87.920362753417407,41.916460030762863],[-87.920364754299356,41.916294030708627],[-87.9203727567035,41.915842030564491],[-87.920397763572339,41.914551030155963],[-87.920394763908462,41.914487030129841],[-87.920381765670513,41.914152029996828],[-87.920389766293681,41.91403602996813],[-87.920406767673597,41.913779029903552],[-87.920414769415132,41.913452029802464],[-87.920401771686016,41.913021029636482],[-87.920399773703366,41.912640029502953],[-87.920393780179438,41.911417029074862],[-87.920399788883515,41.909776028520135],[-87.920409795911482,41.908452028079935],[-87.920419802192086,41.907269027688208],[-87.920423803473597,41.907028027611219],[-87.920420804037633,41.906921027570249],[-87.920419804455307,41.906842027541728],[-87.9204188046875,41.906798027525213],[-87.920418805212236,41.906699027491243],[-87.920419806140814,41.906524027432631],[-87.920419806580739,41.906441027404149],[-87.920420807652434,41.906239027336277],[-87.920423812150176,41.905391027049639],[-87.920425814017932,41.905039026931746],[-87.920429819476055,41.90401002658448],[-87.920433825395264,41.90289402620742],[-87.920436829606757,41.902100025939397],[-87.920451830311166,41.901970025916455],[-87.920552834914403,41.901121025771431],[-87.920556837361829,41.900660025619345],[-87.920556838384755,41.90046702555324],[-87.920558839653523,41.900228025474313],[-87.920556841453518,41.899888025354976],[-87.920556842471129,41.899696025289224],[-87.920555843747422,41.899455025205228],[-87.920554845654451,41.899095025080491],[-87.920551845921679,41.899044025058664],[-87.920553847264657,41.898791024974926],[-87.92055284858867,41.898541024887848],[-87.920561852223088,41.897857024666749],[-87.920563853613757,41.897595024579957],[-87.920565854410796,41.897445024531528],[-87.920564854632389,41.897403024515683],[-87.9205648548391,41.897364024502323],[-87.920562855096748,41.897315024482616],[-87.920563855988192,41.897147024426559],[-87.920563857170109,41.896924024350199],[-87.920570868333883,41.894819023639727],[-87.920595875344645,41.893501023225475],[-87.920594876461962,41.893290023151778],[-87.920592877424554,41.893108023086519],[-87.920598882926754,41.892071022740481],[-87.920597889746887,41.890784022298497],[-87.92060989263689,41.890241022130589],[-87.920611893158309,41.890143022100048],[-87.920614893781419,41.890026022064497],[-87.920617894468123,41.889897022024854],[-87.920618894723532,41.889849022009919],[-87.920619894968368,41.889803021995675],[-87.920620895244951,41.889751021979386],[-87.920620895313846,41.889738021974935],[-87.920612895486002,41.88970402195131],[-87.920621895574556,41.889689021959668],[-87.920620896002845,41.889608021930457],[-87.920622896471258,41.889520021903344],[-87.920618898672032,41.889104021755003],[-87.920616899141734,41.889015021721541],[-87.920615900031137,41.888847021662556],[-87.920614900268617,41.88880202164566],[-87.920611900965213,41.888670021595978],[-87.920611901198413,41.888626021580919],[-87.920604903247792,41.888238021437608],[-87.92060190443199,41.888014021356433],[-87.920610907255323,41.887483021188274],[-87.920617909424749,41.887075021059218],[-87.920625911483867,41.886688020938884],[-87.920626911967162,41.886597020909264],[-87.920627912047664,41.886582020905649],[-87.920628913421353,41.886323020818551],[-87.920629913660846,41.886278020804667],[-87.920628913898341,41.886233020787763],[-87.920624915463137,41.88593702068043],[-87.920612920152251,41.885050020358712],[-87.920610921109557,41.884869020293728],[-87.920609921712767,41.884755020253202],[-87.920609922263964,41.884651020217603],[-87.920609923901679,41.884342020111866],[-87.920609924447589,41.88423902007662],[-87.920610925683476,41.884006019998395],[-87.920611925949473,41.883956019982818],[-87.920604928799207,41.883417019787686],[-87.920603929370614,41.883309019749191],[-87.920603930600237,41.883077019669791],[-87.920602930731718,41.883052019659708],[-87.920602931113322,41.88298001963507],[-87.920602931240524,41.882956019626853],[-87.920602931516129,41.882904019609057],[-87.920602932327043,41.8827510195567],[-87.920602932597333,41.882700019539236],[-87.920600934280742,41.88238201942734],[-87.92060293462724,41.882317019408156],[-87.920610935737599,41.88210901934923],[-87.920614938444587,41.88159901918084],[-87.920616939660277,41.881370019105553],[-87.920606940715643,41.881169019021407],[-87.920602941225781,41.881072018982067],[-87.920531942618112,41.880796018778376],[-87.92050094322866,41.880675018689232],[-87.920500946716174,41.880017018463725],[-87.920501946982185,41.879967018448127],[-87.920501947856707,41.879802018391587],[-87.920502953497092,41.878738018028507],[-87.920503956164055,41.878235017857669],[-87.920504963198368,41.876908017404475],[-87.92050496352168,41.876847017383575],[-87.920501964923275,41.876582017288079],[-87.920492965831343,41.876409017214776],[-87.920483966898402,41.876206017131167],[-87.920483967571514,41.87607901708764],[-87.920483969580303,41.875700016957722],[-87.920484970249134,41.87557401691609],[-87.920483970820541,41.875466016877503],[-87.920480972529575,41.875143016762095],[-87.920479973095709,41.875036016723854],[-87.920478973619453,41.874937016688357],[-87.920475975190655,41.874640016581843],[-87.920474975709112,41.874542016546684],[-87.920470977221029,41.874256016442352],[-87.920458981756838,41.873398016129343],[-87.920455983264461,41.873113016026899],[-87.920511984586142,41.872874016033094],[-87.920498995942296,41.870729015277504],[-87.920483002170286,41.869551014848362],[-87.920483002387599,41.869510014834312],[-87.920482006541974,41.868726014563968],[-87.920487008492032,41.868359014446135],[-87.920477010093563,41.868055014325975],[-87.920470011289893,41.867828014236977],[-87.920462012554154,41.867588014141916],[-87.920459013208472,41.867464014094601],[-87.920450014630788,41.867194013987621],[-87.920433017031186,41.866738013804017],[-87.920412020445397,41.866090013548046],[-87.920407021383994,41.865912013478948],[-87.92041302901697,41.864473012994857],[-87.920414030841243,41.864129012878443],[-87.920410031346194,41.864033012839037],[-87.92037303566201,41.863212012497499],[-87.920373035905826,41.863166012481706],[-87.920373036165543,41.863117012464883],[-87.920372036366004,41.863079012450214],[-87.920365037148969,41.862930012387743],[-87.920327041177728,41.862163012062766],[-87.920316042264304,41.861956011973803],[-87.920311042683522,41.861876011938207],[-87.920306043192852,41.861779011896765],[-87.920305043276699,41.861763011889643],[-87.920296044147889,41.861597011817985],[-87.920213047985044,41.860858011428896],[-87.920193048909312,41.860680011335084],[-87.919954059795472,41.858583010221942],[-87.919782067709605,41.8570590094129],[-87.919725069552925,41.856701009195184],[-87.919514076370504,41.855377008388061],[-87.919392083353216,41.854038007720831],[-87.919340093626516,41.852091006957131],[-87.919316108576453,41.849267005934223],[-87.919235116914265,41.847680005245181],[-87.91923511728011,41.847611005221133],[-87.919210119292558,41.847227005045113],[-87.919222123996207,41.846342004756984],[-87.919227125591547,41.846042004660923],[-87.919354131903603,41.844874004469858],[-87.919400133828944,41.844519004424654],[-87.919438135391502,41.844231004389236],[-87.91944013554712,41.844202004382566],[-87.919443135698387,41.844174004377948],[-87.919445135790397,41.844157004375447],[-87.919447135882393,41.844140004372946],[-87.919450136017758,41.844115004369371],[-87.919454136169946,41.844087004366457],[-87.9194621366387,41.844000004349859],[-87.919481137616117,41.843819004319386],[-87.9194901380434,41.843740004307293],[-87.91950013850871,41.843654004294478],[-87.919512139145553,41.843536004273986],[-87.919515139275603,41.843512004270778],[-87.919550140739801,41.843242004236814],[-87.919558141054807,41.843184004230345],[-87.919574141690063,41.84306700421709],[-87.91972415045575,41.841440003910058],[-87.91979015524079,41.840549003715083],[-87.919761160212857,41.839606003338901],[-87.919584166097181,41.838465002638017],[-87.919208175212091,41.836680001365742],[-87.919078178628283,41.836013000907059],[-87.919053181526721,41.835462000671122],[-87.919016185819274,41.834646000321534],[-87.919007186813133,41.83445700023978],[-87.918949193700556,41.833147999680691],[-87.918947193810055,41.833126999669837],[-87.918939194767759,41.832944999592158],[-87.918927196156588,41.832680999478761],[-87.918877201837361,41.83160099901297],[-87.918861203556631,41.83127399887033],[-87.918781212646323,41.82954599812382],[-87.918777213194147,41.829441998080291],[-87.918741217212542,41.828677997748699],[-87.918735217954747,41.828536997688616],[-87.918636229111826,41.826415996768297],[-87.918610232094949,41.825848996522787],[-87.918607232452828,41.825780996493535],[-87.918601233099636,41.825657996439624],[-87.918593234020378,41.825482996363853],[-87.918589234446301,41.825401996328239],[-87.918583235156746,41.825266996270081],[-87.918557238065716,41.82471399602921],[-87.918502244353036,41.823518995510405],[-87.918476247331085,41.822952995264565],[-87.918468248220066,41.822783995190704],[-87.918465248540841,41.822722995163844],[-87.918279269607666,41.818718993416745],[-87.918270270633741,41.818523993331596],[-87.918248273223313,41.81803199311797],[-87.918242274071787,41.817870993050228],[-87.918236275068764,41.817681992972595],[-87.918223277220974,41.817273992804893],[-87.918212278043768,41.817116992729389],[-87.918200279030088,41.81692899264111],[-87.918177281544601,41.816450992430283],[-87.91811128909103,41.815016991802736],[-87.918089291606577,41.814538991593359],[-87.918050295682221,41.813763991247555],[-87.917979303733929,41.812233990575166],[-87.917934308960781,41.811240990140242],[-87.91791331208745,41.810647989891201],[-87.917865317030703,41.80970798946889],[-87.917863317251729,41.809665989450274],[-87.917848318930453,41.809346989309255],[-87.917806323969401,41.808389988891527],[-87.917792325643759,41.808071988752566],[-87.917789325890425,41.808024988730281],[-87.917780326582616,41.80789298866663],[-87.917775327246531,41.80776698861257],[-87.917739332068194,41.806851988220373],[-87.917730333349198,41.806608988117212],[-87.917728333676308,41.806546988091448],[-87.917716334689487,41.80635398800041],[-87.917681337729874,41.805774987729045],[-87.917673338423029,41.805642987667113],[-87.917678338660821,41.805598987660858],[-87.917674339129391,41.805509987621718],[-87.917669339724398,41.805396987572152],[-87.917668339803086,41.805381987564942],[-87.917667339987858,41.805346987550628],[-87.917659340866663,41.805179987476222],[-87.917649342067293,41.80495198737637],[-87.917632343166275,41.804741987269729],[-87.917626344359832,41.804515987178057],[-87.917616345788559,41.80424498706283],[-87.917616346584225,41.804094987009485],[-87.917604347379992,41.80394298693281],[-87.917595347944967,41.803834986877405],[-87.917590348258869,41.803774986846634],[-87.917591349214547,41.803594986784468],[-87.917588349646905,41.803512986749638],[-87.917586350212744,41.803405986707787],[-87.917579351156107,41.803226986630875],[-87.917559353976543,41.802691986402678],[-87.917542354911177,41.802512986306816],[-87.91753635527725,41.802442986270542],[-87.917535355525686,41.802395986251909],[-87.917532357156887,41.80208798613657],[-87.91753035736734,41.802047986118531],[-87.91752635797917,41.801931986069647],[-87.917512359696246,41.801605985927026],[-87.917472364849289,41.8006279855027],[-87.9174593665673,41.800301985361806],[-87.917454367151748,41.800190985312746],[-87.917440368863609,41.799865985170257],[-87.917429369458773,41.799751985108685],[-87.917424369735571,41.799698985080269],[-87.917422370301438,41.799591985038298],[-87.917419371922094,41.799285984923465],[-87.917413372839903,41.799111984849986],[-87.917408373679024,41.798952984783746],[-87.917405374387243,41.798818984730225],[-87.917396375021312,41.7986979846699],[-87.917394375205248,41.798662984653603],[-87.917365379036667,41.797935984338828],[-87.91735638037629,41.797681984230977],[-87.917353380718509,41.797616984202037],[-87.917345381746031,41.797421984117136],[-87.917343382089101,41.797356984090108],[-87.917337382773525,41.797226984032207],[-87.917320384827718,41.796836983860409],[-87.917315385513021,41.796706983804413],[-87.917312385844653,41.796643983776164],[-87.917303386823562,41.796457983692477],[-87.917301387150744,41.7963959836665],[-87.917288388789331,41.796084983530477],[-87.917264391824247,41.795508983278594],[-87.917255393694447,41.795154983134786],[-87.917251394539804,41.794994983069913],[-87.917243395328654,41.7948449830009],[-87.917228397220214,41.794485982843689],[-87.917183402879104,41.793411982372838],[-87.91716940476627,41.793053982217728],[-87.917162405471146,41.792919982156249],[-87.917142407570722,41.792520981974789],[-87.917136408271148,41.792387981915574],[-87.917126409493349,41.792155981813167],[-87.917096413144108,41.791462981506896],[-87.917086414361052,41.791231981404771],[-87.917076415238455,41.791064981325547],[-87.917074415502015,41.791014981303753],[-87.917051418920124,41.790366981026921],[-87.91704442006008,41.790150980935906],[-87.917043420186573,41.790126980925365],[-87.917040420565996,41.790054980893721],[-87.917040420688011,41.79003198088548],[-87.917034421330101,41.789909980830082],[-87.917018423236982,41.78954798066917],[-87.91701342387465,41.789426980616057],[-87.917006425072969,41.789199980521033],[-87.916994426383766,41.788950980408352],[-87.916943432277023,41.787831979907359],[-87.916938432914719,41.787710979854161],[-87.9169314339062,41.787522979772994],[-87.91691543641268,41.787047979571206],[-87.916909438259211,41.786698979434185],[-87.916908438380389,41.786675979423961],[-87.916873443024841,41.785794979038954],[-87.916871444264643,41.785560978950997],[-87.916868446230467,41.785189978811871],[-87.916837450178093,41.784440978481776],[-87.916782456721194,41.78319897792683],[-87.916735462268406,41.782145977455109],[-87.916724463511301,41.781909977348406],[-87.916717464449832,41.781731977270482],[-87.916715464793029,41.78166697724312],[-87.916713465067232,41.781614977220443],[-87.916681469444143,41.780784976858179],[-87.916680469581237,41.780758976846833],[-87.916679469744892,41.780727976833695],[-87.916655472404173,41.780222976604122],[-87.916654472673926,41.780171976583773],[-87.916615478159329,41.779131976131467],[-87.916613478391113,41.779087976111619],[-87.916608479082015,41.778956976054452],[-87.91660747930932,41.778913976036954],[-87.916598482925764,41.7782309757729],[-87.916561485431032,41.777752975526575],[-87.916533489498576,41.776981975192484],[-87.916505494112727,41.776107974821045],[-87.916447501073819,41.774786974227617],[-87.916378510546494,41.772990973439633],[-87.916366512107231,41.772694973308383],[-87.9163305167788,41.771808972915181],[-87.916319518335072,41.771513972786195],[-87.916302520539091,41.771095972600499],[-87.91625429281072,41.769845304403084],[-87.916240293696617,41.769469304600022],[-87.916237293794055,41.76942830461806],[-87.916199296006027,41.768490305102006],[-87.916147299370806,41.767062305852008],[-87.916122301781655,41.766036306419508],[-87.916023307081304,41.763792307556052],[-87.915918314482653,41.760651309223682],[-87.915910315314676,41.760297309420544],[-87.915867318479158,41.758954310137305],[-87.915831321195824,41.757801310754544],[-87.915827321525484,41.757661310830358],[-87.91581832250327,41.757245311062434],[-87.915815322830028,41.757106311139978],[-87.915813323013552,41.757028311182758],[-87.91580832347006,41.756834311289062],[-87.915807323557161,41.756797311309221],[-87.915805323738368,41.756720311351373],[-87.915803323863486,41.756667311378912],[-87.915801324044693,41.756590311421071],[-87.915797324421149,41.756430311509028],[-87.915796324559665,41.756371311542587],[-87.915794324675417,41.756322311567686],[-87.91578532555053,41.755950311772885],[-87.915783325731738,41.755873311815023],[-87.915769326287418,41.755639311924277],[-87.915743327248009,41.755235312108503],[-87.915712329083803,41.75445831250785],[-87.915679331430738,41.753463313034963],[-87.915679331966103,41.753234313174339],[-87.91566733260494,41.752964313310081],[-87.915658333099316,41.752755313415818],[-87.915636333704853,41.752502313517311],[-87.915629333933779,41.752406313559035],[-87.915610334712824,41.752078313713277],[-87.915604335518665,41.751735313907645],[-87.915574336990034,41.75111431421378],[-87.915559337790071,41.750776314383522],[-87.915553338083924,41.750652314444601],[-87.915552338112619,41.750640314449512],[-87.915550338191082,41.750607314464801],[-87.915550338216804,41.750596314471494],[-87.915538338788153,41.75035531458937],[-87.915539338871682,41.750319314613662],[-87.915540338938854,41.750290314633688],[-87.915524339394395,41.74987331474312],[-87.915536338686039,41.749498314684779],[-87.915525338164628,41.749215314592739],[-87.915513337645848,41.748933314498565],[-87.915511337578067,41.748896314485187],[-87.915476335814304,41.747939314179277],[-87.915465335226102,41.747620314078915],[-87.915451334522444,41.747238313956757],[-87.915423333031484,41.746429313702009],[-87.915407332419221,41.746095313586238],[-87.915396331977121,41.745854313504005],[-87.915408331709287,41.745715313500433],[-87.91541733117657,41.745433313456488],[-87.915412330991586,41.745332313421095],[-87.915389330127027,41.744860313256574],[-87.915351328892925,41.744184313008887],[-87.915330328195523,41.743802312870059],[-87.915326328080909,41.743739312845889],[-87.915324327977913,41.743683312828118],[-87.915315327738242,41.743551312775992],[-87.915311327625531,41.74348931275204],[-87.915302327402699,41.743366312702001],[-87.915288326698686,41.742983312579689],[-87.915272325871371,41.742533312437068],[-87.915262325427577,41.742291312357047],[-87.915229323912385,41.741465312086625],[-87.91521132306859,41.741005311936945],[-87.915210323028333,41.740983311929455],[-87.915206322988524,41.74096031191457],[-87.915207322903882,41.740915311906519],[-87.915205322855087,41.740888311895482],[-87.915196322466841,41.740676311824821],[-87.915193322336819,41.74060531180119],[-87.915191322280592,41.740574311789231],[-87.915187322110341,41.74048131175811],[-87.915186322055192,41.740451311748757],[-87.915184322004549,41.740423311737494],[-87.915181321855897,41.740342311711558],[-87.915181321805576,41.740315311705288],[-87.915175321400241,41.740095311639941],[-87.915157320184406,41.739435311443899],[-87.915147319784197,41.739216311369248],[-87.915145319705658,41.739173311354506],[-87.915139319470029,41.739044311310266],[-87.915138319392582,41.739002311298144],[-87.915133319187873,41.738890311260242],[-87.915120318572193,41.738554311151304],[-87.915116318368618,41.738443311116029],[-87.915109318009087,41.738247311053875],[-87.915106317786098,41.738126311018654],[-87.915108317713717,41.738088311014621],[-87.915089316935507,41.737662310870519],[-87.915081316580654,41.737468310806449],[-87.915079316522664,41.737436310794266],[-87.915076316350053,41.737342310765314],[-87.915075316293112,41.73731131075575],[-87.91506931605403,41.737180310711054],[-87.915062315733849,41.737005310653785],[-87.91505331533898,41.736789310582246],[-87.915049315100191,41.736659310542564],[-87.915043314749482,41.736468310483978],[-87.915027313699582,41.735897310313455],[-87.915022313350008,41.735707310257489],[-87.915014313023448,41.735528310196919],[-87.914992312045982,41.734993310020457],[-87.914985311720557,41.734815309962514],[-87.914974311283174,41.734575309880668],[-87.914965310866492,41.734347309806367],[-87.91495230996388,41.73385630966159],[-87.914947309523441,41.73361730959428],[-87.914944309339944,41.73351730956395],[-87.914935308789524,41.733217309472984],[-87.914933308605185,41.733117309445042],[-87.914931308512024,41.733066309428452],[-87.914929308357458,41.732982309404221],[-87.914925308236278,41.732915309379166],[-87.914923308144978,41.732865309362822],[-87.914922308119813,41.732851309357194],[-87.914919308047999,41.732811309340782],[-87.914919308023826,41.73279830933776],[-87.914909307680887,41.732609309270146],[-87.914906307415635,41.732465309229624],[-87.914886305575024,41.731466308950488],[-87.91488030496285,41.731134308859261],[-87.914878304689353,41.730986308820199],[-87.914878304482912,41.730875308794481],[-87.914864303881714,41.730545308684682],[-87.914859303614705,41.730399308638958],[-87.914832302382067,41.729723308418052],[-87.914796300654388,41.728776308112998],[-87.914765298673885,41.727695307788828],[-87.914747297434516,41.72701930758943],[-87.914739297109449,41.726840307528938],[-87.914718296155726,41.726316307357635],[-87.91471729613437,41.726304307352486],[-87.914710295810352,41.726126307294599],[-87.914709295775978,41.726107307287833],[-87.914706295678528,41.726053307268195],[-87.914705295646044,41.726035307261647],[-87.914703295601498,41.726010307251101],[-87.914699295467869,41.725936307224458],[-87.914698295424216,41.725912307216511],[-87.914696295379684,41.725887307205973],[-87.914693295245101,41.725813307181703],[-87.914692295201462,41.725789307173777],[-87.914687294992646,41.72567430713525],[-87.91467529436521,41.725330307027058],[-87.914674294308597,41.725299307017501],[-87.914671294157344,41.72521630699115],[-87.914630293157003,41.724656306764032],[-87.914621292584627,41.724343306670171],[-87.914612292073556,41.724063306583957],[-87.914607291751707,41.723887306531324],[-87.914600291535791,41.723767306486913],[-87.914526289303907,41.722525306023613],[-87.914501288920675,41.722305305913324],[-87.914481288606765,41.722125305824171],[-87.914460287952721,41.721761305690059],[-87.914447287385357,41.721448305586755],[-87.914434286814384,41.721133305482994],[-87.914428286555307,41.720990305435656],[-87.914427286497002,41.720958305425874],[-87.914422286296258,41.720847305388311],[-87.914420286187053,41.72078730536969],[-87.914416286027972,41.720699305339828],[-87.914412285870753,41.720612305310205],[-87.914395285100241,41.720187305171507],[-87.914387284800725,41.720021305114109],[-87.914282279877668,41.717305304236667],[-87.914271279339232,41.717008304141878],[-87.914266279101923,41.716877304099725],[-87.914262278861713,41.716745304059707],[-87.914261278618312,41.716613304026801],[-87.914261278588683,41.716597304023104],[-87.914711278098096,41.716592305088653],[-87.915129277639835,41.716586306078113],[-87.91532027735532,41.716543306520904],[-87.915610276921598,41.716477307193003],[-87.916272275902827,41.716312308723808],[-87.916856275000967,41.716166310074009],[-87.916890274951243,41.716159310152968],[-87.916930274893147,41.716151310245912],[-87.917006274792556,41.716141310423708],[-87.91708227470518,41.716138310603142],[-87.917159274626172,41.716140310786109],[-87.917235274561449,41.716149310968341],[-87.917310274507273,41.716163311149373],[-87.917382274467684,41.716183311324691],[-87.91745127444085,41.716208311494071],[-87.917611274395853,41.716275311888964],[-87.917708274375101,41.716319312129158],[-87.917801274368259,41.716368312361041],[-87.917815274368394,41.7163763123961],[-87.917890274375267,41.716422312584626],[-87.917947274388226,41.716461312728853],[-87.918002274407172,41.716502312868819],[-87.918035274415502,41.716525312952427],[-87.918073274412848,41.716545313047178],[-87.918114274395563,41.716559313147641],[-87.918158274365581,41.716568313254044],[-87.918204274323983,41.716572313364018],[-87.918250274270974,41.716570313472602],[-87.918294274208677,41.716562313575025],[-87.918405274038491,41.71653531383182],[-87.91851727387288,41.716511314091683],[-87.918663273666994,41.716485314431679],[-87.918810273473298,41.716466314775673],[-87.918959273286916,41.716452315125572],[-87.919066273174195,41.716453315379432],[-87.91917327306723,41.71645731563401],[-87.919289272960185,41.716466315911077],[-87.919405272862761,41.716480316189333],[-87.919519272777123,41.716499316464024],[-87.919632272700269,41.71652231673729],[-87.919800272539646,41.716532317137862],[-87.919967272370528,41.7165373175349],[-87.920135272184936,41.716534317932428],[-87.920303271985844,41.716524318328304],[-87.920455271794182,41.71650931868507],[-87.920606271591964,41.716488319038064],[-87.92075527138212,41.716462319385109],[-87.920862271224948,41.716440319633563],[-87.920967271062068,41.716414319876307],[-87.921068270926696,41.716400320112413],[-87.921167270779861,41.716379320342121],[-87.921263270624536,41.716352320563303],[-87.92135627046072,41.716319320775945],[-87.921445270291429,41.71628132097792],[-87.921529270115741,41.716237321166624],[-87.92160926993455,41.71618832134466],[-87.921682269752992,41.716135321505156],[-87.921750269566999,41.716077321652612],[-87.921811269380655,41.716015321782528],[-87.921865269193972,41.715949321894897],[-87.921911269011915,41.715881321987844],[-87.922076268484872,41.715702322336526],[-87.922247267958411,41.715527322700332],[-87.922424267428582,41.715354323078792],[-87.922598266926684,41.715194323453176],[-87.922607266901238,41.715186323472615],[-87.922784266369888,41.715013323850982],[-87.922965265843175,41.714845324239981],[-87.923152265315053,41.714680324643858],[-87.923346264786346,41.714519325065233],[-87.923595264078315,41.714298325602591],[-87.923838263367628,41.714073326124712],[-87.924073262656506,41.713844326626862],[-87.924632260828119,41.713233327805227],[-87.924694260630289,41.713168327936557],[-87.924835260235227,41.713048328241833],[-87.924914260039969,41.712994328416023],[-87.924997259846123,41.712943328600396],[-87.925084259657623,41.712897328795428],[-87.925175259474514,41.71285632900112],[-87.925280259289607,41.712822329241625],[-87.925387259114316,41.712794329488311],[-87.925496258944705,41.712770329740657],[-87.925607258784765,41.712752329999191],[-87.925719258633592,41.712739330261279],[-87.925833258490186,41.712731330529301],[-87.925946258359829,41.712729330796385],[-87.926082258243781,41.712747331122721],[-87.926218258115767,41.712759331447629],[-87.926343257986062,41.7127643317448],[-87.92646825784837,41.712765332041023],[-87.926592257699767,41.712760332333431],[-87.926716257543077,41.71275133262489],[-87.92681025741588,41.712740332844824],[-87.926840257376341,41.712737332915147],[-87.92692425726834,41.712730333112354],[-87.927007257147366,41.712716333305529],[-87.927087257015629,41.712695333489911],[-87.927164256873098,41.712667333665507],[-87.927236256724029,41.712633333827824],[-87.927302256569533,41.712593333974489],[-87.927362256411584,41.712548334105733],[-87.927415256253369,41.712499334219444],[-87.927460256093966,41.71244533431301],[-87.927698255372306,41.712220334822391],[-87.92794125465177,41.711999335344501],[-87.928248253814999,41.71175733601298],[-87.92832725360195,41.711696336185284],[-87.92846025324441,41.711594336475521],[-87.928698252519439,41.711370336984849],[-87.928941251793532,41.711149337506669],[-87.929013251577146,41.711083337661137],[-87.929252250858127,41.710864338173863],[-87.929352250556164,41.710772338388296],[-87.929424250337036,41.710705338542482],[-87.92967924962403,41.710499339096103],[-87.929938248911242,41.710296339659834],[-87.93002924865705,41.710223339857485],[-87.93005724858385,41.710203339918891],[-87.930079248523697,41.710186339966825],[-87.93017424830775,41.710134340179017],[-87.930283248036531,41.710063340419715],[-87.930352247879028,41.710025340573758],[-87.930408247748758,41.709993340698496],[-87.930579247356249,41.709898341080034],[-87.930592247326871,41.709891341109099],[-87.930639247233543,41.709872341215686],[-87.930662247188479,41.709863341267919],[-87.930709247093063,41.709843341374253],[-87.930925246664373,41.709756341864171],[-87.931145246238856,41.709673342364482],[-87.931360245806275,41.709584342851478],[-87.931578245377978,41.709499343346529],[-87.931800244954985,41.709419343852232],[-87.93193624469977,41.70937234416251],[-87.93207424444833,41.709328344478237],[-87.932213244203879,41.709288344797294],[-87.932250244140135,41.709278344882378],[-87.932348243980556,41.709256345108841],[-87.932872242931708,41.709045346296833],[-87.933500241802676,41.708855347735792],[-87.93352124176981,41.708851347784481],[-87.933559241691952,41.708835347870441],[-87.933702241388815,41.708770348192758],[-87.933840241078684,41.708699348501767],[-87.933973240763677,41.708623348797715],[-87.934101240443766,41.708542349080602],[-87.93422324012009,41.708456349348069],[-87.934339239792706,41.708365349600086],[-87.93441323957326,41.708302349759649],[-87.93448423935304,41.708237349911606],[-87.934601238969037,41.708120350159597],[-87.934712238587537,41.708001350392877],[-87.934822238183685,41.707871350621083],[-87.93491523782275,41.707752350811774],[-87.935007237443727,41.707624350997868],[-87.935092237066357,41.707493351166661],[-87.935171236691559,41.707360351320773],[-87.935242236319681,41.707224351455224],[-87.935300235994745,41.707103351562601],[-87.935355235649908,41.706971351660179],[-87.935403235319612,41.70684235174194],[-87.9354532349804,41.706710351827681],[-87.935512234636633,41.706581351935419],[-87.9355792342852,41.706453352062312],[-87.935655233929154,41.706328352211187],[-87.935739233571738,41.706207352379955],[-87.93583123321082,41.706089352568348],[-87.935931232846386,41.705974352776366],[-87.936039232480525,41.705863353004261],[-87.936154232114419,41.705756353249662],[-87.936275231751438,41.705654353510461],[-87.936404231389105,41.705557353791392],[-87.936563230951805,41.705442354138725],[-87.936758230425625,41.70530635456592],[-87.936958229903382,41.705175355006141],[-87.937163229382975,41.705048355459112],[-87.937373228866562,41.704926355925103],[-87.937588228351984,41.704808356403845],[-87.937807227844772,41.704696356893514],[-87.938031227341597,41.704589357396181],[-87.938259226843712,41.7044873579095],[-87.938492226349908,41.704390358435845],[-87.938728225862661,41.704298358970476],[-87.938908225501834,41.704233359379515],[-87.939091225145674,41.704172359796623],[-87.939276224795478,41.704115360219419],[-87.939460224444062,41.704057360639602],[-87.939641224085207,41.703994361051429],[-87.939819223716711,41.703925361454679],[-87.939993223341943,41.7038513618472],[-87.94020722291981,41.703778362334432],[-87.940419222491045,41.703701362815927],[-87.940518222286201,41.703663363040263],[-87.94057622216674,41.703641363171748],[-87.940629222057765,41.703621363291923],[-87.940650222014426,41.703613363339528],[-87.940844221602603,41.703534363777955],[-87.941053221152188,41.703446364249544],[-87.941267220679805,41.703351364731176],[-87.941396220380028,41.703287365019804],[-87.941487220159971,41.70323836522244],[-87.941590219892021,41.703174365449655],[-87.941687219622565,41.703106365661689],[-87.941780219349113,41.703034365863267],[-87.941866219075379,41.702958366047319],[-87.941946218800126,41.70287836621619],[-87.942020218525585,41.702795366370133],[-87.942086218269608,41.702716366506181],[-87.942125218077976,41.702651366581982],[-87.942154217907529,41.702590366635171],[-87.942174217746071,41.702528366666868],[-87.942185217591373,41.702464366676807],[-87.942187217445706,41.702399366665247],[-87.942180217313464,41.702335366632703],[-87.94216321719594,41.702272366576793],[-87.942139217089391,41.702210366504609],[-87.942091216913823,41.702103366364511],[-87.942052216722715,41.70199436624516],[-87.942020216518543,41.70188336614185],[-87.941996216304389,41.701772366057412],[-87.941981216074623,41.70165936599372],[-87.94197321583826,41.701547365946809],[-87.941971215594364,41.701435365914051],[-87.941967215405811,41.70134736588259],[-87.941968215177923,41.701244365859168],[-87.941970215107204,41.701213365856134],[-87.941976214958814,41.70114936585427],[-87.94199021473429,41.701055365863787],[-87.942012214499627,41.700961365892162],[-87.942041214258211,41.700868365937318],[-87.942065214084735,41.700803365977684],[-87.94210721378488,41.700691366048744],[-87.942132213587982,41.700616366088965],[-87.942139213526247,41.700592366099464],[-87.942159213364278,41.700530366131126],[-87.942195213014514,41.700392366181511],[-87.942222212673883,41.700253366210397],[-87.942242212342094,41.70011436622277],[-87.942255212016988,41.699974366218377],[-87.942259211703373,41.699834366192739],[-87.942256211398714,41.699694366150595],[-87.942249211229168,41.699613366113795],[-87.942245211104321,41.699554366089579],[-87.942226210822426,41.699415366009951],[-87.942217210706232,41.699357365974194],[-87.942212210602491,41.699307365949878],[-87.942201210449213,41.699231365904915],[-87.942204210302151,41.699166365895707],[-87.942215210144781,41.699101365905371],[-87.942236209978901,41.699038365939117],[-87.942265209804845,41.698976365991982],[-87.942302209627044,41.698917366064457],[-87.942347209445444,41.698861366156557],[-87.942994207907844,41.698544367602835],[-87.943104207643444,41.698489367848417],[-87.943268207233487,41.698400368212781],[-87.943323207093371,41.698369368334689],[-87.943427206818583,41.69830636856409],[-87.943580206402203,41.698208368900225],[-87.943728205980833,41.698105369223292],[-87.94407620495339,41.697847369978867],[-87.944281204349252,41.697696370424147],[-87.944483203750508,41.697546370862575],[-87.944981202275173,41.6971783719437],[-87.94512720184153,41.69707037226059],[-87.945892199564838,41.696505373920857],[-87.946283198389736,41.696213374768377],[-87.947226195558017,41.695515376813375],[-87.947371195128682,41.695411377128586],[-87.947523194703223,41.695313377461794],[-87.947680194279798,41.695219377807774],[-87.947842193862925,41.695131378167048],[-87.948010193449065,41.695048378541692],[-87.948182193045412,41.694972378927531],[-87.948359192646123,41.69490137932641],[-87.948540192254853,41.694836379736216],[-87.948725191873905,41.69477838015721],[-87.949867189560081,41.694439382760564],[-87.950187188907677,41.694343383489695],[-87.951446186344199,41.693970386359162],[-87.951586186057213,41.693928386678067],[-87.951957185298966,41.693818387523471],[-87.952134184940306,41.693767387927167],[-87.952230184756559,41.693744388147323],[-87.952314184589,41.693721388339199],[-87.952366184492817,41.693710388458825],[-87.952496184246442,41.693680388757222],[-87.952679183911656,41.693643389178618],[-87.95353918235692,41.693478391161108],[-87.955084179560643,41.69318439472282],[-87.955296179176855,41.693144395211583],[-87.955394178991057,41.69312239543661],[-87.955489178795091,41.693094395653013],[-87.955581178591288,41.693061395861044],[-87.955669178381029,41.693023396058365],[-87.955753178161871,41.692979396244695],[-87.955832177939982,41.692931396418217],[-87.955905177714328,41.692878396576312],[-87.957858171408304,41.691363400778478],[-87.957962171079245,41.691286401003104],[-87.958071170757435,41.691215401241031],[-87.958186170436733,41.691148401494139],[-87.95830617012092,41.691086401760295],[-87.958430169811365,41.691029402037152],[-87.960620164484851,41.690092406943684],[-87.960777164094154,41.690022407294578],[-87.960931163700025,41.689949407637613],[-87.961083163298696,41.689872407974875],[-87.961231162895388,41.689792408301926],[-87.961717161541188,41.689518409372766],[-87.962245160072754,41.689223410536677],[-87.966671147586666,41.686741420282281],[-87.967006147145511,41.686758421074096],[-87.967373146643155,41.686769421939509],[-87.967678146212776,41.686773422657346],[-87.968309145268648,41.686760424136743],[-87.968350145206884,41.686759424232825],[-87.968686144678486,41.686742425017876],[-87.968846144429619,41.686735425392008],[-87.96900714419958,41.686736425770626],[-87.969167143988784,41.686744426148778],[-87.969327143795809,41.686759426528823],[-87.969485143623615,41.686781426906052],[-87.969641143469687,41.686809427280203],[-87.969795143339141,41.686845427651811],[-87.969945143229822,41.686887428015652],[-87.970092143142864,41.686936428374317],[-87.970235143077176,41.686991428725214],[-87.970378143014244,41.687047429076401],[-87.970525142927841,41.687096429435108],[-87.970675142819388,41.687138429798992],[-87.970771142740105,41.687161430030834],[-87.970829142689951,41.687174430170664],[-87.970985142539831,41.687203430545146],[-87.971143142368959,41.687225430922446],[-87.971203142298052,41.687231431065101],[-87.971302142181344,41.687241431300478],[-87.971463141970347,41.68724943168106],[-87.971623141742825,41.687250432057397],[-87.9717551415401,41.687245432366289],[-87.971784141498404,41.687245432434452],[-87.9719441412348,41.687232432806994],[-87.972172140837216,41.687205433335563],[-87.972398140426847,41.687172433857796],[-87.972622140001079,41.687132434373417],[-87.972844139559868,41.687085434882427],[-87.973063139107168,41.68703243538274],[-87.973280138638884,41.686972435876449],[-87.973493138160492,41.686906436359088],[-87.973702137669306,41.686833436830412],[-87.973907137170542,41.686755437290969],[-87.974047136832979,41.686703437605807],[-87.974190136506522,41.686657437929327],[-87.974337136194976,41.686619438264422],[-87.974486135896058,41.686587438605848],[-87.974638135610917,41.686562438956223],[-87.974792135341104,41.686544439313209],[-87.97494613508951,41.686533439672083],[-87.975102134853287,41.686529440037567],[-87.975257134636834,41.686532440402623],[-87.975430134415291,41.686543440812166],[-87.97560113421244,41.686560441218639],[-87.97577213402802,41.686584441627048],[-87.975940133861187,41.686613442029753],[-87.976107133711707,41.686648442431782],[-87.97614813367872,41.686658442530863],[-87.97626113358902,41.686686442804074],[-87.976413133485195,41.686730443173332],[-87.976482133446083,41.686753443341786],[-87.976562133399014,41.686779443536906],[-87.976708133327918,41.686832443894538],[-87.976785133301178,41.686864444084264],[-87.976851133274536,41.686890444246508],[-87.977027133213383,41.686963444680153],[-87.977208133126851,41.687029445123649],[-87.977393133018978,41.687089445574912],[-87.977581132888531,41.687142446031316],[-87.977773132736701,41.687189446495502],[-87.977967132566292,41.68723044696273],[-87.978163132371975,41.687263447432478],[-87.978361132161652,41.687291447905565],[-87.978560131928745,41.6873114483788],[-87.978761131674446,41.687324448854824],[-87.978962131404245,41.687331449329186],[-87.979163131115385,41.687331449801626],[-87.979292130916647,41.687326450103463],[-87.979365130806386,41.687324450274488],[-87.979412130730836,41.687321450384133],[-87.979565130481546,41.687310450740711],[-87.979764130139316,41.687289451202645],[-87.979955129795144,41.687263451644391],[-87.980141129449976,41.687234452073554],[-87.980164129406177,41.687230452126492],[-87.980242129259125,41.687217452306236],[-87.980318129112263,41.687203452480993],[-87.980469128806462,41.68717045282677],[-87.980617128486045,41.687130453163547],[-87.980762128153685,41.687084453491607],[-87.980904127812025,41.687033453811217],[-87.981042127457115,41.686975454119491],[-87.981175127095753,41.686912454414596],[-87.98127312681433,41.686860454630505],[-87.981304126726499,41.686844454698928],[-87.981427126349502,41.686770454967466],[-87.981544125967474,41.686691455220512],[-87.981656125581623,41.686608455460679],[-87.981753125225381,41.686528455666426],[-87.981844124866797,41.68644445585695],[-87.981929124505925,41.68635645603225],[-87.982008124148152,41.686266456192897],[-87.982051123939812,41.686212456278938],[-87.982082123789368,41.686173456340946],[-87.982149123432436,41.686077456471708],[-87.983295121696784,41.686051459157078],[-87.985060119024979,41.686012463293153],[-87.986334117095808,41.685984466278612],[-87.987010116071403,41.685969467862655],[-87.987163115837831,41.685965468221006],[-87.987353115550434,41.685961468666292],[-87.987803114868242,41.685951469720756],[-87.987983114595337,41.685947470142537],[-87.989664112043954,41.685909474081285],[-87.989823111804199,41.685906474454001],[-87.98993011164012,41.685903474704546],[-87.9914021094052,41.685870478153575],[-87.995719102903465,41.68579448827429],[-87.996352101949824,41.685783489758293],[-87.996501101724149,41.685780490107483],[-87.996822101242145,41.685775490860195],[-87.999237097598808,41.685732496521496],[-87.999344097437032,41.685730496772294],[-87.999701096899244,41.685724497609272],[-88.000259096071503,41.685714498373898],[-88.000676095466758,41.68570749848665],[-88.000966095045811,41.685702498565014],[-88.002336093161333,41.685714498945643],[-88.003667091337107,41.685728499316134],[-88.003692091302042,41.685728499323019],[-88.003733091244627,41.68572849933431],[-88.003759091208181,41.685728499341465],[-88.003936090960167,41.685728499390194],[-88.003996090876086,41.685728499406707],[-88.004014090824725,41.685719499409018],[-88.004086090677362,41.685703499424122],[-88.004141090568339,41.685692499436023],[-88.004228090408716,41.685679499456135],[-88.004293090291526,41.685670499471371],[-88.004368090177749,41.685667499491124],[-88.004452090054258,41.685665499513654],[-88.004500089981221,41.685663499526278],[-88.004614089809905,41.685659499556472],[-88.00465208975379,41.685658499566635],[-88.004743089617591,41.685655499590794],[-88.004758089593693,41.685654499594627],[-88.004829089488425,41.685652499613582],[-88.004853089454812,41.685652499620183],[-88.004904089380474,41.68565149963392],[-88.004938089332853,41.685651499643278],[-88.004992089254287,41.685650499657847],[-88.005078089133846,41.685650499681508],[-88.00509308910992,41.685649499685347],[-88.00514008904409,41.685649499698279],[-88.005156089021682,41.685649499702684],[-88.005307088807271,41.685648499743941],[-88.005369088717515,41.685647499760705],[-88.005517088507318,41.685646499801145],[-88.00557108843168,41.685646499816009],[-88.005700088236509,41.685641499850028],[-88.00627508737324,41.68562150000232],[-88.006602086854556,41.685600500086061],[-88.006651086780167,41.685598500098948],[-88.006964086278288,41.685576500178513],[-88.007180085929633,41.68556050023318],[-88.007444085505156,41.68554150030014],[-88.007831084914301,41.685524500401513],[-88.008048084584559,41.685515500458521],[-88.008076084539582,41.685513500465625],[-88.008161084411967,41.685510500488107],[-88.00819008437135,41.685510500496079],[-88.008285084226841,41.685506500521022],[-88.009029083147936,41.685493500721748],[-88.009935081836602,41.685478500966418],[-88.010660080833233,41.685482501167002],[-88.011078080262465,41.685487501283468],[-88.011549079680393,41.685514501421181],[-88.012282078774177,41.685556501635538],[-88.012388078622905,41.685555501664396],[-88.012412078589293,41.68555550167099],[-88.012428078564042,41.685554501675099],[-88.012448078536025,41.685554501680599],[-88.012469078506626,41.685554501686376],[-88.012497078467433,41.685554501694078],[-88.012787077975744,41.685524501764732],[-88.012807077936344,41.68552050176902],[-88.012835077882883,41.6855155017752],[-88.012960077647975,41.685494501803198],[-88.013724076544307,41.685482502009656],[-88.014154075925333,41.685476502126079],[-88.015593073848692,41.685454502515064],[-88.018021070343153,41.68541650317097],[-88.020431066866706,41.685379503822027],[-88.020832066288804,41.685373503930386],[-88.0230190631395,41.685341504521503],[-88.023048063096155,41.685340504529158],[-88.025438059652629,41.685304505174635],[-88.025510059549148,41.685303505194106],[-88.026711057816627,41.685284505518105],[-88.026793057696409,41.685282505539995],[-88.028970054538547,41.685241506125045],[-88.028982055282995,41.685517506217124],[-88.029147069978933,41.690931508005114],[-88.029150070159346,41.690998508027526],[-88.029151070251686,41.691032508038745],[-88.029153070403211,41.691088508057334],[-88.029156070561569,41.691147508077172],[-88.029157070747615,41.69121550809934],[-88.029163070923744,41.69128250812259],[-88.029165071483291,41.691486508188831],[-88.029197074265852,41.692512508528125],[-88.029282081712154,41.695258509436428],[-88.029290082497042,41.695547509531778],[-88.029365088902367,41.69791151031469],[-88.029411092876998,41.699378510800578],[-88.029419093633919,41.699657510892777],[-88.029424093998486,41.699792510937726],[-88.029424094048082,41.699810510943522],[-88.029439095409018,41.70031251110963],[-88.029467098111581,41.701308511438718],[-88.029477098768922,41.701552511520255],[-88.029492100088191,41.702039511681576],[-88.029528103425534,41.703270512088878],[-88.029549105239582,41.703940512311],[-88.029566106571991,41.704433512474928],[-88.029571107123616,41.704636512541839],[-88.029578107746559,41.704866512618054],[-88.029580107930855,41.704934512640563],[-88.029583108229303,41.705044512676913],[-88.029592108901525,41.705293512759852],[-88.029593109079059,41.705358512781096],[-88.029622111635135,41.706302513094037],[-88.029634112729568,41.706706513227864],[-88.029637112915026,41.706775513251003],[-88.02964511370979,41.707068513347849],[-88.029660114868392,41.707497513490658],[-88.029669115829563,41.707851513607501],[-88.029677116635227,41.708148513705652],[-88.029684117246873,41.708374513780626],[-88.02970111873816,41.708925513963415],[-88.029725121022622,41.709768514242505],[-88.02984213165864,41.713697515545405],[-88.0298621334112,41.714345515760598],[-88.029868133990888,41.714559515831489],[-88.029904136764031,41.71558751617426],[-88.029911137391608,41.715819516251287],[-88.029963141267302,41.717257516731451],[-88.029988143222937,41.717982516973208],[-88.03011415301826,41.721615518185537],[-88.030117153252803,41.721702518214578],[-88.030132154447429,41.722145518362368],[-88.030272166240749,41.726515519818427],[-88.030279166790351,41.726719519886579],[-88.030349172653899,41.728893520611592],[-88.034257165941042,41.728804521842697],[-88.034450165591622,41.728793521901316],[-88.034668165239012,41.728796521972576],[-88.034895164846972,41.728790522043788],[-88.035147164413573,41.728784522123057],[-88.040009156068152,41.72867352365332],[-88.045041147453304,41.728564525237857],[-88.049446139915673,41.728468526623757],[-88.049674139549296,41.728472526698567],[-88.050013139004704,41.728478526809795],[-88.050563138113858,41.728485526989317],[-88.050852137617682,41.728478527079979],[-88.051722136126941,41.728458527353204],[-88.051942135750153,41.72845352742231],[-88.052012135626569,41.728450527443812],[-88.052029135595845,41.728449527448937],[-88.052101135453242,41.728440527468997],[-88.052197135268344,41.728430527496435],[-88.052283135084267,41.728414527518567],[-88.052332134979693,41.728405527531223],[-88.052347134944426,41.728401527534672],[-88.052367134898262,41.728396527539367],[-88.052413134832719,41.728400527555557],[-88.052619134479173,41.728395527620144],[-88.052721134302743,41.728392527651941],[-88.052915133971666,41.728388527713008],[-88.053392133154588,41.728377527862733],[-88.053637132734039,41.728371527939501],[-88.053900132283758,41.728365528022081],[-88.054295131607532,41.728356528146087],[-88.054522131219386,41.728351528217402],[-88.054858130643339,41.728343528322767],[-88.056055128592661,41.728315528698211],[-88.056160128411392,41.728312528730953],[-88.056895127152956,41.728295528961517],[-88.057069126852525,41.728290529015752],[-88.057748125691944,41.728275529228974],[-88.058162124984747,41.728266529359026],[-88.058329124698545,41.728262529411346],[-88.058699124064091,41.728253529527215],[-88.05873012401031,41.728252529536839],[-88.058815123867319,41.728251529563828],[-88.059860122076756,41.728226529891209],[-88.060233121437506,41.728217530008017],[-88.060382121181121,41.728213530054532],[-88.060975120165736,41.728199530240332],[-88.061232119725886,41.728193530320873],[-88.062175118112165,41.728171530616372],[-88.062289117911092,41.728166530651251],[-88.063364116084799,41.728146530989882],[-88.063439115948199,41.728141531012206],[-88.063515115820138,41.728140531036296],[-88.063545115768065,41.728139531045585],[-88.063577115712661,41.728138531055514],[-88.068701106944147,41.728016532659133],[-88.069032106377691,41.72800853276263],[-88.06919610609441,41.728003532813531],[-88.069382105789956,41.728004532873705],[-88.075660095061423,41.72785653483696],[-88.075948094568986,41.727849534926889],[-88.078610090027723,41.727788535759366],[-88.078941089462162,41.727780535862699],[-88.080756086366094,41.727738536429896],[-88.082845082802152,41.72768953708227],[-88.085768077816297,41.727620537994547],[-88.08708107557743,41.727589538404196],[-88.088279073533371,41.72756053877761],[-88.088846072567804,41.727547538954596],[-88.089683071140698,41.727527539215522],[-88.090827069191249,41.727500539572212],[-88.091627067827943,41.727481539821575],[-88.094873062073219,41.727309540795609],[-88.095222061453683,41.727290540900057],[-88.09528006135109,41.72728754091748],[-88.095867060370637,41.72728154110338],[-88.097534057593606,41.727267541632457],[-88.097628057438882,41.727267541662606],[-88.097940056920606,41.727265541761867],[-88.098171056535662,41.72726354183515],[-88.098187056509346,41.727263541840287],[-88.098216056459265,41.727262541849193],[-88.098235056425636,41.727261541854887],[-88.098294056326168,41.727260541873406],[-88.098314056293233,41.727260541879815],[-88.098381056178269,41.727258541900504],[-88.098585055833098,41.727254541964342],[-88.098653055718842,41.727253541985753],[-88.102780434339152,41.727163263756282],[-88.103116433756966,41.727155264087664],[-88.104125432022528,41.7271352650803],[-88.104462431445626,41.727129265411399],[-88.104757430934697,41.727122265702256],[-88.105644429412365,41.727105266574362],[-88.105940428906678,41.727100266864973],[-88.105993428812411,41.727098266917665],[-88.107621425989436,41.727058268523194],[-88.107946425425965,41.727050268843684],[-88.108251424898896,41.727043269144119],[-88.108389424657616,41.727039269280546],[-88.1088034239406,41.727029269688622],[-88.108942423701066,41.727026269825416],[-88.109383422932851,41.727014270260874],[-88.110707420640381,41.726982271565653],[-88.111149419877478,41.726972272000801],[-88.111190419803137,41.726970272041783],[-88.111313419593472,41.726968272162416],[-88.11135541952082,41.726967272203787],[-88.111696418928034,41.726958272540209],[-88.112723417150008,41.726933273552092],[-88.113065416559081,41.726925273888838],[-88.113115416469938,41.726923273938546],[-88.113268416207504,41.726920274088855],[-88.113319416123346,41.726920274138386],[-88.113814415270085,41.726909274625399],[-88.115302412715778,41.72687927608748],[-88.115798411864475,41.726869276574774],[-88.115846411778676,41.726867276622521],[-88.115991411529578,41.726864276764999],[-88.116040411448751,41.726864276812584],[-88.116070411395953,41.72686327684228],[-88.116162411237582,41.726861276932738],[-88.116193411186458,41.726861276962843],[-88.116412410811989,41.726857277177757],[-88.117070409700247,41.726849277821152],[-88.117290409330778,41.726847278035883],[-88.117536408885499,41.72683527828147],[-88.118053407957163,41.726812278796295],[-88.118275407610753,41.726818279008469],[-88.118387407439187,41.726822279114977],[-88.118521407277271,41.726840279235041],[-88.118789406822103,41.726836279497483],[-88.118920406599472,41.726834279625784],[-88.119647405338142,41.726815280342173],[-88.119874404944127,41.726809280565881],[-88.12002640468036,41.726805280715659],[-88.120504403852834,41.726793281186332],[-88.120818403312157,41.726786281495023],[-88.120970403048446,41.726782281644773],[-88.121082402853958,41.726779281755149],[-88.121634401898092,41.726765282298686],[-88.121964401327887,41.726757282623396],[-88.122370400625925,41.726747283022959],[-88.122505400393578,41.726744283155639],[-88.123004399528611,41.726731283647062],[-88.123780398187648,41.72671228441056],[-88.124140397565029,41.726703284764824],[-88.124474396985292,41.726694285093835],[-88.124874396296832,41.72668528548688],[-88.125165395797779,41.726679285772526],[-88.125297395564033,41.726674285903307],[-88.125849394609034,41.726660286446489],[-88.126270393882919,41.726650286860369],[-88.126415393631063,41.726646287003213],[-88.126511393466402,41.726644287097429],[-88.126968392674627,41.726632287547275],[-88.126995392630135,41.726632287573473],[-88.127479391793969,41.726620288049482],[-88.127874391107724,41.726609288438567],[-88.12802939084591,41.72660728859001],[-88.128670389738403,41.726591289220366],[-88.128790389531062,41.726588289338373],[-88.129362388543825,41.726574289900675],[-88.129590388152181,41.726569290124495],[-88.130007387433224,41.726559290534261],[-88.130158387178085,41.726557290681797],[-88.130794386072907,41.726539291308157],[-88.13084738598242,41.726538291360093],[-88.130861385959378,41.726538291373672],[-88.131008385704476,41.726534291518341],[-88.131616384655203,41.726519292115896],[-88.131750384424947,41.726516292247425],[-88.132325383433368,41.726502292812391],[-88.132438383240896,41.726500292923028],[-88.132545383055145,41.726497293028352],[-88.133023382229823,41.726485293498143],[-88.13420438019628,41.726457294657877],[-88.134427379810091,41.726451294877201],[-88.13558837781008,41.726423296017295],[-88.136698375897623,41.726396297107243],[-88.137552374428978,41.726376297945308],[-88.137845373924719,41.726369298232889],[-88.138055373557094,41.726362298439987],[-88.139691370742497,41.726323300045387],[-88.14262236568328,41.726247302923589],[-88.142806365380594,41.726247303101921],[-88.143490364202748,41.726230303773043],[-88.143934363441431,41.726220304208155],[-88.144887361802901,41.726197305142712],[-88.144899361807873,41.726205305150501],[-88.145074361479914,41.726192305326308],[-88.146790358528634,41.726150307009],[-88.148191356120805,41.726116308382345],[-88.148572355488284,41.726114308752379],[-88.148956354850853,41.726112309125327],[-88.149715353545034,41.726093309869448],[-88.150096352891268,41.72608431024269],[-88.15018335273912,41.726081310328354],[-88.150447352286889,41.726075310586857],[-88.150535352136131,41.726073310673023],[-88.150602352019916,41.726071310738845],[-88.150647351942894,41.726070310782895],[-88.151076351213391,41.726062311202135],[-88.152700348453209,41.726032312788838],[-88.153242347532199,41.72602231331831],[-88.153496347102674,41.726018313566129],[-88.154258345817269,41.726007314309072],[-88.154513345389191,41.726004314557379],[-88.15458834525991,41.726002314630904],[-88.154816344879237,41.726000314852605],[-88.154892344751318,41.725999314926661],[-88.15508934441857,41.725996315118785],[-88.155551343641392,41.725990315568879],[-88.155682343420139,41.725988315696632],[-88.155880343088782,41.725986315889266],[-88.155899343054557,41.725985315908112],[-88.155956342957893,41.725984315963764],[-88.15597634292503,41.725984315983126],[-88.155995342890805,41.725983316001965],[-88.156052342797139,41.725983316057167],[-88.15607234276429,41.725983316076537],[-88.157263340738481,41.725960317240038],[-88.15767534004064,41.725953317642073],[-88.15778133986052,41.725951317745597],[-88.160839334700128,41.725905320726447],[-88.162032332690288,41.725888321888725],[-88.162282332261938,41.725882322133316],[-88.163035330980961,41.725867322868638],[-88.163286330556957,41.725863323113316],[-88.163430330285081,41.7258513232578],[-88.163588330022677,41.725850323411159],[-88.164068329222687,41.725846323877484],[-88.164264328892017,41.725843324068471],[-88.164577328360409,41.725837324373963],[-88.165515326776202,41.725822325288149],[-88.165829326245984,41.72581732559415],[-88.166118325771492,41.725817325873869],[-88.166605324974839,41.725818326344822],[-88.166986324308354,41.725804326719377],[-88.167276323805936,41.725795327003759],[-88.167325323719666,41.725793327052003],[-88.167471323462451,41.725787327195782],[-88.167521323377457,41.725786327244563],[-88.167762322975989,41.725784327478635],[-88.168486321769976,41.725778328181761],[-88.168608321569735,41.725778328299832],[-88.168728321366899,41.725776328416778],[-88.168771321293406,41.725775328458802],[-88.169460320133354,41.725765329129644],[-88.171659316428418,41.725732331270848],[-88.172392315196575,41.725722331984095],[-88.172431315129685,41.725721332022225],[-88.172548314931902,41.725719332136229],[-88.17258831486626,41.725719332174933],[-88.172717314645922,41.725716332300941],[-88.173104313993548,41.725710332677757],[-88.173234313777328,41.725709332803937],[-88.173350313581224,41.725707332916961],[-88.173700312989624,41.725701333257966],[-88.173817312794739,41.72570033337157],[-88.174393311823707,41.725691333932382],[-88.176121308911092,41.72566433561466],[-88.176698307941592,41.725656336175931],[-88.176747307858335,41.725655336223717],[-88.176894307608606,41.725652336367084],[-88.176944307526583,41.72565233641545],[-88.177008307418745,41.725651336477739],[-88.177201307090712,41.725647336665979],[-88.17726630698408,41.725647336728862],[-88.177502306585509,41.72564333695869],[-88.178210305395595,41.72563333764738],[-88.178447304998272,41.725630337877774],[-88.179354303465075,41.725614338761154],[-88.182074298876799,41.725569341408715],[-88.182982297348403,41.725555342291997],[-88.183719296125801,41.725550343006574],[-88.184776294372909,41.725543344031308],[-88.185787292639858,41.725516345018647],[-88.185932292396558,41.725514345159581],[-88.186670291167076,41.725507345875684],[-88.186729291067579,41.725506345933098],[-88.186909290766906,41.725504346107854],[-88.186969290668529,41.72550434616587],[-88.186998290615435,41.725502346194624],[-88.187036290544796,41.725499346232425],[-88.187283290081609,41.72547834647866],[-88.192063282092263,41.725422351119256],[-88.19224128179232,41.725419351292345],[-88.200107268649006,41.725325358925936],[-88.20016326855459,41.725324358980366],[-88.202734264263043,41.725294361474212],[-88.202917263955314,41.725291361651969],[-88.203784262508719,41.725281362492794],[-88.204955260553774,41.725267363628518],[-88.205025260497251,41.725289363689555],[-88.205068260450602,41.725298363728413],[-88.205111260390737,41.725302363768762],[-88.205739259377879,41.725308364373859],[-88.205760259335577,41.725305364395034],[-88.205792259254153,41.725294364429232],[-88.20583725913562,41.725277364477769],[-88.205883258991761,41.725251364529939],[-88.206035258750731,41.725254364675912],[-88.206295258314412,41.725250364928307],[-88.206468258028465,41.725249365095756],[-88.206897257312775,41.72524436551172],[-88.207205256797891,41.725240365810471],[-88.207578256173974,41.725235366172321],[-88.208158255205859,41.725228366734711],[-88.208660254368169,41.725222367221434],[-88.209222253429658,41.72521536776641],[-88.209703252623811,41.725208368233091],[-88.210542251231885,41.725201369045614],[-88.212631247736624,41.725172371071707],[-88.21270024762886,41.725174371137804],[-88.2128952472967,41.725169371327553],[-88.213556246194003,41.725161371968234],[-88.215180243484198,41.7251413735423],[-88.215581242815006,41.725136373930944],[-88.216466241338324,41.725125374788647],[-88.216825240737961,41.725120375136704],[-88.217168240166359,41.725116375469021],[-88.217272239991047,41.725114375569994],[-88.217478239648813,41.725112375769477],[-88.217644239372035,41.725110375930321],[-88.217700239277832,41.725109375984665],[-88.217777239149271,41.725108376059289],[-88.218491237957878,41.725099376751182],[-88.219357236515279,41.725089377590088],[-88.219861235672795,41.725082378078589],[-88.221296233279176,41.725064379468883],[-88.222653231016082,41.725047380783451],[-88.222683230966993,41.72504738081242],[-88.223236230044662,41.725040381348101],[-88.224260228336817,41.725027382339995],[-88.224829227388483,41.725020382891067],[-88.22497522714464,41.725018383032513],[-88.225122226899174,41.725016383174918],[-88.225494226280659,41.725012383535038],[-88.225672225981995,41.725009383707608],[-88.23044721805303,41.724961388328488],[-88.235302209999048,41.724914393025017],[-88.235326209962224,41.724915393047965],[-88.235399209850115,41.724918393117797],[-88.235424209811669,41.724919393141718],[-88.235446209775688,41.724919393162956],[-88.235512209675022,41.724922393226031],[-88.235535209639821,41.724923393248034],[-88.235559209602982,41.724924393270989],[-88.23563120949251,41.724927393339854],[-88.235655209455672,41.724928393362816],[-88.23569820938053,41.724926393404736],[-88.235823209171301,41.724924393525804],[-88.235866209100976,41.724924393567314],[-88.235903209038071,41.724923393603227],[-88.236014208851728,41.72492139371078],[-88.236052208789573,41.724921393747458],[-88.236112208686649,41.724919393805784],[-88.236293208383444,41.724916393981104],[-88.236354208283714,41.72491639403998],[-88.236369208256761,41.724915394054662],[-88.236425208165215,41.724915394108713],[-88.236461208103918,41.724914394143674],[-88.236552207952712,41.724913394231706],[-88.236582207903666,41.72491339426066],[-88.236968207255671,41.724906394634658],[-88.238126205321478,41.724889395755746],[-88.238512204676042,41.724883396129478],[-88.238939203963568,41.724877396542759],[-88.240102202026478,41.724862397668076],[-88.240223201826311,41.724861397785041],[-88.240651201114744,41.724856398199044],[-88.240768200918708,41.724854398312331],[-88.241119200337806,41.72485139865163],[-88.241237200144923,41.724851398765502],[-88.241384199899883,41.724849398907736],[-88.241828199166974,41.724846399336762],[-88.241977198921035,41.724845399480735],[-88.242955197296396,41.724834400426538],[-88.244893194081698,41.72481440230024],[-88.245892192427874,41.724805403265769],[-88.246871190806885,41.724796404211951],[-88.248449188204788,41.724786405736161],[-88.252047187502697,41.724766405173014],[-88.253185188506265,41.724750404031859],[-88.254333189521489,41.724735402880313],[-88.254764189899589,41.724728402448136],[-88.254949190061893,41.724725402262614],[-88.255505190558864,41.724720401704474],[-88.255691190726665,41.72471940151766],[-88.2560811910719,41.724714401126342],[-88.257251192116797,41.724703399951736],[-88.257642192467557,41.724700399559083],[-88.25993819449296,41.724667397254883],[-88.259995194545084,41.724667397197571],[-88.260108194646207,41.724666397084071],[-88.260783195245651,41.724658396406319],[-88.261272195686217,41.724655395914986],[-88.261949196296541,41.724651395234716],[-88.261951197112651,41.72501539519493],[-88.261955198310815,41.725549395135516],[-88.261964201757067,41.727086394967117],[-88.261964201882336,41.727142394961312],[-88.261966202394134,41.72737039493569],[-88.261969203211052,41.727734394894981],[-88.261970203498251,41.727862394880717],[-88.261971203825738,41.728008394864595],[-88.26197120397336,41.728074394857749],[-88.261972204289648,41.728215394842159],[-88.261973204442654,41.728283394834122],[-88.261974204754452,41.728422394818722],[-88.261975204887321,41.728481394811624],[-88.26196720638336,41.729153394749837],[-88.261967206477308,41.729195394745474],[-88.261976206820805,41.729345394721093],[-88.261977207163923,41.729498394704251],[-88.261980207960633,41.729853394664531],[-88.261982208543955,41.730113394635637],[-88.261985209378679,41.730485394594169],[-88.261982209420765,41.730505394595021],[-88.261980209448083,41.730518394595627],[-88.261947209606987,41.73060239461909],[-88.261877209711031,41.730676394679605],[-88.261889212896335,41.732095394520215],[-88.261891213220238,41.732239394503289],[-88.261908218161366,41.734441394257892],[-88.261912219180473,41.734895394206866],[-88.261927223199905,41.736686394006519],[-88.261927223278207,41.736721394002878],[-88.261928223379712,41.736766393997257],[-88.26193422524824,41.737599393905093],[-88.261929225769748,41.737834393885372],[-88.261934228189958,41.738914393768511],[-88.261933228464287,41.739037393756682],[-88.261932228774413,41.739176393743172],[-88.261932229062992,41.739305393729772],[-88.261928230498143,41.739948393666694],[-88.261923232270306,41.740742393588818],[-88.261914235506836,41.742192393446381],[-88.261933238381175,41.743470393296271],[-88.261947240589109,41.744452393181632],[-88.261953241396938,41.744811393138974],[-88.261956241916053,41.7450423931123],[-88.261975244843427,41.746344392960253],[-88.261977245093277,41.746455392946963],[-88.261994245533813,41.746646392912012],[-88.261997245811273,41.746769392896603],[-88.262010246434258,41.747043392856668],[-88.261982250762912,41.748988392680062],[-88.262026251035081,41.754480389266888],[-88.262066249842817,41.757191387256896],[-88.2621082486083,41.760001385175705],[-88.262111248532193,41.760175385046622],[-88.262117248415194,41.76044538484534],[-88.262117248343912,41.760603384730196],[-88.262118248300524,41.760701384658034],[-88.262124248153327,41.761038384407975],[-88.262124248147458,41.761051384398506],[-88.262124248142953,41.761061384391226],[-88.262150247499051,41.76253538329825],[-88.262150247486886,41.762562383278592],[-88.262170246553907,41.764667381731364],[-88.262186246072389,41.76576438092156],[-88.262186246001164,41.765922380806551],[-88.262187245969955,41.765993380754182],[-88.262203245510676,41.767041379980483],[-88.262229244615369,41.769075378483279],[-88.262241244236435,41.769938377847787],[-88.262242244197154,41.770027377782412],[-88.262244244133043,41.770173377674944],[-88.262258243643686,41.771285376857435],[-88.262258243633781,41.771307376841435],[-88.262259243616143,41.771348376811005],[-88.262259243590904,41.771404376770285],[-88.262259243566575,41.771458376731026],[-88.262261243551578,41.771495376702866],[-88.262261243534454,41.771533376675237],[-88.262261243518694,41.771568376649789],[-88.26226224350556,41.771599376626625],[-88.262263243443769,41.771738376524937],[-88.262263243422595,41.771785376490776],[-88.262267243397119,41.771849376441757],[-88.262269243313199,41.772039376302381],[-88.262267243298453,41.772068376282547],[-88.262269243288415,41.772094376262402],[-88.262271243255412,41.772171376205179],[-88.262270243237893,41.772208376178909],[-88.262271243177466,41.772344376079431],[-88.262273243161587,41.772383376049845],[-88.262273243148059,41.772413376028034],[-88.262273243127794,41.772458375995321],[-88.262273243119239,41.772477375981509],[-88.262274243098446,41.772525375946003],[-88.262275243083067,41.772561375919217],[-88.262275243059634,41.77261337588142],[-88.262275243046119,41.772643375859616],[-88.262275243037564,41.772662375845805],[-88.262277242998266,41.772753375778436],[-88.262278242978837,41.772798375745118],[-88.262279242946775,41.772871375691437],[-88.262280242910691,41.772953375631232],[-88.262284242784332,41.773241375419474],[-88.262288242653483,41.773539375200478],[-88.262298242277708,41.774392374574632],[-88.262311241869,41.775324373889838],[-88.262313241791887,41.775499373761541],[-88.262332241104701,41.777061372616117],[-88.262336240970797,41.777366372392379],[-88.262342240753981,41.777859372031038],[-88.262343240728725,41.777917371988373],[-88.262343240710265,41.777958371958604],[-88.262400238614845,41.7827233684703],[-88.262404238536888,41.782904368337],[-88.262465236373316,41.787833364734645],[-88.262466236003107,41.788658364136346],[-88.262467235994109,41.788680364119962],[-88.262540234851869,41.791367362143575],[-88.262542234821325,41.791439362090664],[-88.262540234775443,41.79153736202052],[-88.26254423471525,41.791679361916152],[-88.262546234675725,41.791771361848781],[-88.262543234630726,41.791865361781923],[-88.262539234559185,41.792016361674193],[-88.262542234466636,41.79222836151957],[-88.262542234462131,41.792238361512332],[-88.262546234285963,41.792638361221272],[-88.262562233629495,41.794131360134784],[-88.26256923321975,41.795057359462234],[-88.262577232326009,41.797062358008944],[-88.262577231314793,41.79931235638125],[-88.262577231295907,41.799354356350868],[-88.262598231219471,41.799568356189639],[-88.262598231137233,41.7997513560573],[-88.262611230882555,41.800345355623875],[-88.262637230685144,41.800839355259143],[-88.262670229764652,41.802958353718878],[-88.262729228124442,41.806737350975951],[-88.262766227147765,41.808993349340554],[-88.262767227116399,41.809065349288424],[-88.262768227088657,41.80912934924207],[-88.262769227009301,41.809308349112776],[-88.262766226931902,41.809474348993625],[-88.262768226892106,41.809567348926173],[-88.262767226714772,41.809960348642917],[-88.262776226620346,41.810190348475388],[-88.262778226497133,41.810469348273827],[-88.262780226280555,41.8109563479223],[-88.262780226268006,41.810984347902107],[-88.262777226198196,41.811133347795185],[-88.262778226076676,41.811406347598151],[-88.262773225938489,41.811703347384814],[-88.262785225789656,41.812061347124683],[-88.262787225760206,41.812131347073887],[-88.262787225684377,41.812300346952036],[-88.262791225626401,41.812438346851906],[-88.262794225550849,41.812613346725279],[-88.262791225450528,41.812830346569299],[-88.262796225390872,41.812974346464713],[-88.262815225164687,41.813520346068344],[-88.262818224328385,41.815391344719572],[-88.262788224242428,41.815516344633167],[-88.262784224186831,41.815631344550731],[-88.262783224143192,41.815726344482364],[-88.262827221017247,41.822793339384972],[-88.262832220090772,41.824870337888321],[-88.262832219882199,41.825335337553291],[-88.262834219477924,41.826241336900523],[-88.262829218579711,41.828232335465955],[-88.262832218524082,41.828363335371648],[-88.262816218438303,41.828517335260273],[-88.262814218337084,41.828738335100944],[-88.262813218283114,41.828856335015871],[-88.26281321826383,41.828899334984868],[-88.26280221770007,41.830130334097191],[-88.262807217560848,41.830452333865324],[-88.262798217478718,41.830614333748109],[-88.262792217418593,41.83073433366129],[-88.262793217204717,41.831213333316015],[-88.26278321667013,41.832381332473254],[-88.262761216237593,41.833293331813863],[-88.262750216050421,41.833684331530883],[-88.262771216022017,41.833797331451194],[-88.262768215831699,41.834214331150186],[-88.262763215580904,41.834761330755185],[-88.262760215426013,41.835099330511085],[-88.262757215257665,41.835467330245322],[-88.262750214896514,41.836255329676085],[-88.262750214851636,41.836355329603947],[-88.262734214815652,41.836397329571774],[-88.262709214757436,41.836467329518321],[-88.262704214707185,41.836567329445529],[-88.262713214700653,41.836603329420612],[-88.262723214695228,41.83663932939583],[-88.262732214690075,41.836672329373087],[-88.262747214694926,41.836697329356852],[-88.262747214657679,41.836780329296978],[-88.262734214017101,41.838176328288029],[-88.262731213544782,41.839221327533487],[-88.26270821273242,41.840975326263809],[-88.262707212491577,41.841509325878143],[-88.262658210087352,41.846743322088045],[-88.262629208302684,41.850644319261491],[-88.262611207383856,41.852644317810395],[-88.262599206755581,41.854012316817467],[-88.262585205986056,41.855689315599982],[-88.262562204446382,41.859056313155882],[-88.262563204355416,41.85926131300792],[-88.262549204276311,41.859401312901291],[-88.262536202682838,41.86291231035478],[-88.26253720254239,41.863227310127179],[-88.262544200956881,41.866772307564304],[-88.262538200482254,41.867812306808695],[-88.262551199113531,41.870891304586586],[-88.262550199044469,41.871042304476788],[-88.262550199030073,41.871074304453629],[-88.262549198993369,41.871153304395932],[-88.26254019858564,41.872036303752147],[-88.262532197956062,41.873415302749635],[-88.262510196116025,41.877448299817082],[-88.262509196030734,41.877635299681067],[-88.26248319411134,41.881832296625021],[-88.262484194083328,41.881897296578565],[-88.262484194077942,41.881909296569873],[-88.262485194018012,41.882045296471986],[-88.262485194010367,41.882062296459672],[-88.262485193997321,41.882091296438659],[-88.262486193972464,41.882149296397287],[-88.262489193862379,41.882402296215929],[-88.262486193811,41.882508296137203],[-88.262482193736787,41.882662296023042],[-88.262482193726896,41.882684296007106],[-88.262481193700921,41.882739295966608],[-88.262477193631213,41.882883295859678],[-88.262489193645152,41.882885295866032],[-88.262485193604689,41.882964295806197],[-88.262480193088876,41.884097294982055],[-88.262480193042549,41.884200294907423],[-88.262478192858353,41.884604294613368],[-88.262477192800432,41.884730294521411],[-88.262477192776146,41.88478429448228],[-88.262476192743407,41.884854294430895],[-88.262475192708891,41.8849282943766],[-88.262475192660318,41.885036294298338],[-88.262475192608136,41.885152294214294],[-88.262474192517828,41.88535029407015],[-88.262474192488583,41.885415294023048],[-88.262476192443387,41.885521293947598],[-88.262468191926018,41.886649293124741],[-88.26245719101432,41.888645291670421],[-88.262457190936502,41.888818291545029],[-88.262457190748904,41.889235291242784],[-88.262457190734509,41.889267291219596],[-88.262457190621134,41.889519291036947],[-88.262444189490751,41.891995289232547],[-88.26244318941076,41.892170289104925],[-88.262443189340573,41.892326288991832],[-88.262447189236326,41.892569288818713],[-88.262445189061481,41.89295228853954],[-88.262444189046249,41.892983288516298],[-88.262444188527951,41.894135287681166],[-88.262447188049492,41.895207286906405],[-88.262451187970939,41.895393286774755],[-88.262449187615204,41.896178286204126],[-88.262420186969081,41.897531285199626],[-88.262415186837984,41.897808284994632],[-88.262407186186351,41.899233283954409],[-88.262415185799796,41.900115283321419],[-88.262419185031447,41.901834282078141],[-88.262419184797892,41.90235328170175],[-88.262415184530752,41.902935281276143],[-88.262415184359298,41.903316280999817],[-88.262423184177194,41.903744280696515],[-88.262435184034118,41.904097280451253],[-88.262463183787489,41.904727280019713],[-88.262463183737992,41.90483727993999],[-88.262463183623296,41.905092279755188],[-88.262464183470769,41.905434279508242],[-88.262464183401491,41.905588279396639],[-88.262464183302527,41.905808279237199],[-88.262465183130644,41.906193278959101],[-88.262465183006483,41.90646927875909],[-88.262450182911536,41.906636278624219],[-88.262452182885397,41.90670027857967],[-88.262454182856089,41.906771278530051],[-88.26245618283356,41.906827278491313],[-88.262461182766828,41.906990278377805],[-88.262464182721772,41.907099278301601],[-88.262471182614092,41.907359278119685],[-88.26247518238236,41.907886277741561],[-88.26247618228652,41.908102277585982],[-88.262489181443868,41.910014276213104],[-88.262490181370097,41.910181276093091],[-88.262493181125848,41.910733275696124],[-88.262494181060163,41.910882275589159],[-88.262495181034069,41.910943275545954],[-88.262495180997192,41.911025275486551],[-88.262496180941866,41.911151275396257],[-88.262497180858659,41.911339275261057],[-88.262510179962774,41.91337027380294],[-88.262511179891277,41.913532273686627],[-88.262512179844052,41.913640273609417],[-88.262532178532567,41.916617271474344],[-88.262534178433228,41.916844271312094],[-88.262538178345594,41.917051271166407],[-88.262546178236462,41.917318270981504],[-88.262554178178107,41.917472270878427],[-88.262588177260881,41.919616269363303],[-88.262577176730787,41.920762268522481],[-88.262575176656128,41.92092226840456],[-88.262574176610698,41.921020268332576],[-88.262572176542335,41.921166268224766],[-88.262571176485679,41.921289268134693],[-88.262571176475788,41.921311268118778],[-88.262567176415899,41.921432268026855],[-88.26256517638889,41.921486267985607],[-88.262557176266839,41.92173326779811],[-88.262555176238479,41.921790267754673],[-88.262553176211,41.921845267712683],[-88.262547176127654,41.922012267585231],[-88.262534176054459,41.922135267481899],[-88.262528176017412,41.922199267428951],[-88.262554175832534,41.922690267102261],[-88.262554175683746,41.923021266862733],[-88.262563174701469,41.925234265271456],[-88.262567174638249,41.925387265165305],[-88.262565174491186,41.925708264930769],[-88.262566174342453,41.926042264690246],[-88.262576173293894,41.928406262991516],[-88.262578173219836,41.928577262870164],[-88.26258217313331,41.928782262726578],[-88.262684170266752,41.935484258006547],[-88.262684170201638,41.935629257901837],[-88.262681169570456,41.937025256889847],[-88.262681169502201,41.937177256780075],[-88.262687168997104,41.938321255961561],[-88.262687168825124,41.938704255684975],[-88.26269016808584,41.940360254493029],[-88.262690168025216,41.940495254395536],[-88.262692167284968,41.942150253203103],[-88.262689167010734,41.942751252765099],[-88.2626931669474,41.942905252659251],[-88.262698165443339,41.946271250235611],[-88.262701164461717,41.948467248654246],[-88.262703163450851,41.950725247026853],[-88.262723160471836,41.957427242218323],[-88.262724160419481,41.957547242133231],[-88.262722159518191,41.95954824068599],[-88.26272915891424,41.960917239708728],[-88.262729158054157,41.962833238326006],[-88.262729157963932,41.963034238180953],[-88.2627541560677,41.967344235111049],[-88.262759155850119,41.96784623475704],[-88.2627611558366,41.967883234733591],[-88.26276015578479,41.967995234651184],[-88.262761155756266,41.968062234604488],[-88.262764155388851,41.968891234011437],[-88.2627761550049,41.969788233384229],[-88.262782154705931,41.970475232898742],[-88.262795154026193,41.972035231795651],[-88.262801153715202,41.972749231291004],[-88.262818152931132,41.974556230017377],[-88.262819152857801,41.974723229898736],[-88.262833152146385,41.976358228744623],[-88.262836151965871,41.976771228452243],[-88.262838151869005,41.976994228295048],[-88.26284515153516,41.977763227753222],[-88.262848151450171,41.977963227614374],[-88.262850151353334,41.978186227457229],[-88.262864151371858,41.978194227475889],[-88.262876151358057,41.978267227444256],[-88.262888150302373,41.980664225739737],[-88.262893150086612,41.981163225389416],[-88.262873149484946,41.982434224438713],[-88.262872147715385,41.986377221597841],[-88.262725147477653,41.986380221325469],[-88.258132140055167,41.986460212820852],[-88.255525135841154,41.986505207990177],[-88.255070135105541,41.986513207146693],[-88.253268132191721,41.986545203805008],[-88.252160130400711,41.986563201751061],[-88.251095128678713,41.986581199775792],[-88.250945128435944,41.986584199497152],[-88.25088812834376,41.986585199391385],[-88.250796128194779,41.986587199220338],[-88.243123108857674,41.986719196033235],[-88.242203106440144,41.98673519580538],[-88.241334104158824,41.986746195593689],[-88.238218095961727,41.986805194818956],[-88.237761094758682,41.986814194705154],[-88.237669094516335,41.986816194682099],[-88.237644094450872,41.98681619467628],[-88.237562094234733,41.986818194655541],[-88.237478094012587,41.986821194633521],[-88.237082092968279,41.986831194533131],[-88.236900092487971,41.986836194486671],[-88.236900092513139,41.986802194514659],[-88.236719092038513,41.986803194471705],[-88.235752089496842,41.986816194235978],[-88.234938087356909,41.986827194037566],[-88.23474708685518,41.98682919399149],[-88.234661086629188,41.986830193970668],[-88.23447108612929,41.986833193924014],[-88.234476086088961,41.986901193869762],[-88.234232085444958,41.986907193808172],[-88.232755081542322,41.986947193432542],[-88.232446080727541,41.986953193355923],[-88.232263080245403,41.986956193310995],[-88.232022079684398,41.98687119332358],[-88.23138007819334,41.986645193356075],[-88.228705071144915,41.986704192685082],[-88.228366069964594,41.987030192347198],[-88.227941068842796,41.987038192242267],[-88.227886068697657,41.987039192228714],[-88.227809068493897,41.987041192209276],[-88.227694068190473,41.987043192181012],[-88.225123061411068,41.987081191554935],[-88.224393059484285,41.987093191376346],[-88.224311059269155,41.987093191357339],[-88.223127056144818,41.987111191068948],[-88.222992055788595,41.987113191036109],[-88.222482054445322,41.987118190914074],[-88.220137048279199,41.987130190361576],[-88.219312046109863,41.987134190167417],[-88.218700044500494,41.987137190023368],[-88.218464043881141,41.987137189968706],[-88.218125042989257,41.987139189888666],[-88.215914037135562,41.987184189342742],[-88.215705036582321,41.987188189291366],[-88.213206029961071,41.987239188675112],[-88.212457028002291,41.987232188507065],[-88.212425027917064,41.987233188498926],[-88.212202027326597,41.987237188444382],[-88.211756026146801,41.987244188336078],[-88.211538025570576,41.987247188283447],[-88.211319024990487,41.98725118822987],[-88.211204024685998,41.987253188201805],[-88.211101024414248,41.987254188177253],[-88.210925023948263,41.98725718813435],[-88.210882023835325,41.98725718812441],[-88.210821023672636,41.987259188108844],[-88.210671023277399,41.987260188073421],[-88.210450022691958,41.987264188019395],[-88.210267022208754,41.987266187975621],[-88.210018021550951,41.987269187915864],[-88.209902021243735,41.987271187887579],[-88.209584020403355,41.98727518781115],[-88.209341019759947,41.987279187752058],[-88.209148019247891,41.987283187704541],[-88.209026018924831,41.987285187674885],[-88.208723018122456,41.987290187601218],[-88.208429017343661,41.987295187529654],[-88.208272016927339,41.987298187491199],[-88.207871015857023,41.987311187389125],[-88.20756401503742,41.987321187310961],[-88.207526014936263,41.987322187301466],[-88.207393014582891,41.987325187268567],[-88.207273014262341,41.987329187237961],[-88.207163013969364,41.987332187210384],[-88.207133013889234,41.987333187202736],[-88.20520200873429,41.987393186713867],[-88.204988008163625,41.987399186660198],[-88.204633007216742,41.987409186571149],[-88.204227006131561,41.987422186468244],[-88.203407003939589,41.987448186260671],[-88.203267003568598,41.987450186226972],[-88.202896002590009,41.987452186140025],[-88.202870002521607,41.987452186134036],[-88.202796002326963,41.987452186116975],[-88.202192000745185,41.987447185981246],[-88.202161000663651,41.987447185974098],[-88.201770999642065,41.987444185886289],[-88.20120199815112,41.98744018575789],[-88.200960997520085,41.987438185703724],[-88.200466996225089,41.987435185591913],[-88.199507993712984,41.987428185375627],[-88.199375993367283,41.987427185345879],[-88.19930799318989,41.987426185330882],[-88.198566991249933,41.987420185164133],[-88.198415990849924,41.987422185127933],[-88.197059987263117,41.987436184805546],[-88.196911986872379,41.98743718477072],[-88.19675598645911,41.987439184733375],[-88.196234985081304,41.987444184609814],[-88.19597298438768,41.987447184547356],[-88.195705983682373,41.987449184484426],[-88.195447982999227,41.987452184422892],[-88.195182982297609,41.98745518435976],[-88.194923981613286,41.987457184298684],[-88.194658980911612,41.987460184235559],[-88.194398980223085,41.987463184173599],[-88.194131979517636,41.98746518411069],[-88.193879978850077,41.98746818405057],[-88.193644978228775,41.987470183995057],[-88.193627978182519,41.987471183990458],[-88.193492977825812,41.987472183958673],[-88.193397977572786,41.987474183935426],[-88.19309797677731,41.987478183863587],[-88.19304897664685,41.987479183851619],[-88.192370974836379,41.987496183683952],[-88.192028973922277,41.987505183599133],[-88.19185697346019,41.98751118355549],[-88.191343972078357,41.987531183423968],[-88.191173971619762,41.987538183380138],[-88.190954971030564,41.987546183324383],[-88.190297969259319,41.987572183155855],[-88.190079968669238,41.98758218309905],[-88.190022968517553,41.987583183085263],[-88.189820967988965,41.98758118304012],[-88.189756967820472,41.987581183025391],[-88.189454967020495,41.98758418295391],[-88.189044965934485,41.987588182856925],[-88.188786965248639,41.987592182794927],[-88.188574964685529,41.987595182744187],[-88.187940962999591,41.987605182591764],[-88.187729962437331,41.987609182540602],[-88.187658962248719,41.987610182523618],[-88.187445961682812,41.987613182472664],[-88.18737596149515,41.987615182455251],[-88.187093960745827,41.987619182387782],[-88.186247958497631,41.98763118218541],[-88.185965957748166,41.98763518211797],[-88.185614956840723,41.98762518204375],[-88.185324956090639,41.987617181982237],[-88.184921955041361,41.987610181894077],[-88.18456195411575,41.987597181819659],[-88.184433953785614,41.987593181792782],[-88.184211953192445,41.987598181738498],[-88.184081952846682,41.9876001817073],[-88.183690951803243,41.987608181612224],[-88.183561951458316,41.987611181580625],[-88.183408951053678,41.987612181544797],[-88.182951949839747,41.987618181435842],[-88.18287394963258,41.987619181417266],[-88.182818949485991,41.987620181403976],[-88.18279994943596,41.987620181399606],[-88.182699949170839,41.987621181375971],[-88.18240294838165,41.987625181305113],[-88.182303948117394,41.987627181281077],[-88.182055947458934,41.987630181222144],[-88.181312945487861,41.987638181046229],[-88.181065944830166,41.987642180986903],[-88.180919944442039,41.987644180952081],[-88.180481943277584,41.987650180847595],[-88.180335942889414,41.987652180812781],[-88.179825941535171,41.987658180691774],[-88.178447937874012,41.987675180364434],[-88.178295937473578,41.987675180329504],[-88.177786936125216,41.987679180210051],[-88.177585935595658,41.987679180163866],[-88.176983934004028,41.987682180023683],[-88.176783933473388,41.987684179976505],[-88.176726933323209,41.987684179963409],[-88.176558932878706,41.987685179924192],[-88.176502932729278,41.98768617991071],[-88.176019931452956,41.987688179798511],[-88.175851931008424,41.987689179759293],[-88.174573927629723,41.987695179462023],[-88.174092926356579,41.987698179349692],[-88.173972926040378,41.98769817932213],[-88.173614925093219,41.987700179238679],[-88.173495924775807,41.987702179210132],[-88.173143923850205,41.987701179129886],[-88.172089921076818,41.987699178888981],[-88.17201692088446,41.987699178872212],[-88.171738920148002,41.987701178807157],[-88.171625919850257,41.987701178781201],[-88.17128991895899,41.987704178702224],[-88.17124491883844,41.987705178691293],[-88.171177918657932,41.987707178674697],[-88.171142918565707,41.987707178666653],[-88.171038918287707,41.987709178641573],[-88.171004918194171,41.987711178632566],[-88.170595917094559,41.987722178532067],[-88.169603914442206,41.987741178292993],[-88.169371913842753,41.987735178243291],[-88.169098913133269,41.987730178183575],[-88.168750912199954,41.987738178098944],[-88.167780909598534,41.987760177863336],[-88.167242908153725,41.987773177732258],[-88.166897907231842,41.987779177649585],[-88.165365903140739,41.987804177283607],[-88.165257902853881,41.987805177258259],[-88.164933901989045,41.987810177181061],[-88.164826901700621,41.987813177154798],[-88.164742901477013,41.98781417713495],[-88.16449290080935,41.987818177075319],[-88.16440990058625,41.987820177055134],[-88.16431790034153,41.987821177033467],[-88.164043899608387,41.987826176967765],[-88.163952899362073,41.987829176945176],[-88.163905899238117,41.987829176934405],[-88.163763898857283,41.987832176900127],[-88.163717898733822,41.987833176889005],[-88.163664898591932,41.987834176876277],[-88.163506898170965,41.987836176838911],[-88.163454898029599,41.987838176825846],[-88.163059896972868,41.987845176731298],[-88.162752896150323,41.987851176657507],[-88.161873893793043,41.987869176445841],[-88.161853893740272,41.987869176441265],[-88.161479892736381,41.987877176351034],[-88.16137589245767,41.987879176326075],[-88.161062891618897,41.987885176250991],[-88.160959891340639,41.987888176225695],[-88.160880891130034,41.987889176207034],[-88.160644890496485,41.987894176150164],[-88.160566890284187,41.987897176130609],[-88.160506890123685,41.987898176116303],[-88.160326889642192,41.987901176073393],[-88.160267889482142,41.987903176058758],[-88.160242889416182,41.987903176053031],[-88.16016888921655,41.987905176034971],[-88.160144889151056,41.987906176028908],[-88.160090889006369,41.987907176015973],[-88.159966888676976,41.987908175987023],[-88.159928888574498,41.987909175977762],[-88.159875888430264,41.987911175964506],[-88.159850888362101,41.987912175958215],[-88.159774888159362,41.987913175940257],[-88.159749888091213,41.987914175933973],[-88.159712887993564,41.987914175925496],[-88.159604887701988,41.987917175899085],[-88.159568887604777,41.987918175890286],[-88.159482887375631,41.987919175870033],[-88.159410887181238,41.987921175852428],[-88.158937885908699,41.987932175738003],[-88.158780885485498,41.987936175699843],[-88.158711885301187,41.987937175683491],[-88.158508884756543,41.987941175634795],[-88.158440884572641,41.987943175618128],[-88.158396884456494,41.987943175608059],[-88.158265884101851,41.987947175575854],[-88.158222883986127,41.987948175565457],[-88.158004883399599,41.9879531755128],[-88.157350881639744,41.987968175354851],[-88.157132881053045,41.987973175302223],[-88.156598879616297,41.987985175173456],[-88.155065875484496,41.98802217480268],[-88.154997875304915,41.988022174787133],[-88.154464873878965,41.988030174660956],[-88.154317873488424,41.988031174626812],[-88.15387687230988,41.988037174522773],[-88.153730871919649,41.988039174488321],[-88.15369487182457,41.988039174480093],[-88.153589871544909,41.988040174455556],[-88.153554871450183,41.988041174447019],[-88.153443871154678,41.988042174421111],[-88.153112870271116,41.988046174343317],[-88.153002869975936,41.9880481743171],[-88.152914869743483,41.988048174296992],[-88.152653869044784,41.9880521742352],[-88.152566868810311,41.988054174214255],[-88.152507868654453,41.988054174200769],[-88.152333868187839,41.988057174159408],[-88.152275868032277,41.988058174145621],[-88.152233867921339,41.988058174136029],[-88.152109867589104,41.988060174106629],[-88.152068867478462,41.988061174096728],[-88.149999861820774,41.988142173581338],[-88.149349860043131,41.988167173419896],[-88.14856585794405,41.988178173235312],[-88.147111854051303,41.988198172893348],[-88.146913853520431,41.988201172846658],[-88.145917850852399,41.988215172612392],[-88.145461849607173,41.988231172500264],[-88.145097848619784,41.988241172412202],[-88.145028848432361,41.988243172395464],[-88.144884848034181,41.988250172359081],[-88.144832847889248,41.988253172345715],[-88.143723844813806,41.988310172064246],[-88.142390841205739,41.98834217174479],[-88.142192840664009,41.988349171696242],[-88.141600839041317,41.988371171550604],[-88.1414038384995,41.988379171501826],[-88.141218837994472,41.98838517145677],[-88.14066683647944,41.988406171320868],[-88.140482835974339,41.988413171275589],[-88.139088832148715,41.98846517093331],[-88.133241816070438,41.988684169502591],[-88.132468813954574,41.988708169316411],[-88.131716811872082,41.98874016913139],[-88.130980809836601,41.988770168951085],[-88.130181807630251,41.988801168756218],[-88.129501805755595,41.988826168591153],[-88.129187804896759,41.988835168516118],[-88.128944804234706,41.988841168458514],[-88.1283328025646,41.988857168313068],[-88.127988801608979,41.988872168228625],[-88.1278848013215,41.988876168203348],[-88.127338799775771,41.988910168064834],[-88.127013798850427,41.988932167981645],[-88.125820795521264,41.988988167687729],[-88.12572079524972,41.988990167664312],[-88.125420794429331,41.988998167593174],[-88.125321794154729,41.989002167569105],[-88.125021793328543,41.989012167497101],[-88.124120790843762,41.98904316728057],[-88.123821790016919,41.989054167208444],[-88.123503789136535,41.989066167131618],[-88.123035787836756,41.98908516701804],[-88.122551786505596,41.989100166902645],[-88.12228278576373,41.989109166838247],[-88.122234785630198,41.989111166826589],[-88.122160785421684,41.989115166808226],[-88.12202478504237,41.98912116677505],[-88.121939784801654,41.989126166753785],[-88.12139578330428,41.989143166624167],[-88.121186782727548,41.989150166574177],[-88.121082782439032,41.989154166549085],[-88.120770781567572,41.989168166472993],[-88.120667781278755,41.989173166447713],[-88.120388780509558,41.989182166381191],[-88.12011077973709,41.98919316631406],[-88.119554778188856,41.989216166179446],[-88.119277777415746,41.989228166112184],[-88.119264777381133,41.989228166109271],[-88.119214777247933,41.989228166098037],[-88.118721775878612,41.989247165979386],[-88.118429775065195,41.98925916590882],[-88.117244771761932,41.989308165622568],[-88.117203771646672,41.989310165612551],[-88.116752770387848,41.989329165503577],[-88.116658770131295,41.989331165481666],[-88.116560769867078,41.989332165459295],[-88.116378769369945,41.989336165416852],[-88.11628576911302,41.989339165394767],[-88.115947768172916,41.989352165313676],[-88.115916768084261,41.989354165305912],[-88.115389766618932,41.989374165179655],[-88.114933765336474,41.989396165068541],[-88.11459676438318,41.989414164985774],[-88.114565764294426,41.989416164978017],[-88.114473764033875,41.989421164955395],[-88.114443763944763,41.989424164947458],[-88.114349763684913,41.989427164925203],[-88.11413776309206,41.989436164874114],[-88.113128760308697,41.989466164636276],[-88.111023754428885,41.989551164131932],[-88.110408752746579,41.989564163989449],[-88.110046751739532,41.989577163903512],[-88.109851751196985,41.989584163857238],[-88.108857748423375,41.989622163620609],[-88.108656747864472,41.989629163573049],[-88.106745742530961,41.989701163119335],[-88.103613733778516,41.989819162377756],[-88.100870726099615,41.989923161730111],[-88.100301724507275,41.989944161596206],[-88.097950717919161,41.990032161043409],[-88.097903717786579,41.990034161032291],[-88.097388716343261,41.990053160911486],[-88.09644771370418,41.990088160690824],[-88.091975701146453,41.99025415964536],[-88.09183270074206,41.990260159611786],[-88.090660697427012,41.990309159336903],[-88.090585697225706,41.990309159320333],[-88.090531697080792,41.990309159308417],[-88.090188696114836,41.990322159228469],[-88.089488694144848,41.990348159065604],[-88.089337693669336,41.990368159025884],[-88.089241693394044,41.990373159003106],[-88.088856692423548,41.990355158923904],[-88.08842269119846,41.990372158822758],[-88.088347690990034,41.990374158805579],[-88.0881256903657,41.99038215875408],[-88.088051690152867,41.990386158736491],[-88.087953689879114,41.990389158713938],[-88.087660689053379,41.990400158645855],[-88.087563688775177,41.990405158622892],[-88.087179687697741,41.990418158534169],[-88.086032684463532,41.990461158268047],[-88.085959684256707,41.990464158251044],[-88.085651683357653,41.99048415817704],[-88.085448682769226,41.99049615812865],[-88.085252682220968,41.990502158083665],[-88.084057678857974,41.990544157807896],[-88.083874678340749,41.990551157765523],[-88.083659677726601,41.990561157715213],[-88.083552677424478,41.990565157690483],[-88.083234676515147,41.990580157616051],[-88.083128676212013,41.990585157591248],[-88.082850675413667,41.990599157525956],[-88.082688674974349,41.990600157490043],[-88.082422674244441,41.99060415743039],[-88.081536671766628,41.990630157228011],[-88.081370671294508,41.990637157189482],[-88.081327671167884,41.990640157179158],[-88.080933669976091,41.990676157082113],[-88.080843669697259,41.990686157059443],[-88.080573668856914,41.990717156991174],[-88.080484668576972,41.990728156968459],[-88.080431668419607,41.990732156955666],[-88.080271667937438,41.990746156916522],[-88.080219667779076,41.99075115690367],[-88.080127667505636,41.990758156881469],[-88.079974667042165,41.990772156843889],[-88.079853666705318,41.990775156816497],[-88.079762666445546,41.990779156795405],[-88.079621666051111,41.990783156763342],[-88.079200664865709,41.990797156667064],[-88.079060664470191,41.990802156634963],[-88.078954664169913,41.990806156610589],[-88.078636663272675,41.990817156537794],[-88.078530662968646,41.990822156513154],[-88.078345662444349,41.990829156470653],[-88.077792660876597,41.990850156343633],[-88.077608660351075,41.990858156301101],[-88.077562660219698,41.990860156290466],[-88.077526660118963,41.9908611562823],[-88.077280659422598,41.990870156225931],[-88.077199659189404,41.990874156207099],[-88.076954658495623,41.990883156150964],[-88.076696657759229,41.99089415609145],[-88.076390656893338,41.990905156021462],[-88.076221656419122,41.990910155983102],[-88.076153656224577,41.990913155967405],[-88.075977655742705,41.990915155928356],[-88.0758746554651,41.990915155905824],[-88.075851655399347,41.990916155900521],[-88.075644654882822,41.99090515585825],[-88.075566654714024,41.990894155844195],[-88.075528654630418,41.990889155837245],[-88.075464654473024,41.99088515582433],[-88.0754406544159,41.990883155819617],[-88.075369654243417,41.99087815580544],[-88.075346654185196,41.990877155800682],[-88.075300654072564,41.990874155791431],[-88.075209653849996,41.99086815577315],[-88.075163653741129,41.990864155764164],[-88.075140653682936,41.990863155759399],[-88.075118653619896,41.990864155754309],[-88.075042653403798,41.990867155736858],[-88.07493365308747,41.99087315571137],[-88.074814652747932,41.990878155683966],[-88.07473965253071,41.990882155666469],[-88.074690652391098,41.990884155655209],[-88.074544651978769,41.990889155621915],[-88.074243651125968,41.990900155553085],[-88.073958650312363,41.990912155487521],[-88.073764649759113,41.990920155442936],[-88.07347464893941,41.990930155376851],[-88.07295564746417,41.990950155258062],[-88.072607646480137,41.990962155178828],[-88.072318645658882,41.990973155112769],[-88.072287645571478,41.990974155105725],[-88.07219564531573,41.990976155085107],[-88.072165645227201,41.990978155078025],[-88.072022644826276,41.990982155045735],[-88.071593643615728,41.990996154948348],[-88.071451643209741,41.991002154915776],[-88.071338642893465,41.99100515489031],[-88.071002641944943,41.991016154814083],[-88.070890641623592,41.991021154788342],[-88.070697641087605,41.991025154745167],[-88.070121639479822,41.991039154615819],[-88.069929638942526,41.991044154572634],[-88.069896638849642,41.991045154565171],[-88.069791638577982,41.99104215454301],[-88.069708638357952,41.991041154525149],[-88.069243636994841,41.991069154416593],[-88.068907636006585,41.991090154337996],[-88.067177630918493,41.991197153934444],[-88.06660762930052,41.991217153805451],[-88.06598062752029,41.991239153663656],[-88.065612626474831,41.991252153580454],[-88.065346625724558,41.991260153520663],[-88.064862624341586,41.991279153410872],[-88.064525623387297,41.991290153334973],[-88.064173622396311,41.991300153256084],[-88.063796621325679,41.991313153171085],[-88.063439620308898,41.991326153090462],[-88.063073619267641,41.991339153007914],[-88.062852618638203,41.991347152958056],[-88.062161616669769,41.991372152802242],[-88.061808615667076,41.991384152722858],[-88.061360614383105,41.991402152621525],[-88.061030613446249,41.99141315254743],[-88.060923613144737,41.991416152523534],[-88.060784612748577,41.991421152492251],[-88.060641612341584,41.991426152460107],[-88.059695609583756,41.991475152244092],[-88.056542600372524,41.991640151526042],[-88.056393599940051,41.991647151492351],[-88.056224599445088,41.991656151453938],[-88.055769598113173,41.991680151350629],[-88.055667597816083,41.991685151327559],[-88.055072596071071,41.991717151192461],[-88.051062584362256,41.991916150288517],[-88.050955584063402,41.9919181502651],[-88.050786583630099,41.991912150229844],[-88.049241579671218,41.991857149907226],[-88.048945578821289,41.991868149841416],[-88.048249576826052,41.991893149686938],[-88.047622575030275,41.991915149547957],[-88.046952573108669,41.991939149399471],[-88.046621572162806,41.9919501493263],[-88.04627757117288,41.991963149250012],[-88.04617757088414,41.991967149227797],[-88.04588457004543,41.991977149163048],[-88.045312568401386,41.991998149036419],[-88.043949564490944,41.992046148735362],[-88.043737563880157,41.992054148688489],[-88.0428415613016,41.99208714849064],[-88.042443560158745,41.992101148402938],[-88.041177556519983,41.9921461481241],[-88.040177553628965,41.992185147903598],[-88.039960553003482,41.992193147855858],[-88.039809552566254,41.992199147822575],[-88.039750552396939,41.992201147809631],[-88.039559551837598,41.992210147767331],[-88.039489551633906,41.992213147751876],[-88.039314551131298,41.992219147713477],[-88.039064550411339,41.992228147658565],[-88.039028550308984,41.992229147650697],[-88.038960550115135,41.992231147635842],[-88.0383995484911,41.992253147512415],[-88.03825754807356,41.992260147480977],[-88.037960547211952,41.992272147415626],[-88.037853546898475,41.992277147391995],[-88.037732546551354,41.992281147365517],[-88.037449545736564,41.992291147303497],[-88.037431545683106,41.992292147299494],[-88.037208545044919,41.992299147250776],[-88.037044544571714,41.992305147214815],[-88.033393533998478,41.992445146415363],[-88.031445528320319,41.992526145989466],[-88.031371528118626,41.992526145973692],[-88.031306527946086,41.992525145959945],[-88.030770526517458,41.992518145846489],[-88.029829523999169,41.992508145646966],[-88.029417522881047,41.992507145559195],[-88.028745521063712,41.992504145416184],[-88.028652520810269,41.992504145396346],[-88.028070519233609,41.992502145272411],[-88.027429517500877,41.992499145135994],[-88.027088516576342,41.992498145063351],[-88.025506512288999,41.992493144726353],[-88.024865510551791,41.992491144589778],[-88.024646509959794,41.992490144543154],[-88.024166508656606,41.992489144440825],[-88.023992508187234,41.992488144403794],[-88.023774507593245,41.992488144357281],[-88.023631507203604,41.992488144326764],[-88.023462506747862,41.992487144290799],[-88.02310350577919,41.992485144214385],[-88.023085505734883,41.992484144210643],[-88.021018500131703,41.992478143770072],[-88.020330498266802,41.992476143623414],[-88.020299498187143,41.992475143616886],[-88.020207497883661,41.992486143596309],[-88.020177497854746,41.992475143590838],[-88.020145497767572,41.992475143584016],[-88.020049497506008,41.992475143563524],[-88.02001849742156,41.992475143556909],[-88.019981497325574,41.992474143549089],[-88.019871497025861,41.992474143525619],[-88.019835496927783,41.992474143517931],[-88.019416495795838,41.992472143428664],[-88.018161492396018,41.992468143161112],[-88.017743491262095,41.99246714307197],[-88.017683491103469,41.992466143059239],[-88.017503490613095,41.99246614302082],[-88.017444490452363,41.992466143008222],[-88.017254489939603,41.992465142967745],[-88.016687488404628,41.992463142846859],[-88.016486487857065,41.992463142803942],[-88.016410487654895,41.992462142787794],[-88.01614948694386,41.99246214273208],[-88.016062486706844,41.992462142713507],[-88.015862486166881,41.992461142670884],[-88.015304484656539,41.992459142551901],[-88.015265484550298,41.992459142543574],[-88.015067483991317,41.99246314250103],[-88.014779483187084,41.992467142439295],[-88.013914480766573,41.992480142253832],[-88.013627479959979,41.99248514219228],[-88.01347047952234,41.992487142158652],[-88.012999478204435,41.99249414205773],[-88.012843477764534,41.99249714202427],[-88.012748477500736,41.992498142003946],[-88.01246647671249,41.99250214194354],[-88.012373476449184,41.99250414192359],[-88.011789474827978,41.992510141798675],[-88.010040469951832,41.992532141424498],[-88.009457468322793,41.992540141299806],[-88.009433468257384,41.99254014129469],[-88.009363468061565,41.992541141279716],[-88.009340467993866,41.992542141274768],[-88.008647466069803,41.992549141126709],[-88.007652463302108,41.992560140914136],[-88.006568460276213,41.992574140682564],[-88.005876458338861,41.992584140534753],[-88.005641457687958,41.992586140484619],[-88.004938455720293,41.99259614033452],[-88.004704455061855,41.992600140284544],[-88.004456454375401,41.992602140231661],[-88.003713452303316,41.992611140073151],[-88.003466451609256,41.992615140020433],[-88.00340345143745,41.992615140007018],[-88.003216450912134,41.992618139967121],[-88.003154450732808,41.992620139953864],[-88.003034450395276,41.992622139928272],[-88.002957450180162,41.992623139911842],[-88.002369448530288,41.99263213978643],[-88.002173447980283,41.992635139744635],[-88.001910447242366,41.992639139688563],[-88.001121445028389,41.992651139520376],[-88.000858444290316,41.992655139464325],[-88.000737443960247,41.992655139438575],[-88.000374442949322,41.992659139361258],[-88.00025444261162,41.992661139335688],[-88.000158442344556,41.992662139315243],[-87.99987044174091,41.992665139150425],[-87.999774441624353,41.992666139051131],[-87.999568441380177,41.99266713883808],[-87.99895144062809,41.992674138199931],[-87.998746440374717,41.992677137987904],[-87.998629440238972,41.992677137866913],[-87.998278439816232,41.992680137503918],[-87.998256439785507,41.992681137481163],[-87.998162439671276,41.992682137383952],[-87.99814343964924,41.992682137364298],[-87.998087439584268,41.992682137306396],[-87.998069439558193,41.99268313728777],[-87.997889439344206,41.992684137101634],[-87.997351438694096,41.99268913654528],[-87.997172438470869,41.992692136360176],[-87.997137438430258,41.992692136323988],[-87.996814438034789,41.992696135989981],[-87.995421436325273,41.992714134549679],[-87.995185436030724,41.992718134305697],[-87.995130435987647,41.992714134248807],[-87.995080435929651,41.992714134197108],[-87.994445435161794,41.992720133540615],[-87.994253434928666,41.99272213334212],[-87.994216434885729,41.992722133303864],[-87.994158434813244,41.992723133243913],[-87.994105434751745,41.992723133189109],[-87.994069434704784,41.992724133151903],[-87.994014434640974,41.992724133095038],[-87.99384943443917,41.992726132924467],[-87.993795434371307,41.992727132868652],[-87.993600434139893,41.992728132667054],[-87.993377433870762,41.992730132436527],[-87.993018433433477,41.992734132065436],[-87.992824433198024,41.992736131864902],[-87.992291432553657,41.992741131313956],[-87.9906954306188,41.992757129664412],[-87.990163429970352,41.992763129114621],[-87.989933429698297,41.992764128876892],[-87.98965442936418,41.992766128588549],[-87.989243428861329,41.992771128163866],[-87.989014428580035,41.992774127927248],[-87.988998428561459,41.992774127910714],[-87.988951428506923,41.992774127862127],[-87.988936428484323,41.992775127846656],[-87.988853428388012,41.992775127760858],[-87.988604428083519,41.992778127503584],[-87.98852242798317,41.992779127418864],[-87.988439427886874,41.992779127333073],[-87.988190427525169,41.992793127076219],[-87.988108427476817,41.992784126991118],[-87.987839427149098,41.992787126713189],[-87.9876654269368,41.992789126533417],[-87.987434426658368,41.992791126294748],[-87.987340426538879,41.992793126197675],[-87.987054426191449,41.992796125902196],[-87.987035426169399,41.992796125882556],[-87.986767425842828,41.992799125605693],[-87.98658742562877,41.992800125419699],[-87.98605042496925,41.992807124865003],[-87.985871424751153,41.9928091246801],[-87.985755424611355,41.992810124560265],[-87.985560424374682,41.992812124358828],[-87.985407424191934,41.992813124200758],[-87.985292424048112,41.992815124082],[-87.985264424015611,41.99281512405306],[-87.985182423915248,41.992816123968367],[-87.985155423878723,41.992817123940512],[-87.985119423836949,41.992817123903315],[-87.985055423757487,41.992818123837218],[-87.985014423709899,41.992818123794848],[-87.984980423665249,41.992819123759766],[-87.9849514236316,41.992819123729788],[-87.984906423579389,41.992819123683283],[-87.984867423534126,41.992819123642981],[-87.984839423496439,41.992820123614095],[-87.984765423410565,41.992820123537619],[-87.984546423140841,41.992823123311446],[-87.984473423050929,41.992824123236069],[-87.984354422912844,41.992824123113088],[-87.983999422480096,41.992828122746438],[-87.983881422332772,41.992830122624611],[-87.983793422230633,41.992830122533668],[-87.983529421903484,41.992834122261073],[-87.98344242179212,41.992836122171298],[-87.983414421759633,41.992836122142357],[-87.983123421411548,41.992838121841757],[-87.983108421394149,41.992838121826253],[-87.982782421000252,41.992841121489562],[-87.982169420262878,41.992846120856434],[-87.981852419879388,41.992849120529058],[-87.981792419809778,41.992849120467056],[-87.981612419590491,41.992851120281188],[-87.981553419516814,41.992852120220292],[-87.98118841907764,41.992855119843341],[-87.980096417758361,41.992865118715706],[-87.979732417315134,41.992869118339911],[-87.979692417268694,41.992869118298572],[-87.979576417128882,41.992870118178793],[-87.979537417078419,41.992871118138574],[-87.979342416841703,41.992873117937243],[-87.978842416219777,41.992881117421277],[-87.9787604161194,41.992882117336634],[-87.978566415878646,41.992885117136439],[-87.978378415650042,41.99288711694237],[-87.977817414952113,41.992896116363525],[-87.977630414719442,41.992899116170584],[-87.977596414679994,41.992899116135455],[-87.977496414558743,41.992900116032231],[-87.977463414515228,41.992901115998222],[-87.977400414436914,41.992902115933227],[-87.977309414326072,41.992903115839304],[-87.976849413755758,41.992910115364701],[-87.976696413562522,41.99291311520691],[-87.976590413434309,41.992914115097498],[-87.97644241325213,41.992916114944791],[-87.975681412311587,41.992927114159684],[-87.9754284119971,41.992931113898734],[-87.974468410820378,41.992943112908272],[-87.971888407643362,41.99297811024725],[-87.971591407277757,41.992982109940982],[-87.970632406091582,41.992996108952219],[-87.970575406025432,41.992996108893358],[-87.970405405812457,41.992999108718159],[-87.97034940574224,41.993000108660439],[-87.970156405502578,41.993003108461494],[-87.969577404767833,41.993015107865055],[-87.969558404740553,41.993016107845563],[-87.96942540458619,41.993016107708229],[-87.969385404534549,41.99301710766705],[-87.969258404381904,41.993018107536031],[-87.968877403913567,41.993023107143244],[-87.968751403756855,41.993025107013402],[-87.968123402980893,41.99303410636611],[-87.966241400644776,41.993063104426909],[-87.965614399864691,41.993073103781008],[-87.965306399486238,41.993077103463612],[-87.9643863983503,41.993090102515772],[-87.96407939796778,41.993095102199611],[-87.964001397877226,41.993095102119085],[-87.963768397585838,41.993099101879174],[-87.963691397491218,41.993100101799847],[-87.963218396910761,41.99310610131252],[-87.961803395158242,41.993127099855272],[-87.961331394573662,41.993134099369243],[-87.960936394083689,41.993140098962549],[-87.959752392609673,41.993159097743785],[-87.959464392249131,41.993164097447412],[-87.95935839211559,41.993166097338367],[-87.959227391947792,41.99316909720369],[-87.959177391884509,41.993170097152259],[-87.958486391003689,41.993185096441813],[-87.956561388695505,41.993199094458078],[-87.956230388321728,41.993197094116205],[-87.955131386977641,41.993210092984718],[-87.955062386892294,41.993211092913718],[-87.95503238684698,41.993213092883138],[-87.954539386106632,41.993245092380576],[-87.953820385187868,41.993261091641969],[-87.953778385133873,41.993262091598837],[-87.953652384977076,41.993264091469264],[-87.953611384918986,41.993266091427358],[-87.953568384869044,41.993266091383006],[-87.953439384708773,41.993268091250336],[-87.953397384649506,41.993270091207407],[-87.953139384328964,41.99327409094208],[-87.952887384010111,41.993279090683146],[-87.952365383356792,41.993288090146542],[-87.952108383026868,41.993294089882689],[-87.951836382690061,41.993298089602973],[-87.951021381675474,41.993311088765125],[-87.950750381334544,41.993316088486687],[-87.950424380929732,41.993321088151546],[-87.94944637970481,41.993338087146633],[-87.949121379290631,41.993345086813015],[-87.948788378872422,41.993351086470945],[-87.947792377615997,41.993370085448177],[-87.94746037719365,41.993377085107433],[-87.947420377147211,41.993377085066193],[-87.947299376990941,41.993380084942117],[-87.947260376940392,41.993381084902126],[-87.947167376827124,41.993382084806477],[-87.947000376617439,41.99338508463498],[-87.946564376069048,41.993393084187304],[-87.946219375636858,41.993399083833012],[-87.945960375309809,41.993404083567164],[-87.945548374794527,41.993411083144068],[-87.944312373243406,41.993433081875168],[-87.943901372724,41.993441081453454],[-87.943516372245327,41.993447081058086],[-87.942361370809195,41.993465079872088],[-87.94197637033048,41.993471079476791],[-87.941885370219538,41.993472079383267],[-87.941615369895445,41.993474079105518],[-87.941525369780379,41.99347607901327],[-87.939942367920892,41.993480077382998],[-87.938963366604668,41.993514076382972],[-87.938923366552942,41.993515076342014],[-87.938686366230229,41.993524076100172],[-87.938626366150004,41.993526076038876],[-87.938586366098278,41.993527075997925],[-87.938542366036614,41.993529075953113],[-87.938120365472656,41.993543075522034],[-87.937065364147116,41.993562074440256],[-87.93608736292677,41.993578073437156],[-87.931833357536689,41.993663069080121],[-87.93143235702334,41.993672068669866],[-87.930780356202533,41.993684068002104],[-87.930190355448431,41.993697067398543],[-87.921244344102291,41.993877058249616],[-87.920472343162857,41.993885057458208],[-87.920415378375452,41.987229055115961],[-87.920409381554038,41.986628054903399],[-87.920397389262817,41.985171054390662],[-87.920377402379444,41.982692053518356],[-87.920363404637271,41.982263053355965],[-87.920366406914567,41.981834053211927],[-87.920368408257843,41.981581053127243],[-87.92035042000947,41.979360052345072],[-87.920345421524985,41.979073052241048],[-87.920225459732691,41.971839049621501],[-87.920179474660415,41.969013048597034],[-87.920139487384859,41.966604047721901],[-87.920124492053915,41.965720047400183],[-87.920109496940327,41.964795047064207],[-87.920119503285903,41.963600046664226],[-87.920120503605062,41.963540046644717],[-87.920125506653264,41.962966046452863],[-87.920126507104939,41.962881046424762],[-87.920148520566784,41.960346045577687],[-87.920166528293976,41.958892045098438],[-87.920166530795882,41.95842004493597],[-87.920166531617497,41.958265044882623],[-87.920167532153968,41.958164044849035],[-87.920168532769964,41.958048044810312],[-87.920183543011547,41.956119044164311],[-87.920185545648181,41.955622043995696],[-87.920187547786554,41.955219043859401],[-87.920188550432684,41.954720043688901],[-87.920191554109337,41.954027043454055],[-87.920191555747238,41.953718043347727],[-87.920193557763682,41.953338043219389],[-87.920193557917401,41.953309043209416],[-87.920193558187734,41.953258043191866]]]}},
{"type":"Feature","properties":{"STATEFP":"17","COUNTYFP":"097","GEOID":"17097","NAME":"Lake","NAMELSAD":"Lake County","ALAND":1149124406,"AWATER":2394834319},"geometry":{"type":"Polygon","coordinates":[[[-87.897986155218959,42.49390042095002],[-87.897663150481122,42.493894422040306],[-87.892987081902135,42.493811437846695],[-87.891781064217909,42.493789441916356],[-87.886790991058774,42.493702458777143],[-87.886758990589868,42.493701458881674],[-87.886693989637365,42.493699459094252],[-87.886659989139133,42.493698459205817],[-87.886639988845815,42.493698459276146],[-87.886536987336029,42.49369645962237],[-87.885709975213302,42.493682462418406],[-87.884090951482747,42.493654467886131],[-87.883359940768486,42.493642470359525],[-87.88298993534552,42.493636471611921],[-87.882133922800421,42.493621474499989],[-87.881010906342297,42.493603478301814],[-87.875272822264208,42.493511497715538],[-87.874274807643232,42.493495501090173],[-87.873954802955225,42.493490502173167],[-87.873683798985667,42.493485503083967],[-87.872423780527853,42.493465507344908],[-87.872354779517039,42.493464507578999],[-87.870639754396521,42.493436513370597],[-87.867467707939952,42.493385524084481],[-87.864247660788493,42.493333534952519],[-87.863922656030581,42.49332753604277],[-87.862563636131171,42.493307540643954],[-87.861676623143765,42.493294543647011],[-87.861063614168586,42.493285545722017],[-87.858642578722694,42.493251553928303],[-87.852863494127973,42.493170573506177],[-87.849090438911219,42.493116586269245],[-87.848611431902086,42.49310958788778],[-87.848023423297391,42.493101589879622],[-87.847847420722687,42.49309859047051],[-87.847778419713066,42.493097590703698],[-87.847739419141647,42.493097590840435],[-87.847388414005636,42.493092592027352],[-87.847242411869217,42.493090592521732],[-87.847206411343109,42.493089592639208],[-87.846962407773589,42.493085593459661],[-87.846705404013647,42.493081594325645],[-87.846577402140994,42.493079594756878],[-87.845739389878531,42.493068597598189],[-87.845393384816276,42.493063598767215],[-87.844985378847142,42.493057600144716],[-87.844754375465655,42.493055600936863],[-87.844613373402737,42.493053601413521],[-87.844560372627683,42.493052601590513],[-87.844414370491521,42.493050602084686],[-87.843992364316136,42.493045603519853],[-87.842852347632146,42.49303360740975],[-87.842645344602502,42.49303160811759],[-87.840090307214155,42.49300361682392],[-87.838790288191674,42.492989621254942],[-87.834871230852755,42.492946634601608],[-87.834284222264316,42.492940636604139],[-87.833743214349823,42.492934638445405],[-87.832526196545658,42.49292164259144],[-87.831319178888705,42.492908646701871],[-87.830095160985252,42.492894650862226],[-87.828892143388416,42.492881654957465],[-87.827598124461346,42.492867659361714],[-87.826448107640431,42.492855663279315],[-87.825239089959851,42.492841667384702],[-87.821906041220629,42.492803678704831],[-87.817831981652887,42.49275769253952],[-87.81724297304234,42.492750694535864],[-87.816647964344114,42.492743696553056],[-87.81659596358476,42.492742696725735],[-87.81625395858515,42.492738697885329],[-87.815595948966873,42.492730700113405],[-87.812791907977811,42.492698709625529],[-87.809656862155734,42.492662720254529],[-87.808848850318853,42.492665723109198],[-87.806948822581276,42.492630729423944],[-87.806526816414603,42.492625730852438],[-87.806407814674728,42.492624731259134],[-87.806227812044128,42.492622731869673],[-87.805623803217799,42.492615733915535],[-87.805336799023138,42.492612734890699],[-87.805039794689193,42.492606735872286],[-87.804892792546582,42.492602736348303],[-87.803808776729539,42.492580739929274],[-87.803494772149548,42.492573740960424],[-87.803211768021086,42.492567741892643],[-87.803128766856503,42.492546741982473],[-87.802880763377871,42.492483742248048],[-87.80279876222825,42.492462742334119],[-87.802525758394395,42.492395742648057],[-87.802349755920332,42.492353742861503],[-87.801002737003245,42.492029744461668],[-87.800554730716826,42.491921744988019],[-87.800537730468221,42.49192174504725],[-87.800486729722437,42.491921745224964],[-87.800470729488438,42.491921745280713],[-87.799053708766948,42.491921750218125],[-87.797265682620136,42.491921756448249],[-87.79336462610091,42.491721768096959],[-87.784703498939592,42.491914800150276],[-87.758723117013048,42.492495896687437],[-87.750062989538918,42.492690929003224],[-87.7492749870772,42.492692928481041],[-87.625058738605063,42.492949794627876],[-87.604035696259118,42.493045772434165],[-87.500053486362674,42.493524662309667],[-87.375050848193112,42.493816527536495],[-87.25004721331905,42.493572388422116],[-87.224691313595812,42.493594376078143],[-87.165955546010096,42.493645347535811],[-87.125044707886389,42.493681327638576],[-87.019929224316854,42.493498696991672],[-87.021152147712371,42.488911248444509],[-87.040040497052587,42.416993826641821],[-87.049200651279151,42.384557631324675],[-87.05180869684304,42.375026573312184],[-87.068033987524245,42.314346197611592],[-87.084625296376046,42.250028787839021],[-87.088333393630123,42.235333720422233],[-87.09482655553596,42.210727606738843],[-87.101515722525221,42.185379488789543],[-87.102358743580808,42.182185473866767],[-87.104165787830624,42.17545544234644],[-87.10996592997914,42.153851340751672],[-87.111157959234944,42.149408319781088],[-87.125038898409713,42.149912306341683],[-87.21392852921467,42.150492208727741],[-87.250041379259471,42.150729169183379],[-87.258585355789094,42.150783165855792],[-87.375045035484931,42.151514120340224],[-87.50004869368675,42.151993069909835],[-87.522269698876912,42.152017080341807],[-87.62505272286711,42.152130128465387],[-87.64835272574787,42.152442140187659],[-87.718254734395586,42.153378174502414],[-87.721756734828062,42.153425176188129],[-87.741556741430784,42.153225184709228],[-87.748448746374365,42.152859187109357],[-87.750328749599291,42.152759187941655],[-87.754336774938565,42.152547191392813],[-87.75476877786987,42.152501191719566],[-87.758764802351294,42.152373195323712],[-87.758801803086911,42.152313195242186],[-87.758823803604926,42.152268195175502],[-87.7588708040266,42.152251195187631],[-87.760662814322643,42.152271196955212],[-87.762549825056411,42.152305198841731],[-87.762562825132349,42.152305198854272],[-87.76273582620297,42.152298199007468],[-87.762916827311713,42.15229219917034],[-87.765858843927333,42.152360202140791],[-87.766207845891344,42.152369202494981],[-87.76629184636549,42.152371202579914],[-87.766516847638556,42.152376202806693],[-87.767831855702255,42.152331203987259],[-87.768219857927875,42.152336204371259],[-87.769318864325584,42.152339205437151],[-87.770073868679788,42.15234620617904],[-87.771641877736485,42.152359207716813],[-87.771966879636068,42.152359208030283],[-87.772309881624352,42.152361208365022],[-87.772356881890815,42.152362208412306],[-87.772745884139809,42.152365208793363],[-87.773458888266305,42.152370209490833],[-87.773814890330797,42.152372209838106],[-87.774235892791637,42.152372210244181],[-87.776567906406513,42.152374212497392],[-87.777345910946053,42.152375213249748],[-87.777390911209096,42.152375213293155],[-87.777526912004063,42.152375213424328],[-87.777572912272959,42.152375213468694],[-87.777936914360311,42.152380213829538],[-87.779030920610637,42.15239821491982],[-87.779063920795537,42.152399214953597],[-87.779395922720369,42.152401215277727],[-87.779644924168039,42.152402215519842],[-87.780394928512706,42.152407216252989],[-87.780644929958299,42.152409216498015],[-87.780846931131279,42.152410216694797],[-87.781452934650332,42.152413217285144],[-87.781655935821263,42.152415217484844],[-87.781975937676279,42.152417217797385],[-87.782938943243238,42.152425218741811],[-87.783259945096376,42.152428219057271],[-87.78358594698669,42.152430219375603],[-87.784564952663729,42.152436220331552],[-87.784891954560052,42.152438220650851],[-87.785163956142668,42.152439220915142],[-87.785980960880778,42.152444221712905],[-87.786079961451875,42.152445221810332],[-87.786253962484963,42.152443221974274],[-87.786637964769369,42.152438222334908],[-87.786905966313071,42.152441222599244],[-87.788863977584313,42.152464224532551],[-87.789516981341393,42.152472225177952],[-87.789721982524881,42.152474225379564],[-87.791964995543495,42.152487227568265],[-87.79239799798448,42.152499228009255],[-87.793645004906622,42.152548229307307],[-87.793826005957996,42.152549229483824],[-87.79385000609841,42.152549229506967],[-87.793874006246412,42.152548229528172],[-87.794885012176493,42.152546230499397],[-87.796050019075054,42.152535231601647],[-87.796369020918775,42.152538231915152],[-87.797972030244694,42.152545233474861],[-87.798042030654216,42.152545233542376],[-87.798253031881245,42.152546233747827],[-87.798324032289173,42.152547233818254],[-87.798427032891809,42.152547233917602],[-87.798576033756106,42.152548234063254],[-87.798622034025243,42.15254823410762],[-87.798657034230018,42.152548234141378],[-87.798735034686359,42.152548234216603],[-87.798766034860307,42.152549234248447],[-87.798839035287401,42.152549234318855],[-87.798906035679394,42.152549234383478],[-87.799108036853823,42.152550234580254],[-87.799176037244237,42.152551234647781],[-87.799230037560179,42.152551234699864],[-87.799394038519694,42.152551234858045],[-87.799449038834084,42.152552234913031],[-87.799488039062254,42.152552234950647],[-87.799608039764337,42.152552235066388],[-87.799648039990984,42.152553235106915],[-87.799982041930363,42.152555235432942],[-87.800075042481865,42.152554235520697],[-87.801108048569915,42.152548236505361],[-87.801359050075192,42.152543236737735],[-87.801787052623226,42.152537237138887],[-87.802486056822289,42.152522237783927],[-87.803416062269932,42.152521238678972],[-87.8039240651471,42.152534239194196],[-87.803983065485014,42.152535239253041],[-87.804054065878574,42.152538239327356],[-87.804186066875971,42.152507239394446],[-87.805444074198363,42.152512240617511],[-87.806005077400684,42.152523241179964],[-87.806198078500884,42.152527241373875],[-87.806451080060071,42.152516241596544],[-87.806640081223151,42.1525082417633],[-87.806979083191749,42.152510242094145],[-87.807739087594442,42.152516242838828],[-87.808602092599912,42.152522243682846],[-87.809140095718689,42.152526244209511],[-87.809491097757814,42.152528244551938],[-87.810544103868395,42.152535245581149],[-87.810896105906536,42.152538245926479],[-87.811156107420544,42.152539246179188],[-87.811937111961583,42.152543246940219],[-87.812198113474537,42.152545247195846],[-87.812243113737821,42.152545247239246],[-87.812378114527633,42.152545247369453],[-87.812423114783897,42.15254624741479],[-87.812511115298761,42.152546247499664],[-87.812775116836306,42.152547247756239],[-87.812863117344151,42.152548247843058],[-87.812895117531369,42.152548247873916],[-87.812994118110595,42.152548247969406],[-87.813027118296674,42.152549248003169],[-87.813842123037077,42.152553248796998],[-87.814216125218337,42.152554249159664],[-87.814609127496894,42.152557249544529],[-87.81628713745944,42.152536251122228],[-87.817102142289201,42.152527251890831],[-87.81731914357924,42.15252425209431],[-87.81797114744127,42.1525172527096],[-87.818051147909244,42.152517252786758],[-87.818189148716485,42.152517252919864],[-87.818294149330711,42.152517253021138],[-87.818381149839624,42.152517253105046],[-87.818523150656631,42.152519253245892],[-87.818959153193504,42.152521253670287],[-87.819152154308924,42.152523253860316],[-87.819391155700231,42.152524254092768],[-87.820108159860752,42.152529254794011],[-87.820348161251218,42.15253125502938],[-87.820410161613921,42.152531255089173],[-87.820595162689443,42.152532255269549],[-87.82065816305122,42.152533255332251],[-87.820704163320343,42.152533255376625],[-87.82079616385181,42.152534255467295],[-87.820842164114154,42.152535255513591],[-87.820888164376527,42.152536255559902],[-87.82094416469738,42.152537255615854],[-87.821073165431827,42.152540255746082],[-87.821112165653261,42.152541255785643],[-87.821169165973259,42.152543255844499],[-87.821401167296884,42.152548256077949],[-87.821756169313346,42.152557256437788],[-87.822097171187664,42.152575256801583],[-87.822329172458012,42.152588257050532],[-87.822498173393356,42.152596257229035],[-87.822840175267658,42.152615257595713],[-87.823005176159811,42.152626257776177],[-87.823175177067967,42.152639257965326],[-87.823291177700227,42.152646258090776],[-87.82364217959487,42.152670258475816],[-87.823663179704468,42.15267225849994],[-87.823759180246512,42.15267525859835],[-87.823890180993473,42.152678258730504],[-87.824067181989832,42.152684258912842],[-87.824285183246246,42.152687259128903],[-87.82441718400581,42.152689259260093],[-87.824465184286851,42.152689259306392],[-87.824610185122538,42.152691259450116],[-87.824659185402794,42.152692259499304],[-87.824973187228039,42.152694259806026],[-87.825918192721531,42.15270026072907],[-87.826233194552785,42.152702261036758],[-87.826674197121861,42.152704261465942],[-87.827999204834569,42.152711262757421],[-87.828441207403188,42.152714263189523],[-87.82915921158812,42.152717263887816],[-87.831314224130224,42.15272926598945],[-87.831363224410751,42.152730266038652],[-87.832033228328015,42.152731266686772],[-87.832226229451862,42.152732266874843],[-87.832398230459148,42.152732267040733],[-87.833494236845809,42.152737268107451],[-87.833555237196705,42.152738268168221],[-87.833860238951161,42.152743268472051],[-87.834174240758415,42.15274826878457],[-87.834695243752847,42.152757269304473],[-87.835118246230365,42.152757269712424],[-87.835433248075347,42.152757270016231],[-87.835879250687583,42.152757270446379],[-87.836437253943288,42.152759270988412],[-87.837217258505575,42.152760271742615],[-87.837441259811328,42.152761271960586],[-87.837552260461464,42.152761272067643],[-87.837663261105376,42.152762272176624],[-87.837845262171385,42.152762272352156],[-87.837914262569313,42.152763272420636],[-87.83816526402704,42.152765272666585],[-87.83837026522778,42.152765272864293],[-87.838392265356632,42.152765272885517],[-87.838575266428506,42.152765273062002],[-87.839014269006057,42.15276427348347],[-87.840079275256386,42.152762274506735],[-87.841536283649631,42.152785275956397],[-87.841602284030131,42.152786276021985],[-87.841704284645971,42.152783276114562],[-87.84341529458996,42.152796277789861],[-87.844393300198732,42.152816278771738],[-87.845071304231126,42.152806279406306],[-87.845692307923201,42.152797279987816],[-87.845958309499451,42.15279428023856],[-87.846825314471303,42.152812281109512],[-87.847556318736238,42.152815281820317],[-87.847621319111127,42.152816281884931],[-87.84791232083974,42.152812282157853],[-87.847951321068237,42.15281228219547],[-87.848178322410007,42.152810282410528],[-87.848211322609245,42.15280928244043],[-87.848311323201017,42.152808282534941],[-87.848345323400196,42.152808282567726],[-87.848371323558453,42.152807282590878],[-87.848451324027124,42.152807282668029],[-87.848478324185308,42.15280728269407],[-87.848502324331804,42.152806282715289],[-87.848577324842026,42.152794282764432],[-87.84860232492359,42.152805282809794],[-87.848796326071906,42.152803282993034],[-87.849449329856355,42.152810283636327],[-87.851857343807438,42.152837286010843],[-87.851991344586807,42.152838286142007],[-87.852007344680558,42.152838286157433],[-87.852045344897434,42.152839286196006],[-87.852240346028466,42.15284128638794],[-87.852575347968326,42.152845286718744],[-87.852839349497984,42.15284828697915],[-87.852907349896455,42.152848287044733],[-87.853114351092159,42.152851287250158],[-87.853183351490728,42.15285228731863],[-87.853316352264343,42.152853287448828],[-87.853719354602944,42.152857287845215],[-87.853853355376728,42.152859287978302],[-87.853978356103511,42.152860288100797],[-87.854356358295774,42.152864288473069],[-87.854482359022754,42.152866288598446],[-87.855076362486699,42.152869289177104],[-87.85686037287968,42.152880290918866],[-87.857455376344348,42.152884291500413],[-87.85795637926384,42.152887291989373],[-87.85945938802287,42.152896293456266],[-87.859960390937175,42.152900293947148],[-87.860473393927478,42.152903294447682],[-87.862015402916555,42.152912295952163],[-87.862529405913094,42.152915296453656],[-87.863017408757329,42.152918296930068],[-87.864481417285134,42.152928298361253],[-87.864969420124353,42.152932298839595],[-87.86509942088108,42.152933298966907],[-87.865454422946087,42.152936299315044],[-87.866092426654191,42.152942299941905],[-87.866909431460044,42.152939300724036],[-87.867395434314631,42.152938301190822],[-87.867880437168594,42.152936301654698],[-87.86790343730344,42.152936301676881],[-87.868159438804256,42.152936301923773],[-87.869382445968881,42.152937303105162],[-87.869429446244411,42.152937303150487],[-87.869938449223227,42.152938303643303],[-87.870226450911645,42.152938303921054],[-87.871093455989325,42.152939304759116],[-87.871190456557983,42.152939304852659],[-87.871382457678408,42.152940305039749],[-87.871424457924647,42.152940305080257],[-87.871486458288132,42.152940305140049],[-87.871551458669202,42.152940305202733],[-87.871594458921294,42.152940305244208],[-87.871878460581101,42.152941305520024],[-87.872099461876743,42.152941305733158],[-87.872144462140568,42.152941305776558],[-87.872485464134584,42.152942306107342],[-87.873304468931025,42.152943306899111],[-87.87361747076605,42.152943307200971],[-87.873851472132827,42.152944307428569],[-87.874124473733346,42.152944307691861],[-87.874166473979599,42.152944307732362],[-87.874309474817963,42.152944307870278],[-87.874401475352229,42.15294530796092],[-87.874419475457771,42.152945307978278],[-87.874494475897464,42.152945308050612],[-87.874682476999681,42.152945308231921],[-87.874811477755983,42.152945308356323],[-87.874891478225024,42.15294530843348],[-87.875234480230873,42.152946308766197],[-87.875288480547468,42.152946308818272],[-87.875437481421031,42.152946308961965],[-87.87548248168487,42.152946309005365],[-87.875620482493929,42.15294630913845],[-87.87566648276362,42.152946309182816],[-87.875748483244379,42.1529463092619],[-87.875888484065186,42.15294630939691],[-87.875995484692496,42.152946309500102],[-87.876078485174048,42.152947309582082],[-87.876217485989002,42.152947309716126],[-87.876373486903617,42.152947309866576],[-87.876635488439689,42.152947310119252],[-87.876775489255436,42.152948310256193],[-87.876963490357682,42.152948310437502],[-87.87723849196496,42.152949310704635],[-87.877529493671062,42.152949310985271],[-87.877718494779174,42.152949311167546],[-87.877826495412364,42.152949311271698],[-87.878078496884825,42.152950311516655],[-87.878150497311964,42.152949311584166],[-87.878259497951007,42.152949311689291],[-87.87859549993091,42.152947312009481],[-87.878802501149508,42.152946312207185],[-87.879151503220456,42.152941312534146],[-87.879605505852425,42.152947312983528],[-87.87977950685773,42.152950313157106],[-87.879942507808465,42.15295131331623],[-87.880141508975186,42.152951313508147],[-87.880160509086593,42.152951313526465],[-87.880340510137003,42.152952313701981],[-87.88068651216561,42.152952314035666],[-87.880813512910223,42.152952314158142],[-87.881032514194217,42.152952314369351],[-87.881072514428737,42.152952314407926],[-87.88109351455185,42.152952314428177],[-87.881193515138165,42.152952314524619],[-87.881234515378537,42.15295231456416],[-87.881478516809125,42.152952314799478],[-87.882209521095007,42.15295231550445],[-87.882454522526572,42.152953315742657],[-87.88267052379787,42.152952315949044],[-87.883320527608817,42.152952316575906],[-87.883472528500022,42.152952316722491],[-87.883570529074589,42.152952316817],[-87.883672529672609,42.152952316915375],[-87.883706529871958,42.152952316948166],[-87.88441753404058,42.152952317633854],[-87.886551546552269,42.152952319691884],[-87.887263550726757,42.152952320378539],[-87.887732553462413,42.152955320836618],[-87.888523558067405,42.152962321612911],[-87.889141561672318,42.152966322216606],[-87.889611564409591,42.152970322677561],[-87.889779565390029,42.152971322841502],[-87.889822565642163,42.152971322882969],[-87.890455569326136,42.152977323504963],[-87.89066657055416,42.152979323712302],[-87.890908571968623,42.152980323947602],[-87.891296574230026,42.15298332432755],[-87.891564575787839,42.152986324591772],[-87.891636576210047,42.152986324661214],[-87.891879577616734,42.152990324903243],[-87.891934577939239,42.152990324956285],[-87.892099578893152,42.152993325121173],[-87.892154579211109,42.152994325176131],[-87.892192579433953,42.152994325212781],[-87.892306580093376,42.152996325326569],[-87.892344580311658,42.152997325365135],[-87.893322586033463,42.153000326314071],[-87.893543587324999,42.153001326529122],[-87.896256603155578,42.153019329180083],[-87.897235608866623,42.153026330137664],[-87.897264609036711,42.15302633016563],[-87.897351609542611,42.153027330251454],[-87.897380609708293,42.153028330281337],[-87.90113863162594,42.153057333961158],[-87.902137637473544,42.153060334930323],[-87.903952648078928,42.153070336699848],[-87.906554663249111,42.153093339253275],[-87.907293667564588,42.153098339975521],[-87.908350673725863,42.15310834101404],[-87.908767676156543,42.153112341423842],[-87.908812676416545,42.153113341469165],[-87.908867676739277,42.153113341522207],[-87.909023677646587,42.153115341676475],[-87.909249678936391,42.153124341911678],[-87.909511680490013,42.153120342156669],[-87.909801682155575,42.153129342453589],[-87.9099266828851,42.153130342576056],[-87.910064683690948,42.153131342711049],[-87.910204684508528,42.153132342847982],[-87.910344685330116,42.153132342982985],[-87.910484686143718,42.153134343121835],[-87.910714687517469,42.153128343332135],[-87.911041689420514,42.153132343655145],[-87.911344691186756,42.153135343953103],[-87.911359691274782,42.15313534396757],[-87.911656693001902,42.153139344261646],[-87.912295696728364,42.153145344889374],[-87.914215707922864,42.153164346777345],[-87.914313708490312,42.153166346875679],[-87.914420709114481,42.153167346980787],[-87.914855711683245,42.153163347392606],[-87.915400714912948,42.15315534790286],[-87.915945718138516,42.153148348415016],[-87.9177617289252,42.15311435010117],[-87.920033742420529,42.153070352207955],[-87.922165755063034,42.15303335419317],[-87.922627757794672,42.153027354627234],[-87.922887759196541,42.153061354943048],[-87.923065760161165,42.153083355156816],[-87.92335876192351,42.153071355416415],[-87.925564774929128,42.153053357509378],[-87.926935782989091,42.153048358821984],[-87.928051789497403,42.153059359919268],[-87.928542792384647,42.153057360388949],[-87.928956794861392,42.153043360761423],[-87.929700799283594,42.153026361446415],[-87.930864806026364,42.153051362616765],[-87.933959824103056,42.153075365647382],[-87.934118825003111,42.153085365819834],[-87.934219825572768,42.153092365930611],[-87.934400826592253,42.153105366130013],[-87.934716828524671,42.153081366388882],[-87.935561833462884,42.153087367215242],[-87.935785834773895,42.153088367433178],[-87.936403838380571,42.15309436804062],[-87.936457838697436,42.153094368092702],[-87.936681840005321,42.153096368312539],[-87.936715840204812,42.153096368345324],[-87.936818840809167,42.153096368444658],[-87.936853841011342,42.153097368480317],[-87.936906841322298,42.153097368531434],[-87.937532844979486,42.153102369144683],[-87.938259849223201,42.153109369859145],[-87.938895852889402,42.153130370512592],[-87.939551856692461,42.153145371173864],[-87.939569856798101,42.153145371191222],[-87.939920858842612,42.153150371539262],[-87.940249860788995,42.153145371846989],[-87.940408861731413,42.153142371994591],[-87.940574862711799,42.153140372150851],[-87.940885864533925,42.15314137245268],[-87.941045865466819,42.153143372610792],[-87.94115486610653,42.153143372715903],[-87.941246866643397,42.153144372806544],[-87.941481868016481,42.153146373036982],[-87.941590868653165,42.153147373144002],[-87.941621868835099,42.153147373173901],[-87.941809869935426,42.153148373357105],[-87.942023871188368,42.153149373565384],[-87.943323878791205,42.153158374836238],[-87.94375788132659,42.153162375262397],[-87.944204883941325,42.153165375699189],[-87.945038888818885,42.153171376514912],[-87.945545891791909,42.153172377005745],[-87.945993894418677,42.153173377439678],[-87.946023894597673,42.153172377466703],[-87.946113895125961,42.153172377553496],[-87.946144895307924,42.153172377583395],[-87.94629989622355,42.153170377729047],[-87.946384896725377,42.153169377809114],[-87.946524897547135,42.153169377944124],[-87.946791899117216,42.153168378199688],[-87.947107900969158,42.153169378506334],[-87.94734890237801,42.153171378742556],[-87.947490903211516,42.153171378879492],[-87.947919905721065,42.153174379298925],[-87.948062906557595,42.153175379438736],[-87.948178907238514,42.153175379550603],[-87.948529909290315,42.153178379894811],[-87.948646909974272,42.15317938000954],[-87.948840911107425,42.153181380200451],[-87.948881911345254,42.153182380241894],[-87.949424914501819,42.153193380786519],[-87.949450914651649,42.153194380813503],[-87.949619915615742,42.153204380995547],[-87.949784916556439,42.153214381173747],[-87.950225919048165,42.153249381665781],[-87.950612921195969,42.153294382124813],[-87.951006923355592,42.153350382611556],[-87.951351925220379,42.153409383056776],[-87.951607926585112,42.153460383400898],[-87.952276930507026,42.153464384053628],[-87.952623932538827,42.153467384393949],[-87.95337193692275,42.153472385124765],[-87.954141941438891,42.153476385874889],[-87.955081946952077,42.153481386790837],[-87.955306948269651,42.153483387011612],[-87.955334948434285,42.153483387038612],[-87.955544949666333,42.153484387243026],[-87.955714950660592,42.153486387410766],[-87.956893957566621,42.153496388566701],[-87.957167959172523,42.15349838883472],[-87.958732968339064,42.15351239037048],[-87.958756968480188,42.153512390393622],[-87.958841968977481,42.153513390477492],[-87.958937969539463,42.153514390571964],[-87.959006969942706,42.153515390640408],[-87.959113970569391,42.153516390745487],[-87.959134970692858,42.153516390765738],[-87.95915597081634,42.153516390785988],[-87.960427978264022,42.153529392037314],[-87.960541978929484,42.153531392151045],[-87.960710979920862,42.15353239231591],[-87.961046981887023,42.153536392647517],[-87.961969987293344,42.153545393554673],[-87.962090988000128,42.153547393675154],[-87.962217988744612,42.153548393799518],[-87.962268989044574,42.153548393848702],[-87.962790992100238,42.153554394363461],[-87.962823992294332,42.153554394395286],[-87.963425995820714,42.153560394987203],[-87.963817998116866,42.153564395372804],[-87.965350007090692,42.153580396880514],[-87.965467007776581,42.153581396995229],[-87.965487007894239,42.153581397014513],[-87.965588008488353,42.153581397111907],[-87.965832009921328,42.153582397349084],[-87.966586014354348,42.153583398078034],[-87.968947028231625,42.153588400364143],[-87.969351030608152,42.153588400753698],[-87.970381036662843,42.153590401750684],[-87.971937045839468,42.153579403230125],[-87.972158047139445,42.153579403443231],[-87.973697056181933,42.153584404936723],[-87.974170058960212,42.153586405396624],[-87.975222065140528,42.153590406418616],[-87.975465066567978,42.153591406654833],[-87.975581067248356,42.153592406768581],[-87.975688067877797,42.153592406871752],[-87.97643707227401,42.153597407603485],[-87.978661085332575,42.153610409772675],[-87.978757085897342,42.153610409865244],[-87.979383089576473,42.153612410472661],[-87.979953092926195,42.153614411026091],[-87.980235094575974,42.153619411307503],[-87.980586096637381,42.153621411649759],[-87.98111409974571,42.153620412156975],[-87.981567102410963,42.153620412593781],[-87.98225110643348,42.153621413255216],[-87.983032111023221,42.15362441401399],[-87.984305118513092,42.153624415241467],[-87.98499012254166,42.153625415903882],[-87.985163123559545,42.153625416070689],[-87.98530312438497,42.153624416203783],[-87.985421125077536,42.153625416319464],[-87.985774127154457,42.153625416659843],[-87.985892127848743,42.153625416773622],[-87.986371130665347,42.15362641723739],[-87.987810139127106,42.153629418630629],[-87.988290141949705,42.153630419095357],[-87.989184147209869,42.153630419957388],[-87.99186816299904,42.153632422549208],[-87.992763168263636,42.153633423414092],[-87.993072170083238,42.153632423710143],[-87.993523172732495,42.153635424150707],[-87.993715173859329,42.153637424339642],[-87.995806186162866,42.153637426355857],[-87.996541190487633,42.153637427064574],[-87.996567190640619,42.153637427089642],[-87.997171194194578,42.153637427672045],[-87.998654202918033,42.153639429105809],[-87.998983204853886,42.153639429423038],[-87.999588208413783,42.153639430006407],[-88.000562212695243,42.153640430715534],[-88.003487222417448,42.15364343234306],[-88.004462225658216,42.153644432885578],[-88.004963227322861,42.153645433165288],[-88.006469232323084,42.153651434011792],[-88.00697123398983,42.153653434293979],[-88.007452235587991,42.153654434562604],[-88.008896240382143,42.153660435374803],[-88.009378241982432,42.15366243564592],[-88.009456242241797,42.153662435689171],[-88.01098624733298,42.153659436531825],[-88.011263248254053,42.153659436685423],[-88.014741259787471,42.153685438664219],[-88.016978267217596,42.153692439918352],[-88.017176267874817,42.153693440030096],[-88.017403268628442,42.153694440157921],[-88.018023270687706,42.153696440505655],[-88.019226274683206,42.153700441180604],[-88.019493275569872,42.153701441330632],[-88.019923277008132,42.153694441555508],[-88.020524279016172,42.153686441873269],[-88.02119928124165,42.15370244227875],[-88.02201428393272,42.153718442761928],[-88.022129284321053,42.153713442815977],[-88.02271228625024,42.153721443154929],[-88.022918286932864,42.153723443273087],[-88.023539288988445,42.153731443633141],[-88.023746289673255,42.15373444375382],[-88.023827289941408,42.153735443800706],[-88.02398029044781,42.153737443889476],[-88.024068290752297,42.153727443918768],[-88.024152291016236,42.153740443990742],[-88.024314291552585,42.153742444084514],[-88.024765293045263,42.153748444346419],[-88.024801293166149,42.153747444364441],[-88.024964293708194,42.153747444454858],[-88.025146294315789,42.153745444551909],[-88.025694296141666,42.153742444850018],[-88.025877296750224,42.153742444951526],[-88.026378298419772,42.153739445223557],[-88.027884303434888,42.15373344604717],[-88.028386305106579,42.153731446321707],[-88.028433305262865,42.15373144634777],[-88.028574305731752,42.153731446425979],[-88.028621305888052,42.153731446452049],[-88.028658306011081,42.153731446472577],[-88.028772306390167,42.153731446535815],[-88.028810306516533,42.15373144655689],[-88.029021307218201,42.153731446673923],[-88.029495308793273,42.153732446938818],[-88.029656309328658,42.153732447028119],[-88.029868310032469,42.15373344714768],[-88.030308311494466,42.15373444739371],[-88.031629315883833,42.153737448132368],[-88.032070317348015,42.153739448380932],[-88.032366318332336,42.153739448545132],[-88.033256321288476,42.153742449044742],[-88.033352321606557,42.153743449099977],[-88.033536322217287,42.153744449204019],[-88.033553322273818,42.153744449213448],[-88.033596322417964,42.153743449235328],[-88.03364232256979,42.153744449262824],[-88.033910323459835,42.153745449413456],[-88.034000323757965,42.153746449465359],[-88.034055323940862,42.153746449495877],[-88.034220324488416,42.153747449589375],[-88.034276324673485,42.15374844962242],[-88.034337324876333,42.153748449656256],[-88.034823326491349,42.15374944992783],[-88.035614329119468,42.153751450370578],[-88.036033330510534,42.153753450606978],[-88.036067330623595,42.153753450625835],[-88.036443331861335,42.153764450856222],[-88.036466331936666,42.153765450870964],[-88.036534332160514,42.153767450912653],[-88.037014333755621,42.15376845118093],[-88.037265334590302,42.153768451320175],[-88.03802133710326,42.153769451741574],[-88.038124337444614,42.153770451800703],[-88.0382733379424,42.153768451879387],[-88.038331338137581,42.153766451907593],[-88.038508338728477,42.153764452001809],[-88.038567338925816,42.153763452032557],[-88.038586338990143,42.153762452041107],[-88.038645339187482,42.153761452071855],[-88.038665339253981,42.153761452082946],[-88.039387341670917,42.153747452455626],[-88.039430341813912,42.153747452479479],[-88.040029343792199,42.153759452835651],[-88.041520348732377,42.153775453694706],[-88.041725349416367,42.15377345380444],[-88.042070350565922,42.153771453991844],[-88.042491351961445,42.153775454233397],[-88.042917353374747,42.153778454475734],[-88.043037353771552,42.153780454546308],[-88.043791356277865,42.153781454966627],[-88.044196357628095,42.153778455185318],[-88.044305357990552,42.153778455245792],[-88.044623359044721,42.153781455428224],[-88.045059360493525,42.153782455672122],[-88.046368364841086,42.153787456408395],[-88.046805366292091,42.15378945665487],[-88.047331368039124,42.153791456950728],[-88.047665369147623,42.153793457140054],[-88.048323371332515,42.153796457511163],[-88.048861373118356,42.153799457815701],[-88.048912373287948,42.153799457844002],[-88.049439375038304,42.153801458140435],[-88.049478375169116,42.153800458160063],[-88.049598375568181,42.153800458226648],[-88.049638375701221,42.153800458248838],[-88.049717375963951,42.153800458292672],[-88.049784376186764,42.153800458329847],[-88.05014437738285,42.153801458531603],[-88.050181377504799,42.153802458554154],[-88.050225377651131,42.153802458578568],[-88.050372378138889,42.153803458662146],[-88.050833379669783,42.153805458921966],[-88.051765382761531,42.153812459453228],[-88.052217384266925,42.153810459699997],[-88.052664385753459,42.153810459948019],[-88.052679385803359,42.15381045995634],[-88.052813386247877,42.153811460032721],[-88.053215387580394,42.153815460263871],[-88.053350388027155,42.153817460342829],[-88.053378388120279,42.153817460358368],[-88.053488388486116,42.153817460419404],[-88.053904389867398,42.15381946065429],[-88.054043390328545,42.153820460733435],[-88.054379391444883,42.153821460921904],[-88.055390394800582,42.153827461495069],[-88.055727395919135,42.153829461686144],[-88.055884396441257,42.153829461773263],[-88.056355398006573,42.153830462036659],[-88.05651239852763,42.153831462125815],[-88.057487401765812,42.153835462674998],[-88.058104403815619,42.153837463021461],[-88.059821409517227,42.153845463990592],[-88.060415411494859,42.153843464316161],[-88.060779412705429,42.153843464518161],[-88.060907413130053,42.153844464591238],[-88.061295414417202,42.153847464812685],[-88.061391414736462,42.153847464865969],[-88.06146041496595,42.153847464904253],[-88.06167741568656,42.153848465026719],[-88.062536418539082,42.153852465511612],[-88.062823419491437,42.153854465674989],[-88.063318421134483,42.153857465955838],[-88.063937423188875,42.153861466307568],[-88.064806426080025,42.153860466787805],[-88.065303427732943,42.153860467063637],[-88.06562142878947,42.15386146724218],[-88.06657843196696,42.15386646778358],[-88.066897433025758,42.153868467964735],[-88.067384434645419,42.153868468235025],[-88.068452438196317,42.153869468829839],[-88.068845439500208,42.153872469054136],[-88.069333441117962,42.153877469335299],[-88.072654452153671,42.15388647119719],[-88.073512455005172,42.153888471677568],[-88.074071456856046,42.153896472004419],[-88.074255457469036,42.153895472104487],[-88.074683458896644,42.153891472333761],[-88.075264460824854,42.153895472664558],[-88.076689465561145,42.15389847346178],[-88.076917466317397,42.153900473592486],[-88.077365467801243,42.153906473853645],[-88.077455468100567,42.153906473903604],[-88.078571471805134,42.153913474537681],[-88.079876476144449,42.153914475264195],[-88.080055476739815,42.153914475363564],[-88.080593478526097,42.153917475668486],[-88.080609478578296,42.153918475679468],[-88.08077347912274,42.153919475772589],[-88.080874479458672,42.153919475828665],[-88.081179480470027,42.15392247600424],[-88.081281480808258,42.153923476062964],[-88.081309480901382,42.153923476078504],[-88.081397481194074,42.15392347612736],[-88.081426481290521,42.153923476143461],[-88.081627481958037,42.153924476257131],[-88.082231483963881,42.15392747659871],[-88.082433484633711,42.153929476715042],[-88.082464484736832,42.153929476732245],[-88.082561485059443,42.153929476786104],[-88.082593485164864,42.153930476805961],[-88.08270548553736,42.153930476868133],[-88.083041486652874,42.153932477058859],[-88.08315348702439,42.153933477123125],[-88.08344848800354,42.153935477291085],[-88.084336490951003,42.153941477796664],[-88.08463249193349,42.153943477965193],[-88.08493149292697,42.15394447813329],[-88.085830495914081,42.153947478638713],[-88.086130496910869,42.153948478807365],[-88.086397497799922,42.153947478953512],[-88.086584498418901,42.153950479063639],[-88.087055499974511,42.153961479348283],[-88.087726502204305,42.153963479725057],[-88.087949502945023,42.153964479850977],[-88.088405504459743,42.15396648010838],[-88.088632505213766,42.153967480236531],[-88.089190507064799,42.153972480556902],[-88.08920550711467,42.15397248056523],[-88.089314507476246,42.153973480627855],[-88.089542508231617,42.153976480760782],[-88.089615508474424,42.153976480801319],[-88.089835509205187,42.15397748092559],[-88.089909509450337,42.153978480968789],[-88.089941509556766,42.153978480986559],[-88.090310510782146,42.153980481195674],[-88.091513514775599,42.153988481880589],[-88.091914516106442,42.15399148210961],[-88.09197451630601,42.153991482142928],[-88.092155516907056,42.153992482245549],[-88.09221651710898,42.153993482281535],[-88.09267951864507,42.153997482547119],[-88.093241520509508,42.154002482869807],[-88.094071523265384,42.154007483341324],[-88.094536524808163,42.154011483608045],[-88.094884525964716,42.154012483803434],[-88.095927529429119,42.154017484393286],[-88.096020529737501,42.154018484447057],[-88.096276530588028,42.154019484591366],[-88.09661453170942,42.154022484785457],[-88.096986532943887,42.154025484998435],[-88.097630535080199,42.154031485368876],[-88.097969536204928,42.154034485563542],[-88.098025536391205,42.15403448559465],[-88.098193536949054,42.154035485690081],[-88.098249537134365,42.154036485723324],[-88.098338537430408,42.154036485772757],[-88.098607538322312,42.15403948592855],[-88.098633538408777,42.154039485942988],[-88.098675538547525,42.154040485968451],[-88.098697538620712,42.154040485980673],[-88.099074539870884,42.1540444861986],[-88.099122540030535,42.15404448622526],[-88.099340540755676,42.154044486346343],[-88.100628545034255,42.154050487074556],[-88.101272547168776,42.154058487449348],[-88.101623548331574,42.154063487655009],[-88.101916549307177,42.154062487815629],[-88.102337550708512,42.154061488047354],[-88.102552551421795,42.154063488171047],[-88.102909552604558,42.154068488380062],[-88.103989556194222,42.154071488986425],[-88.104463557766223,42.154076489260447],[-88.105100559878537,42.154083489629329],[-88.105559561404434,42.154084489886472],[-88.106255563715877,42.154088490281708],[-88.106937565979848,42.154093490671343],[-88.107397567506268,42.154097490935499],[-88.107504567861284,42.154098490997107],[-88.107825568926273,42.154101491181898],[-88.107932569281274,42.154102491243492],[-88.108401570841409,42.154102491504055],[-88.108464571050973,42.154102491539057],[-88.109810575518225,42.154113492310586],[-88.110280577077987,42.154117492580347],[-88.110604578149307,42.15412449277548],[-88.111560581323957,42.154130493319627],[-88.111881582389032,42.154133493504474],[-88.111954582632791,42.154132493542889],[-88.112174583364634,42.154132493665131],[-88.112248583610807,42.154132493706243],[-88.112497584440959,42.154130493840263],[-88.112725585199428,42.154130493966946],[-88.113244586923173,42.154133494261814],[-88.113344587254915,42.15413449431955],[-88.113494587752982,42.154135494405068],[-88.113765588652669,42.15413749455999],[-88.11458159136167,42.154143495026418],[-88.11485359226468,42.154145495181893],[-88.115535594530712,42.15414849556737],[-88.116885599014424,42.154156496334934],[-88.11758260132676,42.154163496737496],[-88.117690601684231,42.154165496801859],[-88.118265603594367,42.154168497127941],[-88.118670604943489,42.154166497348648],[-88.119359607236476,42.154165497729359],[-88.119885608986309,42.154165498021662],[-88.12007660962081,42.154166498129996],[-88.120290610328226,42.154171498259835],[-88.12039061066001,42.154172498317592],[-88.12069261166198,42.154175498491973],[-88.120793611996177,42.154177498552478],[-88.120942612490069,42.15417949863965],[-88.121073612924093,42.154181498716817],[-88.121357613858152,42.154193498900874],[-88.121391613972165,42.154192498917595],[-88.121541614471184,42.154192499000956],[-88.121639614798099,42.15419149905324],[-88.121933615777053,42.154190499214451],[-88.122032616106395,42.154190499269475],[-88.122195616649549,42.154189499357877],[-88.122278616925684,42.154189499404012],[-88.122554617852757,42.154179499535523],[-88.122688618303883,42.154173499596858],[-88.12284861883704,42.15417249968359],[-88.123028619436724,42.154171499781434],[-88.123056619528995,42.154172499799181],[-88.123232620107402,42.154180499914517],[-88.123645621484002,42.154177500137472],[-88.123682621607088,42.154177500158042],[-88.123891622297947,42.154182500285145],[-88.124136623112989,42.154182500421307],[-88.124871625557262,42.154183500831984],[-88.125116626371423,42.154184500970338],[-88.125355627165646,42.15418550110536],[-88.126072629546499,42.154190501514826],[-88.126142629778499,42.154191501555928],[-88.126311630344262,42.154187501641069],[-88.126446630795115,42.154185501711709],[-88.126825632060346,42.154180501911348],[-88.126851632146838,42.154180501925801],[-88.126987632594876,42.154185502012375],[-88.12717563321506,42.154191502130054],[-88.127236633418846,42.154190502161754],[-88.127669634859345,42.154190502402408],[-88.127985635910591,42.154190502578032],[-88.128235636742289,42.154190502716979],[-88.128248636785543,42.154190502724205],[-88.128287636915289,42.154190502745877],[-88.128301636961865,42.154190502753657],[-88.128350637124882,42.154190502780892],[-88.128720638354892,42.154191502988738],[-88.129980642543131,42.154195503697842],[-88.130400643938643,42.154197503935691],[-88.130577644527506,42.154197504034066],[-88.131108646293157,42.154198504331404],[-88.131286646884462,42.154199504432547],[-88.131502647603043,42.154199504552601],[-88.132150649757932,42.154200504914968],[-88.132367650478997,42.154201505037783],[-88.133229653345836,42.154202505519109],[-88.133655654762165,42.154203505758097],[-88.133984655855855,42.154204505943177],[-88.134690658198593,42.154211506351103],[-88.134761658433931,42.154212506392774],[-88.134787658519599,42.154213506409448],[-88.135244660045913,42.154206506647938],[-88.136085662838639,42.154212507128697],[-88.136433663992136,42.154217507333236],[-88.136611664584336,42.154217507432179],[-88.138189669831547,42.15422050831598],[-88.13871667158395,42.154221508611137],[-88.139061672731714,42.154221508802905],[-88.140097676176666,42.154223509383236],[-88.140443677326914,42.154224509577794],[-88.140538677642951,42.154224509630595],[-88.140826678601115,42.154224509790687],[-88.140922678920489,42.154224509844049],[-88.141260680045804,42.154223510029702],[-88.141592681147827,42.154226510220951],[-88.143090686130634,42.154227511055872],[-88.143157686353533,42.154227511093119],[-88.143339686959024,42.154227511194286],[-88.143390687128687,42.154227511222636],[-88.143450687328297,42.154227511255989],[-88.143612687868085,42.154226511343794],[-88.14388268876634,42.154226511493874],[-88.144148689651288,42.154226511641738],[-88.144946692306107,42.154226512085316],[-88.145213693194407,42.154226512233734],[-88.145681694752199,42.154225512491642],[-88.146294696791557,42.15422551283239],[-88.146319696874727,42.154225512846281],[-88.146532697586636,42.154221512955687],[-88.14708769943303,42.15422151326419],[-88.147374700387829,42.154221513423721],[-88.14755670099332,42.154221513524888],[-88.147809701834205,42.154222513667776],[-88.148157702987064,42.154228513874706],[-88.148237703251596,42.154230513923679],[-88.14855370430125,42.154232514103832],[-88.148911705496346,42.154227514291584],[-88.149485707406768,42.154226514608396],[-88.14996070899106,42.154221514861163],[-88.15053971092054,42.154217515173983],[-88.15056271099705,42.154217515186772],[-88.150741711594989,42.154214515279499],[-88.151039712589593,42.154210515436112],[-88.151699714782083,42.154214515811994],[-88.151971715686187,42.15421551596544],[-88.152097716103754,42.154217516039992],[-88.152570717676554,42.154218516305157],[-88.152707718132334,42.154218516381313],[-88.153144719582968,42.154222516633276],[-88.153370720330045,42.154228516772463],[-88.154413723795216,42.154234517365822],[-88.154458723944913,42.154234517390833],[-88.154596724404044,42.15423451746755],[-88.154642724556268,42.15423551749538],[-88.154791725051965,42.154235517578208],[-88.155239726540046,42.154238517834038],[-88.155354726921857,42.154239517900237],[-88.155389727038298,42.154239517919699],[-88.155435727191332,42.154239517945271],[-88.155573727649639,42.154240518024245],[-88.155620727805228,42.154241518052643],[-88.156093729384395,42.15423451829971],[-88.156926732158851,42.154230518753678],[-88.156965732288583,42.154230518775364],[-88.160847745203526,42.154230520933268],[-88.16215474955176,42.154230521659805],[-88.1626177510921,42.154230521917171],[-88.164006755713132,42.154230522689282],[-88.164470757256041,42.154231522949495],[-88.164749758184243,42.154231523104585],[-88.165587760972173,42.154231523570409],[-88.165867761903684,42.154231523726054],[-88.166585764293146,42.154230524122887],[-88.168740771463334,42.154229525318499],[-88.169459773855351,42.154229525718165],[-88.169997775646706,42.154227526012633],[-88.17020577633869,42.154227526128253],[-88.171614781024758,42.154229526916076],[-88.172154782820527,42.154230527218559],[-88.172364783519939,42.15422952733298],[-88.172995785619179,42.154229527683739],[-88.173206786321146,42.154229527801029],[-88.17360578764783,42.154230528025138],[-88.173766788182732,42.154231528116938],[-88.174805791638619,42.154232528696809],[-88.175205792968654,42.15423352892148],[-88.175502793956738,42.154233529086575],[-88.176396796930973,42.154233529583529],[-88.176694797921655,42.154234529751498],[-88.176932798711988,42.154236529888436],[-88.177149799435398,42.15423453000443],[-88.177678801197487,42.154231530291533],[-88.17793080203586,42.154231530431616],[-88.178517803988015,42.15423253076024],[-88.178951805431169,42.154233531003811],[-88.178974805507693,42.154233531016601],[-88.179265806475811,42.154233531178363],[-88.180142809391327,42.154236531672851],[-88.180434810362073,42.154237531837488],[-88.180990812211832,42.154237532146567],[-88.182658817760384,42.154238533076125],[-88.183215819612755,42.154239533388093],[-88.18369882121965,42.154239533656593],[-88.183833821668784,42.154239533731641],[-88.185690827844738,42.154242534770958],[-88.186309829902711,42.154244535119744],[-88.187478833791189,42.154245535771942],[-88.188963838729606,42.154248536604513],[-88.190158842703212,42.154251537275883],[-88.192623850904127,42.154251538646236],[-88.196925865213956,42.154255541047291],[-88.199580874044386,42.154259542532792],[-88.199500871278417,42.158047551472336],[-88.199494871068325,42.158335552151989],[-88.199450869143803,42.161028558513785],[-88.19944686898981,42.161241559016645],[-88.199447868935067,42.161329559225912],[-88.199446868127723,42.162547562113922],[-88.199553866931296,42.164904567765923],[-88.199567866771829,42.165217568516461],[-88.199755865092428,42.168723576943222],[-88.199755865083191,42.16873757697644],[-88.199755865015305,42.168840577220791],[-88.199759863561511,42.17106658250394],[-88.199722862036268,42.173190587520509],[-88.19965285992717,42.176029594212736],[-88.199564857318279,42.179531602465488],[-88.199575855868062,42.181786607820868],[-88.199547854804692,42.183253611282915],[-88.199514852065022,42.187234620704174],[-88.199513851992307,42.187339620952571],[-88.199513851972512,42.187369621023727],[-88.199513851953384,42.187398621092505],[-88.199511851838963,42.187561621477833],[-88.199512851831841,42.187577621516411],[-88.19951185180598,42.187611621596417],[-88.199508851647209,42.187836622128145],[-88.199507851518405,42.188026622578136],[-88.199506851390922,42.188214623023384],[-88.199487849836217,42.190471628364151],[-88.19948684971267,42.190653628795147],[-88.199482849357068,42.191171630021095],[-88.19948184930611,42.191243630191209],[-88.19947984918042,42.191423630616818],[-88.199475848867039,42.191877631690978],[-88.199475848839313,42.19191963179059],[-88.199471848470466,42.192457633063945],[-88.199469848367215,42.192603633408915],[-88.199468848332756,42.192650633519726],[-88.19946984829528,42.192712633667412],[-88.19946884825751,42.192764633790091],[-88.199468848213286,42.192831633948991],[-88.199463847819857,42.193401635297569],[-88.199462847716077,42.193553635657402],[-88.199457847285672,42.194179637138781],[-88.199452846876355,42.194773638544255],[-88.199447846464381,42.195371639959184],[-88.199431845152276,42.197275644464142],[-88.199427844843399,42.19772264552158],[-88.199427844834801,42.197735645552406],[-88.19942684474222,42.197870645871902],[-88.199423844498156,42.198224646709441],[-88.199411843466351,42.199724650258752],[-88.199393841988453,42.201868655331175],[-88.199392841896511,42.202002655648279],[-88.199387841595922,42.202431656662277],[-88.199387841565539,42.202477656771364],[-88.199374841198164,42.202965657919897],[-88.199353840602257,42.203757659783882],[-88.199346839673851,42.205126663025517],[-88.199345839625465,42.205194663186099],[-88.19934283905765,42.206038665185474],[-88.199353838849646,42.206411666077457],[-88.199352838772171,42.20652366634237],[-88.199348838423433,42.207030667541915],[-88.199343838033556,42.207594668875934],[-88.199340837793258,42.207942669699115],[-88.199337837539119,42.208311670572073],[-88.199332837151161,42.208872671898945],[-88.199316835884673,42.210705676234504],[-88.199307835181457,42.211722678639845],[-88.199303834925715,42.212088679504937],[-88.199288833957013,42.213475682783383],[-88.199275833233031,42.21450268520951],[-88.199260832396234,42.215689688013548],[-88.199254832072583,42.216147689095301],[-88.199253832038039,42.216194689206034],[-88.199236831712057,42.216597690149612],[-88.199232831627953,42.216703690398134],[-88.199195830105538,42.218810695367701],[-88.199171829383957,42.219774697636225],[-88.19916282925972,42.219914697961741],[-88.19911682775961,42.221938702727435],[-88.199100827232428,42.222650704403932],[-88.199069826004163,42.224342708392811],[-88.199026824606761,42.226225712825503],[-88.199020822758825,42.228987719368632],[-88.199015820993083,42.231630725630318],[-88.199009819244139,42.234242731817709],[-88.199039818334043,42.235780735486109],[-88.199038818156552,42.236043736108819],[-88.198849817174406,42.23650773706661],[-88.198827816999156,42.23665373739609],[-88.198776816592442,42.236992738161128],[-88.198773816568504,42.237012738206261],[-88.19875081638628,42.237163738546798],[-88.198710815065738,42.238941742730191],[-88.198706814711002,42.239455743945236],[-88.19867081435352,42.239800744735454],[-88.198490812541806,42.241560748768592],[-88.198241811649709,42.241558748573546],[-88.19824581163553,42.241601748678455],[-88.198245811593722,42.241664748827681],[-88.198269809233111,42.245351757579677],[-88.198270809145129,42.245489757907336],[-88.198272808973826,42.245758758546089],[-88.198277808506063,42.246490760283912],[-88.198290807399658,42.24822876441101],[-88.198295807016265,42.248833765848048],[-88.19830980665013,42.249461767346638],[-88.19829980697196,42.250195769341481],[-88.198303812078549,42.251591774531356],[-88.198304813398963,42.251952775873391],[-88.198306815288419,42.25246877779206],[-88.198306818480134,42.253343781043036],[-88.198316826840596,42.255625789528807],[-88.198315827365874,42.255770790066805],[-88.198316828697287,42.256134791419889],[-88.198327836390604,42.258232799222171],[-88.198328837090983,42.258423799932466],[-88.198331839090088,42.258968801959277],[-88.198346840031661,42.259211802872265],[-88.198352840367434,42.259297803195835],[-88.19837384171052,42.259644804499096],[-88.19839584306105,42.25999280580659],[-88.19839484650862,42.260938809319761],[-88.198354850078431,42.26195781307873],[-88.198348850694657,42.262132813724939],[-88.198354854470608,42.263161817551428],[-88.198465863937756,42.265643826839309],[-88.198481865318172,42.266005828193322],[-88.198448868420726,42.266889831456368],[-88.198438870404743,42.267443833507933],[-88.19843887284928,42.268113835996253],[-88.1984328753407,42.268802838551707],[-88.198431875818557,42.268934839041378],[-88.198430875993594,42.268983839222798],[-88.198428876507833,42.269126839752765],[-88.198425878153017,42.269580841437239],[-88.198425878744075,42.269742842038916],[-88.198425878813396,42.269761842109482],[-88.198425878948385,42.269798842246907],[-88.198425879134462,42.269849842436322],[-88.198425879929829,42.27006784324599],[-88.198426881119332,42.270392844453617],[-88.198427885384504,42.271560848792184],[-88.19845888814271,42.272284851497716],[-88.198466889336771,42.272603852686629],[-88.198477890921652,42.273026854263279],[-88.198487892353228,42.273408855687052],[-88.198496893532919,42.273722856857702],[-88.198497894419759,42.27396485775683],[-88.198484894651628,42.274041858036064],[-88.198478894771284,42.274080858177804],[-88.198481896070675,42.274433859490188],[-88.198485897443163,42.274805860873613],[-88.198470905406452,42.277003869028434],[-88.198464907259122,42.277517870934346],[-88.198466907766601,42.277654871444071],[-88.198469908299771,42.277797871976531],[-88.198478910023397,42.27826087370012],[-88.198487913429219,42.279184877135485],[-88.198488913885484,42.279308877596399],[-88.198490915144674,42.279651878870979],[-88.198506920803311,42.281185884574199],[-88.198510922708806,42.281703886499329],[-88.198514924264046,42.282125888067959],[-88.198517924994391,42.282322888800692],[-88.198517925038189,42.282334888845263],[-88.198543926422374,42.282686890163113],[-88.198536931953299,42.284209895814818],[-88.198546933363872,42.284585897214797],[-88.198558934986579,42.285017898823391],[-88.198554947827816,42.288540911901386],[-88.198555948167424,42.288632912243294],[-88.198585958352808,42.29139192249599],[-88.198596961607294,42.292271925766194],[-88.198616963926256,42.292885928051533],[-88.198709973926341,42.295525937876469],[-88.198730977885575,42.296587941822928],[-88.198749983622392,42.298138947582778],[-88.198767988808058,42.299539952785217],[-88.19878599418027,42.30099195817629],[-88.198787994783274,42.301154958781446],[-88.198787994878202,42.301180958877914],[-88.198788995236313,42.301277959237993],[-88.198806000196029,42.302617964212686],[-88.198814002360038,42.303201966380705],[-88.198816002842619,42.30333196686334],[-88.198817003237266,42.303438967260462],[-88.198820004318989,42.30373196834794],[-88.198821004644259,42.303819968674581],[-88.19885201392151,42.306326977979367],[-88.198855016752361,42.307098980843364],[-88.198805041529113,42.313940006215027],[-88.198804042361147,42.314169007064507],[-88.199021056282632,42.317740020317629],[-88.19902005658173,42.317823020625319],[-88.198826067511916,42.32103303252849],[-88.198826070666527,42.321897035733564],[-88.19882707198505,42.322257037068994],[-88.198828072682886,42.322447037773777],[-88.198823075031953,42.323096040181461],[-88.198819079217998,42.324247044451418],[-88.198819081342947,42.324829046610439],[-88.198816081754103,42.324945047040934],[-88.198813082168925,42.325062047475136],[-88.198780086370149,42.326250051884628],[-88.198769087606138,42.326601053187694],[-88.198768088094866,42.326736053688649],[-88.198761090292876,42.327346055952482],[-88.198755092557036,42.327973058279383],[-88.198754092823066,42.328047058554041],[-88.198753093297157,42.328178059040198],[-88.198751094106612,42.328402059871514],[-88.198750094186437,42.328425059956949],[-88.198747094853033,42.32861106064739],[-88.198747095287459,42.328730061088926],[-88.198645094868155,42.328731061102708],[-88.198645095039709,42.328778061277163],[-88.198644095338494,42.328861061585329],[-88.198642097155172,42.32936106344134],[-88.198642097410669,42.329431063701165],[-88.198613097447222,42.329474063863863],[-88.198611102647092,42.330901069161094],[-88.198611103913535,42.331248070449156],[-88.19861110417267,42.331319070712709],[-88.198611104234701,42.331336070775812],[-88.198609105668012,42.331731072242313],[-88.198609106062179,42.331839072643206],[-88.198608106466764,42.331951073059088],[-88.198615106758737,42.332023073325402],[-88.198602119357929,42.335490086196998],[-88.198602119945519,42.335651086794641],[-88.198602120182741,42.335716087035934],[-88.198602120496616,42.335802087355169],[-88.198601121901177,42.336188088788219],[-88.198599122907382,42.336466089820561],[-88.198595124916139,42.337021091881553],[-88.198591126716806,42.337519093731004],[-88.198590127409688,42.33771009444024],[-88.198602128018564,42.337863095005794],[-88.198607130357175,42.338498097361935],[-88.198606132871234,42.339188099923454],[-88.198606133429649,42.339341100491389],[-88.198604135665761,42.339956102774757],[-88.198485139852053,42.341241107573211],[-88.198485145358205,42.342750113176749],[-88.198485146828702,42.343153114673242],[-88.198485152075776,42.344591120013128],[-88.198487152682702,42.344755120621571],[-88.198495167250456,42.348738135409384],[-88.198495168731924,42.349144136916991],[-88.198498173988341,42.350581142251954],[-88.198444199727106,42.357699168705814],[-88.198451199976432,42.357759168925682],[-88.198451200717102,42.357962169679574],[-88.198493226562462,42.364995195777411],[-88.198520230946855,42.366164200104272],[-88.198555239348394,42.368424208476647],[-88.198519242057614,42.369210211414668],[-88.198521244084432,42.369763213466847],[-88.198521244868985,42.369978214265153],[-88.198521245398112,42.370123214803534],[-88.1985212456499,42.370192215059731],[-88.19852625324765,42.37226822276498],[-88.198527253398069,42.372308222912913],[-88.198528253818509,42.372422223335597],[-88.198530254396658,42.372578223913635],[-88.198533255643426,42.372916225166804],[-88.198533255679934,42.37292622520394],[-88.198538257501227,42.373419227031384],[-88.198542258832731,42.373779228365571],[-88.198550261543303,42.374512231082143],[-88.198551261671838,42.374546231207759],[-88.198551261938235,42.374619231478782],[-88.198554262849342,42.374865232390249],[-88.198558264359761,42.375274233906225],[-88.198560264861356,42.375409234406185],[-88.198560265062056,42.375464234610376],[-88.198561265289158,42.375525234836225],[-88.198566266891675,42.37595823644061],[-88.198567267056717,42.376002236603334],[-88.198593277015817,42.378699246598764],[-88.198610281515528,42.379911251086504],[-88.198643293274259,42.383092262871003],[-88.198659300409346,42.385027270041334],[-88.198659300526145,42.385059270160099],[-88.198670305270014,42.386345274924828],[-88.198682308463631,42.387205278107523],[-88.198742327631763,42.39238129726791],[-88.198799337210033,42.394933306689211],[-88.198800341705365,42.396163311251506],[-88.198801343458797,42.396642313027677],[-88.198801345959737,42.397327315568923],[-88.19880134644167,42.397459316058629],[-88.19880234913343,42.398195318788204],[-88.198802349629958,42.398331319292751],[-88.198802352616482,42.399149322327411],[-88.19880335412536,42.399561323854968],[-88.198803354417436,42.399641324151759],[-88.198805359990871,42.401165329803725],[-88.198805360162467,42.401212329978094],[-88.198805360611544,42.401335330434399],[-88.198805361173811,42.401489331005706],[-88.198805361469539,42.401570331306203],[-88.198803368820734,42.403586338787065],[-88.198803369353783,42.403732339328705],[-88.1988263825357,42.407313352591089],[-88.198821383921654,42.407699354027912],[-88.198813385936106,42.408261356120654],[-88.198811386576622,42.408439356782971],[-88.198811386886973,42.408524357098294],[-88.19881138946829,42.40923135972109],[-88.19881239409159,42.410496364412914],[-88.198813395706438,42.410937366047882],[-88.198813396907639,42.411266367268382],[-88.198813397769285,42.411502368143879],[-88.198813398174565,42.411613368555656],[-88.19881840060053,42.412271370991476],[-88.198816408108769,42.414330378631803],[-88.198816409109156,42.414604379648267],[-88.198816409485232,42.414707380030357],[-88.198816409602074,42.414739380149065],[-88.19881641003289,42.41485738058681],[-88.198816411245062,42.415189381818429],[-88.198816411971634,42.415388382556664],[-88.198816412106737,42.415425382693918],[-88.198817412640878,42.415570383230758],[-88.198598411593011,42.415567383454579],[-88.19865142809374,42.420019399921514],[-88.198662430157341,42.420570401954144],[-88.19867843509202,42.421901406875747],[-88.198681436296312,42.422227408082172],[-88.198688438636722,42.422859410419576],[-88.198701442761745,42.423972414534887],[-88.198709445442958,42.424696417212232],[-88.198691450028974,42.425976421983592],[-88.198700455266618,42.427399427253626],[-88.198701455552509,42.427476427538167],[-88.198703456785012,42.427811428778917],[-88.198711460112548,42.428712432112732],[-88.198723465116842,42.430067437126148],[-88.198737471153194,42.431702443175638],[-88.19873947162651,42.431829443644368],[-88.198728473354663,42.432317445468989],[-88.198732480003443,42.43413345220246],[-88.198730482990811,42.434954455251471],[-88.198752486138901,42.435787458313861],[-88.198754492132124,42.437426464392587],[-88.198710505007583,42.441012477757802],[-88.198741510135477,42.442375482773159],[-88.198837516511531,42.443992488639481],[-88.198844518875561,42.444630490996325],[-88.198845519362436,42.44476249148456],[-88.198862544484115,42.451619516894581],[-88.198862545356803,42.451858517781076],[-88.198863547224008,42.452368519671268],[-88.198870556551924,42.454913529100494],[-88.198872558610404,42.455474531178254],[-88.198875563219019,42.456732535839656],[-88.198877567333369,42.457856540005508],[-88.198878571712925,42.459054544447341],[-88.198979585164338,42.462598557430375],[-88.199086599378006,42.466341571133178],[-88.199148625755953,42.473475597469722],[-88.199150627381002,42.473917599104311],[-88.199176638891544,42.4770316105988],[-88.199179640167458,42.477376611871954],[-88.199209653187012,42.480897624865271],[-88.199303666602987,42.484435637801099],[-88.199360675049647,42.486665645954922],[-88.199398680244315,42.48803265094606],[-88.199391691816061,42.491208662720773],[-88.199391693435231,42.491651664361299],[-88.199391697280291,42.492703668257114],[-88.199389699627247,42.493348670649596],[-88.199387704039225,42.494558675134463],[-88.199386705832225,42.495050676958442],[-88.19938670603689,42.495106677165829],[-88.199386706135584,42.495133677265819],[-88.198877703469535,42.495138678284746],[-88.198573701877265,42.495141678893383],[-88.196794692553439,42.495157682449722],[-88.196514691087685,42.495160683011321],[-88.190340658738748,42.495219695372064],[-88.188282647955859,42.495239699495414],[-88.18793864615219,42.495242700183411],[-88.187765645257599,42.495247700542812],[-88.187587644315158,42.495246700889048],[-88.187475643727993,42.495247701113151],[-88.187362643135558,42.495248701339221],[-88.187098641750239,42.495250701866112],[-88.187056641528713,42.495250701948713],[-88.183381622265543,42.495284709308415],[-88.182156615846452,42.495296711764865],[-88.182084615466664,42.495296711906512],[-88.181868614334377,42.495298712339228],[-88.181797613966936,42.495300712486703],[-88.181440612094434,42.495303713200727],[-88.179926604157615,42.49531771623414],[-88.176866588103849,42.495342722353492],[-88.161971509942589,42.495463752161982],[-88.159794498517826,42.495481756523375],[-88.157467486328088,42.495507761214469],[-88.151047452557819,42.495538773990909],[-88.150140447792012,42.495544775803182],[-88.14857343955687,42.49555477893292],[-88.147834435674014,42.495559780410254],[-88.14566042424552,42.495572784749413],[-88.145221421942196,42.495576785631627],[-88.144548418404128,42.495580786974962],[-88.142530407798191,42.4955937910077],[-88.14185840426849,42.495598792353661],[-88.141829404115455,42.49559879241081],[-88.141793403925504,42.495598792481751],[-88.141742403656394,42.495598792582257],[-88.141714403511898,42.495599792641784],[-88.141343401554181,42.495599793372882],[-88.140229395682269,42.495601795576903],[-88.139859393733062,42.495602796310408],[-88.139662392693538,42.495602796698634],[-88.139071389578135,42.49560379786768],[-88.13887538854712,42.495604798258313],[-88.138793388114408,42.495604798419905],[-88.138549386826853,42.495604798900757],[-88.138468386399424,42.495604799060381],[-88.138393386003656,42.495604799208181],[-88.138168384816353,42.495604799651588],[-88.1380933844206,42.495604799799388],[-88.135870372686838,42.495603804175808],[-88.129201337495303,42.495603817318248],[-88.126979325770066,42.495603821697095],[-88.126349322445634,42.495603822938612],[-88.124461312482865,42.495603826659256],[-88.123832309163703,42.495603827898805],[-88.123807309031776,42.495603827948074],[-88.123765308810164,42.495603828030845],[-88.123735308651845,42.495603828089962],[-88.123711308525216,42.495603828137256],[-88.118004278419349,42.495606839397752],[-88.111531244277231,42.495611852177596],[-88.1096682344524,42.495613855858551],[-88.109077231333714,42.495613857023287],[-88.108999230922095,42.495613857177005],[-88.108766229692563,42.495613857636201],[-88.108689229286256,42.495613857787951],[-88.108329227386548,42.495613858497435],[-88.107486222941105,42.495614860163556],[-88.103878203910881,42.495617867288523],[-88.103153200088059,42.495618868722154],[-88.102215195141241,42.495619870575595],[-88.101474191230992,42.495619872035995],[-88.101339190521585,42.495620872306873],[-88.1009911886852,42.495620872992731],[-88.100174184376868,42.495621874607743],[-88.099309179815236,42.495622876317377],[-88.098446175264158,42.495623878023096],[-88.09718816862862,42.495624880507336],[-88.094209152917188,42.495627886393329],[-88.091737139878177,42.495629891275328],[-88.090866135284784,42.495630892996957],[-88.090062131044917,42.495631894586559],[-88.089967130543599,42.495631894773808],[-88.083397095890447,42.495637907753228],[-88.083269095214959,42.495637908005527],[-88.082889093209673,42.495637908754532],[-88.082762092539468,42.495637909004856],[-88.082422090739527,42.495635909664983],[-88.081402085348316,42.495632911660351],[-88.081063083556558,42.495631912323496],[-88.080979083110421,42.495630912484017],[-88.080730081793575,42.495629912969761],[-88.080647081355579,42.495629913133357],[-88.080425080178372,42.495627913560838],[-88.079760076657749,42.495623914851336],[-88.079539075488682,42.495622915281857],[-88.078891072060685,42.495619916543824],[-88.078680070947229,42.495619916959676],[-88.077717065840005,42.495610918811991],[-88.077100062572825,42.495606920007646],[-88.070074025369465,42.495560933616765],[-88.069743023614564,42.495557934253434],[-88.068933019326693,42.495552935823433],[-88.068752018368869,42.495551936174856],[-88.068472016888677,42.495550936721308],[-88.068422016624865,42.495550936819811],[-88.065060998830063,42.495528943326626],[-88.062059982938422,42.495507949127983],[-88.061914982170663,42.495506949408323],[-88.059176967640468,42.495475954637492],[-88.058895966149805,42.495472955175018],[-88.058698965105023,42.495470955552385],[-88.051069924626617,42.495384970113726],[-88.049591916784678,42.495367972931227],[-88.042511879225671,42.495286986422364],[-88.042256877872845,42.49528398690758],[-88.037976855189484,42.495241995095121],[-88.037962855113065,42.495240995117143],[-88.030587816033332,42.495169009217868],[-88.030559815895728,42.495173009295293],[-88.027247798338735,42.495137015603326],[-88.027121797669267,42.495135015839701],[-88.0269957970023,42.495134016081707],[-88.025046786674366,42.495114019799104],[-88.020745763899853,42.495076028034454],[-88.017572747104651,42.495050034119302],[-88.017527746838269,42.495038034138787],[-88.005075680885881,42.494913057863201],[-88.004992680445966,42.49491205802024],[-88.003280671378079,42.494894061274493],[-88.003279671528688,42.494961061671965],[-88.003141670798755,42.494960061937022],[-88.002425667023644,42.494960063342852],[-87.997090611491785,42.494952078351382],[-87.991322526708686,42.494944098720502],[-87.990400513155038,42.49494210197188],[-87.990066508246656,42.494942103154131],[-87.981320379693699,42.494929134030485],[-87.980971374559445,42.494926135246885],[-87.971577236378167,42.494844167966136],[-87.961768092129802,42.49475720209162],[-87.954621987025021,42.494658226691712],[-87.951582942336017,42.494615237139499],[-87.951026934160467,42.49460723904955],[-87.950910932455557,42.494606239452608],[-87.950196921957414,42.494596241907033],[-87.950129920972245,42.494595242136917],[-87.950082920280821,42.494594242296131],[-87.949834916635027,42.494591243151824],[-87.949624913547396,42.494588243873224],[-87.949555912532858,42.49458724411015],[-87.931363645172738,42.494331306543742],[-87.925131553635239,42.49424432789742],[-87.922459514395726,42.494206337041696],[-87.919386469276631,42.494171347618227],[-87.919242467162348,42.494169348111079],[-87.91915946594375,42.494168348396279],[-87.918961463036936,42.494166349079492],[-87.918779460364973,42.494164349706274],[-87.917524441940188,42.49414935401898],[-87.917452440883125,42.494148354265342],[-87.917374439738012,42.494147354532849],[-87.917282438387417,42.494146354849711],[-87.917105435789011,42.494144355458744],[-87.916984434012818,42.49414335587781],[-87.911977360515749,42.494087373104982],[-87.908197305038456,42.494044386098203],[-87.90280522591604,42.493983404624771],[-87.902374219592247,42.493976406088727],[-87.899678180039345,42.493928415210846],[-87.899525177794814,42.493926415734016],[-87.89819015821142,42.493903420255215],[-87.897986155218959,42.49390042095002]]]}},
{"type":"Feature","properties":{"STATEFP":"17","COUNTYFP":"111","GEOID":"17111","NAME":"McHenry","NAMELSAD":"McHenry County","ALAND":1562790266,"AWATER":19871806},"geometry":{"type":"Polygon","coordinates":[[[-88.354413298865111,42.1539997655156],[-88.359287310859742,42.154003774655678],[-88.367712331593751,42.154011790457382],[-88.369400335748296,42.154015793629078],[-88.369515336031057,42.154013793839717],[-88.369568336161961,42.154017793948597],[-88.383471370367403,42.153966819871108],[-88.383671370860114,42.153969820252932],[-88.388750383345652,42.153911829629301],[-88.388977383903963,42.153910830052183],[-88.389850386053908,42.153919831709075],[-88.393497395022919,42.153901838498392],[-88.393759395667047,42.153899838984458],[-88.396545402518043,42.153885844170404],[-88.398272406768015,42.15388984741525],[-88.399210409076616,42.153892849179606],[-88.399986410995439,42.15392785071645],[-88.4001274113443,42.15393485099721],[-88.400962413397451,42.153929852549588],[-88.4015864149317,42.153925853709069],[-88.406758427644391,42.153883863298574],[-88.407837430300603,42.153888865331801],[-88.408470431871379,42.153930866617095],[-88.411969440482451,42.153935873183777],[-88.412223441108452,42.153938873666696],[-88.412373441476177,42.15393487393824],[-88.414670447125957,42.153928878227148],[-88.415872450082063,42.153924880469475],[-88.416395451367819,42.153921881442159],[-88.417122453155869,42.153919882799372],[-88.417603454339726,42.15392088370281],[-88.419120458070012,42.153914886530536],[-88.422521466429757,42.153893892852366],[-88.422509466384938,42.153854892737982],[-88.422818467141582,42.15384589329566],[-88.423259468223307,42.153837894102999],[-88.424198470536908,42.153846895883333],[-88.425132472834207,42.15384589763076],[-88.425147472870719,42.153844897656498],[-88.426365475860905,42.153829899903016],[-88.427913479664369,42.153818902777218],[-88.429441483418898,42.15380890561633],[-88.431071487432419,42.153817908691195],[-88.432484490910525,42.153822911350112],[-88.434425495668521,42.153785914899608],[-88.439624508437632,42.153745924546037],[-88.440312510190907,42.153871926130158],[-88.442925516616455,42.153865931011303],[-88.445362522604285,42.153850935541712],[-88.44602152422344,42.153846936766939],[-88.447566528026357,42.153850939670718],[-88.448018529130437,42.153835940482452],[-88.448532530394914,42.153835941445401],[-88.44924053218341,42.153923942977308],[-88.450322534830079,42.153894944936567],[-88.450478535217101,42.153900945242825],[-88.451609538007403,42.153914947394284],[-88.451728538243557,42.153810947374531],[-88.454138544176388,42.153818951908185],[-88.45682855079761,42.153825956964049],[-88.457982553634125,42.153821959116677],[-88.459187556595481,42.15381696136253],[-88.463881568131441,42.153798970114636],[-88.464794570376682,42.153797971822783],[-88.467206576299162,42.153780976302095],[-88.471911587850812,42.15374798504029],[-88.472055588204981,42.153747985310069],[-88.472772589967846,42.153746986651051],[-88.474784594917821,42.153748990425157],[-88.474813594989158,42.153748990479485],[-88.477080600565685,42.153749994729019],[-88.48177861212362,42.15375400353993],[-88.481924612482729,42.153754003813461],[-88.491530636098403,42.153739021775685],[-88.506000675443659,42.153681043577826],[-88.510420689116799,42.153684048055794],[-88.511044691045925,42.153683048684698],[-88.515593705109467,42.153676053270075],[-88.516670708439619,42.153675054357201],[-88.517877712239653,42.153751055753908],[-88.517959712496818,42.153755055846105],[-88.518076712864016,42.15376105597835],[-88.518674714653642,42.153693056425972],[-88.535330766113049,42.153634073137098],[-88.53820677504568,42.153673076137153],[-88.543050790010511,42.15365608099733],[-88.543811792361097,42.153653081760083],[-88.544917795777678,42.153649082869478],[-88.545543797718778,42.15365408351439],[-88.550653813547683,42.153678088739547],[-88.560226843127779,42.153652098361889],[-88.570492874855475,42.153632108698915],[-88.571904879222316,42.153632110127155],[-88.574236886425254,42.153624112467035],[-88.588654930973476,42.153590126969817],[-88.5928399438735,42.153556131121697],[-88.593281945239056,42.153555131566357],[-88.611981002949491,42.153470150274764],[-88.612028003089534,42.153466150312688],[-88.612181003542702,42.153451150431366],[-88.617660020427351,42.153410155873665],[-88.617701020566287,42.153419155936803],[-88.622244034661108,42.153455160618016],[-88.623990040080159,42.153470162420021],[-88.625153043680214,42.153473163603465],[-88.630509060219353,42.153458168983938],[-88.631115062091595,42.15345716959439],[-88.633557069649001,42.153462172076182],[-88.635181074663009,42.153457173706478],[-88.636405078457514,42.153464174961336],[-88.637922083137752,42.15345717647854],[-88.642326096752754,42.153456180930021],[-88.646399109345808,42.153456185049173],[-88.646469109560755,42.153455185117537],[-88.646714110319735,42.153456185367745],[-88.646995111187053,42.153455185649499],[-88.647193111797748,42.153454185847309],[-88.649301118316814,42.153455187981628],[-88.652677128759393,42.15345819140321],[-88.65452413445631,42.153449193249152],[-88.666391171129376,42.153438205223537],[-88.666446171301004,42.153439205281614],[-88.666470171373618,42.153438205303438],[-88.669296180118891,42.153443208173712],[-88.674722196925629,42.153462213707947],[-88.680107213573692,42.153461219151538],[-88.695683261833906,42.153520235050713],[-88.705583292476092,42.153537245105923],[-88.705585293123036,42.153900246013201],[-88.705589297520248,42.156384252211943],[-88.705595303826726,42.159946261101091],[-88.705590305360985,42.160824263285598],[-88.705618322646714,42.170566287609347],[-88.70561932335427,42.170965288605423],[-88.705590325417575,42.172186291620584],[-88.705564334954744,42.177636305185096],[-88.705543342436371,42.18191331582932],[-88.705636343792122,42.182511317417259],[-88.705666343982571,42.182564317580621],[-88.705680344158424,42.182638317779713],[-88.705681345434684,42.183359319578884],[-88.705681345883164,42.183613320212338],[-88.705676346131867,42.183763320581221],[-88.705667346538846,42.184010321187856],[-88.705647346715992,42.184147321508703],[-88.705647347037328,42.184329321962586],[-88.705650350382101,42.186218326676681],[-88.705651351506447,42.186853328261357],[-88.705628356498451,42.189723335394774],[-88.70560636926929,42.19699835351453],[-88.705606369286954,42.197008353539466],[-88.705573378692321,42.202398366946412],[-88.705572378734885,42.202424367010188],[-88.705564380859983,42.203643370041668],[-88.7055613824933,42.204574372360234],[-88.705538385846026,42.206517377181271],[-88.705553386145027,42.206658377548834],[-88.705549386359337,42.206787377866284],[-88.705551386733148,42.20699537838712],[-88.705547388225369,42.207848380510072],[-88.705546388253765,42.207866380553902],[-88.705529393452849,42.210844387962283],[-88.705533394608238,42.211491389580033],[-88.705543394956067,42.211669390034608],[-88.705532395552666,42.212028390918121],[-88.705503400520044,42.214898398044227],[-88.70547940720833,42.218734407584492],[-88.70548040817701,42.219281408949634],[-88.705480409625849,42.220102410996986],[-88.705464410921294,42.220867412887465],[-88.705393411406121,42.221279413838431],[-88.70539041444988,42.223010418151695],[-88.705390414472816,42.22302341818412],[-88.705388415935616,42.223856420259168],[-88.705388416018536,42.223903420376367],[-88.705387417285394,42.224623422170716],[-88.705404426156619,42.229618434644891],[-88.705427432866841,42.233376444041099],[-88.70546744604637,42.240766462513214],[-88.70547946126139,42.249364483967462],[-88.705480462407508,42.250029485603051],[-88.705477462835844,42.250659486652836],[-88.705473463571408,42.251735488447146],[-88.705471463796997,42.252069489003333],[-88.705408463829684,42.252438489552425],[-88.705417464104102,42.252786490144068],[-88.705433464779659,42.253674491646059],[-88.70543046526835,42.254391492841819],[-88.705430465303877,42.254442492927097],[-88.705453466274349,42.255717495082941],[-88.705460466530738,42.256049495645236],[-88.705471466788978,42.2563634961815],[-88.705472466837847,42.256428496291186],[-88.705474466888219,42.256490496396886],[-88.705484467123412,42.256776496885216],[-88.705498467537481,42.257298497771984],[-88.705509467849552,42.257689498436626],[-88.705510467916568,42.257780498589717],[-88.70551446800485,42.257886498770908],[-88.705517468228251,42.258191499283626],[-88.705536471307141,42.262509506517716],[-88.705555474843123,42.267481514842451],[-88.705568476310575,42.269517518255292],[-88.705589476564185,42.269770518696177],[-88.705578477048263,42.270522519942752],[-88.705585479412065,42.273874525547669],[-88.705597481321135,42.276547530021887],[-88.705593481650169,42.277040530842157],[-88.705623493817598,42.294318559717524],[-88.705636497230998,42.299138567773021],[-88.705621500158003,42.303416574909015],[-88.705631502450146,42.306645580305378],[-88.705622503977196,42.308884584040364],[-88.705603505507142,42.311184587873939],[-88.705615506802616,42.312973590866008],[-88.705625506978905,42.313169591196832],[-88.705640512023052,42.3203126031285],[-88.705607517162548,42.327868615738645],[-88.705608517176358,42.327882615762199],[-88.705601522133165,42.335028627695678],[-88.705593523898742,42.337606632000778],[-88.705590526136689,42.340832637388843],[-88.705596527194587,42.342313639862518],[-88.705596527202957,42.342325639882567],[-88.705607532392293,42.349698652195919],[-88.705602532529028,42.34992465257379],[-88.705611536133958,42.355037661111758],[-88.705662544541809,42.366774680697993],[-88.705679545966433,42.368710683924675],[-88.705680545987505,42.368734683964426],[-88.705690548722131,42.372589690395571],[-88.70569154876695,42.372647690492016],[-88.705692548811783,42.372705690588468],[-88.705690548845013,42.372765690689327],[-88.705689548883257,42.372826690791499],[-88.705687550407774,42.375022694457563],[-88.705684553008581,42.378766700707963],[-88.705704556639148,42.383840709167366],[-88.705752558238103,42.385826712457124],[-88.705777558918825,42.386642713805379],[-88.705822563760989,42.393284724857303],[-88.705780564808009,42.395051727829966],[-88.705746565535151,42.396310729951686],[-88.705770568741613,42.400745737334439],[-88.70577156875801,42.400762737362101],[-88.705800569661292,42.401867739184908],[-88.705850572048746,42.404958744302839],[-88.705854572184421,42.405126744579945],[-88.705890574152676,42.407706748853194],[-88.705892574205862,42.407769748956653],[-88.70591257590273,42.410064752765571],[-88.705912577998774,42.413060757758174],[-88.705939579472755,42.414989760949425],[-88.705993584764016,42.42219177289752],[-88.706085590386039,42.429603785146597],[-88.706134591557273,42.430945787328639],[-88.706156594415162,42.434873793839785],[-88.706200600468932,42.443206807649133],[-88.706203600889452,42.443785808608389],[-88.706224601980111,42.445196810929168],[-88.706314606432471,42.45092182033207],[-88.706320606729761,42.451303820959048],[-88.706347608043387,42.452987823721635],[-88.706431612206217,42.45832983248021],[-88.706441612476539,42.458644832989364],[-88.706669618618548,42.465780844501559],[-88.70689262468531,42.472815855815597],[-88.706922624993581,42.473040856141317],[-88.706968626493591,42.474839859045126],[-88.707240634990839,42.484920875256492],[-88.707304637073975,42.48740387924456],[-88.70730963725525,42.487623879598885],[-88.70734363875475,42.489495882627786],[-88.707365639760695,42.490756884668826],[-88.707419642050311,42.493596889255194],[-88.707376641831118,42.493597889334161],[-88.704383626574227,42.493670894839006],[-88.697879593407222,42.493824906811184],[-88.688151543773486,42.494051924756214],[-88.687044538122535,42.494075926798153],[-88.685339529418883,42.494113929946344],[-88.68060650525922,42.494229938714362],[-88.678276493362532,42.494285943033361],[-88.67821149303137,42.494288943156761],[-88.67079745517961,42.494497956985022],[-88.668338442621689,42.494568961583141],[-88.665939430359046,42.494617966029644],[-88.660792404059819,42.494759975660259],[-88.658478392228815,42.494812979971492],[-88.658362391635833,42.494815980188456],[-88.658001389789447,42.49482298085848],[-88.656051379809426,42.494844984443077],[-88.645894327798715,42.494900002988778],[-88.643832317244645,42.494930006800743],[-88.638640290661101,42.494985016354882],[-88.628995241259588,42.495046034014983],[-88.623104211077077,42.495052044725441],[-88.619076190441461,42.4950710520895],[-88.607364130432615,42.495093073417486],[-88.606692126989429,42.495095074643508],[-88.605899122925834,42.495090076069296],[-88.604970118165426,42.49508507774194],[-88.604278114619532,42.495082078989896],[-88.599410089676056,42.49505808775892],[-88.596998077317579,42.495050092114298],[-88.596279073633681,42.495048093413665],[-88.589870040796939,42.495028104987753],[-88.589594039382902,42.49502710548569],[-88.589378038276251,42.495026105874715],[-88.583389007593084,42.495007116686331],[-88.569670937310036,42.495007141583656],[-88.566670921938211,42.495015147055085],[-88.566520921169698,42.495015147327337],[-88.565879917885752,42.495014148487442],[-88.563956908033973,42.495011151967653],[-88.563315904749857,42.49501115313106],[-88.562615901163653,42.49501015439818],[-88.560515890405156,42.495007158199414],[-88.559816886824137,42.495006159464651],[-88.559188883606865,42.495005160601011],[-88.550218837659912,42.494972176764584],[-88.540477787757098,42.494966194418012],[-88.540350787106462,42.494966194648448],[-88.540323786968131,42.494966194697433],[-88.540187786271375,42.494966194944197],[-88.537399771991488,42.494957199969825],[-88.528629727073863,42.494930215779583],[-88.525706712103712,42.494921221047633],[-88.515925662054002,42.494812238361135],[-88.515759661204768,42.494810238654161],[-88.507622619525833,42.494810253403216],[-88.507507618936785,42.494810253611661],[-88.507490618849715,42.494810253642477],[-88.507439618588492,42.494810253734919],[-88.507423618506522,42.494810253763923],[-88.507403618404084,42.494810253800175],[-88.507346618110972,42.494812253911562],[-88.507327618013633,42.494812253946002],[-88.507128617013464,42.494779254173544],[-88.505720609802339,42.494778256721105],[-88.501500588188975,42.494776264360425],[-88.500095580992038,42.494777266910667],[-88.497795584027529,42.494619260357524],[-88.496031586782152,42.494619255487066],[-88.495995586838376,42.494619255387668],[-88.486095602298008,42.49461922805348],[-88.486011602429187,42.494619227821552],[-88.484021605536739,42.494619222327103],[-88.479024613339959,42.494619208530239],[-88.478052614857802,42.494619205846519],[-88.476063617963788,42.494619200354833],[-88.474969619672166,42.494619197334266],[-88.474035621130668,42.494619194755465],[-88.472008624295995,42.494619189158861],[-88.471687624797269,42.494619188272573],[-88.47161962490344,42.494619188084819],[-88.471301625400045,42.494619187206808],[-88.470594626504067,42.494619185254763],[-88.468868629197615,42.494654180629126],[-88.463693637286923,42.494758166753712],[-88.461968639987873,42.494794162132919],[-88.461938640034816,42.494794162050063],[-88.461854640166578,42.494798161833955],[-88.461826640210461,42.494799161760604],[-88.461811640233961,42.494799161719179],[-88.460119642881111,42.494793157022528],[-88.459763643438052,42.494792156035402],[-88.457701646663551,42.494785150313085],[-88.455001650886032,42.494775142817105],[-88.454078652329571,42.494773140260229],[-88.453687652941028,42.494772139176497],[-88.453295653554051,42.494771138090002],[-88.447069663286527,42.494750120813954],[-88.446886663572727,42.494750120308595],[-88.442318670710492,42.494735107635471],[-88.439606674945423,42.494723100099733],[-88.437331678496534,42.494712093774858],[-88.43728867856376,42.494712093656119],[-88.431988686822677,42.494670078858931],[-88.431630687382068,42.49467007787041],[-88.423411700169879,42.49460105491238],[-88.423022700768428,42.494590053796379],[-88.422725701213594,42.494567052888627],[-88.422593701405077,42.494549052455525],[-88.422508701522361,42.494530052148377],[-88.422493701543317,42.494527052095521],[-88.422318701796854,42.494503051520866],[-88.422238701915916,42.49449605127333],[-88.422140702102936,42.494538051162962],[-88.422027702324939,42.494594051064524],[-88.422007702361881,42.494601051036],[-88.421889702602599,42.494670050973262],[-88.421717702869699,42.494668050490709],[-88.421489703181351,42.494614049655354],[-88.420584704581003,42.494598047095728],[-88.418442707933025,42.494607041215971],[-88.413463715721647,42.494622027525736],[-88.413111716268389,42.494619026542516],[-88.409242722310154,42.494619015860096],[-88.392905747706521,42.494533970438795],[-88.390591751299596,42.494521964006282],[-88.38999175222844,42.49451696233146],[-88.378400770310094,42.494518930340305],[-88.375083775483716,42.494518921183278],[-88.355183806725563,42.494617866598055],[-88.354990807028997,42.494618866068734],[-88.33909083185813,42.49461882216837],[-88.338253833165169,42.494618819857386],[-88.335743837084749,42.4946188129272],[-88.334907838390208,42.494618810618981],[-88.334843838490173,42.494618810442276],[-88.334653838786863,42.494618809917682],[-88.334590838885234,42.494618809743741],[-88.333823840080527,42.494617807622554],[-88.331522843673682,42.494617801269435],[-88.330756844869839,42.494617799154483],[-88.330302845578785,42.494617797900979],[-88.330236845681853,42.494617797718753],[-88.329353847063231,42.494618795284225],[-88.328943847703485,42.494618794152203],[-88.32849084841088,42.494618792901456],[-88.328249848787237,42.494618792236054],[-88.327530849910005,42.494618790250868],[-88.327290850284768,42.494618789588223],[-88.326789851067119,42.494618788204946],[-88.325289853409515,42.494618784063398],[-88.3247898541903,42.494618782682885],[-88.324369854846154,42.494618781523258],[-88.323109856813744,42.494618778044362],[-88.322689857469612,42.494618776884728],[-88.322498857767869,42.49461877635737],[-88.321938858642341,42.494618774811194],[-88.320031861622994,42.494619769549317],[-88.318510863998171,42.494619765349789],[-88.317622865384905,42.49461976289799],[-88.317569865467632,42.494619762751661],[-88.31656886703081,42.494619759987863],[-88.316471867182287,42.494619759720045],[-88.316120867730405,42.494619758750922],[-88.315873868110558,42.494617758062148],[-88.315721868347921,42.494617757642473],[-88.315323868969429,42.494617756543583],[-88.311915874291216,42.494617747134008],[-88.31187987434744,42.49461774703461],[-88.311555874856253,42.494618746143431],[-88.31127687529191,42.494618745373096],[-88.311219875380942,42.494618745215725],[-88.31028987683321,42.494618742647965],[-88.304689885578057,42.4946187271862],[-88.304389886046522,42.494618726357892],[-88.303488887453497,42.494618723870204],[-88.303189887920411,42.494618723044653],[-88.302955888291876,42.494620722405251],[-88.302731888647713,42.494622721793476],[-88.302590888870924,42.494623721407507],[-88.302396889176919,42.494624720875208],[-88.301945889893403,42.49462871964333],[-88.299204894245207,42.494651712151814],[-88.288624911065426,42.494740683231349],[-88.28509891668331,42.494771673595757],[-88.284998916843094,42.494772673322863],[-88.284072918315331,42.494779670788482],[-88.281807921927239,42.494799664598531],[-88.281570922304965,42.494801663950518],[-88.281333922682705,42.494803663302498],[-88.280996923216946,42.494805662378305],[-88.279971924852106,42.494814659576775],[-88.279874925003938,42.494814659308879],[-88.279584925492372,42.494824658540473],[-88.279546925562187,42.494827658445281],[-88.279488925621905,42.494818658255831],[-88.279285925939675,42.494818657695184],[-88.278962926445246,42.494818656803119],[-88.278459927232589,42.494818655413923],[-88.277847928190539,42.494818653723691],[-88.277430928843273,42.494818652572015],[-88.277387928910571,42.494818652453262],[-88.277146929287795,42.494818651787654],[-88.276862929732346,42.4948186510033],[-88.276406930446115,42.494818649743912],[-88.275038932587407,42.494818645965751],[-88.27458393329961,42.49481864470912],[-88.274244933830232,42.494818643772859],[-88.273227935422128,42.494818640964098],[-88.27288893595275,42.494818640027844],[-88.272842936024773,42.494818639900799],[-88.272705936239191,42.494818639522428],[-88.272660936309634,42.494818639398147],[-88.272460936547461,42.494797638778081],[-88.271860937267192,42.494736636924522],[-88.271661937506451,42.494716636310564],[-88.271467937791726,42.494711635758755],[-88.271126938292369,42.49470263478814],[-88.271035938427389,42.494700634530425],[-88.270886938645845,42.494696634106106],[-88.270693938929426,42.494691633557089],[-88.2706609389774,42.494690633462739],[-88.27056593911864,42.494688633193981],[-88.270534939163468,42.494687633105173],[-88.270414939340142,42.494684632764169],[-88.270278939541811,42.494681632378992],[-88.270093939816419,42.494677631855296],[-88.269782940316944,42.494681631009392],[-88.269509940772679,42.494689630281258],[-88.269255941195141,42.494696629602366],[-88.269022941552038,42.494694628952558],[-88.268536942304323,42.494692627604138],[-88.268321942636717,42.494691627007242],[-88.26808994299563,42.494690626363408],[-88.267656943661365,42.49468762515815],[-88.267545943838527,42.494688624854845],[-88.267138944485652,42.494691623740607],[-88.265911946444106,42.494702620387642],[-88.26536894731889,42.494709618910612],[-88.264636948478099,42.49471361690204],[-88.262440951963939,42.494727610882585],[-88.261709953129611,42.494733608883045],[-88.260092955856308,42.494785604582844],[-88.259387957085579,42.494818602740551],[-88.258285959014273,42.494871599864943],[-88.25702496105896,42.494889596438973],[-88.254028965662229,42.494866588091242],[-88.252418968231197,42.494878583682151],[-88.251151970259556,42.494889580217176],[-88.250095971909886,42.494888577297267],[-88.249637970161459,42.494887577729997],[-88.248263962909732,42.494885580420359],[-88.247806960500412,42.494885581317277],[-88.247733960107595,42.494883581454225],[-88.247518958962175,42.494880581866695],[-88.247487958802722,42.494881581930699],[-88.247448958609041,42.494884582016731],[-88.246452953338249,42.494879583955608],[-88.243269936628678,42.494897590260223],[-88.242949934945557,42.494898590891516],[-88.239787918247643,42.494891597075039],[-88.237887908246378,42.49489560081723],[-88.234273889313684,42.494926608013223],[-88.233254883976187,42.494935610043512],[-88.231772876216795,42.494949612999704],[-88.231343873966509,42.494952613852014],[-88.228613859653564,42.494973619282909],[-88.227877855796009,42.494979620748424],[-88.226330847719794,42.495000623857649],[-88.226178846998877,42.495021624227633],[-88.223697833993114,42.495041629169286],[-88.223699833954015,42.49502862912076],[-88.22131682138847,42.49502863380151],[-88.218852808399618,42.495029638644851],[-88.218761807923556,42.495030638827082],[-88.218328805651709,42.495033639688067],[-88.217031798846548,42.495042642267286],[-88.216764797449969,42.495045642802303],[-88.216599796576119,42.495044643122917],[-88.216550796321528,42.495045643222682],[-88.216405795575767,42.495050643525083],[-88.216357795330183,42.495052643626423],[-88.215897792991186,42.495075644610992],[-88.214064783475379,42.495115648353931],[-88.214041783354105,42.495115648399135],[-88.213132778590392,42.495123650213898],[-88.211422769617329,42.495135653617361],[-88.206570744158896,42.495170663280405],[-88.205045736156748,42.495181666318317],[-88.199532706901891,42.495132676975167],[-88.199386706135584,42.495133677265819],[-88.19938670603689,42.495106677165829],[-88.199386705832225,42.495050676958442],[-88.199387704039225,42.494558675134463],[-88.199389699627247,42.493348670649596],[-88.199391697280291,42.492703668257114],[-88.199391693435231,42.491651664361299],[-88.199391691816061,42.491208662720773],[-88.199398680244315,42.48803265094606],[-88.199360675049647,42.486665645954922],[-88.199303666602987,42.484435637801099],[-88.199209653187012,42.480897624865271],[-88.199179640167458,42.477376611871954],[-88.199176638891544,42.4770316105988],[-88.199150627381002,42.473917599104311],[-88.199148625755953,42.473475597469722],[-88.199086599378006,42.466341571133178],[-88.198979585164338,42.462598557430375],[-88.198878571712925,42.459054544447341],[-88.198877567333369,42.457856540005508],[-88.198875563219019,42.456732535839656],[-88.198872558610404,42.455474531178254],[-88.198870556551924,42.454913529100494],[-88.198863547224008,42.452368519671268],[-88.198862545356803,42.451858517781076],[-88.198862544484115,42.451619516894581],[-88.198845519362436,42.44476249148456],[-88.198844518875561,42.444630490996325],[-88.198837516511531,42.443992488639481],[-88.198741510135477,42.442375482773159],[-88.198710505007583,42.441012477757802],[-88.198754492132124,42.437426464392587],[-88.198752486138901,42.435787458313861],[-88.198730482990811,42.434954455251471],[-88.198732480003443,42.43413345220246],[-88.198728473354663,42.432317445468989],[-88.19873947162651,42.431829443644368],[-88.198737471153194,42.431702443175638],[-88.198723465116842,42.430067437126148],[-88.198711460112548,42.428712432112732],[-88.198703456785012,42.427811428778917],[-88.198701455552509,42.427476427538167],[-88.198700455266618,42.427399427253626],[-88.198691450028974,42.425976421983592],[-88.198709445442958,42.424696417212232],[-88.198701442761745,42.423972414534887],[-88.198688438636722,42.422859410419576],[-88.198681436296312,42.422227408082172],[-88.19867843509202,42.421901406875747],[-88.198662430157341,42.420570401954144],[-88.19865142809374,42.420019399921514],[-88.198598411593011,42.415567383454579],[-88.198817412640878,42.415570383230758],[-88.198816412106737,42.415425382693918],[-88.198816411971634,42.415388382556664],[-88.198816411245062,42.415189381818429],[-88.19881641003289,42.41485738058681],[-88.198816409602074,42.414739380149065],[-88.198816409485232,42.414707380030357],[-88.198816409109156,42.414604379648267],[-88.198816408108769,42.414330378631803],[-88.19881840060053,42.412271370991476],[-88.198813398174565,42.411613368555656],[-88.198813397769285,42.411502368143879],[-88.198813396907639,42.411266367268382],[-88.198813395706438,42.410937366047882],[-88.19881239409159,42.410496364412914],[-88.19881138946829,42.40923135972109],[-88.198811386886973,42.408524357098294],[-88.198811386576622,42.408439356782971],[-88.198813385936106,42.408261356120654],[-88.198821383921654,42.407699354027912],[-88.1988263825357,42.407313352591089],[-88.198803369353783,42.403732339328705],[-88.198803368820734,42.403586338787065],[-88.198805361469539,42.401570331306203],[-88.198805361173811,42.401489331005706],[-88.198805360611544,42.401335330434399],[-88.198805360162467,42.401212329978094],[-88.198805359990871,42.401165329803725],[-88.198803354417436,42.399641324151759],[-88.19880335412536,42.399561323854968],[-88.198802352616482,42.399149322327411],[-88.198802349629958,42.398331319292751],[-88.19880234913343,42.398195318788204],[-88.19880134644167,42.397459316058629],[-88.198801345959737,42.397327315568923],[-88.198801343458797,42.396642313027677],[-88.198800341705365,42.396163311251506],[-88.198799337210033,42.394933306689211],[-88.198742327631763,42.39238129726791],[-88.198682308463631,42.387205278107523],[-88.198670305270014,42.386345274924828],[-88.198659300526145,42.385059270160099],[-88.198659300409346,42.385027270041334],[-88.198643293274259,42.383092262871003],[-88.198610281515528,42.379911251086504],[-88.198593277015817,42.378699246598764],[-88.198567267056717,42.376002236603334],[-88.198566266891675,42.37595823644061],[-88.198561265289158,42.375525234836225],[-88.198560265062056,42.375464234610376],[-88.198560264861356,42.375409234406185],[-88.198558264359761,42.375274233906225],[-88.198554262849342,42.374865232390249],[-88.198551261938235,42.374619231478782],[-88.198551261671838,42.374546231207759],[-88.198550261543303,42.374512231082143],[-88.198542258832731,42.373779228365571],[-88.198538257501227,42.373419227031384],[-88.198533255679934,42.37292622520394],[-88.198533255643426,42.372916225166804],[-88.198530254396658,42.372578223913635],[-88.198528253818509,42.372422223335597],[-88.198527253398069,42.372308222912913],[-88.19852625324765,42.37226822276498],[-88.1985212456499,42.370192215059731],[-88.198521245398112,42.370123214803534],[-88.198521244868985,42.369978214265153],[-88.198521244084432,42.369763213466847],[-88.198519242057614,42.369210211414668],[-88.198555239348394,42.368424208476647],[-88.198520230946855,42.366164200104272],[-88.198493226562462,42.364995195777411],[-88.198451200717102,42.357962169679574],[-88.198451199976432,42.357759168925682],[-88.198444199727106,42.357699168705814],[-88.198498173988341,42.350581142251954],[-88.198495168731924,42.349144136916991],[-88.198495167250456,42.348738135409384],[-88.198487152682702,42.344755120621571],[-88.198485152075776,42.344591120013128],[-88.198485146828702,42.343153114673242],[-88.198485145358205,42.342750113176749],[-88.198485139852053,42.341241107573211],[-88.198604135665761,42.339956102774757],[-88.198606133429649,42.339341100491389],[-88.198606132871234,42.339188099923454],[-88.198607130357175,42.338498097361935],[-88.198602128018564,42.337863095005794],[-88.198590127409688,42.33771009444024],[-88.198591126716806,42.337519093731004],[-88.198595124916139,42.337021091881553],[-88.198599122907382,42.336466089820561],[-88.198601121901177,42.336188088788219],[-88.198602120496616,42.335802087355169],[-88.198602120182741,42.335716087035934],[-88.198602119945519,42.335651086794641],[-88.198602119357929,42.335490086196998],[-88.198615106758737,42.332023073325402],[-88.198608106466764,42.331951073059088],[-88.198609106062179,42.331839072643206],[-88.198609105668012,42.331731072242313],[-88.198611104234701,42.331336070775812],[-88.19861110417267,42.331319070712709],[-88.198611103913535,42.331248070449156],[-88.198611102647092,42.330901069161094],[-88.198613097447222,42.329474063863863],[-88.198642097410669,42.329431063701165],[-88.198642097155172,42.32936106344134],[-88.198644095338494,42.328861061585329],[-88.198645095039709,42.328778061277163],[-88.198645094868155,42.328731061102708],[-88.198747095287459,42.328730061088926],[-88.198747094853033,42.32861106064739],[-88.198750094186437,42.328425059956949],[-88.198751094106612,42.328402059871514],[-88.198753093297157,42.328178059040198],[-88.198754092823066,42.328047058554041],[-88.198755092557036,42.327973058279383],[-88.198761090292876,42.327346055952482],[-88.198768088094866,42.326736053688649],[-88.198769087606138,42.326601053187694],[-88.198780086370149,42.326250051884628],[-88.198813082168925,42.325062047475136],[-88.198816081754103,42.324945047040934],[-88.198819081342947,42.324829046610439],[-88.198819079217998,42.324247044451418],[-88.198823075031953,42.323096040181461],[-88.198828072682886,42.322447037773777],[-88.19882707198505,42.322257037068994],[-88.198826070666527,42.321897035733564],[-88.198826067511916,42.32103303252849],[-88.19902005658173,42.317823020625319],[-88.199021056282632,42.317740020317629],[-88.198804042361147,42.314169007064507],[-88.198805041529113,42.313940006215027],[-88.198855016752361,42.307098980843364],[-88.19885201392151,42.306326977979367],[-88.198821004644259,42.303819968674581],[-88.198820004318989,42.30373196834794],[-88.198817003237266,42.303438967260462],[-88.198816002842619,42.30333196686334],[-88.198814002360038,42.303201966380705],[-88.198806000196029,42.302617964212686],[-88.198788995236313,42.301277959237993],[-88.198787994878202,42.301180958877914],[-88.198787994783274,42.301154958781446],[-88.19878599418027,42.30099195817629],[-88.198767988808058,42.299539952785217],[-88.198749983622392,42.298138947582778],[-88.198730977885575,42.296587941822928],[-88.198709973926341,42.295525937876469],[-88.198616963926256,42.292885928051533],[-88.198596961607294,42.292271925766194],[-88.198585958352808,42.29139192249599],[-88.198555948167424,42.288632912243294],[-88.198554947827816,42.288540911901386],[-88.198558934986579,42.285017898823391],[-88.198546933363872,42.284585897214797],[-88.198536931953299,42.284209895814818],[-88.198543926422374,42.282686890163113],[-88.198517925038189,42.282334888845263],[-88.198517924994391,42.282322888800692],[-88.198514924264046,42.282125888067959],[-88.198510922708806,42.281703886499329],[-88.198506920803311,42.281185884574199],[-88.198490915144674,42.279651878870979],[-88.198488913885484,42.279308877596399],[-88.198487913429219,42.279184877135485],[-88.198478910023397,42.27826087370012],[-88.198469908299771,42.277797871976531],[-88.198466907766601,42.277654871444071],[-88.198464907259122,42.277517870934346],[-88.198470905406452,42.277003869028434],[-88.198485897443163,42.274805860873613],[-88.198481896070675,42.274433859490188],[-88.198478894771284,42.274080858177804],[-88.198484894651628,42.274041858036064],[-88.198497894419759,42.27396485775683],[-88.198496893532919,42.273722856857702],[-88.198487892353228,42.273408855687052],[-88.198477890921652,42.273026854263279],[-88.198466889336771,42.272603852686629],[-88.19845888814271,42.272284851497716],[-88.198427885384504,42.271560848792184],[-88.198426881119332,42.270392844453617],[-88.198425879929829,42.27006784324599],[-88.198425879134462,42.269849842436322],[-88.198425878948385,42.269798842246907],[-88.198425878813396,42.269761842109482],[-88.198425878744075,42.269742842038916],[-88.198425878153017,42.269580841437239],[-88.198428876507833,42.269126839752765],[-88.198430875993594,42.268983839222798],[-88.198431875818557,42.268934839041378],[-88.1984328753407,42.268802838551707],[-88.19843887284928,42.268113835996253],[-88.198438870404743,42.267443833507933],[-88.198448868420726,42.266889831456368],[-88.198481865318172,42.266005828193322],[-88.198465863937756,42.265643826839309],[-88.198354854470608,42.263161817551428],[-88.198348850694657,42.262132813724939],[-88.198354850078431,42.26195781307873],[-88.19839484650862,42.260938809319761],[-88.19839584306105,42.25999280580659],[-88.19837384171052,42.259644804499096],[-88.198352840367434,42.259297803195835],[-88.198346840031661,42.259211802872265],[-88.198331839090088,42.258968801959277],[-88.198328837090983,42.258423799932466],[-88.198327836390604,42.258232799222171],[-88.198316828697287,42.256134791419889],[-88.198315827365874,42.255770790066805],[-88.198316826840596,42.255625789528807],[-88.198306818480134,42.253343781043036],[-88.198306815288419,42.25246877779206],[-88.198304813398963,42.251952775873391],[-88.198303812078549,42.251591774531356],[-88.19829980697196,42.250195769341481],[-88.19830980665013,42.249461767346638],[-88.198295807016265,42.248833765848048],[-88.198290807399658,42.24822876441101],[-88.198277808506063,42.246490760283912],[-88.198272808973826,42.245758758546089],[-88.198270809145129,42.245489757907336],[-88.198269809233111,42.245351757579677],[-88.198245811593722,42.241664748827681],[-88.19824581163553,42.241601748678455],[-88.198241811649709,42.241558748573546],[-88.198490812541806,42.241560748768592],[-88.19867081435352,42.239800744735454],[-88.198706814711002,42.239455743945236],[-88.198710815065738,42.238941742730191],[-88.19875081638628,42.237163738546798],[-88.198773816568504,42.237012738206261],[-88.198776816592442,42.236992738161128],[-88.198827816999156,42.23665373739609],[-88.198849817174406,42.23650773706661],[-88.199038818156552,42.236043736108819],[-88.199039818334043,42.235780735486109],[-88.199009819244139,42.234242731817709],[-88.199015820993083,42.231630725630318],[-88.199020822758825,42.228987719368632],[-88.199026824606761,42.226225712825503],[-88.199069826004163,42.224342708392811],[-88.199100827232428,42.222650704403932],[-88.19911682775961,42.221938702727435],[-88.19916282925972,42.219914697961741],[-88.199171829383957,42.219774697636225],[-88.199195830105538,42.218810695367701],[-88.199232831627953,42.216703690398134],[-88.199236831712057,42.216597690149612],[-88.199253832038039,42.216194689206034],[-88.199254832072583,42.216147689095301],[-88.199260832396234,42.215689688013548],[-88.199275833233031,42.21450268520951],[-88.199288833957013,42.213475682783383],[-88.199303834925715,42.212088679504937],[-88.199307835181457,42.211722678639845],[-88.199316835884673,42.210705676234504],[-88.199332837151161,42.208872671898945],[-88.199337837539119,42.208311670572073],[-88.199340837793258,42.207942669699115],[-88.199343838033556,42.207594668875934],[-88.199348838423433,42.207030667541915],[-88.199352838772171,42.20652366634237],[-88.199353838849646,42.206411666077457],[-88.19934283905765,42.206038665185474],[-88.199345839625465,42.205194663186099],[-88.199346839673851,42.205126663025517],[-88.199353840602257,42.203757659783882],[-88.199374841198164,42.202965657919897],[-88.199387841565539,42.202477656771364],[-88.199387841595922,42.202431656662277],[-88.199392841896511,42.202002655648279],[-88.199393841988453,42.201868655331175],[-88.199411843466351,42.199724650258752],[-88.199423844498156,42.198224646709441],[-88.19942684474222,42.197870645871902],[-88.199427844834801,42.197735645552406],[-88.199427844843399,42.19772264552158],[-88.199431845152276,42.197275644464142],[-88.199447846464381,42.195371639959184],[-88.199452846876355,42.194773638544255],[-88.199457847285672,42.194179637138781],[-88.199462847716077,42.193553635657402],[-88.199463847819857,42.193401635297569],[-88.199468848213286,42.192831633948991],[-88.19946884825751,42.192764633790091],[-88.19946984829528,42.192712633667412],[-88.199468848332756,42.192650633519726],[-88.199469848367215,42.192603633408915],[-88.199471848470466,42.192457633063945],[-88.199475848839313,42.19191963179059],[-88.199475848867039,42.191877631690978],[-88.19947984918042,42.191423630616818],[-88.19948184930611,42.191243630191209],[-88.199482849357068,42.191171630021095],[-88.19948684971267,42.190653628795147],[-88.199487849836217,42.190471628364151],[-88.199506851390922,42.188214623023384],[-88.199507851518405,42.188026622578136],[-88.199508851647209,42.187836622128145],[-88.19951185180598,42.187611621596417],[-88.199512851831841,42.187577621516411],[-88.199511851838963,42.187561621477833],[-88.199513851953384,42.187398621092505],[-88.199513851972512,42.187369621023727],[-88.199513851992307,42.187339620952571],[-88.199514852065022,42.187234620704174],[-88.199547854804692,42.183253611282915],[-88.199575855868062,42.181786607820868],[-88.199564857318279,42.179531602465488],[-88.19965285992717,42.176029594212736],[-88.199722862036268,42.173190587520509],[-88.199759863561511,42.17106658250394],[-88.199755865015305,42.168840577220791],[-88.199755865083191,42.16873757697644],[-88.199755865092428,42.168723576943222],[-88.199567866771829,42.165217568516461],[-88.199553866931296,42.164904567765923],[-88.199446868127723,42.162547562113922],[-88.199447868935067,42.161329559225912],[-88.19944686898981,42.161241559016645],[-88.199450869143803,42.161028558513785],[-88.199494871068325,42.158335552151989],[-88.199500871278417,42.158047551472336],[-88.199580874044386,42.154259542532792],[-88.200838878232318,42.154255543222661],[-88.200962878644873,42.154255543291598],[-88.201571880667714,42.154260543642053],[-88.202354883272733,42.154260544077353],[-88.205108892433273,42.154263545615592],[-88.205863894943846,42.154265546040115],[-88.20628089632352,42.154277546300605],[-88.206490897024139,42.154274546410193],[-88.206926898478528,42.154268546638271],[-88.207228899485827,42.154264546796611],[-88.208235902836094,42.154264547356469],[-88.208672904289358,42.154265547601803],[-88.209246906199027,42.154265547920929],[-88.211676914284226,42.154264549269513],[-88.211778914623594,42.154264549326221],[-88.211815914746694,42.154264549346784],[-88.211835914813221,42.154264549357904],[-88.211863914906374,42.15426454937348],[-88.215473926913106,42.154270551394937],[-88.216757931180723,42.154277552125691],[-88.219094938955351,42.154278553427453],[-88.219334939752642,42.154280553565727],[-88.220039942098182,42.154280553957705],[-88.222815951332834,42.154282555506001],[-88.222880951549101,42.154282555542146],[-88.223370953175234,42.154289555831582],[-88.223698954271782,42.154280555992088],[-88.223828954704302,42.154280556064371],[-88.224590957237723,42.154283556495329],[-88.225284959546713,42.154283556881197],[-88.227969968479812,42.154283558374068],[-88.229653974081387,42.154285559315262],[-88.230583977174405,42.154287559837236],[-88.230947978383185,42.154291560049415],[-88.23108897885399,42.15428856012047],[-88.231110978927191,42.154288560132706],[-88.231606980577965,42.15428756040604],[-88.232248982713941,42.154287560763002],[-88.232396983205774,42.154288560847739],[-88.235662994070822,42.154290562668599],[-88.23592999495861,42.154291562819516],[-88.236801997861448,42.15428856329698],[-88.236950998357727,42.154287563377366],[-88.237063998733689,42.154287563440192],[-88.237398999852076,42.154280563609227],[-88.237549000352757,42.154277563685234],[-88.237712000897787,42.154272563763556],[-88.238202002536738,42.154256563996547],[-88.238366003084536,42.154252564077865],[-88.238446003352863,42.154248564112478],[-88.239576007143071,42.15419156460004],[-88.239989008533726,42.154160564753056],[-88.240197009232674,42.154147564836549],[-88.243150019168453,42.153935565952573],[-88.243288019631663,42.153927566009379],[-88.244300023029624,42.153866566419993],[-88.245451026894173,42.15379656688512],[-88.246351029915786,42.153741567247877],[-88.247836034913291,42.153626567785608],[-88.24836103664714,42.153649568133915],[-88.249883041673897,42.153716569144812],[-88.250149042421214,42.153727569520228],[-88.250399043031521,42.153736570011027],[-88.250652043649239,42.153745570507461],[-88.250764043921677,42.153751570732233],[-88.250785043972826,42.153752570774074],[-88.25141104549698,42.153783572024103],[-88.252149047294864,42.153818573493886],[-88.253168049778424,42.153865575519937],[-88.257686060796516,42.154072584498614],[-88.257731060904476,42.154078584597833],[-88.257844061183064,42.154077584807013],[-88.257859061220927,42.154075584830146],[-88.257877061267564,42.154070584851439],[-88.257917061367877,42.154066584916421],[-88.260030066583084,42.154034588795085],[-88.260074066693178,42.154030588867577],[-88.260856068622701,42.154019590305154],[-88.261134069329856,42.153968590699264],[-88.261802070991507,42.153928591851333],[-88.262392072459207,42.153892592867237],[-88.262487072696047,42.153885593027837],[-88.262543072835584,42.153881593122819],[-88.262589072950092,42.153878593201547],[-88.262645073084784,42.153885593323828],[-88.26489207868029,42.153729597146373],[-88.265149079339452,42.153666597471606],[-88.265598080436362,42.153683598354995],[-88.265769080856032,42.153685598680326],[-88.266310082183935,42.153691599708786],[-88.267443084963631,42.153707601871169],[-88.267886086050211,42.153714602718487],[-88.268478087502459,42.153723603849912],[-88.27036809212828,42.153779607529515],[-88.270761093089746,42.153792608297984],[-88.270785093148774,42.153792608342954],[-88.271778095579137,42.153823610280021],[-88.272375097047743,42.153823611398458],[-88.272416097148579,42.153823611475268],[-88.272793098070935,42.15383661221373],[-88.273280099262394,42.153853613168145],[-88.277281109062471,42.153970620952741],[-88.278247111448593,42.153945622700618],[-88.27969411502076,42.153912625329873],[-88.281580119684534,42.153844628695261],[-88.281941120573279,42.153842629366636],[-88.282123121021371,42.15384162970512],[-88.282201121213916,42.153839629846317],[-88.283965125572365,42.153782633010501],[-88.284650127261884,42.153768634259322],[-88.285429129181878,42.153756635689184],[-88.286487131794971,42.153722637587585],[-88.28683713265292,42.153731638265477],[-88.287623134586724,42.153729639733136],[-88.287756134911007,42.15373864000447],[-88.288852137599918,42.15376064211199],[-88.289341138802698,42.153760643028129],[-88.290285141115348,42.153791644872975],[-88.290472141574412,42.15379464523069],[-88.290651142014738,42.153794645566038],[-88.290895142613749,42.153798646032996],[-88.291124143174997,42.153805646479249],[-88.291562144251259,42.15380964730965],[-88.292285146017946,42.153850648764973],[-88.292314146088984,42.153851648821757],[-88.292346146167148,42.153853648886624],[-88.292656146924628,42.153871649511636],[-88.292820147324122,42.153885649853294],[-88.292953147647921,42.153897650131952],[-88.294205150723002,42.15391665252411],[-88.295569154076375,42.153926655103952],[-88.297013157626694,42.153936657833626],[-88.298917162330596,42.153861661216446],[-88.299556163901158,42.153867662428276],[-88.301576168866447,42.153885666256677],[-88.302542171246586,42.153870668029604],[-88.303589173823823,42.153864669976358],[-88.303815174383701,42.153847670358097],[-88.304013174878065,42.153815670650637],[-88.304169175265869,42.153797670898804],[-88.304447175956895,42.15376567134124],[-88.304652176461119,42.153765671725303],[-88.305386178267185,42.153762673093098],[-88.30593617962063,42.153759674116166],[-88.306520181057479,42.153757675205391],[-88.307597183707756,42.153751677208454],[-88.308123185001293,42.153752678196362],[-88.30827618537802,42.153750678478112],[-88.308529186000499,42.153749678949666],[-88.308678186366777,42.153750679231251],[-88.308935186998482,42.153752679717641],[-88.309294187880681,42.153756680400001],[-88.309763189032864,42.153763681295786],[-88.310188190077255,42.153768682104236],[-88.310768191502348,42.15377668321041],[-88.311729193863897,42.153788685040148],[-88.312443195618343,42.153798686402226],[-88.313282197680365,42.153808687998485],[-88.313753198837915,42.15381468889553],[-88.313865199113266,42.153815689107795],[-88.314040199543228,42.153818689442964],[-88.314178199882363,42.153820689706386],[-88.314362200334457,42.153823690058424],[-88.314787201379943,42.153823690854637],[-88.315197202388546,42.153823691622748],[-88.316262205005486,42.153841693661882],[-88.316418205389255,42.153841693954135],[-88.316681206035923,42.153843694451723],[-88.31703920691632,42.153845695127288],[-88.321167217068918,42.15386470290705],[-88.325281227188142,42.153881710655597],[-88.325323227291037,42.153885710744007],[-88.326030229030465,42.153885712068487],[-88.326125229264079,42.153886712248898],[-88.327126231726609,42.153888714129018],[-88.327134231745333,42.153897714165893],[-88.330911241037768,42.153901721251358],[-88.331714243012044,42.153918722796952],[-88.331910243494221,42.15391972316656],[-88.332619245238547,42.153921724499625],[-88.333447247273781,42.153949726118711],[-88.334206249142909,42.153927727487201],[-88.335605252584358,42.153940730139546],[-88.335741252919249,42.153936730384622],[-88.336121253853733,42.153945731118313],[-88.337508257263963,42.153996733840216],[-88.339158261324172,42.154001736943279],[-88.340441264481569,42.153999739341877],[-88.341786267791491,42.153998741859041],[-88.341917268114358,42.153981742063309],[-88.345469276855127,42.153980748714901],[-88.348679284754311,42.153992754757205],[-88.354186298306431,42.153997765085535],[-88.354413298865111,42.1539997655156]]]}}
]
}
