{
 "type": "FeatureCollection",
 "name": "schools",
 "crs": {
  "type": "name",
  "properties": {
   "name": "urn:ogc:def:crs:OGC:1.3/CRS84"
  }
 },
 "features": [
  {
   "type": "Feature",
   "properties": {
    "name": "ACERO - BRIGHTON PARK",
    "category": "schools",
    "source": "chicago_data_portal_pb6d-zzuh",
    "source_id": "400153",
    "retrieved": "2026-08-19",
    "subtype": "ES"
   },
   "geometry": {
    "type": "Point",
    "coordinates": [
     -87.693238,
     41.813109
    ]
   }
  },
  {
   "type": "Feature",
   "properties": {
    "name": "ACERO - CISNEROS",
    "category": "schools",
    "source": "chicago_data_portal_pb6d-zzuh",
    "source_id": "400101",
    "retrieved": "2026-08-19",
    "subtype": "ES"
   },
   "geometry": {
    "type": "Point",
    "coordinates": [
     -87.693996,
     41.822884
    ]
   }
  },
  {
   "type": "Feature",
   "properties": {
    "name": "ACERO - CLEMENTE",
    "category": "schools",
    "source": "chicago_data_portal_pb6d-zzuh",
    "source_id": "400120",
    "retrieved": "2026-08-19",
    "subtype": "ES"
   },
   "geometry": {
    "type": "Point",
    "coordinates": [
     -87.78783,
     41.917952
    ]
   }
  },
  {
   "type": "Feature",
   "properties": {
    "name": "ACERO - DE LAS CASAS",
    "category": "schools",
    "source": "chicago_data_portal_pb6d-zzuh",
    "source_id": "400081",
    "retrieved": "2026-08-19",
    "subtype": "ES"
   },
   "geometry": {
    "type": "Point",
    "coordinates": [
     -87.667949,
     41.859504
    ]
   }
  },
  {
   "type": "Feature",
   "properties": {
    "name": "ACERO - FUENTES",
    "category": "schools",
    "source": "chicago_data_portal_pb6d-zzuh",
    "source_id": "400082",
    "retrieved": "2026-08-19",
    "subtype": "ES"
   },
   "geometry": {
    "type": "Point",
    "coordinates": [
     -87.699594,
     41.937476
    ]
   }
  },
  {
   "type": "Feature",
   "properties": {
    "name": "ACERO - GARCIA HS",
    "category": "schools",
    "source": "chicago_data_portal_pb6d-zzuh",
    "source_id": "400085",
    "retrieved": "2026-08-19",
    "subtype": "HS"
   },
   "geometry": {
    "type": "Point",
    "coordinates": [
     -87.730467,
     41.809171
    ]
   }
  },
  {
   "type": "Feature",
   "properties": {
    "name": "ACERO - IDAR",
    "category": "schools",
    "source": "chicago_data_portal_pb6d-zzuh",
    "source_id": "400112",
    "retrieved": "2026-08-19",
    "subtype": "ES"
   },
   "geometry": {
    "type": "Point",
    "coordinates": [
     -87.708797,
     41.801042
    ]
   }
  },
  {
   "type": "Feature",
   "properties": {
    "name": "ACERO - MARQUEZ",
    "category": "schools",
    "source": "chicago_data_portal_pb6d-zzuh",
    "source_id": "400089",
    "retrieved": "2026-08-19",
    "subtype": "ES"
   },
   "geometry": {
    "type": "Point",
    "coordinates": [
     -87.697394,
     41.808309
    ]
   }
  },
  {
   "type": "Feature",
   "properties": {
    "name": "ACERO - SANTIAGO",
    "category": "schools",
    "source": "chicago_data_portal_pb6d-zzuh",
    "source_id": "400114",
    "retrieved": "2026-08-19",
    "subtype": "ES"
   },
   "geometry": {
    "type": "Point",
    "coordinates": [
     -87.689896,
     41.900344
    ]
   }
  },
  {
   "type": "Feature",
   "properties": {
    "name": "ACERO - SOTO HS",
    "category": "schools",
    "source": "chicago_data_portal_pb6d-zzuh",
    "source_id": "400149",
    "retrieved": "2026-08-19",
    "subtype": "HS"
   },
   "geometry": {
    "type": "Point",
    "coordinates": [
     -87.711025,
     41.801762
    ]
   }
  },
  {
   "type": "Feature",
   "properties": {
    "name": "ACERO - TAMAYO",
    "category": "schools",
    "source": "chicago_data_portal_pb6d-zzuh",
    "source_id": "400084",
    "retrieved": "2026-08-19",
    "subtype": "ES"
   },
   "geometry": {
    "type": "Point",
    "coordinates": [
     -87.693862,
     41.79993
    ]
   }
  },
  {
   "type": "Feature",
   "properties": {
    "name": "ACERO - TORRES",
    "category": "schools",
    "source": "chicago_data_portal_pb6d-zzuh",
    "source_id": "400080",
    "retrieved": "2026-08-19",
    "subtype": "ES"
   },
   "geometry": {
    "type": "Point",
    "coordinates": [
     -87.73045,
     41.8082
    ]
   }
  },
  {
   "type": "Feature",
   "properties": {
    "name": "ACERO - ZIZUMBO",
    "category": "schools",
    "source": "chicago_data_portal_pb6d-zzuh",
    "source_id": "400079",
    "retrieved": "2026-08-19",
    "subtype": "ES"
   },
   "geometry": {
    "type": "Point",
    "coordinates": [
     -87.730495,
     41.810135
    ]
   }
  },
  {
   "type": "Feature",
   "properties": {
    "name": "ADDAMS",
    "category": "schools",
    "source": "chicago_data_portal_pb6d-zzuh",
    "source_id": "609772",
    "retrieved": "2026-08-19",
    "subtype": "ES"
   },
   "geometry": {
    "type": "Point",
    "coordinates": [
     -87.532976,
     41.698739
    ]
   }
  },
  {
   "type": "Feature",
   "properties": {
    "name": "AIR FORCE HS",
    "category": "schools",
    "source": "chicago_data_portal_pb6d-zzuh",
    "source_id": "610513",
    "retrieved": "2026-08-19",
    "subtype": "HS"
   },
   "geometry": {
    "type": "Point",
    "coordinates": [
     -87.632757,
     41.828145
    ]
   }
  },
  {
   "type": "Feature",
   "properties": {
    "name": "ALBANY PARK",
    "category": "schools",
    "source": "chicago_data_portal_pb6d-zzuh",
    "source_id": "610212",
    "retrieved": "2026-08-19",
    "subtype": "ES"
   },
   "geometry": {
    "type": "Point",
    "coordinates": [
     -87.710609,
     41.971504
    ]
   }
  },
  {
   "type": "Feature",
   "properties": {
    "name": "ALCOTT ES",
    "category": "schools",
    "source": "chicago_data_portal_pb6d-zzuh",
    "source_id": "609774",
    "retrieved": "2026-08-19",
    "subtype": "ES"
   },
   "geometry": {
    "type": "Point",
    "coordinates": [
     -87.646413,
     41.92985
    ]
   }
  },
  {
   "type": "Feature",
   "properties": {
    "name": "ALCOTT HS",
    "category": "schools",
    "source": "chicago_data_portal_pb6d-zzuh",
    "source_id": "610524",
    "retrieved": "2026-08-19",
    "subtype": "HS"
   },
   "geometry": {
    "type": "Point",
    "coordinates": [
     -87.680562,
     41.935795
    ]
   }
  },
  {
   "type": "Feature",
   "properties": {
    "name": "ALDRIDGE",
    "category": "schools",
    "source": "chicago_data_portal_pb6d-zzuh",
    "source_id": "609848",
    "retrieved": "2026-08-19",
    "subtype": "ES"
   },
   "geometry": {
    "type": "Point",
    "coordinates": [
     -87.606474,
     41.657405
    ]
   }
  },
  {
   "type": "Feature",
   "properties": {
    "name": "AMUNDSEN HS",
    "category": "schools",
    "source": "chicago_data_portal_pb6d-zzuh",
    "source_id": "609695",
    "retrieved": "2026-08-19",
    "subtype": "HS"
   },
   "geometry": {
    "type": "Point",
    "coordinates": [
     -87.679484,
     41.975067
    ]
   }
  },
  {
   "type": "Feature",
   "properties": {
    "name": "ARIEL",
    "category": "schools",
    "source": "chicago_data_portal_pb6d-zzuh",
    "source_id": "609951",
    "retrieved": "2026-08-19",
    "subtype": "ES"
   },
   "geometry": {
    "type": "Point",
    "coordinates": [
     -87.597503,
     41.811173
    ]
   }
  },
  {
   "type": "Feature",
   "properties": {
    "name": "ARMOUR",
    "category": "schools",
    "source": "chicago_data_portal_pb6d-zzuh",
    "source_id": "609777",
    "retrieved": "2026-08-19",
    "subtype": "ES"
   },
   "geometry": {
    "type": "Point",
    "coordinates": [
     -87.650653,
     41.833854
    ]
   }
  },
  {
   "type": "Feature",
   "properties": {
    "name": "ARMSTRONG G",
    "category": "schools",
    "source": "chicago_data_portal_pb6d-zzuh",
    "source_id": "609779",
    "retrieved": "2026-08-19",
    "subtype": "ES"
   },
   "geometry": {
    "type": "Point",
    "coordinates": [
     -87.684442,
     42.01015
    ]
   }
  },
  {
   "type": "Feature",
   "properties": {
    "name": "ART IN MOTION",
    "category": "schools",
    "source": "chicago_data_portal_pb6d-zzuh",
    "source_id": "400181",
    "retrieved": "2026-08-19",
    "subtype": "HS"
   },
   "geometry": {
    "type": "Point",
    "coordinates": [
     -87.583328,
     41.760034
    ]
   }
  },
  {
   "type": "Feature",
   "properties": {
    "name": "ASHBURN",
    "category": "schools",
    "source": "chicago_data_portal_pb6d-zzuh",
    "source_id": "610287",
    "retrieved": "2026-08-19",
    "subtype": "ES"
   },
   "geometry": {
    "type": "Point",
    "coordinates": [
     -87.70961,
     41.742351
    ]
   }
  },
  {
   "type": "Feature",
   "properties": {
    "name": "ASHE",
    "category": "schools",
    "source": "chicago_data_portal_pb6d-zzuh",
    "source_id": "610268",
    "retrieved": "2026-08-19",
    "subtype": "ES"
   },
   "geometry": {
    "type": "Point",
    "coordinates": [
     -87.601174,
     41.740184
    ]
   }
  },
  {
   "type": "Feature",
   "properties": {
    "name": "ASPIRA - BUSINESS & FINANCE HS",
    "category": "schools",
    "source": "chicago_data_portal_pb6d-zzuh",
    "source_id": "400172",
    "retrieved": "2026-08-19",
    "subtype": "HS"
   },
   "geometry": {
    "type": "Point",
    "coordinates": [
     -87.718204,
     41.935726
    ]
   }
  },
  {
   "type": "Feature",
   "properties": {
    "name": "ASPIRA - EARLY COLLEGE HS",
    "category": "schools",
    "source": "chicago_data_portal_pb6d-zzuh",
    "source_id": "400013",
    "retrieved": "2026-08-19",
    "subtype": "HS"
   },
   "geometry": {
    "type": "Point",
    "coordinates": [
     -87.727096,
     41.937298
    ]
   }
  },
  {
   "type": "Feature",
   "properties": {
    "name": "AUDUBON",
    "category": "schools",
    "source": "chicago_data_portal_pb6d-zzuh",
    "source_id": "609782",
    "retrieved": "2026-08-19",
    "subtype": "ES"
   },
   "geometry": {
    "type": "Point",
    "coordinates": [
     -87.681041,
     41.945062
    ]
   }
  },
  {
   "type": "Feature",
   "properties": {
    "name": "AUSTIN CCA HS",
    "category": "schools",
    "source": "chicago_data_portal_pb6d-zzuh",
    "source_id": "610518",
    "retrieved": "2026-08-19",
    "subtype": "HS"
   },
   "geometry": {
    "type": "Point",
    "coordinates": [
     -87.761916,
     41.885993
    ]
   }
  },
  {
   "type": "Feature",
   "properties": {
    "name": "AVALON PARK",
    "category": "schools",
    "source": "chicago_data_portal_pb6d-zzuh",
    "source_id": "609786",
    "retrieved": "2026-08-19",
    "subtype": "ES"
   },
   "geometry": {
    "type": "Point",
    "coordinates": [
     -87.591654,
     41.748247
    ]
   }
  },
  {
   "type": "Feature",
   "properties": {
    "name": "AVONDALE-LOGANDALE",
    "category": "schools",
    "source": "chicago_data_portal_pb6d-zzuh",
    "source_id": "610325",
    "retrieved": "2026-08-19",
    "subtype": "ES"
   },
   "geometry": {
    "type": "Point",
    "coordinates": [
     -87.708041,
     41.93397
    ]
   }
  },
  {
   "type": "Feature",
   "properties": {
    "name": "AZUELA",
    "category": "schools",
    "source": "chicago_data_portal_pb6d-zzuh",
    "source_id": "610544",
    "retrieved": "2026-08-19",
    "subtype": "ES"
   },
   "geometry": {
    "type": "Point",
    "coordinates": [
     -87.73992,
     41.771079
    ]
   }
  },
  {
   "type": "Feature",
   "properties": {
    "name": "BACK OF THE YARDS HS",
    "category": "schools",
    "source": "chicago_data_portal_pb6d-zzuh",
    "source_id": "610563",
    "retrieved": "2026-08-19",
    "subtype": "HS"
   },
   "geometry": {
    "type": "Point",
    "coordinates": [
     -87.677541,
     41.808413
    ]
   }
  },
  {
   "type": "Feature",
   "properties": {
    "name": "BARNARD",
    "category": "schools",
    "source": "chicago_data_portal_pb6d-zzuh",
    "source_id": "609788",
    "retrieved": "2026-08-19",
    "subtype": "ES"
   },
   "geometry": {
    "type": "Point",
    "coordinates": [
     -87.658074,
     41.705131
    ]
   }
  },
  {
   "type": "Feature",
   "properties": {
    "name": "BARRY",
    "category": "schools",
    "source": "chicago_data_portal_pb6d-zzuh",
    "source_id": "609789",
    "retrieved": "2026-08-19",
    "subtype": "ES"
   },
   "geometry": {
    "type": "Point",
    "coordinates": [
     -87.739388,
     41.932511
    ]
   }
  },
  {
   "type": "Feature",
   "properties": {
    "name": "BARTON",
    "category": "schools",
    "source": "chicago_data_portal_pb6d-zzuh",
    "source_id": "609790",
    "retrieved": "2026-08-19",
    "subtype": "ES"
   },
   "geometry": {
    "type": "Point",
    "coordinates": [
     -87.670927,
     41.754194
    ]
   }
  },
  {
   "type": "Feature",
   "properties": {
    "name": "BASS",
    "category": "schools",
    "source": "chicago_data_portal_pb6d-zzuh",
    "source_id": "609791",
    "retrieved": "2026-08-19",
    "subtype": "ES"
   },
   "geometry": {
    "type": "Point",
    "coordinates": [
     -87.653532,
     41.774246
    ]
   }
  },
  {
   "type": "Feature",
   "properties": {
    "name": "BATEMAN",
    "category": "schools",
    "source": "chicago_data_portal_pb6d-zzuh",
    "source_id": "609792",
    "retrieved": "2026-08-19",
    "subtype": "ES"
   },
   "geometry": {
    "type": "Point",
    "coordinates": [
     -87.702151,
     41.95822
    ]
   }
  },
  {
   "type": "Feature",
   "properties": {
    "name": "BEARD",
    "category": "schools",
    "source": "chicago_data_portal_pb6d-zzuh",
    "source_id": "610083",
    "retrieved": "2026-08-19",
    "subtype": "ES"
   },
   "geometry": {
    "type": "Point",
    "coordinates": [
     -87.78963,
     41.970125
    ]
   }
  },
  {
   "type": "Feature",
   "properties": {
    "name": "BEASLEY",
    "category": "schools",
    "source": "chicago_data_portal_pb6d-zzuh",
    "source_id": "610246",
    "retrieved": "2026-08-19",
    "subtype": "ES"
   },
   "geometry": {
    "type": "Point",
    "coordinates": [
     -87.625692,
     41.798465
    ]
   }
  },
  {
   "type": "Feature",
   "properties": {
    "name": "BEAUBIEN",
    "category": "schools",
    "source": "chicago_data_portal_pb6d-zzuh",
    "source_id": "609796",
    "retrieved": "2026-08-19",
    "subtype": "ES"
   },
   "geometry": {
    "type": "Point",
    "coordinates": [
     -87.757565,
     41.972394
    ]
   }
  },
  {
   "type": "Feature",
   "properties": {
    "name": "BEETHOVEN",
    "category": "schools",
    "source": "chicago_data_portal_pb6d-zzuh",
    "source_id": "610237",
    "retrieved": "2026-08-19",
    "subtype": "ES"
   },
   "geometry": {
    "type": "Point",
    "coordinates": [
     -87.627137,
     41.809135
    ]
   }
  },
  {
   "type": "Feature",
   "properties": {
    "name": "BEIDLER",
    "category": "schools",
    "source": "chicago_data_portal_pb6d-zzuh",
    "source_id": "609797",
    "retrieved": "2026-08-19",
    "subtype": "ES"
   },
   "geometry": {
    "type": "Point",
    "coordinates": [
     -87.705855,
     41.885321
    ]
   }
  },
  {
   "type": "Feature",
   "properties": {
    "name": "BELDING",
    "category": "schools",
    "source": "chicago_data_portal_pb6d-zzuh",
    "source_id": "609798",
    "retrieved": "2026-08-19",
    "subtype": "ES"
   },
   "geometry": {
    "type": "Point",
    "coordinates": [
     -87.73402,
     41.958938
    ]
   }
  },
  {
   "type": "Feature",
   "properties": {
    "name": "BELL",
    "category": "schools",
    "source": "chicago_data_portal_pb6d-zzuh",
    "source_id": "609799",
    "retrieved": "2026-08-19",
    "subtype": "ES"
   },
   "geometry": {
    "type": "Point",
    "coordinates": [
     -87.686018,
     41.94953
    ]
   }
  },
  {
   "type": "Feature",
   "properties": {
    "name": "BELMONT-CRAGIN",
    "category": "schools",
    "source": "chicago_data_portal_pb6d-zzuh",
    "source_id": "609922",
    "retrieved": "2026-08-19",
    "subtype": "ES"
   },
   "geometry": {
    "type": "Point",
    "coordinates": [
     -87.781701,
     41.924245
    ]
   }
  },
  {
   "type": "Feature",
   "properties": {
    "name": "BENNETT",
    "category": "schools",
    "source": "chicago_data_portal_pb6d-zzuh",
    "source_id": "609800",
    "retrieved": "2026-08-19",
    "subtype": "ES"
   },
   "geometry": {
    "type": "Point",
    "coordinates": [
     -87.61739,
     41.710435
    ]
   }
  },
  {
   "type": "Feature",
   "properties": {
    "name": "BLACK",
    "category": "schools",
    "source": "chicago_data_portal_pb6d-zzuh",
    "source_id": "610350",
    "retrieved": "2026-08-19",
    "subtype": "ES"
   },
   "geometry": {
    "type": "Point",
    "coordinates": [
     -87.576643,
     41.729692
    ]
   }
  },
  {
   "type": "Feature",
   "properties": {
    "name": "BLAINE",
    "category": "schools",
    "source": "chicago_data_portal_pb6d-zzuh",
    "source_id": "609803",
    "retrieved": "2026-08-19",
    "subtype": "ES"
   },
   "geometry": {
    "type": "Point",
    "coordinates": [
     -87.664968,
     41.950781
    ]
   }
  },
  {
   "type": "Feature",
   "properties": {
    "name": "BLAIR",
    "category": "schools",
    "source": "chicago_data_portal_pb6d-zzuh",
    "source_id": "610087",
    "retrieved": "2026-08-19",
    "subtype": "ES"
   },
   "geometry": {
    "type": "Point",
    "coordinates": [
     -87.790604,
     41.776556
    ]
   }
  },
  {
   "type": "Feature",
   "properties": {
    "name": "BOGAN HS",
    "category": "schools",
    "source": "chicago_data_portal_pb6d-zzuh",
    "source_id": "609698",
    "retrieved": "2026-08-19",
    "subtype": "HS"
   },
   "geometry": {
    "type": "Point",
    "coordinates": [
     -87.721097,
     41.749376
    ]
   }
  },
  {
   "type": "Feature",
   "properties": {
    "name": "BOND",
    "category": "schools",
    "source": "chicago_data_portal_pb6d-zzuh",
    "source_id": "610238",
    "retrieved": "2026-08-19",
    "subtype": "ES"
   },
   "geometry": {
    "type": "Point",
    "coordinates": [
     -87.653018,
     41.765361
    ]
   }
  },
  {
   "type": "Feature",
   "properties": {
    "name": "BOUCHET",
    "category": "schools",
    "source": "chicago_data_portal_pb6d-zzuh",
    "source_id": "609815",
    "retrieved": "2026-08-19",
    "subtype": "ES"
   },
   "geometry": {
    "type": "Point",
    "coordinates": [
     -87.576075,
     41.760847
    ]
   }
  },
  {
   "type": "Feature",
   "properties": {
    "name": "BOWEN HS",
    "category": "schools",
    "source": "chicago_data_portal_pb6d-zzuh",
    "source_id": "610323",
    "retrieved": "2026-08-19",
    "subtype": "HS"
   },
   "geometry": {
    "type": "Point",
    "coordinates": [
     -87.55755,
     41.734627
    ]
   }
  },
  {
   "type": "Feature",
   "properties": {
    "name": "BRADWELL",
    "category": "schools",
    "source": "chicago_data_portal_pb6d-zzuh",
    "source_id": "609806",
    "retrieved": "2026-08-19",
    "subtype": "ES"
   },
   "geometry": {
    "type": "Point",
    "coordinates": [
     -87.557142,
     41.754365
    ]
   }
  },
  {
   "type": "Feature",
   "properties": {
    "name": "BRENNEMANN",
    "category": "schools",
    "source": "chicago_data_portal_pb6d-zzuh",
    "source_id": "610242",
    "retrieved": "2026-08-19",
    "subtype": "ES"
   },
   "geometry": {
    "type": "Point",
    "coordinates": [
     -87.649749,
     41.959984
    ]
   }
  },
  {
   "type": "Feature",
   "properties": {
    "name": "BRENTANO",
    "category": "schools",
    "source": "chicago_data_portal_pb6d-zzuh",
    "source_id": "609809",
    "retrieved": "2026-08-19",
    "subtype": "ES"
   },
   "geometry": {
    "type": "Point",
    "coordinates": [
     -87.696294,
     41.930966
    ]
   }
  },
  {
   "type": "Feature",
   "properties": {
    "name": "BRIDGE",
    "category": "schools",
    "source": "chicago_data_portal_pb6d-zzuh",
    "source_id": "609810",
    "retrieved": "2026-08-19",
    "subtype": "ES"
   },
   "geometry": {
    "type": "Point",
    "coordinates": [
     -87.798669,
     41.949114
    ]
   }
  },
  {
   "type": "Feature",
   "properties": {
    "name": "BRIGHT",
    "category": "schools",
    "source": "chicago_data_portal_pb6d-zzuh",
    "source_id": "609811",
    "retrieved": "2026-08-19",
    "subtype": "ES"
   },
   "geometry": {
    "type": "Point",
    "coordinates": [
     -87.562084,
     41.699726
    ]
   }
  },
  {
   "type": "Feature",
   "properties": {
    "name": "BRIGHTON PARK",
    "category": "schools",
    "source": "chicago_data_portal_pb6d-zzuh",
    "source_id": "610317",
    "retrieved": "2026-08-19",
    "subtype": "ES"
   },
   "geometry": {
    "type": "Point",
    "coordinates": [
     -87.692077,
     41.8239
    ]
   }
  },
  {
   "type": "Feature",
   "properties": {
    "name": "BRONZEVILLE CLASSICAL",
    "category": "schools",
    "source": "chicago_data_portal_pb6d-zzuh",
    "source_id": "610590",
    "retrieved": "2026-08-19",
    "subtype": "ES"
   },
   "geometry": {
    "type": "Point",
    "coordinates": [
     -87.626621,
     41.819249
    ]
   }
  },
  {
   "type": "Feature",
   "properties": {
    "name": "BRONZEVILLE HS",
    "category": "schools",
    "source": "chicago_data_portal_pb6d-zzuh",
    "source_id": "610381",
    "retrieved": "2026-08-19",
    "subtype": "HS"
   },
   "geometry": {
    "type": "Point",
    "coordinates": [
     -87.625004,
     41.805204
    ]
   }
  },
  {
   "type": "Feature",
   "properties": {
    "name": "BROOKS HS",
    "category": "schools",
    "source": "chicago_data_portal_pb6d-zzuh",
    "source_id": "609726",
    "retrieved": "2026-08-19",
    "subtype": "HS"
   },
   "geometry": {
    "type": "Point",
    "coordinates": [
     -87.616353,
     41.692763
    ]
   }
  },
  {
   "type": "Feature",
   "properties": {
    "name": "BROWN R",
    "category": "schools",
    "source": "chicago_data_portal_pb6d-zzuh",
    "source_id": "610091",
    "retrieved": "2026-08-19",
    "subtype": "ES"
   },
   "geometry": {
    "type": "Point",
    "coordinates": [
     -87.638958,
     41.664873
    ]
   }
  },
  {
   "type": "Feature",
   "properties": {
    "name": "BROWN W",
    "category": "schools",
    "source": "chicago_data_portal_pb6d-zzuh",
    "source_id": "609812",
    "retrieved": "2026-08-19",
    "subtype": "ES"
   },
   "geometry": {
    "type": "Point",
    "coordinates": [
     -87.670682,
     41.882997
    ]
   }
  },
  {
   "type": "Feature",
   "properties": {
    "name": "BROWNELL",
    "category": "schools",
    "source": "chicago_data_portal_pb6d-zzuh",
    "source_id": "609813",
    "retrieved": "2026-08-19",
    "subtype": "ES"
   },
   "geometry": {
    "type": "Point",
    "coordinates": [
     -87.621746,
     41.77162
    ]
   }
  },
  {
   "type": "Feature",
   "properties": {
    "name": "BRUNSON",
    "category": "schools",
    "source": "chicago_data_portal_pb6d-zzuh",
    "source_id": "609830",
    "retrieved": "2026-08-19",
    "subtype": "ES"
   },
   "geometry": {
    "type": "Point",
    "coordinates": [
     -87.765606,
     41.897663
    ]
   }
  },
  {
   "type": "Feature",
   "properties": {
    "name": "BUDLONG",
    "category": "schools",
    "source": "chicago_data_portal_pb6d-zzuh",
    "source_id": "609817",
    "retrieved": "2026-08-19",
    "subtype": "ES"
   },
   "geometry": {
    "type": "Point",
    "coordinates": [
     -87.696556,
     41.975754
    ]
   }
  },
  {
   "type": "Feature",
   "properties": {
    "name": "BURBANK",
    "category": "schools",
    "source": "chicago_data_portal_pb6d-zzuh",
    "source_id": "609818",
    "retrieved": "2026-08-19",
    "subtype": "ES"
   },
   "geometry": {
    "type": "Point",
    "coordinates": [
     -87.7827,
     41.917598
    ]
   }
  },
  {
   "type": "Feature",
   "properties": {
    "name": "BURKE",
    "category": "schools",
    "source": "chicago_data_portal_pb6d-zzuh",
    "source_id": "609819",
    "retrieved": "2026-08-19",
    "subtype": "ES"
   },
   "geometry": {
    "type": "Point",
    "coordinates": [
     -87.616141,
     41.79676
    ]
   }
  },
  {
   "type": "Feature",
   "properties": {
    "name": "BURLEY",
    "category": "schools",
    "source": "chicago_data_portal_pb6d-zzuh",
    "source_id": "609820",
    "retrieved": "2026-08-19",
    "subtype": "ES"
   },
   "geometry": {
    "type": "Point",
    "coordinates": [
     -87.669853,
     41.937937
    ]
   }
  },
  {
   "type": "Feature",
   "properties": {
    "name": "BURNHAM",
    "category": "schools",
    "source": "chicago_data_portal_pb6d-zzuh",
    "source_id": "609821",
    "retrieved": "2026-08-19",
    "subtype": "ES"
   },
   "geometry": {
    "type": "Point",
    "coordinates": [
     -87.567131,
     41.714402
    ]
   }
  },
  {
   "type": "Feature",
   "properties": {
    "name": "BURNSIDE",
    "category": "schools",
    "source": "chicago_data_portal_pb6d-zzuh",
    "source_id": "609827",
    "retrieved": "2026-08-19",
    "subtype": "ES"
   },
   "geometry": {
    "type": "Point",
    "coordinates": [
     -87.607435,
     41.728481
    ]
   }
  },
  {
   "type": "Feature",
   "properties": {
    "name": "BURR",
    "category": "schools",
    "source": "chicago_data_portal_pb6d-zzuh",
    "source_id": "609828",
    "retrieved": "2026-08-19",
    "subtype": "ES"
   },
   "geometry": {
    "type": "Point",
    "coordinates": [
     -87.668661,
     41.912358
    ]
   }
  },
  {
   "type": "Feature",
   "properties": {
    "name": "BURROUGHS",
    "category": "schools",
    "source": "chicago_data_portal_pb6d-zzuh",
    "source_id": "609829",
    "retrieved": "2026-08-19",
    "subtype": "ES"
   },
   "geometry": {
    "type": "Point",
    "coordinates": [
     -87.692457,
     41.828868
    ]
   }
  },
  {
   "type": "Feature",
   "properties": {
    "name": "BYRNE",
    "category": "schools",
    "source": "chicago_data_portal_pb6d-zzuh",
    "source_id": "609832",
    "retrieved": "2026-08-19",
    "subtype": "ES"
   },
   "geometry": {
    "type": "Point",
    "coordinates": [
     -87.791544,
     41.795031
    ]
   }
  },
  {
   "type": "Feature",
   "properties": {
    "name": "CALMECA",
    "category": "schools",
    "source": "chicago_data_portal_pb6d-zzuh",
    "source_id": "610353",
    "retrieved": "2026-08-19",
    "subtype": "ES"
   },
   "geometry": {
    "type": "Point",
    "coordinates": [
     -87.711654,
     41.824377
    ]
   }
  },
  {
   "type": "Feature",
   "properties": {
    "name": "CAMERON",
    "category": "schools",
    "source": "chicago_data_portal_pb6d-zzuh",
    "source_id": "609835",
    "retrieved": "2026-08-19",
    "subtype": "ES"
   },
   "geometry": {
    "type": "Point",
    "coordinates": [
     -87.717927,
     41.903792
    ]
   }
  },
  {
   "type": "Feature",
   "properties": {
    "name": "CAMRAS",
    "category": "schools",
    "source": "chicago_data_portal_pb6d-zzuh",
    "source_id": "610539",
    "retrieved": "2026-08-19",
    "subtype": "ES"
   },
   "geometry": {
    "type": "Point",
    "coordinates": [
     -87.770127,
     41.934931
    ]
   }
  },
  {
   "type": "Feature",
   "properties": {
    "name": "CANTY",
    "category": "schools",
    "source": "chicago_data_portal_pb6d-zzuh",
    "source_id": "609836",
    "retrieved": "2026-08-19",
    "subtype": "ES"
   },
   "geometry": {
    "type": "Point",
    "coordinates": [
     -87.829296,
     41.948007
    ]
   }
  },
  {
   "type": "Feature",
   "properties": {
    "name": "CARDENAS",
    "category": "schools",
    "source": "chicago_data_portal_pb6d-zzuh",
    "source_id": "610024",
    "retrieved": "2026-08-19",
    "subtype": "ES"
   },
   "geometry": {
    "type": "Point",
    "coordinates": [
     -87.716017,
     41.848488
    ]
   }
  },
  {
   "type": "Feature",
   "properties": {
    "name": "CARNEGIE",
    "category": "schools",
    "source": "chicago_data_portal_pb6d-zzuh",
    "source_id": "609837",
    "retrieved": "2026-08-19",
    "subtype": "ES"
   },
   "geometry": {
    "type": "Point",
    "coordinates": [
     -87.590795,
     41.783368
    ]
   }
  },
  {
   "type": "Feature",
   "properties": {
    "name": "CARROLL",
    "category": "schools",
    "source": "chicago_data_portal_pb6d-zzuh",
    "source_id": "609839",
    "retrieved": "2026-08-19",
    "subtype": "ES"
   },
   "geometry": {
    "type": "Point",
    "coordinates": [
     -87.696012,
     41.742517
    ]
   }
  },
  {
   "type": "Feature",
   "properties": {
    "name": "CARSON",
    "category": "schools",
    "source": "chicago_data_portal_pb6d-zzuh",
    "source_id": "609842",
    "retrieved": "2026-08-19",
    "subtype": "ES"
   },
   "geometry": {
    "type": "Point",
    "coordinates": [
     -87.6878,
     41.793272
    ]
   }
  },
  {
   "type": "Feature",
   "properties": {
    "name": "CARTER",
    "category": "schools",
    "source": "chicago_data_portal_pb6d-zzuh",
    "source_id": "609844",
    "retrieved": "2026-08-19",
    "subtype": "ES"
   },
   "geometry": {
    "type": "Point",
    "coordinates": [
     -87.622453,
     41.789828
    ]
   }
  },
  {
   "type": "Feature",
   "properties": {
    "name": "CARVER G",
    "category": "schools",
    "source": "chicago_data_portal_pb6d-zzuh",
    "source_id": "609845",
    "retrieved": "2026-08-19",
    "subtype": "ES"
   },
   "geometry": {
    "type": "Point",
    "coordinates": [
     -87.599516,
     41.65254
    ]
   }
  },
  {
   "type": "Feature",
   "properties": {
    "name": "CARVER MILITARY HS",
    "category": "schools",
    "source": "chicago_data_portal_pb6d-zzuh",
    "source_id": "609760",
    "retrieved": "2026-08-19",
    "subtype": "HS"
   },
   "geometry": {
    "type": "Point",
    "coordinates": [
     -87.59062,
     41.65629
    ]
   }
  },
  {
   "type": "Feature",
   "properties": {
    "name": "CASALS",
    "category": "schools",
    "source": "chicago_data_portal_pb6d-zzuh",
    "source_id": "610021",
    "retrieved": "2026-08-19",
    "subtype": "ES"
   },
   "geometry": {
    "type": "Point",
    "coordinates": [
     -87.714234,
     41.904503
    ]
   }
  },
  {
   "type": "Feature",
   "properties": {
    "name": "CASSELL",
    "category": "schools",
    "source": "chicago_data_portal_pb6d-zzuh",
    "source_id": "609849",
    "retrieved": "2026-08-19",
    "subtype": "ES"
   },
   "geometry": {
    "type": "Point",
    "coordinates": [
     -87.703215,
     41.687347
    ]
   }
  },
  {
   "type": "Feature",
   "properties": {
    "name": "CATALPA",
    "category": "schools",
    "source": "chicago_data_portal_pb6d-zzuh",
    "source_id": "610599",
    "retrieved": "2026-08-19",
    "subtype": "ES"
   },
   "geometry": {
    "type": "Point",
    "coordinates": [
     -87.757791,
     41.961983
    ]
   }
  },
  {
   "type": "Feature",
   "properties": {
    "name": "CATALYST - CIRCLE ROCK",
    "category": "schools",
    "source": "chicago_data_portal_pb6d-zzuh",
    "source_id": "400021",
    "retrieved": "2026-08-19",
    "subtype": "ES"
   },
   "geometry": {
    "type": "Point",
    "coordinates": [
     -87.765322,
     41.882322
    ]
   }
  },
  {
   "type": "Feature",
   "properties": {
    "name": "CATALYST - MARIA ES",
    "category": "schools",
    "source": "chicago_data_portal_pb6d-zzuh",
    "source_id": "400115",
    "retrieved": "2026-08-19",
    "subtype": "ES"
   },
   "geometry": {
    "type": "Point",
    "coordinates": [
     -87.693081,
     41.771
    ]
   }
  },
  {
   "type": "Feature",
   "properties": {
    "name": "CATALYST - MARIA HS",
    "category": "schools",
    "source": "chicago_data_portal_pb6d-zzuh",
    "source_id": "400182",
    "retrieved": "2026-08-19",
    "subtype": "HS"
   },
   "geometry": {
    "type": "Point",
    "coordinates": [
     -87.693071,
     41.770249
    ]
   }
  },
  {
   "type": "Feature",
   "properties": {
    "name": "CATHER",
    "category": "schools",
    "source": "chicago_data_portal_pb6d-zzuh",
    "source_id": "610251",
    "retrieved": "2026-08-19",
    "subtype": "ES"
   },
   "geometry": {
    "type": "Point",
    "coordinates": [
     -87.699187,
     41.88295
    ]
   }
  },
  {
   "type": "Feature",
   "properties": {
    "name": "CHALMERS",
    "category": "schools",
    "source": "chicago_data_portal_pb6d-zzuh",
    "source_id": "609851",
    "retrieved": "2026-08-19",
    "subtype": "ES"
   },
   "geometry": {
    "type": "Point",
    "coordinates": [
     -87.695259,
     41.866435
    ]
   }
  },
  {
   "type": "Feature",
   "properties": {
    "name": "CHAPPELL",
    "category": "schools",
    "source": "chicago_data_portal_pb6d-zzuh",
    "source_id": "609852",
    "retrieved": "2026-08-19",
    "subtype": "ES"
   },
   "geometry": {
    "type": "Point",
    "coordinates": [
     -87.683264,
     41.975894
    ]
   }
  },
  {
   "type": "Feature",
   "properties": {
    "name": "CHASE",
    "category": "schools",
    "source": "chicago_data_portal_pb6d-zzuh",
    "source_id": "609853",
    "retrieved": "2026-08-19",
    "subtype": "ES"
   },
   "geometry": {
    "type": "Point",
    "coordinates": [
     -87.694562,
     41.917993
    ]
   }
  },
  {
   "type": "Feature",
   "properties": {
    "name": "CHAVEZ",
    "category": "schools",
    "source": "chicago_data_portal_pb6d-zzuh",
    "source_id": "610148",
    "retrieved": "2026-08-19",
    "subtype": "ES"
   },
   "geometry": {
    "type": "Point",
    "coordinates": [
     -87.666037,
     41.807143
    ]
   }
  },
  {
   "type": "Feature",
   "properties": {
    "name": "CHIARTS HS",
    "category": "schools",
    "source": "chicago_data_portal_pb6d-zzuh",
    "source_id": "400022",
    "retrieved": "2026-08-19",
    "subtype": "HS"
   },
   "geometry": {
    "type": "Point",
    "coordinates": [
     -87.694945,
     41.899377
    ]
   }
  },
  {
   "type": "Feature",
   "properties": {
    "name": "CHICAGO ACADEMY ES",
    "category": "schools",
    "source": "chicago_data_portal_pb6d-zzuh",
    "source_id": "610248",
    "retrieved": "2026-08-19",
    "subtype": "ES"
   },
   "geometry": {
    "type": "Point",
    "coordinates": [
     -87.778187,
     41.943056
    ]
   }
  },
  {
   "type": "Feature",
   "properties": {
    "name": "CHICAGO ACADEMY HS",
    "category": "schools",
    "source": "chicago_data_portal_pb6d-zzuh",
    "source_id": "610340",
    "retrieved": "2026-08-19",
    "subtype": "HS"
   },
   "geometry": {
    "type": "Point",
    "coordinates": [
     -87.776847,
     41.943054
    ]
   }
  },
  {
   "type": "Feature",
   "properties": {
    "name": "CHICAGO AGRICULTURE HS",
    "category": "schools",
    "source": "chicago_data_portal_pb6d-zzuh",
    "source_id": "609753",
    "retrieved": "2026-08-19",
    "subtype": "HS"
   },
   "geometry": {
    "type": "Point",
    "coordinates": [
     -87.71777,
     41.691221
    ]
   }
  },
  {
   "type": "Feature",
   "properties": {
    "name": "CHICAGO COLLEGIATE",
    "category": "schools",
    "source": "chicago_data_portal_pb6d-zzuh",
    "source_id": "400161",
    "retrieved": "2026-08-19",
    "subtype": "HS"
   },
   "geometry": {
    "type": "Point",
    "coordinates": [
     -87.617968,
     41.679318
    ]
   }
  },
  {
   "type": "Feature",
   "properties": {
    "name": "CHICAGO EXCEL HS",
    "category": "schools",
    "source": "chicago_data_portal_pb6d-zzuh",
    "source_id": "400147",
    "retrieved": "2026-08-19",
    "subtype": "HS"
   },
   "geometry": {
    "type": "Point",
    "coordinates": [
     -87.653727,
     41.691969
    ]
   }
  },
  {
   "type": "Feature",
   "properties": {
    "name": "CHICAGO MATH & SCIENCE HS",
    "category": "schools",
    "source": "chicago_data_portal_pb6d-zzuh",
    "source_id": "400035",
    "retrieved": "2026-08-19",
    "subtype": "HS"
   },
   "geometry": {
    "type": "Point",
    "coordinates": [
     -87.674818,
     42.013031
    ]
   }
  },
  {
   "type": "Feature",
   "properties": {
    "name": "CHICAGO MILITARY HS",
    "category": "schools",
    "source": "chicago_data_portal_pb6d-zzuh",
    "source_id": "609754",
    "retrieved": "2026-08-19",
    "subtype": "HS"
   },
   "geometry": {
    "type": "Point",
    "coordinates": [
     -87.619216,
     41.830555
    ]
   }
  },
  {
   "type": "Feature",
   "properties": {
    "name": "CHICAGO TECH HS",
    "category": "schools",
    "source": "chicago_data_portal_pb6d-zzuh",
    "source_id": "400091",
    "retrieved": "2026-08-19",
    "subtype": "HS"
   },
   "geometry": {
    "type": "Point",
    "coordinates": [
     -87.659095,
     41.863301
    ]
   }
  },
  {
   "type": "Feature",
   "properties": {
    "name": "CHICAGO VOCATIONAL HS",
    "category": "schools",
    "source": "chicago_data_portal_pb6d-zzuh",
    "source_id": "609674",
    "retrieved": "2026-08-19",
    "subtype": "HS"
   },
   "geometry": {
    "type": "Point",
    "coordinates": [
     -87.573268,
     41.737174
    ]
   }
  },
  {
   "type": "Feature",
   "properties": {
    "name": "CHICAGO WORLD LANGUAGE ACADEMY",
    "category": "schools",
    "source": "chicago_data_portal_pb6d-zzuh",
    "source_id": "610060",
    "retrieved": "2026-08-19",
    "subtype": "ES"
   },
   "geometry": {
    "type": "Point",
    "coordinates": [
     -87.660985,
     41.8743
    ]
   }
  },
  {
   "type": "Feature",
   "properties": {
    "name": "CHOPIN",
    "category": "schools",
    "source": "chicago_data_portal_pb6d-zzuh",
    "source_id": "609854",
    "retrieved": "2026-08-19",
    "subtype": "ES"
   },
   "geometry": {
    "type": "Point",
    "coordinates": [
     -87.688937,
     41.896713
    ]
   }
  },
  {
   "type": "Feature",
   "properties": {
    "name": "CHRISTOPHER",
    "category": "schools",
    "source": "chicago_data_portal_pb6d-zzuh",
    "source_id": "609855",
    "retrieved": "2026-08-19",
    "subtype": "ES"
   },
   "geometry": {
    "type": "Point",
    "coordinates": [
     -87.685607,
     41.801659
    ]
   }
  },
  {
   "type": "Feature",
   "properties": {
    "name": "CHRISTOPHER HOUSE",
    "category": "schools",
    "source": "chicago_data_portal_pb6d-zzuh",
    "source_id": "400159",
    "retrieved": "2026-08-19",
    "subtype": "ES"
   },
   "geometry": {
    "type": "Point",
    "coordinates": [
     -87.757522,
     41.922181
    ]
   }
  },
  {
   "type": "Feature",
   "properties": {
    "name": "CICS - AVALON/SOUTH SHORE",
    "category": "schools",
    "source": "chicago_data_portal_pb6d-zzuh",
    "source_id": "400023",
    "retrieved": "2026-08-19",
    "subtype": "ES"
   },
   "geometry": {
    "type": "Point",
    "coordinates": [
     -87.587928,
     41.743179
    ]
   }
  },
  {
   "type": "Feature",
   "properties": {
    "name": "CICS - BASIL",
    "category": "schools",
    "source": "chicago_data_portal_pb6d-zzuh",
    "source_id": "400024",
    "retrieved": "2026-08-19",
    "subtype": "ES"
   },
   "geometry": {
    "type": "Point",
    "coordinates": [
     -87.670243,
     41.794043
    ]
   }
  },
  {
   "type": "Feature",
   "properties": {
    "name": "CICS - BOND",
    "category": "schools",
    "source": "chicago_data_portal_pb6d-zzuh",
    "source_id": "400092",
    "retrieved": "2026-08-19",
    "subtype": "ES"
   },
   "geometry": {
    "type": "Point",
    "coordinates": [
     -87.605039,
     41.653663
    ]
   }
  },
  {
   "type": "Feature",
   "properties": {
    "name": "CICS - BUCKTOWN",
    "category": "schools",
    "source": "chicago_data_portal_pb6d-zzuh",
    "source_id": "400025",
    "retrieved": "2026-08-19",
    "subtype": "ES"
   },
   "geometry": {
    "type": "Point",
    "coordinates": [
     -87.681358,
     41.922415
    ]
   }
  },
  {
   "type": "Feature",
   "properties": {
    "name": "CICS - ELLISON HS",
    "category": "schools",
    "source": "chicago_data_portal_pb6d-zzuh",
    "source_id": "400032",
    "retrieved": "2026-08-19",
    "subtype": "HS"
   },
   "geometry": {
    "type": "Point",
    "coordinates": [
     -87.66898,
     41.748382
    ]
   }
  },
  {
   "type": "Feature",
   "properties": {
    "name": "CICS - IRVING PARK",
    "category": "schools",
    "source": "chicago_data_portal_pb6d-zzuh",
    "source_id": "400027",
    "retrieved": "2026-08-19",
    "subtype": "ES"
   },
   "geometry": {
    "type": "Point",
    "coordinates": [
     -87.710492,
     41.950891
    ]
   }
  },
  {
   "type": "Feature",
   "properties": {
    "name": "CICS - LONGWOOD",
    "category": "schools",
    "source": "chicago_data_portal_pb6d-zzuh",
    "source_id": "400033",
    "retrieved": "2026-08-19",
    "subtype": "HS"
   },
   "geometry": {
    "type": "Point",
    "coordinates": [
     -87.655768,
     41.721221
    ]
   }
  },
  {
   "type": "Feature",
   "properties": {
    "name": "CICS - LOOMIS",
    "category": "schools",
    "source": "chicago_data_portal_pb6d-zzuh",
    "source_id": "400026",
    "retrieved": "2026-08-19",
    "subtype": "ES"
   },
   "geometry": {
    "type": "Point",
    "coordinates": [
     -87.657561,
     41.720246
    ]
   }
  },
  {
   "type": "Feature",
   "properties": {
    "name": "CICS - NORTHTOWN HS",
    "category": "schools",
    "source": "chicago_data_portal_pb6d-zzuh",
    "source_id": "400034",
    "retrieved": "2026-08-19",
    "subtype": "HS"
   },
   "geometry": {
    "type": "Point",
    "coordinates": [
     -87.726504,
     41.990245
    ]
   }
  },
  {
   "type": "Feature",
   "properties": {
    "name": "CICS - PRAIRIE",
    "category": "schools",
    "source": "chicago_data_portal_pb6d-zzuh",
    "source_id": "400028",
    "retrieved": "2026-08-19",
    "subtype": "ES"
   },
   "geometry": {
    "type": "Point",
    "coordinates": [
     -87.616888,
     41.684433
    ]
   }
  },
  {
   "type": "Feature",
   "properties": {
    "name": "CICS - WASHINGTON PARK",
    "category": "schools",
    "source": "chicago_data_portal_pb6d-zzuh",
    "source_id": "400029",
    "retrieved": "2026-08-19",
    "subtype": "ES"
   },
   "geometry": {
    "type": "Point",
    "coordinates": [
     -87.621261,
     41.784126
    ]
   }
  },
  {
   "type": "Feature",
   "properties": {
    "name": "CICS - WEST BELDEN",
    "category": "schools",
    "source": "chicago_data_portal_pb6d-zzuh",
    "source_id": "400030",
    "retrieved": "2026-08-19",
    "subtype": "ES"
   },
   "geometry": {
    "type": "Point",
    "coordinates": [
     -87.776749,
     41.921687
    ]
   }
  },
  {
   "type": "Feature",
   "properties": {
    "name": "CICS - WRIGHTWOOD",
    "category": "schools",
    "source": "chicago_data_portal_pb6d-zzuh",
    "source_id": "400031",
    "retrieved": "2026-08-19",
    "subtype": "ES"
   },
   "geometry": {
    "type": "Point",
    "coordinates": [
     -87.692614,
     41.745365
    ]
   }
  },
  {
   "type": "Feature",
   "properties": {
    "name": "CLAREMONT",
    "category": "schools",
    "source": "chicago_data_portal_pb6d-zzuh",
    "source_id": "610347",
    "retrieved": "2026-08-19",
    "subtype": "ES"
   },
   "geometry": {
    "type": "Point",
    "coordinates": [
     -87.681061,
     41.777511
    ]
   }
  },
  {
   "type": "Feature",
   "properties": {
    "name": "CLARK ES",
    "category": "schools",
    "source": "chicago_data_portal_pb6d-zzuh",
    "source_id": "609795",
    "retrieved": "2026-08-19",
    "subtype": "ES"
   },
   "geometry": {
    "type": "Point",
    "coordinates": [
     -87.770418,
     41.867813
    ]
   }
  },
  {
   "type": "Feature",
   "properties": {
    "name": "CLARK HS",
    "category": "schools",
    "source": "chicago_data_portal_pb6d-zzuh",
    "source_id": "610244",
    "retrieved": "2026-08-19",
    "subtype": "HS"
   },
   "geometry": {
    "type": "Point",
    "coordinates": [
     -87.753325,
     41.872885
    ]
   }
  },
  {
   "type": "Feature",
   "properties": {
    "name": "CLAY",
    "category": "schools",
    "source": "chicago_data_portal_pb6d-zzuh",
    "source_id": "609856",
    "retrieved": "2026-08-19",
    "subtype": "ES"
   },
   "geometry": {
    "type": "Point",
    "coordinates": [
     -87.544614,
     41.654558
    ]
   }
  },
  {
   "type": "Feature",
   "properties": {
    "name": "CLEMENTE HS",
    "category": "schools",
    "source": "chicago_data_portal_pb6d-zzuh",
    "source_id": "609759",
    "retrieved": "2026-08-19",
    "subtype": "HS"
   },
   "geometry": {
    "type": "Point",
    "coordinates": [
     -87.686906,
     41.902626
    ]
   }
  },
  {
   "type": "Feature",
   "properties": {
    "name": "CLEVELAND",
    "category": "schools",
    "source": "chicago_data_portal_pb6d-zzuh",
    "source_id": "609857",
    "retrieved": "2026-08-19",
    "subtype": "ES"
   },
   "geometry": {
    "type": "Point",
    "coordinates": [
     -87.706443,
     41.952042
    ]
   }
  },
  {
   "type": "Feature",
   "properties": {
    "name": "CLINTON",
    "category": "schools",
    "source": "chicago_data_portal_pb6d-zzuh",
    "source_id": "609859",
    "retrieved": "2026-08-19",
    "subtype": "ES"
   },
   "geometry": {
    "type": "Point",
    "coordinates": [
     -87.69836,
     41.992541
    ]
   }
  },
  {
   "type": "Feature",
   "properties": {
    "name": "CLISSOLD",
    "category": "schools",
    "source": "chicago_data_portal_pb6d-zzuh",
    "source_id": "609861",
    "retrieved": "2026-08-19",
    "subtype": "ES"
   },
   "geometry": {
    "type": "Point",
    "coordinates": [
     -87.680897,
     41.693026
    ]
   }
  },
  {
   "type": "Feature",
   "properties": {
    "name": "COLEMON",
    "category": "schools",
    "source": "chicago_data_portal_pb6d-zzuh",
    "source_id": "610199",
    "retrieved": "2026-08-19",
    "subtype": "ES"
   },
   "geometry": {
    "type": "Point",
    "coordinates": [
     -87.658111,
     41.677505
    ]
   }
  },
  {
   "type": "Feature",
   "properties": {
    "name": "COLES",
    "category": "schools",
    "source": "chicago_data_portal_pb6d-zzuh",
    "source_id": "609862",
    "retrieved": "2026-08-19",
    "subtype": "ES"
   },
   "geometry": {
    "type": "Point",
    "coordinates": [
     -87.56597,
     41.741413
    ]
   }
  },
  {
   "type": "Feature",
   "properties": {
    "name": "COLLINS STEAM HS",
    "category": "schools",
    "source": "chicago_data_portal_pb6d-zzuh",
    "source_id": "610499",
    "retrieved": "2026-08-19",
    "subtype": "HS"
   },
   "geometry": {
    "type": "Point",
    "coordinates": [
     -87.702042,
     41.864149
    ]
   }
  },
  {
   "type": "Feature",
   "properties": {
    "name": "COLUMBIA EXPLORERS",
    "category": "schools",
    "source": "chicago_data_portal_pb6d-zzuh",
    "source_id": "610170",
    "retrieved": "2026-08-19",
    "subtype": "ES"
   },
   "geometry": {
    "type": "Point",
    "coordinates": [
     -87.704199,
     41.811069
    ]
   }
  },
  {
   "type": "Feature",
   "properties": {
    "name": "COOK",
    "category": "schools",
    "source": "chicago_data_portal_pb6d-zzuh",
    "source_id": "609864",
    "retrieved": "2026-08-19",
    "subtype": "ES"
   },
   "geometry": {
    "type": "Point",
    "coordinates": [
     -87.659775,
     41.745237
    ]
   }
  },
  {
   "type": "Feature",
   "properties": {
    "name": "COONLEY",
    "category": "schools",
    "source": "chicago_data_portal_pb6d-zzuh",
    "source_id": "609866",
    "retrieved": "2026-08-19",
    "subtype": "ES"
   },
   "geometry": {
    "type": "Point",
    "coordinates": [
     -87.683765,
     41.955553
    ]
   }
  },
  {
   "type": "Feature",
   "properties": {
    "name": "COOPER",
    "category": "schools",
    "source": "chicago_data_portal_pb6d-zzuh",
    "source_id": "609867",
    "retrieved": "2026-08-19",
    "subtype": "ES"
   },
   "geometry": {
    "type": "Point",
    "coordinates": [
     -87.667227,
     41.856031
    ]
   }
  },
  {
   "type": "Feature",
   "properties": {
    "name": "CORKERY",
    "category": "schools",
    "source": "chicago_data_portal_pb6d-zzuh",
    "source_id": "609870",
    "retrieved": "2026-08-19",
    "subtype": "ES"
   },
   "geometry": {
    "type": "Point",
    "coordinates": [
     -87.731193,
     41.845602
    ]
   }
  },
  {
   "type": "Feature",
   "properties": {
    "name": "CORLISS HS",
    "category": "schools",
    "source": "chicago_data_portal_pb6d-zzuh",
    "source_id": "609761",
    "retrieved": "2026-08-19",
    "subtype": "HS"
   },
   "geometry": {
    "type": "Point",
    "coordinates": [
     -87.601216,
     41.70666
    ]
   }
  },
  {
   "type": "Feature",
   "properties": {
    "name": "COURTENAY",
    "category": "schools",
    "source": "chicago_data_portal_pb6d-zzuh",
    "source_id": "610355",
    "retrieved": "2026-08-19",
    "subtype": "ES"
   },
   "geometry": {
    "type": "Point",
    "coordinates": [
     -87.663853,
     41.962308
    ]
   }
  },
  {
   "type": "Feature",
   "properties": {
    "name": "CRANE MEDICAL HS",
    "category": "schools",
    "source": "chicago_data_portal_pb6d-zzuh",
    "source_id": "610561",
    "retrieved": "2026-08-19",
    "subtype": "HS"
   },
   "geometry": {
    "type": "Point",
    "coordinates": [
     -87.683301,
     41.876947
    ]
   }
  },
  {
   "type": "Feature",
   "properties": {
    "name": "CROWN",
    "category": "schools",
    "source": "chicago_data_portal_pb6d-zzuh",
    "source_id": "609873",
    "retrieved": "2026-08-19",
    "subtype": "ES"
   },
   "geometry": {
    "type": "Point",
    "coordinates": [
     -87.71247,
     41.852663
    ]
   }
  },
  {
   "type": "Feature",
   "properties": {
    "name": "CUFFE",
    "category": "schools",
    "source": "chicago_data_portal_pb6d-zzuh",
    "source_id": "610003",
    "retrieved": "2026-08-19",
    "subtype": "ES"
   },
   "geometry": {
    "type": "Point",
    "coordinates": [
     -87.653633,
     41.742452
    ]
   }
  },
  {
   "type": "Feature",
   "properties": {
    "name": "CULLEN",
    "category": "schools",
    "source": "chicago_data_portal_pb6d-zzuh",
    "source_id": "610004",
    "retrieved": "2026-08-19",
    "subtype": "ES"
   },
   "geometry": {
    "type": "Point",
    "coordinates": [
     -87.611244,
     41.700335
    ]
   }
  },
  {
   "type": "Feature",
   "properties": {
    "name": "CURIE HS",
    "category": "schools",
    "source": "chicago_data_portal_pb6d-zzuh",
    "source_id": "609756",
    "retrieved": "2026-08-19",
    "subtype": "HS"
   },
   "geometry": {
    "type": "Point",
    "coordinates": [
     -87.722042,
     41.80306
    ]
   }
  },
  {
   "type": "Feature",
   "properties": {
    "name": "CURTIS",
    "category": "schools",
    "source": "chicago_data_portal_pb6d-zzuh",
    "source_id": "609900",
    "retrieved": "2026-08-19",
    "subtype": "ES"
   },
   "geometry": {
    "type": "Point",
    "coordinates": [
     -87.621653,
     41.685418
    ]
   }
  },
  {
   "type": "Feature",
   "properties": {
    "name": "DAISY BATES",
    "category": "schools",
    "source": "chicago_data_portal_pb6d-zzuh",
    "source_id": "609833",
    "retrieved": "2026-08-19",
    "subtype": "ES"
   },
   "geometry": {
    "type": "Point",
    "coordinates": [
     -87.580729,
     41.739226
    ]
   }
  },
  {
   "type": "Feature",
   "properties": {
    "name": "DALEY",
    "category": "schools",
    "source": "chicago_data_portal_pb6d-zzuh",
    "source_id": "610239",
    "retrieved": "2026-08-19",
    "subtype": "ES"
   },
   "geometry": {
    "type": "Point",
    "coordinates": [
     -87.672206,
     41.802343
    ]
   }
  },
  {
   "type": "Feature",
   "properties": {
    "name": "DARWIN",
    "category": "schools",
    "source": "chicago_data_portal_pb6d-zzuh",
    "source_id": "609875",
    "retrieved": "2026-08-19",
    "subtype": "ES"
   },
   "geometry": {
    "type": "Point",
    "coordinates": [
     -87.705413,
     41.923323
    ]
   }
  },
  {
   "type": "Feature",
   "properties": {
    "name": "DAVIS M",
    "category": "schools",
    "source": "chicago_data_portal_pb6d-zzuh",
    "source_id": "610521",
    "retrieved": "2026-08-19",
    "subtype": "ES"
   },
   "geometry": {
    "type": "Point",
    "coordinates": [
     -87.66653,
     41.771221
    ]
   }
  },
  {
   "type": "Feature",
   "properties": {
    "name": "DAVIS N",
    "category": "schools",
    "source": "chicago_data_portal_pb6d-zzuh",
    "source_id": "609876",
    "retrieved": "2026-08-19",
    "subtype": "ES"
   },
   "geometry": {
    "type": "Point",
    "coordinates": [
     -87.700202,
     41.821852
    ]
   }
  },
  {
   "type": "Feature",
   "properties": {
    "name": "DAWES",
    "category": "schools",
    "source": "chicago_data_portal_pb6d-zzuh",
    "source_id": "609879",
    "retrieved": "2026-08-19",
    "subtype": "ES"
   },
   "geometry": {
    "type": "Point",
    "coordinates": [
     -87.717353,
     41.745078
    ]
   }
  },
  {
   "type": "Feature",
   "properties": {
    "name": "DE DIEGO",
    "category": "schools",
    "source": "chicago_data_portal_pb6d-zzuh",
    "source_id": "610313",
    "retrieved": "2026-08-19",
    "subtype": "ES"
   },
   "geometry": {
    "type": "Point",
    "coordinates": [
     -87.685756,
     41.905294
    ]
   }
  },
  {
   "type": "Feature",
   "properties": {
    "name": "DECATUR",
    "category": "schools",
    "source": "chicago_data_portal_pb6d-zzuh",
    "source_id": "609880",
    "retrieved": "2026-08-19",
    "subtype": "ES"
   },
   "geometry": {
    "type": "Point",
    "coordinates": [
     -87.704619,
     42.009289
    ]
   }
  },
  {
   "type": "Feature",
   "properties": {
    "name": "DENEEN",
    "category": "schools",
    "source": "chicago_data_portal_pb6d-zzuh",
    "source_id": "609883",
    "retrieved": "2026-08-19",
    "subtype": "ES"
   },
   "geometry": {
    "type": "Point",
    "coordinates": [
     -87.623345,
     41.76249
    ]
   }
  },
  {
   "type": "Feature",
   "properties": {
    "name": "DEPRIEST",
    "category": "schools",
    "source": "chicago_data_portal_pb6d-zzuh",
    "source_id": "610367",
    "retrieved": "2026-08-19",
    "subtype": "ES"
   },
   "geometry": {
    "type": "Point",
    "coordinates": [
     -87.766298,
     41.877979
    ]
   }
  },
  {
   "type": "Feature",
   "properties": {
    "name": "DETT",
    "category": "schools",
    "source": "chicago_data_portal_pb6d-zzuh",
    "source_id": "610252",
    "retrieved": "2026-08-19",
    "subtype": "ES"
   },
   "geometry": {
    "type": "Point",
    "coordinates": [
     -87.680315,
     41.87987
    ]
   }
  },
  {
   "type": "Feature",
   "properties": {
    "name": "DEVER",
    "category": "schools",
    "source": "chicago_data_portal_pb6d-zzuh",
    "source_id": "609884",
    "retrieved": "2026-08-19",
    "subtype": "ES"
   },
   "geometry": {
    "type": "Point",
    "coordinates": [
     -87.813132,
     41.942552
    ]
   }
  },
  {
   "type": "Feature",
   "properties": {
    "name": "DEVRY HS",
    "category": "schools",
    "source": "chicago_data_portal_pb6d-zzuh",
    "source_id": "610402",
    "retrieved": "2026-08-19",
    "subtype": "HS"
   },
   "geometry": {
    "type": "Point",
    "coordinates": [
     -87.676326,
     41.96882
    ]
   }
  },
  {
   "type": "Feature",
   "properties": {
    "name": "DEWEY",
    "category": "schools",
    "source": "chicago_data_portal_pb6d-zzuh",
    "source_id": "609885",
    "retrieved": "2026-08-19",
    "subtype": "ES"
   },
   "geometry": {
    "type": "Point",
    "coordinates": [
     -87.642652,
     41.795646
    ]
   }
  },
  {
   "type": "Feature",
   "properties": {
    "name": "DIRKSEN",
    "category": "schools",
    "source": "chicago_data_portal_pb6d-zzuh",
    "source_id": "609874",
    "retrieved": "2026-08-19",
    "subtype": "ES"
   },
   "geometry": {
    "type": "Point",
    "coordinates": [
     -87.841041,
     41.973715
    ]
   }
  },
  {
   "type": "Feature",
   "properties": {
    "name": "DISNEY",
    "category": "schools",
    "source": "chicago_data_portal_pb6d-zzuh",
    "source_id": "610363",
    "retrieved": "2026-08-19",
    "subtype": "ES"
   },
   "geometry": {
    "type": "Point",
    "coordinates": [
     -87.646083,
     41.956816
    ]
   }
  },
  {
   "type": "Feature",
   "properties": {
    "name": "DISNEY II ES",
    "category": "schools",
    "source": "chicago_data_portal_pb6d-zzuh",
    "source_id": "610515",
    "retrieved": "2026-08-19",
    "subtype": "ES"
   },
   "geometry": {
    "type": "Point",
    "coordinates": [
     -87.730678,
     41.950461
    ]
   }
  },
  {
   "type": "Feature",
   "properties": {
    "name": "DISNEY II HS",
    "category": "schools",
    "source": "chicago_data_portal_pb6d-zzuh",
    "source_id": "610564",
    "retrieved": "2026-08-19",
    "subtype": "HS"
   },
   "geometry": {
    "type": "Point",
    "coordinates": [
     -87.721364,
     41.952488
    ]
   }
  },
  {
   "type": "Feature",
   "properties": {
    "name": "DIXON",
    "category": "schools",
    "source": "chicago_data_portal_pb6d-zzuh",
    "source_id": "609887",
    "retrieved": "2026-08-19",
    "subtype": "ES"
   },
   "geometry": {
    "type": "Point",
    "coordinates": [
     -87.609979,
     41.743669
    ]
   }
  },
  {
   "type": "Feature",
   "properties": {
    "name": "DOOLITTLE",
    "category": "schools",
    "source": "chicago_data_portal_pb6d-zzuh",
    "source_id": "609891",
    "retrieved": "2026-08-19",
    "subtype": "ES"
   },
   "geometry": {
    "type": "Point",
    "coordinates": [
     -87.612275,
     41.831121
    ]
   }
  },
  {
   "type": "Feature",
   "properties": {
    "name": "DORE",
    "category": "schools",
    "source": "chicago_data_portal_pb6d-zzuh",
    "source_id": "609893",
    "retrieved": "2026-08-19",
    "subtype": "ES"
   },
   "geometry": {
    "type": "Point",
    "coordinates": [
     -87.799359,
     41.773899
    ]
   }
  },
  {
   "type": "Feature",
   "properties": {
    "name": "DOUGLASS HS",
    "category": "schools",
    "source": "chicago_data_portal_pb6d-zzuh",
    "source_id": "610245",
    "retrieved": "2026-08-19",
    "subtype": "HS"
   },
   "geometry": {
    "type": "Point",
    "coordinates": [
     -87.767668,
     41.890369
    ]
   }
  },
  {
   "type": "Feature",
   "properties": {
    "name": "DRAKE",
    "category": "schools",
    "source": "chicago_data_portal_pb6d-zzuh",
    "source_id": "609894",
    "retrieved": "2026-08-19",
    "subtype": "ES"
   },
   "geometry": {
    "type": "Point",
    "coordinates": [
     -87.628553,
     41.844043
    ]
   }
  },
  {
   "type": "Feature",
   "properties": {
    "name": "DRUMMOND",
    "category": "schools",
    "source": "chicago_data_portal_pb6d-zzuh",
    "source_id": "609896",
    "retrieved": "2026-08-19",
    "subtype": "ES"
   },
   "geometry": {
    "type": "Point",
    "coordinates": [
     -87.674495,
     41.915914
    ]
   }
  },
  {
   "type": "Feature",
   "properties": {
    "name": "DUBOIS",
    "category": "schools",
    "source": "chicago_data_portal_pb6d-zzuh",
    "source_id": "610364",
    "retrieved": "2026-08-19",
    "subtype": "ES"
   },
   "geometry": {
    "type": "Point",
    "coordinates": [
     -87.61432,
     41.653733
    ]
   }
  },
  {
   "type": "Feature",
   "properties": {
    "name": "DULLES",
    "category": "schools",
    "source": "chicago_data_portal_pb6d-zzuh",
    "source_id": "610263",
    "retrieved": "2026-08-19",
    "subtype": "ES"
   },
   "geometry": {
    "type": "Point",
    "coordinates": [
     -87.617214,
     41.7799
    ]
   }
  },
  {
   "type": "Feature",
   "properties": {
    "name": "DUNBAR HS",
    "category": "schools",
    "source": "chicago_data_portal_pb6d-zzuh",
    "source_id": "609676",
    "retrieved": "2026-08-19",
    "subtype": "HS"
   },
   "geometry": {
    "type": "Point",
    "coordinates": [
     -87.617637,
     41.840226
    ]
   }
  },
  {
   "type": "Feature",
   "properties": {
    "name": "DUNNE",
    "category": "schools",
    "source": "chicago_data_portal_pb6d-zzuh",
    "source_id": "610188",
    "retrieved": "2026-08-19",
    "subtype": "ES"
   },
   "geometry": {
    "type": "Point",
    "coordinates": [
     -87.639974,
     41.696496
    ]
   }
  },
  {
   "type": "Feature",
   "properties": {
    "name": "DURKIN PARK",
    "category": "schools",
    "source": "chicago_data_portal_pb6d-zzuh",
    "source_id": "610352",
    "retrieved": "2026-08-19",
    "subtype": "ES"
   },
   "geometry": {
    "type": "Point",
    "coordinates": [
     -87.729955,
     41.738844
    ]
   }
  },
  {
   "type": "Feature",
   "properties": {
    "name": "DVORAK",
    "category": "schools",
    "source": "chicago_data_portal_pb6d-zzuh",
    "source_id": "610254",
    "retrieved": "2026-08-19",
    "subtype": "ES"
   },
   "geometry": {
    "type": "Point",
    "coordinates": [
     -87.715744,
     41.858883
    ]
   }
  },
  {
   "type": "Feature",
   "properties": {
    "name": "DYETT ARTS HS",
    "category": "schools",
    "source": "chicago_data_portal_pb6d-zzuh",
    "source_id": "610587",
    "retrieved": "2026-08-19",
    "subtype": "HS"
   },
   "geometry": {
    "type": "Point",
    "coordinates": [
     -87.612239,
     41.801204
    ]
   }
  },
  {
   "type": "Feature",
   "properties": {
    "name": "EARHART",
    "category": "schools",
    "source": "chicago_data_portal_pb6d-zzuh",
    "source_id": "610316",
    "retrieved": "2026-08-19",
    "subtype": "ES"
   },
   "geometry": {
    "type": "Point",
    "coordinates": [
     -87.582182,
     41.726107
    ]
   }
  },
  {
   "type": "Feature",
   "properties": {
    "name": "EARLE",
    "category": "schools",
    "source": "chicago_data_portal_pb6d-zzuh",
    "source_id": "609897",
    "retrieved": "2026-08-19",
    "subtype": "ES"
   },
   "geometry": {
    "type": "Point",
    "coordinates": [
     -87.675547,
     41.781225
    ]
   }
  },
  {
   "type": "Feature",
   "properties": {
    "name": "EBERHART",
    "category": "schools",
    "source": "chicago_data_portal_pb6d-zzuh",
    "source_id": "609898",
    "retrieved": "2026-08-19",
    "subtype": "ES"
   },
   "geometry": {
    "type": "Point",
    "coordinates": [
     -87.707953,
     41.77442
    ]
   }
  },
  {
   "type": "Feature",
   "properties": {
    "name": "EBINGER",
    "category": "schools",
    "source": "chicago_data_portal_pb6d-zzuh",
    "source_id": "609899",
    "retrieved": "2026-08-19",
    "subtype": "ES"
   },
   "geometry": {
    "type": "Point",
    "coordinates": [
     -87.81117,
     42.004408
    ]
   }
  },
  {
   "type": "Feature",
   "properties": {
    "name": "EDGEBROOK",
    "category": "schools",
    "source": "chicago_data_portal_pb6d-zzuh",
    "source_id": "609901",
    "retrieved": "2026-08-19",
    "subtype": "ES"
   },
   "geometry": {
    "type": "Point",
    "coordinates": [
     -87.76184,
     41.999437
    ]
   }
  },
  {
   "type": "Feature",
   "properties": {
    "name": "EDISON",
    "category": "schools",
    "source": "chicago_data_portal_pb6d-zzuh",
    "source_id": "609794",
    "retrieved": "2026-08-19",
    "subtype": "ES"
   },
   "geometry": {
    "type": "Point",
    "coordinates": [
     -87.709304,
     41.971506
    ]
   }
  },
  {
   "type": "Feature",
   "properties": {
    "name": "EDISON PARK",
    "category": "schools",
    "source": "chicago_data_portal_pb6d-zzuh",
    "source_id": "610523",
    "retrieved": "2026-08-19",
    "subtype": "ES"
   },
   "geometry": {
    "type": "Point",
    "coordinates": [
     -87.813771,
     41.994238
    ]
   }
  },
  {
   "type": "Feature",
   "properties": {
    "name": "EDWARDS",
    "category": "schools",
    "source": "chicago_data_portal_pb6d-zzuh",
    "source_id": "609903",
    "retrieved": "2026-08-19",
    "subtype": "ES"
   },
   "geometry": {
    "type": "Point",
    "coordinates": [
     -87.725856,
     41.805542
    ]
   }
  },
  {
   "type": "Feature",
   "properties": {
    "name": "ELLINGTON",
    "category": "schools",
    "source": "chicago_data_portal_pb6d-zzuh",
    "source_id": "609904",
    "retrieved": "2026-08-19",
    "subtype": "ES"
   },
   "geometry": {
    "type": "Point",
    "coordinates": [
     -87.766589,
     41.88553
    ]
   }
  },
  {
   "type": "Feature",
   "properties": {
    "name": "ENGLEWOOD STEM HS",
    "category": "schools",
    "source": "chicago_data_portal_pb6d-zzuh",
    "source_id": "610592",
    "retrieved": "2026-08-19",
    "subtype": "HS"
   },
   "geometry": {
    "type": "Point",
    "coordinates": [
     -87.636851,
     41.77025
    ]
   }
  },
  {
   "type": "Feature",
   "properties": {
    "name": "EPIC HS",
    "category": "schools",
    "source": "chicago_data_portal_pb6d-zzuh",
    "source_id": "400094",
    "retrieved": "2026-08-19",
    "subtype": "HS"
   },
   "geometry": {
    "type": "Point",
    "coordinates": [
     -87.550222,
     41.744849
    ]
   }
  },
  {
   "type": "Feature",
   "properties": {
    "name": "ERICSON",
    "category": "schools",
    "source": "chicago_data_portal_pb6d-zzuh",
    "source_id": "609907",
    "retrieved": "2026-08-19",
    "subtype": "ES"
   },
   "geometry": {
    "type": "Point",
    "coordinates": [
     -87.715804,
     41.875744
    ]
   }
  },
  {
   "type": "Feature",
   "properties": {
    "name": "ERIE",
    "category": "schools",
    "source": "chicago_data_portal_pb6d-zzuh",
    "source_id": "400039",
    "retrieved": "2026-08-19",
    "subtype": "ES"
   },
   "geometry": {
    "type": "Point",
    "coordinates": [
     -87.694364,
     41.906771
    ]
   }
  },
  {
   "type": "Feature",
   "properties": {
    "name": "ESMOND",
    "category": "schools",
    "source": "chicago_data_portal_pb6d-zzuh",
    "source_id": "609908",
    "retrieved": "2026-08-19",
    "subtype": "ES"
   },
   "geometry": {
    "type": "Point",
    "coordinates": [
     -87.669159,
     41.68942
    ]
   }
  },
  {
   "type": "Feature",
   "properties": {
    "name": "EVERETT",
    "category": "schools",
    "source": "chicago_data_portal_pb6d-zzuh",
    "source_id": "609909",
    "retrieved": "2026-08-19",
    "subtype": "ES"
   },
   "geometry": {
    "type": "Point",
    "coordinates": [
     -87.68131,
     41.831555
    ]
   }
  },
  {
   "type": "Feature",
   "properties": {
    "name": "EVERGREEN",
    "category": "schools",
    "source": "chicago_data_portal_pb6d-zzuh",
    "source_id": "610319",
    "retrieved": "2026-08-19",
    "subtype": "ES"
   },
   "geometry": {
    "type": "Point",
    "coordinates": [
     -87.667817,
     41.829356
    ]
   }
  },
  {
   "type": "Feature",
   "properties": {
    "name": "EVERS",
    "category": "schools",
    "source": "chicago_data_portal_pb6d-zzuh",
    "source_id": "610362",
    "retrieved": "2026-08-19",
    "subtype": "ES"
   },
   "geometry": {
    "type": "Point",
    "coordinates": [
     -87.639305,
     41.715665
    ]
   }
  },
  {
   "type": "Feature",
   "properties": {
    "name": "EXCEL ENGLEWOOD HS",
    "category": "schools",
    "source": "chicago_data_portal_pb6d-zzuh",
    "source_id": "610565",
    "retrieved": "2026-08-19",
    "subtype": "HS"
   },
   "geometry": {
    "type": "Point",
    "coordinates": [
     -87.649124,
     41.763896
    ]
   }
  },
  {
   "type": "Feature",
   "properties": {
    "name": "EXCEL SOUTH SHORE HS",
    "category": "schools",
    "source": "chicago_data_portal_pb6d-zzuh",
    "source_id": "400175",
    "retrieved": "2026-08-19",
    "subtype": "HS"
   },
   "geometry": {
    "type": "Point",
    "coordinates": [
     -87.556487,
     41.759749
    ]
   }
  },
  {
   "type": "Feature",
   "properties": {
    "name": "EXCEL SOUTHWEST HS",
    "category": "schools",
    "source": "chicago_data_portal_pb6d-zzuh",
    "source_id": "400176",
    "retrieved": "2026-08-19",
    "subtype": "HS"
   },
   "geometry": {
    "type": "Point",
    "coordinates": [
     -87.690957,
     41.764988
    ]
   }
  },
  {
   "type": "Feature",
   "properties": {
    "name": "FAIRFIELD",
    "category": "schools",
    "source": "chicago_data_portal_pb6d-zzuh",
    "source_id": "610057",
    "retrieved": "2026-08-19",
    "subtype": "ES"
   },
   "geometry": {
    "type": "Point",
    "coordinates": [
     -87.692115,
     41.780904
    ]
   }
  },
  {
   "type": "Feature",
   "properties": {
    "name": "FALCONER",
    "category": "schools",
    "source": "chicago_data_portal_pb6d-zzuh",
    "source_id": "609910",
    "retrieved": "2026-08-19",
    "subtype": "ES"
   },
   "geometry": {
    "type": "Point",
    "coordinates": [
     -87.749331,
     41.935785
    ]
   }
  },
  {
   "type": "Feature",
   "properties": {
    "name": "FARADAY",
    "category": "schools",
    "source": "chicago_data_portal_pb6d-zzuh",
    "source_id": "610055",
    "retrieved": "2026-08-19",
    "subtype": "ES"
   },
   "geometry": {
    "type": "Point",
    "coordinates": [
     -87.708092,
     41.879714
    ]
   }
  },
  {
   "type": "Feature",
   "properties": {
    "name": "FARMER",
    "category": "schools",
    "source": "chicago_data_portal_pb6d-zzuh",
    "source_id": "609928",
    "retrieved": "2026-08-19",
    "subtype": "ES"
   },
   "geometry": {
    "type": "Point",
    "coordinates": [
     -87.611784,
     41.818003
    ]
   }
  },
  {
   "type": "Feature",
   "properties": {
    "name": "FARNSWORTH",
    "category": "schools",
    "source": "chicago_data_portal_pb6d-zzuh",
    "source_id": "609912",
    "retrieved": "2026-08-19",
    "subtype": "ES"
   },
   "geometry": {
    "type": "Point",
    "coordinates": [
     -87.766072,
     41.97979
    ]
   }
  },
  {
   "type": "Feature",
   "properties": {
    "name": "FARRAGUT HS",
    "category": "schools",
    "source": "chicago_data_portal_pb6d-zzuh",
    "source_id": "609704",
    "retrieved": "2026-08-19",
    "subtype": "HS"
   },
   "geometry": {
    "type": "Point",
    "coordinates": [
     -87.708706,
     41.84856
    ]
   }
  },
  {
   "type": "Feature",
   "properties": {
    "name": "FENGER HS",
    "category": "schools",
    "source": "chicago_data_portal_pb6d-zzuh",
    "source_id": "609705",
    "retrieved": "2026-08-19",
    "subtype": "HS"
   },
   "geometry": {
    "type": "Point",
    "coordinates": [
     -87.637572,
     41.689951
    ]
   }
  },
  {
   "type": "Feature",
   "properties": {
    "name": "FERNWOOD",
    "category": "schools",
    "source": "chicago_data_portal_pb6d-zzuh",
    "source_id": "609917",
    "retrieved": "2026-08-19",
    "subtype": "ES"
   },
   "geometry": {
    "type": "Point",
    "coordinates": [
     -87.640414,
     41.711184
    ]
   }
  },
  {
   "type": "Feature",
   "properties": {
    "name": "FIELD",
    "category": "schools",
    "source": "chicago_data_portal_pb6d-zzuh",
    "source_id": "609918",
    "retrieved": "2026-08-19",
    "subtype": "ES"
   },
   "geometry": {
    "type": "Point",
    "coordinates": [
     -87.669985,
     42.009664
    ]
   }
  },
  {
   "type": "Feature",
   "properties": {
    "name": "FINKL",
    "category": "schools",
    "source": "chicago_data_portal_pb6d-zzuh",
    "source_id": "609967",
    "retrieved": "2026-08-19",
    "subtype": "ES"
   },
   "geometry": {
    "type": "Point",
    "coordinates": [
     -87.685668,
     41.849215
    ]
   }
  },
  {
   "type": "Feature",
   "properties": {
    "name": "FISHER",
    "category": "schools",
    "source": "chicago_data_portal_pb6d-zzuh",
    "source_id": "610595",
    "retrieved": "2026-08-19",
    "subtype": "ES"
   },
   "geometry": {
    "type": "Point",
    "coordinates": [
     -87.634637,
     41.916008
    ]
   }
  },
  {
   "type": "Feature",
   "properties": {
    "name": "FISKE",
    "category": "schools",
    "source": "chicago_data_portal_pb6d-zzuh",
    "source_id": "609919",
    "retrieved": "2026-08-19",
    "subtype": "ES"
   },
   "geometry": {
    "type": "Point",
    "coordinates": [
     -87.608633,
     41.785183
    ]
   }
  },
  {
   "type": "Feature",
   "properties": {
    "name": "FOREMAN HS",
    "category": "schools",
    "source": "chicago_data_portal_pb6d-zzuh",
    "source_id": "609708",
    "retrieved": "2026-08-19",
    "subtype": "HS"
   },
   "geometry": {
    "type": "Point",
    "coordinates": [
     -87.754167,
     41.939797
    ]
   }
  },
  {
   "type": "Feature",
   "properties": {
    "name": "FORT DEARBORN",
    "category": "schools",
    "source": "chicago_data_portal_pb6d-zzuh",
    "source_id": "609924",
    "retrieved": "2026-08-19",
    "subtype": "ES"
   },
   "geometry": {
    "type": "Point",
    "coordinates": [
     -87.655481,
     41.729673
    ]
   }
  },
  {
   "type": "Feature",
   "properties": {
    "name": "FOSTER PARK",
    "category": "schools",
    "source": "chicago_data_portal_pb6d-zzuh",
    "source_id": "609927",
    "retrieved": "2026-08-19",
    "subtype": "ES"
   },
   "geometry": {
    "type": "Point",
    "coordinates": [
     -87.668099,
     41.738425
    ]
   }
  },
  {
   "type": "Feature",
   "properties": {
    "name": "FRANKLIN",
    "category": "schools",
    "source": "chicago_data_portal_pb6d-zzuh",
    "source_id": "609926",
    "retrieved": "2026-08-19",
    "subtype": "ES"
   },
   "geometry": {
    "type": "Point",
    "coordinates": [
     -87.635513,
     41.9066
    ]
   }
  },
  {
   "type": "Feature",
   "properties": {
    "name": "FRAZIER PROSPECTIVE",
    "category": "schools",
    "source": "chicago_data_portal_pb6d-zzuh",
    "source_id": "610503",
    "retrieved": "2026-08-19",
    "subtype": "ES"
   },
   "geometry": {
    "type": "Point",
    "coordinates": [
     -87.727244,
     41.86698
    ]
   }
  },
  {
   "type": "Feature",
   "properties": {
    "name": "FULTON",
    "category": "schools",
    "source": "chicago_data_portal_pb6d-zzuh",
    "source_id": "609929",
    "retrieved": "2026-08-19",
    "subtype": "ES"
   },
   "geometry": {
    "type": "Point",
    "coordinates": [
     -87.668436,
     41.79758
    ]
   }
  },
  {
   "type": "Feature",
   "properties": {
    "name": "FUNSTON",
    "category": "schools",
    "source": "chicago_data_portal_pb6d-zzuh",
    "source_id": "609930",
    "retrieved": "2026-08-19",
    "subtype": "ES"
   },
   "geometry": {
    "type": "Point",
    "coordinates": [
     -87.716892,
     41.917617
    ]
   }
  },
  {
   "type": "Feature",
   "properties": {
    "name": "GAGE PARK HS",
    "category": "schools",
    "source": "chicago_data_portal_pb6d-zzuh",
    "source_id": "609709",
    "retrieved": "2026-08-19",
    "subtype": "HS"
   },
   "geometry": {
    "type": "Point",
    "coordinates": [
     -87.688954,
     41.791013
    ]
   }
  },
  {
   "type": "Feature",
   "properties": {
    "name": "GALE",
    "category": "schools",
    "source": "chicago_data_portal_pb6d-zzuh",
    "source_id": "609933",
    "retrieved": "2026-08-19",
    "subtype": "ES"
   },
   "geometry": {
    "type": "Point",
    "coordinates": [
     -87.671939,
     42.021091
    ]
   }
  },
  {
   "type": "Feature",
   "properties": {
    "name": "GALILEO",
    "category": "schools",
    "source": "chicago_data_portal_pb6d-zzuh",
    "source_id": "610009",
    "retrieved": "2026-08-19",
    "subtype": "ES"
   },
   "geometry": {
    "type": "Point",
    "coordinates": [
     -87.653366,
     41.871255
    ]
   }
  },
  {
   "type": "Feature",
   "properties": {
    "name": "GALLISTEL",
    "category": "schools",
    "source": "chicago_data_portal_pb6d-zzuh",
    "source_id": "609935",
    "retrieved": "2026-08-19",
    "subtype": "ES"
   },
   "geometry": {
    "type": "Point",
    "coordinates": [
     -87.535175,
     41.706801
    ]
   }
  },
  {
   "type": "Feature",
   "properties": {
    "name": "GARVEY",
    "category": "schools",
    "source": "chicago_data_portal_pb6d-zzuh",
    "source_id": "610128",
    "retrieved": "2026-08-19",
    "subtype": "ES"
   },
   "geometry": {
    "type": "Point",
    "coordinates": [
     -87.647577,
     41.706603
    ]
   }
  },
  {
   "type": "Feature",
   "properties": {
    "name": "GARVY",
    "category": "schools",
    "source": "chicago_data_portal_pb6d-zzuh",
    "source_id": "609937",
    "retrieved": "2026-08-19",
    "subtype": "ES"
   },
   "geometry": {
    "type": "Point",
    "coordinates": [
     -87.796235,
     41.976352
    ]
   }
  },
  {
   "type": "Feature",
   "properties": {
    "name": "GARY",
    "category": "schools",
    "source": "chicago_data_portal_pb6d-zzuh",
    "source_id": "609938",
    "retrieved": "2026-08-19",
    "subtype": "ES"
   },
   "geometry": {
    "type": "Point",
    "coordinates": [
     -87.718697,
     41.837065
    ]
   }
  },
  {
   "type": "Feature",
   "properties": {
    "name": "GILLESPIE",
    "category": "schools",
    "source": "chicago_data_portal_pb6d-zzuh",
    "source_id": "609939",
    "retrieved": "2026-08-19",
    "subtype": "ES"
   },
   "geometry": {
    "type": "Point",
    "coordinates": [
     -87.623719,
     41.725332
    ]
   }
  },
  {
   "type": "Feature",
   "properties": {
    "name": "GINSBURG",
    "category": "schools",
    "source": "chicago_data_portal_pb6d-zzuh",
    "source_id": "609863",
    "retrieved": "2026-08-19",
    "subtype": "ES"
   },
   "geometry": {
    "type": "Point",
    "coordinates": [
     -87.681938,
     41.899566
    ]
   }
  },
  {
   "type": "Feature",
   "properties": {
    "name": "GLOBAL CITIZENSHIP",
    "category": "schools",
    "source": "chicago_data_portal_pb6d-zzuh",
    "source_id": "400009",
    "retrieved": "2026-08-19",
    "subtype": "ES"
   },
   "geometry": {
    "type": "Point",
    "coordinates": [
     -87.748,
     41.81342
    ]
   }
  },
  {
   "type": "Feature",
   "properties": {
    "name": "GOETHE",
    "category": "schools",
    "source": "chicago_data_portal_pb6d-zzuh",
    "source_id": "609942",
    "retrieved": "2026-08-19",
    "subtype": "ES"
   },
   "geometry": {
    "type": "Point",
    "coordinates": [
     -87.6929,
     41.922831
    ]
   }
  },
  {
   "type": "Feature",
   "properties": {
    "name": "GOODE HS",
    "category": "schools",
    "source": "chicago_data_portal_pb6d-zzuh",
    "source_id": "610558",
    "retrieved": "2026-08-19",
    "subtype": "HS"
   },
   "geometry": {
    "type": "Point",
    "coordinates": [
     -87.707345,
     41.75375
    ]
   }
  },
  {
   "type": "Feature",
   "properties": {
    "name": "GOUDY",
    "category": "schools",
    "source": "chicago_data_portal_pb6d-zzuh",
    "source_id": "609945",
    "retrieved": "2026-08-19",
    "subtype": "ES"
   },
   "geometry": {
    "type": "Point",
    "coordinates": [
     -87.657912,
     41.975817
    ]
   }
  },
  {
   "type": "Feature",
   "properties": {
    "name": "GRAHAM ES",
    "category": "schools",
    "source": "chicago_data_portal_pb6d-zzuh",
    "source_id": "609947",
    "retrieved": "2026-08-19",
    "subtype": "ES"
   },
   "geometry": {
    "type": "Point",
    "coordinates": [
     -87.643344,
     41.813304
    ]
   }
  },
  {
   "type": "Feature",
   "properties": {
    "name": "GRAHAM HS",
    "category": "schools",
    "source": "chicago_data_portal_pb6d-zzuh",
    "source_id": "609769",
    "retrieved": "2026-08-19",
    "subtype": "HS"
   },
   "geometry": {
    "type": "Point",
    "coordinates": [
     -87.625315,
     41.849675
    ]
   }
  },
  {
   "type": "Feature",
   "properties": {
    "name": "GRAY",
    "category": "schools",
    "source": "chicago_data_portal_pb6d-zzuh",
    "source_id": "609949",
    "retrieved": "2026-08-19",
    "subtype": "ES"
   },
   "geometry": {
    "type": "Point",
    "coordinates": [
     -87.757116,
     41.948764
    ]
   }
  },
  {
   "type": "Feature",
   "properties": {
    "name": "GREAT LAKES",
    "category": "schools",
    "source": "chicago_data_portal_pb6d-zzuh",
    "source_id": "400168",
    "retrieved": "2026-08-19",
    "subtype": "ES"
   },
   "geometry": {
    "type": "Point",
    "coordinates": [
     -87.559907,
     41.742671
    ]
   }
  },
  {
   "type": "Feature",
   "properties": {
    "name": "GREELEY",
    "category": "schools",
    "source": "chicago_data_portal_pb6d-zzuh",
    "source_id": "609850",
    "retrieved": "2026-08-19",
    "subtype": "ES"
   },
   "geometry": {
    "type": "Point",
    "coordinates": [
     -87.65098,
     41.95281
    ]
   }
  },
  {
   "type": "Feature",
   "properties": {
    "name": "GREEN",
    "category": "schools",
    "source": "chicago_data_portal_pb6d-zzuh",
    "source_id": "610032",
    "retrieved": "2026-08-19",
    "subtype": "ES"
   },
   "geometry": {
    "type": "Point",
    "coordinates": [
     -87.6525,
     41.719292
    ]
   }
  },
  {
   "type": "Feature",
   "properties": {
    "name": "GREENE",
    "category": "schools",
    "source": "chicago_data_portal_pb6d-zzuh",
    "source_id": "609952",
    "retrieved": "2026-08-19",
    "subtype": "ES"
   },
   "geometry": {
    "type": "Point",
    "coordinates": [
     -87.671492,
     41.829669
    ]
   }
  },
  {
   "type": "Feature",
   "properties": {
    "name": "GREGORY",
    "category": "schools",
    "source": "chicago_data_portal_pb6d-zzuh",
    "source_id": "609954",
    "retrieved": "2026-08-19",
    "subtype": "ES"
   },
   "geometry": {
    "type": "Point",
    "coordinates": [
     -87.718666,
     41.870742
    ]
   }
  },
  {
   "type": "Feature",
   "properties": {
    "name": "GRESHAM",
    "category": "schools",
    "source": "chicago_data_portal_pb6d-zzuh",
    "source_id": "609955",
    "retrieved": "2026-08-19",
    "subtype": "ES"
   },
   "geometry": {
    "type": "Point",
    "coordinates": [
     -87.645025,
     41.73892
    ]
   }
  },
  {
   "type": "Feature",
   "properties": {
    "name": "GRIMES",
    "category": "schools",
    "source": "chicago_data_portal_pb6d-zzuh",
    "source_id": "609956",
    "retrieved": "2026-08-19",
    "subtype": "ES"
   },
   "geometry": {
    "type": "Point",
    "coordinates": [
     -87.758803,
     41.775464
    ]
   }
  },
  {
   "type": "Feature",
   "properties": {
    "name": "GRISSOM",
    "category": "schools",
    "source": "chicago_data_portal_pb6d-zzuh",
    "source_id": "609944",
    "retrieved": "2026-08-19",
    "subtype": "ES"
   },
   "geometry": {
    "type": "Point",
    "coordinates": [
     -87.553307,
     41.662481
    ]
   }
  },
  {
   "type": "Feature",
   "properties": {
    "name": "GUNSAULUS",
    "category": "schools",
    "source": "chicago_data_portal_pb6d-zzuh",
    "source_id": "609958",
    "retrieved": "2026-08-19",
    "subtype": "ES"
   },
   "geometry": {
    "type": "Point",
    "coordinates": [
     -87.699364,
     41.813007
    ]
   }
  },
  {
   "type": "Feature",
   "properties": {
    "name": "HAINES",
    "category": "schools",
    "source": "chicago_data_portal_pb6d-zzuh",
    "source_id": "609959",
    "retrieved": "2026-08-19",
    "subtype": "ES"
   },
   "geometry": {
    "type": "Point",
    "coordinates": [
     -87.633806,
     41.849958
    ]
   }
  },
  {
   "type": "Feature",
   "properties": {
    "name": "HALE",
    "category": "schools",
    "source": "chicago_data_portal_pb6d-zzuh",
    "source_id": "609960",
    "retrieved": "2026-08-19",
    "subtype": "ES"
   },
   "geometry": {
    "type": "Point",
    "coordinates": [
     -87.776579,
     41.780192
    ]
   }
  },
  {
   "type": "Feature",
   "properties": {
    "name": "HALEY",
    "category": "schools",
    "source": "chicago_data_portal_pb6d-zzuh",
    "source_id": "609808",
    "retrieved": "2026-08-19",
    "subtype": "ES"
   },
   "geometry": {
    "type": "Point",
    "coordinates": [
     -87.633632,
     41.68666
    ]
   }
  },
  {
   "type": "Feature",
   "properties": {
    "name": "HAMILTON",
    "category": "schools",
    "source": "chicago_data_portal_pb6d-zzuh",
    "source_id": "609963",
    "retrieved": "2026-08-19",
    "subtype": "ES"
   },
   "geometry": {
    "type": "Point",
    "coordinates": [
     -87.670865,
     41.94522
    ]
   }
  },
  {
   "type": "Feature",
   "properties": {
    "name": "HAMLINE",
    "category": "schools",
    "source": "chicago_data_portal_pb6d-zzuh",
    "source_id": "609964",
    "retrieved": "2026-08-19",
    "subtype": "ES"
   },
   "geometry": {
    "type": "Point",
    "coordinates": [
     -87.661175,
     41.807242
    ]
   }
  },
  {
   "type": "Feature",
   "properties": {
    "name": "HAMMOND",
    "category": "schools",
    "source": "chicago_data_portal_pb6d-zzuh",
    "source_id": "609966",
    "retrieved": "2026-08-19",
    "subtype": "ES"
   },
   "geometry": {
    "type": "Point",
    "coordinates": [
     -87.696243,
     41.852719
    ]
   }
  },
  {
   "type": "Feature",
   "properties": {
    "name": "HAMPTON",
    "category": "schools",
    "source": "chicago_data_portal_pb6d-zzuh",
    "source_id": "609807",
    "retrieved": "2026-08-19",
    "subtype": "ES"
   },
   "geometry": {
    "type": "Point",
    "coordinates": [
     -87.708731,
     41.753457
    ]
   }
  },
  {
   "type": "Feature",
   "properties": {
    "name": "HANCOCK HS",
    "category": "schools",
    "source": "chicago_data_portal_pb6d-zzuh",
    "source_id": "609694",
    "retrieved": "2026-08-19",
    "subtype": "HS"
   },
   "geometry": {
    "type": "Point",
    "coordinates": [
     -87.758238,
     41.775366
    ]
   }
  },
  {
   "type": "Feature",
   "properties": {
    "name": "HANSON PARK",
    "category": "schools",
    "source": "chicago_data_portal_pb6d-zzuh",
    "source_id": "610068",
    "retrieved": "2026-08-19",
    "subtype": "ES"
   },
   "geometry": {
    "type": "Point",
    "coordinates": [
     -87.761515,
     41.923955
    ]
   }
  },
  {
   "type": "Feature",
   "properties": {
    "name": "HARLAN HS",
    "category": "schools",
    "source": "chicago_data_portal_pb6d-zzuh",
    "source_id": "609710",
    "retrieved": "2026-08-19",
    "subtype": "HS"
   },
   "geometry": {
    "type": "Point",
    "coordinates": [
     -87.620623,
     41.718372
    ]
   }
  },
  {
   "type": "Feature",
   "properties": {
    "name": "HARTE",
    "category": "schools",
    "source": "chicago_data_portal_pb6d-zzuh",
    "source_id": "609969",
    "retrieved": "2026-08-19",
    "subtype": "ES"
   },
   "geometry": {
    "type": "Point",
    "coordinates": [
     -87.586855,
     41.793447
    ]
   }
  },
  {
   "type": "Feature",
   "properties": {
    "name": "HARVARD",
    "category": "schools",
    "source": "chicago_data_portal_pb6d-zzuh",
    "source_id": "609971",
    "retrieved": "2026-08-19",
    "subtype": "ES"
   },
   "geometry": {
    "type": "Point",
    "coordinates": [
     -87.632737,
     41.757341
    ]
   }
  },
  {
   "type": "Feature",
   "properties": {
    "name": "HAUGAN",
    "category": "schools",
    "source": "chicago_data_portal_pb6d-zzuh",
    "source_id": "609972",
    "retrieved": "2026-08-19",
    "subtype": "ES"
   },
   "geometry": {
    "type": "Point",
    "coordinates": [
     -87.723128,
     41.964029
    ]
   }
  },
  {
   "type": "Feature",
   "properties": {
    "name": "HAWTHORNE",
    "category": "schools",
    "source": "chicago_data_portal_pb6d-zzuh",
    "source_id": "609974",
    "retrieved": "2026-08-19",
    "subtype": "ES"
   },
   "geometry": {
    "type": "Point",
    "coordinates": [
     -87.657709,
     41.942275
    ]
   }
  },
  {
   "type": "Feature",
   "properties": {
    "name": "HAY",
    "category": "schools",
    "source": "chicago_data_portal_pb6d-zzuh",
    "source_id": "609975",
    "retrieved": "2026-08-19",
    "subtype": "ES"
   },
   "geometry": {
    "type": "Point",
    "coordinates": [
     -87.755813,
     41.899171
    ]
   }
  },
  {
   "type": "Feature",
   "properties": {
    "name": "HAYT",
    "category": "schools",
    "source": "chicago_data_portal_pb6d-zzuh",
    "source_id": "609976",
    "retrieved": "2026-08-19",
    "subtype": "ES"
   },
   "geometry": {
    "type": "Point",
    "coordinates": [
     -87.668504,
     41.994541
    ]
   }
  },
  {
   "type": "Feature",
   "properties": {
    "name": "HEALY",
    "category": "schools",
    "source": "chicago_data_portal_pb6d-zzuh",
    "source_id": "609979",
    "retrieved": "2026-08-19",
    "subtype": "ES"
   },
   "geometry": {
    "type": "Point",
    "coordinates": [
     -87.640341,
     41.839595
    ]
   }
  },
  {
   "type": "Feature",
   "properties": {
    "name": "HEARST",
    "category": "schools",
    "source": "chicago_data_portal_pb6d-zzuh",
    "source_id": "609981",
    "retrieved": "2026-08-19",
    "subtype": "ES"
   },
   "geometry": {
    "type": "Point",
    "coordinates": [
     -87.745726,
     41.808175
    ]
   }
  },
  {
   "type": "Feature",
   "properties": {
    "name": "HEDGES",
    "category": "schools",
    "source": "chicago_data_portal_pb6d-zzuh",
    "source_id": "609983",
    "retrieved": "2026-08-19",
    "subtype": "ES"
   },
   "geometry": {
    "type": "Point",
    "coordinates": [
     -87.673327,
     41.807112
    ]
   }
  },
  {
   "type": "Feature",
   "properties": {
    "name": "HEFFERAN",
    "category": "schools",
    "source": "chicago_data_portal_pb6d-zzuh",
    "source_id": "609985",
    "retrieved": "2026-08-19",
    "subtype": "ES"
   },
   "geometry": {
    "type": "Point",
    "coordinates": [
     -87.735802,
     41.878665
    ]
   }
  },
  {
   "type": "Feature",
   "properties": {
    "name": "HENDERSON",
    "category": "schools",
    "source": "chicago_data_portal_pb6d-zzuh",
    "source_id": "609986",
    "retrieved": "2026-08-19",
    "subtype": "ES"
   },
   "geometry": {
    "type": "Point",
    "coordinates": [
     -87.671887,
     41.790591
    ]
   }
  },
  {
   "type": "Feature",
   "properties": {
    "name": "HENDRICKS",
    "category": "schools",
    "source": "chicago_data_portal_pb6d-zzuh",
    "source_id": "609987",
    "retrieved": "2026-08-19",
    "subtype": "ES"
   },
   "geometry": {
    "type": "Point",
    "coordinates": [
     -87.633664,
     41.815788
    ]
   }
  },
  {
   "type": "Feature",
   "properties": {
    "name": "HENRY",
    "category": "schools",
    "source": "chicago_data_portal_pb6d-zzuh",
    "source_id": "609988",
    "retrieved": "2026-08-19",
    "subtype": "ES"
   },
   "geometry": {
    "type": "Point",
    "coordinates": [
     -87.715632,
     41.958989
    ]
   }
  },
  {
   "type": "Feature",
   "properties": {
    "name": "HERNANDEZ",
    "category": "schools",
    "source": "chicago_data_portal_pb6d-zzuh",
    "source_id": "610532",
    "retrieved": "2026-08-19",
    "subtype": "ES"
   },
   "geometry": {
    "type": "Point",
    "coordinates": [
     -87.71137,
     41.793479
    ]
   }
  },
  {
   "type": "Feature",
   "properties": {
    "name": "HERZL",
    "category": "schools",
    "source": "chicago_data_portal_pb6d-zzuh",
    "source_id": "609991",
    "retrieved": "2026-08-19",
    "subtype": "ES"
   },
   "geometry": {
    "type": "Point",
    "coordinates": [
     -87.718994,
     41.862081
    ]
   }
  },
  {
   "type": "Feature",
   "properties": {
    "name": "HIBBARD",
    "category": "schools",
    "source": "chicago_data_portal_pb6d-zzuh",
    "source_id": "609994",
    "retrieved": "2026-08-19",
    "subtype": "ES"
   },
   "geometry": {
    "type": "Point",
    "coordinates": [
     -87.710362,
     41.970335
    ]
   }
  },
  {
   "type": "Feature",
   "properties": {
    "name": "HIGGINS",
    "category": "schools",
    "source": "chicago_data_portal_pb6d-zzuh",
    "source_id": "610295",
    "retrieved": "2026-08-19",
    "subtype": "ES"
   },
   "geometry": {
    "type": "Point",
    "coordinates": [
     -87.646994,
     41.681031
    ]
   }
  },
  {
   "type": "Feature",
   "properties": {
    "name": "HIRSCH HS",
    "category": "schools",
    "source": "chicago_data_portal_pb6d-zzuh",
    "source_id": "609712",
    "retrieved": "2026-08-19",
    "subtype": "HS"
   },
   "geometry": {
    "type": "Point",
    "coordinates": [
     -87.601727,
     41.753748
    ]
   }
  },
  {
   "type": "Feature",
   "properties": {
    "name": "HITCH",
    "category": "schools",
    "source": "chicago_data_portal_pb6d-zzuh",
    "source_id": "609995",
    "retrieved": "2026-08-19",
    "subtype": "ES"
   },
   "geometry": {
    "type": "Point",
    "coordinates": [
     -87.779123,
     41.983672
    ]
   }
  },
  {
   "type": "Feature",
   "properties": {
    "name": "HOLDEN",
    "category": "schools",
    "source": "chicago_data_portal_pb6d-zzuh",
    "source_id": "609996",
    "retrieved": "2026-08-19",
    "subtype": "ES"
   },
   "geometry": {
    "type": "Point",
    "coordinates": [
     -87.653792,
     41.838027
    ]
   }
  },
  {
   "type": "Feature",
   "properties": {
    "name": "HOLMES",
    "category": "schools",
    "source": "chicago_data_portal_pb6d-zzuh",
    "source_id": "609997",
    "retrieved": "2026-08-19",
    "subtype": "ES"
   },
   "geometry": {
    "type": "Point",
    "coordinates": [
     -87.649795,
     41.793788
    ]
   }
  },
  {
   "type": "Feature",
   "properties": {
    "name": "HORIZON - SOUTHWEST",
    "category": "schools",
    "source": "chicago_data_portal_pb6d-zzuh",
    "source_id": "400167",
    "retrieved": "2026-08-19",
    "subtype": "ES"
   },
   "geometry": {
    "type": "Point",
    "coordinates": [
     -87.683963,
     41.795201
    ]
   }
  },
  {
   "type": "Feature",
   "properties": {
    "name": "HOWE",
    "category": "schools",
    "source": "chicago_data_portal_pb6d-zzuh",
    "source_id": "610000",
    "retrieved": "2026-08-19",
    "subtype": "ES"
   },
   "geometry": {
    "type": "Point",
    "coordinates": [
     -87.759398,
     41.893612
    ]
   }
  },
  {
   "type": "Feature",
   "properties": {
    "name": "HOYNE",
    "category": "schools",
    "source": "chicago_data_portal_pb6d-zzuh",
    "source_id": "610002",
    "retrieved": "2026-08-19",
    "subtype": "ES"
   },
   "geometry": {
    "type": "Point",
    "coordinates": [
     -87.568228,
     41.733338
    ]
   }
  },
  {
   "type": "Feature",
   "properties": {
    "name": "HUBBARD HS",
    "category": "schools",
    "source": "chicago_data_portal_pb6d-zzuh",
    "source_id": "609741",
    "retrieved": "2026-08-19",
    "subtype": "HS"
   },
   "geometry": {
    "type": "Point",
    "coordinates": [
     -87.718014,
     41.780526
    ]
   }
  },
  {
   "type": "Feature",
   "properties": {
    "name": "HUGHES C",
    "category": "schools",
    "source": "chicago_data_portal_pb6d-zzuh",
    "source_id": "610005",
    "retrieved": "2026-08-19",
    "subtype": "ES"
   },
   "geometry": {
    "type": "Point",
    "coordinates": [
     -87.731777,
     41.860518
    ]
   }
  },
  {
   "type": "Feature",
   "properties": {
    "name": "HUGHES L",
    "category": "schools",
    "source": "chicago_data_portal_pb6d-zzuh",
    "source_id": "610368",
    "retrieved": "2026-08-19",
    "subtype": "ES"
   },
   "geometry": {
    "type": "Point",
    "coordinates": [
     -87.629869,
     41.705342
    ]
   }
  },
  {
   "type": "Feature",
   "properties": {
    "name": "HURLEY",
    "category": "schools",
    "source": "chicago_data_portal_pb6d-zzuh",
    "source_id": "610006",
    "retrieved": "2026-08-19",
    "subtype": "ES"
   },
   "geometry": {
    "type": "Point",
    "coordinates": [
     -87.719541,
     41.766785
    ]
   }
  },
  {
   "type": "Feature",
   "properties": {
    "name": "HYDE PARK HS",
    "category": "schools",
    "source": "chicago_data_portal_pb6d-zzuh",
    "source_id": "609713",
    "retrieved": "2026-08-19",
    "subtype": "HS"
   },
   "geometry": {
    "type": "Point",
    "coordinates": [
     -87.586615,
     41.782257
    ]
   }
  },
  {
   "type": "Feature",
   "properties": {
    "name": "INFINITY HS",
    "category": "schools",
    "source": "chicago_data_portal_pb6d-zzuh",
    "source_id": "610384",
    "retrieved": "2026-08-19",
    "subtype": "HS"
   },
   "geometry": {
    "type": "Point",
    "coordinates": [
     -87.735278,
     41.836169
    ]
   }
  },
  {
   "type": "Feature",
   "properties": {
    "name": "INSTITUTO - HEALTH HS",
    "category": "schools",
    "source": "chicago_data_portal_pb6d-zzuh",
    "source_id": "400104",
    "retrieved": "2026-08-19",
    "subtype": "HS"
   },
   "geometry": {
    "type": "Point",
    "coordinates": [
     -87.68724,
     41.845967
    ]
   }
  },
  {
   "type": "Feature",
   "properties": {
    "name": "INSTITUTO - JUSTICE HS",
    "category": "schools",
    "source": "chicago_data_portal_pb6d-zzuh",
    "source_id": "400164",
    "retrieved": "2026-08-19",
    "subtype": "HS"
   },
   "geometry": {
    "type": "Point",
    "coordinates": [
     -87.684065,
     41.845446
    ]
   }
  },
  {
   "type": "Feature",
   "properties": {
    "name": "INTER-AMERICAN",
    "category": "schools",
    "source": "chicago_data_portal_pb6d-zzuh",
    "source_id": "610078",
    "retrieved": "2026-08-19",
    "subtype": "ES"
   },
   "geometry": {
    "type": "Point",
    "coordinates": [
     -87.651573,
     41.949003
    ]
   }
  },
  {
   "type": "Feature",
   "properties": {
    "name": "INTRINSIC HS",
    "category": "schools",
    "source": "chicago_data_portal_pb6d-zzuh",
    "source_id": "400162",
    "retrieved": "2026-08-19",
    "subtype": "HS"
   },
   "geometry": {
    "type": "Point",
    "coordinates": [
     -87.741129,
     41.938988
    ]
   }
  },
  {
   "type": "Feature",
   "properties": {
    "name": "IRVING",
    "category": "schools",
    "source": "chicago_data_portal_pb6d-zzuh",
    "source_id": "610121",
    "retrieved": "2026-08-19",
    "subtype": "ES"
   },
   "geometry": {
    "type": "Point",
    "coordinates": [
     -87.683616,
     41.871595
    ]
   }
  },
  {
   "type": "Feature",
   "properties": {
    "name": "JACKSON M",
    "category": "schools",
    "source": "chicago_data_portal_pb6d-zzuh",
    "source_id": "610369",
    "retrieved": "2026-08-19",
    "subtype": "ES"
   },
   "geometry": {
    "type": "Point",
    "coordinates": [
     -87.646767,
     41.734125
    ]
   }
  },
  {
   "type": "Feature",
   "properties": {
    "name": "JAHN",
    "category": "schools",
    "source": "chicago_data_portal_pb6d-zzuh",
    "source_id": "610010",
    "retrieved": "2026-08-19",
    "subtype": "ES"
   },
   "geometry": {
    "type": "Point",
    "coordinates": [
     -87.67581,
     41.939248
    ]
   }
  },
  {
   "type": "Feature",
   "properties": {
    "name": "JAMIESON",
    "category": "schools",
    "source": "chicago_data_portal_pb6d-zzuh",
    "source_id": "610011",
    "retrieved": "2026-08-19",
    "subtype": "ES"
   },
   "geometry": {
    "type": "Point",
    "coordinates": [
     -87.700529,
     41.984641
    ]
   }
  },
  {
   "type": "Feature",
   "properties": {
    "name": "JEFFERSON HS",
    "category": "schools",
    "source": "chicago_data_portal_pb6d-zzuh",
    "source_id": "609783",
    "retrieved": "2026-08-19",
    "subtype": "HS"
   },
   "geometry": {
    "type": "Point",
    "coordinates": [
     -87.680418,
     41.867832
    ]
   }
  },
  {
   "type": "Feature",
   "properties": {
    "name": "JENSEN",
    "category": "schools",
    "source": "chicago_data_portal_pb6d-zzuh",
    "source_id": "610271",
    "retrieved": "2026-08-19",
    "subtype": "ES"
   },
   "geometry": {
    "type": "Point",
    "coordinates": [
     -87.702241,
     41.873815
    ]
   }
  },
  {
   "type": "Feature",
   "properties": {
    "name": "JOHNSON",
    "category": "schools",
    "source": "chicago_data_portal_pb6d-zzuh",
    "source_id": "610274",
    "retrieved": "2026-08-19",
    "subtype": "ES"
   },
   "geometry": {
    "type": "Point",
    "coordinates": [
     -87.703139,
     41.861836
    ]
   }
  },
  {
   "type": "Feature",
   "properties": {
    "name": "JONES HS",
    "category": "schools",
    "source": "chicago_data_portal_pb6d-zzuh",
    "source_id": "609678",
    "retrieved": "2026-08-19",
    "subtype": "HS"
   },
   "geometry": {
    "type": "Point",
    "coordinates": [
     -87.627675,
     41.873066
    ]
   }
  },
  {
   "type": "Feature",
   "properties": {
    "name": "JOPLIN",
    "category": "schools",
    "source": "chicago_data_portal_pb6d-zzuh",
    "source_id": "609805",
    "retrieved": "2026-08-19",
    "subtype": "ES"
   },
   "geometry": {
    "type": "Point",
    "coordinates": [
     -87.669366,
     41.749339
    ]
   }
  },
  {
   "type": "Feature",
   "properties": {
    "name": "JORDAN",
    "category": "schools",
    "source": "chicago_data_portal_pb6d-zzuh",
    "source_id": "609865",
    "retrieved": "2026-08-19",
    "subtype": "ES"
   },
   "geometry": {
    "type": "Point",
    "coordinates": [
     -87.677763,
     42.017088
    ]
   }
  },
  {
   "type": "Feature",
   "properties": {
    "name": "JUAREZ HS",
    "category": "schools",
    "source": "chicago_data_portal_pb6d-zzuh",
    "source_id": "609764",
    "retrieved": "2026-08-19",
    "subtype": "HS"
   },
   "geometry": {
    "type": "Point",
    "coordinates": [
     -87.664339,
     41.85267
    ]
   }
  },
  {
   "type": "Feature",
   "properties": {
    "name": "JULIAN HS",
    "category": "schools",
    "source": "chicago_data_portal_pb6d-zzuh",
    "source_id": "609762",
    "retrieved": "2026-08-19",
    "subtype": "HS"
   },
   "geometry": {
    "type": "Point",
    "coordinates": [
     -87.653749,
     41.705859
    ]
   }
  },
  {
   "type": "Feature",
   "properties": {
    "name": "JUNGMAN",
    "category": "schools",
    "source": "chicago_data_portal_pb6d-zzuh",
    "source_id": "610015",
    "retrieved": "2026-08-19",
    "subtype": "ES"
   },
   "geometry": {
    "type": "Point",
    "coordinates": [
     -87.652302,
     41.858065
    ]
   }
  },
  {
   "type": "Feature",
   "properties": {
    "name": "KANOON",
    "category": "schools",
    "source": "chicago_data_portal_pb6d-zzuh",
    "source_id": "609920",
    "retrieved": "2026-08-19",
    "subtype": "ES"
   },
   "geometry": {
    "type": "Point",
    "coordinates": [
     -87.705112,
     41.850771
    ]
   }
  },
  {
   "type": "Feature",
   "properties": {
    "name": "KELLER",
    "category": "schools",
    "source": "chicago_data_portal_pb6d-zzuh",
    "source_id": "610084",
    "retrieved": "2026-08-19",
    "subtype": "ES"
   },
   "geometry": {
    "type": "Point",
    "coordinates": [
     -87.697278,
     41.69717
    ]
   }
  },
  {
   "type": "Feature",
   "properties": {
    "name": "KELLMAN",
    "category": "schools",
    "source": "chicago_data_portal_pb6d-zzuh",
    "source_id": "609925",
    "retrieved": "2026-08-19",
    "subtype": "ES"
   },
   "geometry": {
    "type": "Point",
    "coordinates": [
     -87.702163,
     41.870168
    ]
   }
  },
  {
   "type": "Feature",
   "properties": {
    "name": "KELLOGG",
    "category": "schools",
    "source": "chicago_data_portal_pb6d-zzuh",
    "source_id": "610016",
    "retrieved": "2026-08-19",
    "subtype": "ES"
   },
   "geometry": {
    "type": "Point",
    "coordinates": [
     -87.677233,
     41.725263
    ]
   }
  },
  {
   "type": "Feature",
   "properties": {
    "name": "KELLY HS",
    "category": "schools",
    "source": "chicago_data_portal_pb6d-zzuh",
    "source_id": "609715",
    "retrieved": "2026-08-19",
    "subtype": "HS"
   },
   "geometry": {
    "type": "Point",
    "coordinates": [
     -87.694639,
     41.818729
    ]
   }
  },
  {
   "type": "Feature",
   "properties": {
    "name": "KELVYN PARK HS",
    "category": "schools",
    "source": "chicago_data_portal_pb6d-zzuh",
    "source_id": "609716",
    "retrieved": "2026-08-19",
    "subtype": "HS"
   },
   "geometry": {
    "type": "Point",
    "coordinates": [
     -87.735999,
     41.927918
    ]
   }
  },
  {
   "type": "Feature",
   "properties": {
    "name": "KENNEDY HS",
    "category": "schools",
    "source": "chicago_data_portal_pb6d-zzuh",
    "source_id": "609718",
    "retrieved": "2026-08-19",
    "subtype": "HS"
   },
   "geometry": {
    "type": "Point",
    "coordinates": [
     -87.78084,
     41.789961
    ]
   }
  },
  {
   "type": "Feature",
   "properties": {
    "name": "KENWOOD HS",
    "category": "schools",
    "source": "chicago_data_portal_pb6d-zzuh",
    "source_id": "609746",
    "retrieved": "2026-08-19",
    "subtype": "HS"
   },
   "geometry": {
    "type": "Point",
    "coordinates": [
     -87.590421,
     41.803772
    ]
   }
  },
  {
   "type": "Feature",
   "properties": {
    "name": "KERSHAW",
    "category": "schools",
    "source": "chicago_data_portal_pb6d-zzuh",
    "source_id": "610019",
    "retrieved": "2026-08-19",
    "subtype": "ES"
   },
   "geometry": {
    "type": "Point",
    "coordinates": [
     -87.640892,
     41.776453
    ]
   }
  },
  {
   "type": "Feature",
   "properties": {
    "name": "KILMER",
    "category": "schools",
    "source": "chicago_data_portal_pb6d-zzuh",
    "source_id": "610022",
    "retrieved": "2026-08-19",
    "subtype": "ES"
   },
   "geometry": {
    "type": "Point",
    "coordinates": [
     -87.668222,
     42.00364
    ]
   }
  },
  {
   "type": "Feature",
   "properties": {
    "name": "KING ES",
    "category": "schools",
    "source": "chicago_data_portal_pb6d-zzuh",
    "source_id": "610299",
    "retrieved": "2026-08-19",
    "subtype": "ES"
   },
   "geometry": {
    "type": "Point",
    "coordinates": [
     -87.641335,
     41.765335
    ]
   }
  },
  {
   "type": "Feature",
   "properties": {
    "name": "KING HS",
    "category": "schools",
    "source": "chicago_data_portal_pb6d-zzuh",
    "source_id": "609751",
    "retrieved": "2026-08-19",
    "subtype": "HS"
   },
   "geometry": {
    "type": "Point",
    "coordinates": [
     -87.603874,
     41.813675
    ]
   }
  },
  {
   "type": "Feature",
   "properties": {
    "name": "KINZIE",
    "category": "schools",
    "source": "chicago_data_portal_pb6d-zzuh",
    "source_id": "610026",
    "retrieved": "2026-08-19",
    "subtype": "ES"
   },
   "geometry": {
    "type": "Point",
    "coordinates": [
     -87.779483,
     41.789965
    ]
   }
  },
  {
   "type": "Feature",
   "properties": {
    "name": "KIPLING",
    "category": "schools",
    "source": "chicago_data_portal_pb6d-zzuh",
    "source_id": "610027",
    "retrieved": "2026-08-19",
    "subtype": "ES"
   },
   "geometry": {
    "type": "Point",
    "coordinates": [
     -87.639521,
     41.723627
    ]
   }
  },
  {
   "type": "Feature",
   "properties": {
    "name": "KIPP - ACADEMY",
    "category": "schools",
    "source": "chicago_data_portal_pb6d-zzuh",
    "source_id": "400146",
    "retrieved": "2026-08-19",
    "subtype": "ES"
   },
   "geometry": {
    "type": "Point",
    "coordinates": [
     -87.746614,
     41.891816
    ]
   }
  },
  {
   "type": "Feature",
   "properties": {
    "name": "KIPP - ASCEND",
    "category": "schools",
    "source": "chicago_data_portal_pb6d-zzuh",
    "source_id": "400044",
    "retrieved": "2026-08-19",
    "subtype": "ES"
   },
   "geometry": {
    "type": "Point",
    "coordinates": [
     -87.721071,
     41.85837
    ]
   }
  },
  {
   "type": "Feature",
   "properties": {
    "name": "KIPP - BLOOM",
    "category": "schools",
    "source": "chicago_data_portal_pb6d-zzuh",
    "source_id": "400163",
    "retrieved": "2026-08-19",
    "subtype": "ES"
   },
   "geometry": {
    "type": "Point",
    "coordinates": [
     -87.639967,
     41.793556
    ]
   }
  },
  {
   "type": "Feature",
   "properties": {
    "name": "KIPP - ONE",
    "category": "schools",
    "source": "chicago_data_portal_pb6d-zzuh",
    "source_id": "400180",
    "retrieved": "2026-08-19",
    "subtype": "ES"
   },
   "geometry": {
    "type": "Point",
    "coordinates": [
     -87.726615,
     41.893805
    ]
   }
  },
  {
   "type": "Feature",
   "properties": {
    "name": "KOZMINSKI",
    "category": "schools",
    "source": "chicago_data_portal_pb6d-zzuh",
    "source_id": "610030",
    "retrieved": "2026-08-19",
    "subtype": "ES"
   },
   "geometry": {
    "type": "Point",
    "coordinates": [
     -87.602481,
     41.798002
    ]
   }
  },
  {
   "type": "Feature",
   "properties": {
    "name": "LAKE VIEW HS",
    "category": "schools",
    "source": "chicago_data_portal_pb6d-zzuh",
    "source_id": "609719",
    "retrieved": "2026-08-19",
    "subtype": "HS"
   },
   "geometry": {
    "type": "Point",
    "coordinates": [
     -87.668953,
     41.954764
    ]
   }
  },
  {
   "type": "Feature",
   "properties": {
    "name": "LANE TECH HS",
    "category": "schools",
    "source": "chicago_data_portal_pb6d-zzuh",
    "source_id": "609720",
    "retrieved": "2026-08-19",
    "subtype": "HS"
   },
   "geometry": {
    "type": "Point",
    "coordinates": [
     -87.691013,
     41.946645
    ]
   }
  },
  {
   "type": "Feature",
   "properties": {
    "name": "LANGFORD",
    "category": "schools",
    "source": "chicago_data_portal_pb6d-zzuh",
    "source_id": "609869",
    "retrieved": "2026-08-19",
    "subtype": "ES"
   },
   "geometry": {
    "type": "Point",
    "coordinates": [
     -87.657169,
     41.784681
    ]
   }
  },
  {
   "type": "Feature",
   "properties": {
    "name": "LARA",
    "category": "schools",
    "source": "chicago_data_portal_pb6d-zzuh",
    "source_id": "609993",
    "retrieved": "2026-08-19",
    "subtype": "ES"
   },
   "geometry": {
    "type": "Point",
    "coordinates": [
     -87.672182,
     41.80977
    ]
   }
  },
  {
   "type": "Feature",
   "properties": {
    "name": "LASALLE",
    "category": "schools",
    "source": "chicago_data_portal_pb6d-zzuh",
    "source_id": "610033",
    "retrieved": "2026-08-19",
    "subtype": "ES"
   },
   "geometry": {
    "type": "Point",
    "coordinates": [
     -87.637565,
     41.9139
    ]
   }
  },
  {
   "type": "Feature",
   "properties": {
    "name": "LASALLE II",
    "category": "schools",
    "source": "chicago_data_portal_pb6d-zzuh",
    "source_id": "610520",
    "retrieved": "2026-08-19",
    "subtype": "ES"
   },
   "geometry": {
    "type": "Point",
    "coordinates": [
     -87.673696,
     41.902914
    ]
   }
  },
  {
   "type": "Feature",
   "properties": {
    "name": "LAVIZZO",
    "category": "schools",
    "source": "chicago_data_portal_pb6d-zzuh",
    "source_id": "610208",
    "retrieved": "2026-08-19",
    "subtype": "ES"
   },
   "geometry": {
    "type": "Point",
    "coordinates": [
     -87.627148,
     41.696262
    ]
   }
  },
  {
   "type": "Feature",
   "properties": {
    "name": "LAWNDALE",
    "category": "schools",
    "source": "chicago_data_portal_pb6d-zzuh",
    "source_id": "610034",
    "retrieved": "2026-08-19",
    "subtype": "ES"
   },
   "geometry": {
    "type": "Point",
    "coordinates": [
     -87.712957,
     41.86296
    ]
   }
  },
  {
   "type": "Feature",
   "properties": {
    "name": "LEARN - 7",
    "category": "schools",
    "source": "chicago_data_portal_pb6d-zzuh",
    "source_id": "400151",
    "retrieved": "2026-08-19",
    "subtype": "ES"
   },
   "geometry": {
    "type": "Point",
    "coordinates": [
     -87.701417,
     41.887317
    ]
   }
  },
  {
   "type": "Feature",
   "properties": {
    "name": "LEARN - BUTLER",
    "category": "schools",
    "source": "chicago_data_portal_pb6d-zzuh",
    "source_id": "400046",
    "retrieved": "2026-08-19",
    "subtype": "ES"
   },
   "geometry": {
    "type": "Point",
    "coordinates": [
     -87.710679,
     41.867273
    ]
   }
  },
  {
   "type": "Feature",
   "properties": {
    "name": "LEARN - CAMPBELL",
    "category": "schools",
    "source": "chicago_data_portal_pb6d-zzuh",
    "source_id": "400047",
    "retrieved": "2026-08-19",
    "subtype": "ES"
   },
   "geometry": {
    "type": "Point",
    "coordinates": [
     -87.698739,
     41.877861
    ]
   }
  },
  {
   "type": "Feature",
   "properties": {
    "name": "LEARN - EXCEL",
    "category": "schools",
    "source": "chicago_data_portal_pb6d-zzuh",
    "source_id": "400048",
    "retrieved": "2026-08-19",
    "subtype": "ES"
   },
   "geometry": {
    "type": "Point",
    "coordinates": [
     -87.702071,
     41.88732
    ]
   }
  },
  {
   "type": "Feature",
   "properties": {
    "name": "LEARN - MIDDLE",
    "category": "schools",
    "source": "chicago_data_portal_pb6d-zzuh",
    "source_id": "400165",
    "retrieved": "2026-08-19",
    "subtype": "ES"
   },
   "geometry": {
    "type": "Point",
    "coordinates": [
     -87.702724,
     41.88732
    ]
   }
  },
  {
   "type": "Feature",
   "properties": {
    "name": "LEARN - PERKINS",
    "category": "schools",
    "source": "chicago_data_portal_pb6d-zzuh",
    "source_id": "400111",
    "retrieved": "2026-08-19",
    "subtype": "ES"
   },
   "geometry": {
    "type": "Point",
    "coordinates": [
     -87.665721,
     41.743122
    ]
   }
  },
  {
   "type": "Feature",
   "properties": {
    "name": "LEARN - SOUTH CHICAGO",
    "category": "schools",
    "source": "chicago_data_portal_pb6d-zzuh",
    "source_id": "400107",
    "retrieved": "2026-08-19",
    "subtype": "ES"
   },
   "geometry": {
    "type": "Point",
    "coordinates": [
     -87.54558,
     41.733333
    ]
   }
  },
  {
   "type": "Feature",
   "properties": {
    "name": "LEE",
    "category": "schools",
    "source": "chicago_data_portal_pb6d-zzuh",
    "source_id": "610291",
    "retrieved": "2026-08-19",
    "subtype": "ES"
   },
   "geometry": {
    "type": "Point",
    "coordinates": [
     -87.728884,
     41.775305
    ]
   }
  },
  {
   "type": "Feature",
   "properties": {
    "name": "LEGACY",
    "category": "schools",
    "source": "chicago_data_portal_pb6d-zzuh",
    "source_id": "400049",
    "retrieved": "2026-08-19",
    "subtype": "ES"
   },
   "geometry": {
    "type": "Point",
    "coordinates": [
     -87.708508,
     41.856962
    ]
   }
  },
  {
   "type": "Feature",
   "properties": {
    "name": "LEGAL PREP HS",
    "category": "schools",
    "source": "chicago_data_portal_pb6d-zzuh",
    "source_id": "400119",
    "retrieved": "2026-08-19",
    "subtype": "HS"
   },
   "geometry": {
    "type": "Point",
    "coordinates": [
     -87.733778,
     41.881733
    ]
   }
  },
  {
   "type": "Feature",
   "properties": {
    "name": "LELAND",
    "category": "schools",
    "source": "chicago_data_portal_pb6d-zzuh",
    "source_id": "610305",
    "retrieved": "2026-08-19",
    "subtype": "ES"
   },
   "geometry": {
    "type": "Point",
    "coordinates": [
     -87.749276,
     41.873587
    ]
   }
  },
  {
   "type": "Feature",
   "properties": {
    "name": "LENART",
    "category": "schools",
    "source": "chicago_data_portal_pb6d-zzuh",
    "source_id": "610298",
    "retrieved": "2026-08-19",
    "subtype": "ES"
   },
   "geometry": {
    "type": "Point",
    "coordinates": [
     -87.62804,
     41.747186
    ]
   }
  },
  {
   "type": "Feature",
   "properties": {
    "name": "LEWIS",
    "category": "schools",
    "source": "chicago_data_portal_pb6d-zzuh",
    "source_id": "610036",
    "retrieved": "2026-08-19",
    "subtype": "ES"
   },
   "geometry": {
    "type": "Point",
    "coordinates": [
     -87.75455,
     41.906826
    ]
   }
  },
  {
   "type": "Feature",
   "properties": {
    "name": "LIBBY",
    "category": "schools",
    "source": "chicago_data_portal_pb6d-zzuh",
    "source_id": "610037",
    "retrieved": "2026-08-19",
    "subtype": "ES"
   },
   "geometry": {
    "type": "Point",
    "coordinates": [
     -87.659933,
     41.797685
    ]
   }
  },
  {
   "type": "Feature",
   "properties": {
    "name": "LINCOLN",
    "category": "schools",
    "source": "chicago_data_portal_pb6d-zzuh",
    "source_id": "610038",
    "retrieved": "2026-08-19",
    "subtype": "ES"
   },
   "geometry": {
    "type": "Point",
    "coordinates": [
     -87.644497,
     41.924525
    ]
   }
  },
  {
   "type": "Feature",
   "properties": {
    "name": "LINCOLN PARK HS",
    "category": "schools",
    "source": "chicago_data_portal_pb6d-zzuh",
    "source_id": "609738",
    "retrieved": "2026-08-19",
    "subtype": "HS"
   },
   "geometry": {
    "type": "Point",
    "coordinates": [
     -87.646009,
     41.918268
    ]
   }
  },
  {
   "type": "Feature",
   "properties": {
    "name": "LINDBLOM HS",
    "category": "schools",
    "source": "chicago_data_portal_pb6d-zzuh",
    "source_id": "610391",
    "retrieved": "2026-08-19",
    "subtype": "HS"
   },
   "geometry": {
    "type": "Point",
    "coordinates": [
     -87.671662,
     41.782041
    ]
   }
  },
  {
   "type": "Feature",
   "properties": {
    "name": "LITTLE VILLAGE",
    "category": "schools",
    "source": "chicago_data_portal_pb6d-zzuh",
    "source_id": "609834",
    "retrieved": "2026-08-19",
    "subtype": "ES"
   },
   "geometry": {
    "type": "Point",
    "coordinates": [
     -87.717319,
     41.843698
    ]
   }
  },
  {
   "type": "Feature",
   "properties": {
    "name": "LLOYD",
    "category": "schools",
    "source": "chicago_data_portal_pb6d-zzuh",
    "source_id": "610040",
    "retrieved": "2026-08-19",
    "subtype": "ES"
   },
   "geometry": {
    "type": "Point",
    "coordinates": [
     -87.748515,
     41.918814
    ]
   }
  },
  {
   "type": "Feature",
   "properties": {
    "name": "LOCKE A",
    "category": "schools",
    "source": "chicago_data_portal_pb6d-zzuh",
    "source_id": "400011",
    "retrieved": "2026-08-19",
    "subtype": "ES"
   },
   "geometry": {
    "type": "Point",
    "coordinates": [
     -87.705235,
     41.877248
    ]
   }
  },
  {
   "type": "Feature",
   "properties": {
    "name": "LOCKE J",
    "category": "schools",
    "source": "chicago_data_portal_pb6d-zzuh",
    "source_id": "610041",
    "retrieved": "2026-08-19",
    "subtype": "ES"
   },
   "geometry": {
    "type": "Point",
    "coordinates": [
     -87.795604,
     41.931762
    ]
   }
  },
  {
   "type": "Feature",
   "properties": {
    "name": "LOGAN SQUARE",
    "category": "schools",
    "source": "chicago_data_portal_pb6d-zzuh",
    "source_id": "610074",
    "retrieved": "2026-08-19",
    "subtype": "ES"
   },
   "geometry": {
    "type": "Point",
    "coordinates": [
     -87.719224,
     41.929989
    ]
   }
  },
  {
   "type": "Feature",
   "properties": {
    "name": "LORCA",
    "category": "schools",
    "source": "chicago_data_portal_pb6d-zzuh",
    "source_id": "610541",
    "retrieved": "2026-08-19",
    "subtype": "ES"
   },
   "geometry": {
    "type": "Point",
    "coordinates": [
     -87.724783,
     41.940026
    ]
   }
  },
  {
   "type": "Feature",
   "properties": {
    "name": "LOVETT",
    "category": "schools",
    "source": "chicago_data_portal_pb6d-zzuh",
    "source_id": "610043",
    "retrieved": "2026-08-19",
    "subtype": "ES"
   },
   "geometry": {
    "type": "Point",
    "coordinates": [
     -87.783919,
     41.912718
    ]
   }
  },
  {
   "type": "Feature",
   "properties": {
    "name": "LOWELL",
    "category": "schools",
    "source": "chicago_data_portal_pb6d-zzuh",
    "source_id": "610044",
    "retrieved": "2026-08-19",
    "subtype": "ES"
   },
   "geometry": {
    "type": "Point",
    "coordinates": [
     -87.710217,
     41.90652
    ]
   }
  },
  {
   "type": "Feature",
   "properties": {
    "name": "LOZANO",
    "category": "schools",
    "source": "chicago_data_portal_pb6d-zzuh",
    "source_id": "610029",
    "retrieved": "2026-08-19",
    "subtype": "ES"
   },
   "geometry": {
    "type": "Point",
    "coordinates": [
     -87.665093,
     41.908886
    ]
   }
  },
  {
   "type": "Feature",
   "properties": {
    "name": "LYON",
    "category": "schools",
    "source": "chicago_data_portal_pb6d-zzuh",
    "source_id": "610046",
    "retrieved": "2026-08-19",
    "subtype": "ES"
   },
   "geometry": {
    "type": "Point",
    "coordinates": [
     -87.777174,
     41.934192
    ]
   }
  },
  {
   "type": "Feature",
   "properties": {
    "name": "MADERO",
    "category": "schools",
    "source": "chicago_data_portal_pb6d-zzuh",
    "source_id": "610215",
    "retrieved": "2026-08-19",
    "subtype": "ES"
   },
   "geometry": {
    "type": "Point",
    "coordinates": [
     -87.705064,
     41.840957
    ]
   }
  },
  {
   "type": "Feature",
   "properties": {
    "name": "MADISON",
    "category": "schools",
    "source": "chicago_data_portal_pb6d-zzuh",
    "source_id": "610047",
    "retrieved": "2026-08-19",
    "subtype": "ES"
   },
   "geometry": {
    "type": "Point",
    "coordinates": [
     -87.590712,
     41.759548
    ]
   }
  },
  {
   "type": "Feature",
   "properties": {
    "name": "MANIERRE",
    "category": "schools",
    "source": "chicago_data_portal_pb6d-zzuh",
    "source_id": "610048",
    "retrieved": "2026-08-19",
    "subtype": "ES"
   },
   "geometry": {
    "type": "Point",
    "coordinates": [
     -87.639827,
     41.908247
    ]
   }
  },
  {
   "type": "Feature",
   "properties": {
    "name": "MANLEY HS",
    "category": "schools",
    "source": "chicago_data_portal_pb6d-zzuh",
    "source_id": "609722",
    "retrieved": "2026-08-19",
    "subtype": "HS"
   },
   "geometry": {
    "type": "Point",
    "coordinates": [
     -87.699896,
     41.870939
    ]
   }
  },
  {
   "type": "Feature",
   "properties": {
    "name": "MANN",
    "category": "schools",
    "source": "chicago_data_portal_pb6d-zzuh",
    "source_id": "610052",
    "retrieved": "2026-08-19",
    "subtype": "ES"
   },
   "geometry": {
    "type": "Point",
    "coordinates": [
     -87.574816,
     41.748274
    ]
   }
  },
  {
   "type": "Feature",
   "properties": {
    "name": "MARINE LEADERSHIP AT AMES HS",
    "category": "schools",
    "source": "chicago_data_portal_pb6d-zzuh",
    "source_id": "609780",
    "retrieved": "2026-08-19",
    "subtype": "HS"
   },
   "geometry": {
    "type": "Point",
    "coordinates": [
     -87.721742,
     41.916045
    ]
   }
  },
  {
   "type": "Feature",
   "properties": {
    "name": "MARQUETTE",
    "category": "schools",
    "source": "chicago_data_portal_pb6d-zzuh",
    "source_id": "610053",
    "retrieved": "2026-08-19",
    "subtype": "ES"
   },
   "geometry": {
    "type": "Point",
    "coordinates": [
     -87.69703,
     41.773881
    ]
   }
  },
  {
   "type": "Feature",
   "properties": {
    "name": "MARSH",
    "category": "schools",
    "source": "chicago_data_portal_pb6d-zzuh",
    "source_id": "610054",
    "retrieved": "2026-08-19",
    "subtype": "ES"
   },
   "geometry": {
    "type": "Point",
    "coordinates": [
     -87.552483,
     41.716588
    ]
   }
  },
  {
   "type": "Feature",
   "properties": {
    "name": "MARSHALL HS",
    "category": "schools",
    "source": "chicago_data_portal_pb6d-zzuh",
    "source_id": "609723",
    "retrieved": "2026-08-19",
    "subtype": "HS"
   },
   "geometry": {
    "type": "Point",
    "coordinates": [
     -87.70805,
     41.878444
    ]
   }
  },
  {
   "type": "Feature",
   "properties": {
    "name": "MASON",
    "category": "schools",
    "source": "chicago_data_portal_pb6d-zzuh",
    "source_id": "610056",
    "retrieved": "2026-08-19",
    "subtype": "ES"
   },
   "geometry": {
    "type": "Point",
    "coordinates": [
     -87.729806,
     41.855029
    ]
   }
  },
  {
   "type": "Feature",
   "properties": {
    "name": "MATHER HS",
    "category": "schools",
    "source": "chicago_data_portal_pb6d-zzuh",
    "source_id": "609724",
    "retrieved": "2026-08-19",
    "subtype": "HS"
   },
   "geometry": {
    "type": "Point",
    "coordinates": [
     -87.702496,
     41.987589
    ]
   }
  },
  {
   "type": "Feature",
   "properties": {
    "name": "MAYER",
    "category": "schools",
    "source": "chicago_data_portal_pb6d-zzuh",
    "source_id": "610059",
    "retrieved": "2026-08-19",
    "subtype": "ES"
   },
   "geometry": {
    "type": "Point",
    "coordinates": [
     -87.657287,
     41.923204
    ]
   }
  },
  {
   "type": "Feature",
   "properties": {
    "name": "MAYS",
    "category": "schools",
    "source": "chicago_data_portal_pb6d-zzuh",
    "source_id": "610290",
    "retrieved": "2026-08-19",
    "subtype": "ES"
   },
   "geometry": {
    "type": "Point",
    "coordinates": [
     -87.637277,
     41.772728
    ]
   }
  },
  {
   "type": "Feature",
   "properties": {
    "name": "MCAULIFFE",
    "category": "schools",
    "source": "chicago_data_portal_pb6d-zzuh",
    "source_id": "609968",
    "retrieved": "2026-08-19",
    "subtype": "ES"
   },
   "geometry": {
    "type": "Point",
    "coordinates": [
     -87.723931,
     41.914816
    ]
   }
  },
  {
   "type": "Feature",
   "properties": {
    "name": "MCCORMICK",
    "category": "schools",
    "source": "chicago_data_portal_pb6d-zzuh",
    "source_id": "610063",
    "retrieved": "2026-08-19",
    "subtype": "ES"
   },
   "geometry": {
    "type": "Point",
    "coordinates": [
     -87.7063,
     41.842267
    ]
   }
  },
  {
   "type": "Feature",
   "properties": {
    "name": "MCCUTCHEON",
    "category": "schools",
    "source": "chicago_data_portal_pb6d-zzuh",
    "source_id": "610269",
    "retrieved": "2026-08-19",
    "subtype": "ES"
   },
   "geometry": {
    "type": "Point",
    "coordinates": [
     -87.654758,
     41.970949
    ]
   }
  },
  {
   "type": "Feature",
   "properties": {
    "name": "MCDADE",
    "category": "schools",
    "source": "chicago_data_portal_pb6d-zzuh",
    "source_id": "610066",
    "retrieved": "2026-08-19",
    "subtype": "ES"
   },
   "geometry": {
    "type": "Point",
    "coordinates": [
     -87.619214,
     41.73455
    ]
   }
  },
  {
   "type": "Feature",
   "properties": {
    "name": "MCDOWELL",
    "category": "schools",
    "source": "chicago_data_portal_pb6d-zzuh",
    "source_id": "610312",
    "retrieved": "2026-08-19",
    "subtype": "ES"
   },
   "geometry": {
    "type": "Point",
    "coordinates": [
     -87.58959,
     41.733132
    ]
   }
  },
  {
   "type": "Feature",
   "properties": {
    "name": "MCKAY",
    "category": "schools",
    "source": "chicago_data_portal_pb6d-zzuh",
    "source_id": "610067",
    "retrieved": "2026-08-19",
    "subtype": "ES"
   },
   "geometry": {
    "type": "Point",
    "coordinates": [
     -87.691787,
     41.768143
    ]
   }
  },
  {
   "type": "Feature",
   "properties": {
    "name": "MCNAIR",
    "category": "schools",
    "source": "chicago_data_portal_pb6d-zzuh",
    "source_id": "610282",
    "retrieved": "2026-08-19",
    "subtype": "ES"
   },
   "geometry": {
    "type": "Point",
    "coordinates": [
     -87.746731,
     41.897819
    ]
   }
  },
  {
   "type": "Feature",
   "properties": {
    "name": "MCPHERSON",
    "category": "schools",
    "source": "chicago_data_portal_pb6d-zzuh",
    "source_id": "610070",
    "retrieved": "2026-08-19",
    "subtype": "ES"
   },
   "geometry": {
    "type": "Point",
    "coordinates": [
     -87.676288,
     41.967847
    ]
   }
  },
  {
   "type": "Feature",
   "properties": {
    "name": "MELODY",
    "category": "schools",
    "source": "chicago_data_portal_pb6d-zzuh",
    "source_id": "610293",
    "retrieved": "2026-08-19",
    "subtype": "ES"
   },
   "geometry": {
    "type": "Point",
    "coordinates": [
     -87.724661,
     41.878799
    ]
   }
  },
  {
   "type": "Feature",
   "properties": {
    "name": "METCALFE",
    "category": "schools",
    "source": "chicago_data_portal_pb6d-zzuh",
    "source_id": "609902",
    "retrieved": "2026-08-19",
    "subtype": "ES"
   },
   "geometry": {
    "type": "Point",
    "coordinates": [
     -87.634306,
     41.669444
    ]
   }
  },
  {
   "type": "Feature",
   "properties": {
    "name": "MINOSO",
    "category": "schools",
    "source": "chicago_data_portal_pb6d-zzuh",
    "source_id": "610062",
    "retrieved": "2026-08-19",
    "subtype": "ES"
   },
   "geometry": {
    "type": "Point",
    "coordinates": [
     -87.641103,
     41.829993
    ]
   }
  },
  {
   "type": "Feature",
   "properties": {
    "name": "MIRELES",
    "category": "schools",
    "source": "chicago_data_portal_pb6d-zzuh",
    "source_id": "610171",
    "retrieved": "2026-08-19",
    "subtype": "ES"
   },
   "geometry": {
    "type": "Point",
    "coordinates": [
     -87.552788,
     41.731717
    ]
   }
  },
  {
   "type": "Feature",
   "properties": {
    "name": "MITCHELL",
    "category": "schools",
    "source": "chicago_data_portal_pb6d-zzuh",
    "source_id": "610073",
    "retrieved": "2026-08-19",
    "subtype": "ES"
   },
   "geometry": {
    "type": "Point",
    "coordinates": [
     -87.683185,
     41.892082
    ]
   }
  },
  {
   "type": "Feature",
   "properties": {
    "name": "MOLLISON",
    "category": "schools",
    "source": "chicago_data_portal_pb6d-zzuh",
    "source_id": "610276",
    "retrieved": "2026-08-19",
    "subtype": "ES"
   },
   "geometry": {
    "type": "Point",
    "coordinates": [
     -87.616618,
     41.814358
    ]
   }
  },
  {
   "type": "Feature",
   "properties": {
    "name": "MONARCAS ACADEMY",
    "category": "schools",
    "source": "chicago_data_portal_pb6d-zzuh",
    "source_id": "610203",
    "retrieved": "2026-08-19",
    "subtype": "ES"
   },
   "geometry": {
    "type": "Point",
    "coordinates": [
     -87.708179,
     41.787523
    ]
   }
  },
  {
   "type": "Feature",
   "properties": {
    "name": "MONTESSORI ENGLEWOOD",
    "category": "schools",
    "source": "chicago_data_portal_pb6d-zzuh",
    "source_id": "400116",
    "retrieved": "2026-08-19",
    "subtype": "ES"
   },
   "geometry": {
    "type": "Point",
    "coordinates": [
     -87.667639,
     41.76739
    ]
   }
  },
  {
   "type": "Feature",
   "properties": {
    "name": "MOOS",
    "category": "schools",
    "source": "chicago_data_portal_pb6d-zzuh",
    "source_id": "610076",
    "retrieved": "2026-08-19",
    "subtype": "ES"
   },
   "geometry": {
    "type": "Point",
    "coordinates": [
     -87.696941,
     41.912505
    ]
   }
  },
  {
   "type": "Feature",
   "properties": {
    "name": "MORGAN PARK HS",
    "category": "schools",
    "source": "chicago_data_portal_pb6d-zzuh",
    "source_id": "609725",
    "retrieved": "2026-08-19",
    "subtype": "HS"
   },
   "geometry": {
    "type": "Point",
    "coordinates": [
     -87.665658,
     41.692035
    ]
   }
  },
  {
   "type": "Feature",
   "properties": {
    "name": "MORRILL",
    "category": "schools",
    "source": "chicago_data_portal_pb6d-zzuh",
    "source_id": "610077",
    "retrieved": "2026-08-19",
    "subtype": "ES"
   },
   "geometry": {
    "type": "Point",
    "coordinates": [
     -87.688549,
     41.784313
    ]
   }
  },
  {
   "type": "Feature",
   "properties": {
    "name": "MORTON",
    "category": "schools",
    "source": "chicago_data_portal_pb6d-zzuh",
    "source_id": "610257",
    "retrieved": "2026-08-19",
    "subtype": "ES"
   },
   "geometry": {
    "type": "Point",
    "coordinates": [
     -87.705108,
     41.889178
    ]
   }
  },
  {
   "type": "Feature",
   "properties": {
    "name": "MOSAIC",
    "category": "schools",
    "source": "chicago_data_portal_pb6d-zzuh",
    "source_id": "609804",
    "retrieved": "2026-08-19",
    "subtype": "ES"
   },
   "geometry": {
    "type": "Point",
    "coordinates": [
     -87.697463,
     42.003412
    ]
   }
  },
  {
   "type": "Feature",
   "properties": {
    "name": "MOUNT GREENWOOD",
    "category": "schools",
    "source": "chicago_data_portal_pb6d-zzuh",
    "source_id": "610082",
    "retrieved": "2026-08-19",
    "subtype": "ES"
   },
   "geometry": {
    "type": "Point",
    "coordinates": [
     -87.70581,
     41.695734
    ]
   }
  },
  {
   "type": "Feature",
   "properties": {
    "name": "MOUNT VERNON",
    "category": "schools",
    "source": "chicago_data_portal_pb6d-zzuh",
    "source_id": "610086",
    "retrieved": "2026-08-19",
    "subtype": "ES"
   },
   "geometry": {
    "type": "Point",
    "coordinates": [
     -87.647652,
     41.701952
    ]
   }
  },
  {
   "type": "Feature",
   "properties": {
    "name": "MOVING EVEREST",
    "category": "schools",
    "source": "chicago_data_portal_pb6d-zzuh",
    "source_id": "400178",
    "retrieved": "2026-08-19",
    "subtype": "ES"
   },
   "geometry": {
    "type": "Point",
    "coordinates": [
     -87.755424,
     41.888263
    ]
   }
  },
  {
   "type": "Feature",
   "properties": {
    "name": "MOZART",
    "category": "schools",
    "source": "chicago_data_portal_pb6d-zzuh",
    "source_id": "610088",
    "retrieved": "2026-08-19",
    "subtype": "ES"
   },
   "geometry": {
    "type": "Point",
    "coordinates": [
     -87.721888,
     41.92091
    ]
   }
  },
  {
   "type": "Feature",
   "properties": {
    "name": "MULTICULTURAL ARTS HS",
    "category": "schools",
    "source": "chicago_data_portal_pb6d-zzuh",
    "source_id": "610385",
    "retrieved": "2026-08-19",
    "subtype": "HS"
   },
   "geometry": {
    "type": "Point",
    "coordinates": [
     -87.735283,
     41.835282
    ]
   }
  },
  {
   "type": "Feature",
   "properties": {
    "name": "MURPHY",
    "category": "schools",
    "source": "chicago_data_portal_pb6d-zzuh",
    "source_id": "610089",
    "retrieved": "2026-08-19",
    "subtype": "ES"
   },
   "geometry": {
    "type": "Point",
    "coordinates": [
     -87.716832,
     41.950078
    ]
   }
  },
  {
   "type": "Feature",
   "properties": {
    "name": "MURRAY",
    "category": "schools",
    "source": "chicago_data_portal_pb6d-zzuh",
    "source_id": "610090",
    "retrieved": "2026-08-19",
    "subtype": "ES"
   },
   "geometry": {
    "type": "Point",
    "coordinates": [
     -87.59334,
     41.798535
    ]
   }
  },
  {
   "type": "Feature",
   "properties": {
    "name": "NAMASTE",
    "category": "schools",
    "source": "chicago_data_portal_pb6d-zzuh",
    "source_id": "400050",
    "retrieved": "2026-08-19",
    "subtype": "ES"
   },
   "geometry": {
    "type": "Point",
    "coordinates": [
     -87.667724,
     41.8257
    ]
   }
  },
  {
   "type": "Feature",
   "properties": {
    "name": "NASH",
    "category": "schools",
    "source": "chicago_data_portal_pb6d-zzuh",
    "source_id": "610092",
    "retrieved": "2026-08-19",
    "subtype": "ES"
   },
   "geometry": {
    "type": "Point",
    "coordinates": [
     -87.747936,
     41.89181
    ]
   }
  },
  {
   "type": "Feature",
   "properties": {
    "name": "NATIONAL TEACHERS",
    "category": "schools",
    "source": "chicago_data_portal_pb6d-zzuh",
    "source_id": "610231",
    "retrieved": "2026-08-19",
    "subtype": "ES"
   },
   "geometry": {
    "type": "Point",
    "coordinates": [
     -87.629308,
     41.8528
    ]
   }
  },
  {
   "type": "Feature",
   "properties": {
    "name": "NEIL",
    "category": "schools",
    "source": "chicago_data_portal_pb6d-zzuh",
    "source_id": "610093",
    "retrieved": "2026-08-19",
    "subtype": "ES"
   },
   "geometry": {
    "type": "Point",
    "coordinates": [
     -87.620933,
     41.738407
    ]
   }
  },
  {
   "type": "Feature",
   "properties": {
    "name": "NETTELHORST",
    "category": "schools",
    "source": "chicago_data_portal_pb6d-zzuh",
    "source_id": "610094",
    "retrieved": "2026-08-19",
    "subtype": "ES"
   },
   "geometry": {
    "type": "Point",
    "coordinates": [
     -87.644561,
     41.941637
    ]
   }
  },
  {
   "type": "Feature",
   "properties": {
    "name": "NEW FIELD",
    "category": "schools",
    "source": "chicago_data_portal_pb6d-zzuh",
    "source_id": "610284",
    "retrieved": "2026-08-19",
    "subtype": "ES"
   },
   "geometry": {
    "type": "Point",
    "coordinates": [
     -87.673168,
     42.007703
    ]
   }
  },
  {
   "type": "Feature",
   "properties": {
    "name": "NEW SULLIVAN",
    "category": "schools",
    "source": "chicago_data_portal_pb6d-zzuh",
    "source_id": "610193",
    "retrieved": "2026-08-19",
    "subtype": "ES"
   },
   "geometry": {
    "type": "Point",
    "coordinates": [
     -87.542928,
     41.743829
    ]
   }
  },
  {
   "type": "Feature",
   "properties": {
    "name": "NEWBERRY",
    "category": "schools",
    "source": "chicago_data_portal_pb6d-zzuh",
    "source_id": "610095",
    "retrieved": "2026-08-19",
    "subtype": "ES"
   },
   "geometry": {
    "type": "Point",
    "coordinates": [
     -87.64599,
     41.913947
    ]
   }
  },
  {
   "type": "Feature",
   "properties": {
    "name": "NICHOLSON",
    "category": "schools",
    "source": "chicago_data_portal_pb6d-zzuh",
    "source_id": "609793",
    "retrieved": "2026-08-19",
    "subtype": "ES"
   },
   "geometry": {
    "type": "Point",
    "coordinates": [
     -87.647453,
     41.784942
    ]
   }
  },
  {
   "type": "Feature",
   "properties": {
    "name": "NIGHTINGALE",
    "category": "schools",
    "source": "chicago_data_portal_pb6d-zzuh",
    "source_id": "610096",
    "retrieved": "2026-08-19",
    "subtype": "ES"
   },
   "geometry": {
    "type": "Point",
    "coordinates": [
     -87.689139,
     41.797714
    ]
   }
  },
  {
   "type": "Feature",
   "properties": {
    "name": "NINOS HEROES",
    "category": "schools",
    "source": "chicago_data_portal_pb6d-zzuh",
    "source_id": "609961",
    "retrieved": "2026-08-19",
    "subtype": "ES"
   },
   "geometry": {
    "type": "Point",
    "coordinates": [
     -87.551862,
     41.743753
    ]
   }
  },
  {
   "type": "Feature",
   "properties": {
    "name": "NIXON",
    "category": "schools",
    "source": "chicago_data_portal_pb6d-zzuh",
    "source_id": "610097",
    "retrieved": "2026-08-19",
    "subtype": "ES"
   },
   "geometry": {
    "type": "Point",
    "coordinates": [
     -87.73142,
     41.919581
    ]
   }
  },
  {
   "type": "Feature",
   "properties": {
    "name": "NLCP - CHRISTIANA HS",
    "category": "schools",
    "source": "chicago_data_portal_pb6d-zzuh",
    "source_id": "400058",
    "retrieved": "2026-08-19",
    "subtype": "HS"
   },
   "geometry": {
    "type": "Point",
    "coordinates": [
     -87.708987,
     41.858564
    ]
   }
  },
  {
   "type": "Feature",
   "properties": {
    "name": "NLCP - COLLINS HS",
    "category": "schools",
    "source": "chicago_data_portal_pb6d-zzuh",
    "source_id": "400059",
    "retrieved": "2026-08-19",
    "subtype": "HS"
   },
   "geometry": {
    "type": "Point",
    "coordinates": [
     -87.708986,
     41.857564
    ]
   }
  },
  {
   "type": "Feature",
   "properties": {
    "name": "NOBEL",
    "category": "schools",
    "source": "chicago_data_portal_pb6d-zzuh",
    "source_id": "610098",
    "retrieved": "2026-08-19",
    "subtype": "ES"
   },
   "geometry": {
    "type": "Point",
    "coordinates": [
     -87.729955,
     41.906155
    ]
   }
  },
  {
   "type": "Feature",
   "properties": {
    "name": "NOBLE - ACADEMY HS",
    "category": "schools",
    "source": "chicago_data_portal_pb6d-zzuh",
    "source_id": "400170",
    "retrieved": "2026-08-19",
    "subtype": "HS"
   },
   "geometry": {
    "type": "Point",
    "coordinates": [
     -87.645577,
     41.906879
    ]
   }
  },
  {
   "type": "Feature",
   "properties": {
    "name": "NOBLE - BAKER HS",
    "category": "schools",
    "source": "chicago_data_portal_pb6d-zzuh",
    "source_id": "400157",
    "retrieved": "2026-08-19",
    "subtype": "HS"
   },
   "geometry": {
    "type": "Point",
    "coordinates": [
     -87.556201,
     41.734622
    ]
   }
  },
  {
   "type": "Feature",
   "properties": {
    "name": "NOBLE - BULLS HS",
    "category": "schools",
    "source": "chicago_data_portal_pb6d-zzuh",
    "source_id": "400097",
    "retrieved": "2026-08-19",
    "subtype": "HS"
   },
   "geometry": {
    "type": "Point",
    "coordinates": [
     -87.678195,
     41.878809
    ]
   }
  },
  {
   "type": "Feature",
   "properties": {
    "name": "NOBLE - BUTLER HS",
    "category": "schools",
    "source": "chicago_data_portal_pb6d-zzuh",
    "source_id": "400156",
    "retrieved": "2026-08-19",
    "subtype": "HS"
   },
   "geometry": {
    "type": "Point",
    "coordinates": [
     -87.602573,
     41.706667
    ]
   }
  },
  {
   "type": "Feature",
   "properties": {
    "name": "NOBLE - COMER",
    "category": "schools",
    "source": "chicago_data_portal_pb6d-zzuh",
    "source_id": "400052",
    "retrieved": "2026-08-19",
    "subtype": "HS"
   },
   "geometry": {
    "type": "Point",
    "coordinates": [
     -87.604164,
     41.765252
    ]
   }
  },
  {
   "type": "Feature",
   "properties": {
    "name": "NOBLE - DRW HS",
    "category": "schools",
    "source": "chicago_data_portal_pb6d-zzuh",
    "source_id": "400118",
    "retrieved": "2026-08-19",
    "subtype": "HS"
   },
   "geometry": {
    "type": "Point",
    "coordinates": [
     -87.711654,
     41.869328
    ]
   }
  },
  {
   "type": "Feature",
   "properties": {
    "name": "NOBLE - GOLDER HS",
    "category": "schools",
    "source": "chicago_data_portal_pb6d-zzuh",
    "source_id": "400053",
    "retrieved": "2026-08-19",
    "subtype": "HS"
   },
   "geometry": {
    "type": "Point",
    "coordinates": [
     -87.664483,
     41.895282
    ]
   }
  },
  {
   "type": "Feature",
   "properties": {
    "name": "NOBLE - HANSBERRY HS",
    "category": "schools",
    "source": "chicago_data_portal_pb6d-zzuh",
    "source_id": "400117",
    "retrieved": "2026-08-19",
    "subtype": "HS"
   },
   "geometry": {
    "type": "Point",
    "coordinates": [
     -87.650987,
     41.734442
    ]
   }
  },
  {
   "type": "Feature",
   "properties": {
    "name": "NOBLE - ITW SPEER HS",
    "category": "schools",
    "source": "chicago_data_portal_pb6d-zzuh",
    "source_id": "400169",
    "retrieved": "2026-08-19",
    "subtype": "HS"
   },
   "geometry": {
    "type": "Point",
    "coordinates": [
     -87.759675,
     41.917266
    ]
   }
  },
  {
   "type": "Feature",
   "properties": {
    "name": "NOBLE - JOHNSON HS",
    "category": "schools",
    "source": "chicago_data_portal_pb6d-zzuh",
    "source_id": "400106",
    "retrieved": "2026-08-19",
    "subtype": "HS"
   },
   "geometry": {
    "type": "Point",
    "coordinates": [
     -87.635117,
     41.778369
    ]
   }
  },
  {
   "type": "Feature",
   "properties": {
    "name": "NOBLE - MANSUETO HS",
    "category": "schools",
    "source": "chicago_data_portal_pb6d-zzuh",
    "source_id": "400179",
    "retrieved": "2026-08-19",
    "subtype": "HS"
   },
   "geometry": {
    "type": "Point",
    "coordinates": [
     -87.697057,
     41.807987
    ]
   }
  },
  {
   "type": "Feature",
   "properties": {
    "name": "NOBLE - MUCHIN HS",
    "category": "schools",
    "source": "chicago_data_portal_pb6d-zzuh",
    "source_id": "400098",
    "retrieved": "2026-08-19",
    "subtype": "HS"
   },
   "geometry": {
    "type": "Point",
    "coordinates": [
     -87.626338,
     41.88274
    ]
   }
  },
  {
   "type": "Feature",
   "properties": {
    "name": "NOBLE - NOBLE HS",
    "category": "schools",
    "source": "chicago_data_portal_pb6d-zzuh",
    "source_id": "400051",
    "retrieved": "2026-08-19",
    "subtype": "HS"
   },
   "geometry": {
    "type": "Point",
    "coordinates": [
     -87.662628,
     41.900191
    ]
   }
  },
  {
   "type": "Feature",
   "properties": {
    "name": "NOBLE - PRITZKER HS",
    "category": "schools",
    "source": "chicago_data_portal_pb6d-zzuh",
    "source_id": "400054",
    "retrieved": "2026-08-19",
    "subtype": "HS"
   },
   "geometry": {
    "type": "Point",
    "coordinates": [
     -87.730127,
     41.915214
    ]
   }
  },
  {
   "type": "Feature",
   "properties": {
    "name": "NOBLE - RAUNER HS",
    "category": "schools",
    "source": "chicago_data_portal_pb6d-zzuh",
    "source_id": "400055",
    "retrieved": "2026-08-19",
    "subtype": "HS"
   },
   "geometry": {
    "type": "Point",
    "coordinates": [
     -87.660859,
     41.892425
    ]
   }
  },
  {
   "type": "Feature",
   "properties": {
    "name": "NOBLE - ROWE CLARK HS",
    "category": "schools",
    "source": "chicago_data_portal_pb6d-zzuh",
    "source_id": "400056",
    "retrieved": "2026-08-19",
    "subtype": "HS"
   },
   "geometry": {
    "type": "Point",
    "coordinates": [
     -87.718047,
     41.895362
    ]
   }
  },
  {
   "type": "Feature",
   "properties": {
    "name": "NOBLE - UIC HS",
    "category": "schools",
    "source": "chicago_data_portal_pb6d-zzuh",
    "source_id": "400057",
    "retrieved": "2026-08-19",
    "subtype": "HS"
   },
   "geometry": {
    "type": "Point",
    "coordinates": [
     -87.676111,
     41.865817
    ]
   }
  },
  {
   "type": "Feature",
   "properties": {
    "name": "NORTH RIVER",
    "category": "schools",
    "source": "chicago_data_portal_pb6d-zzuh",
    "source_id": "610354",
    "retrieved": "2026-08-19",
    "subtype": "ES"
   },
   "geometry": {
    "type": "Point",
    "coordinates": [
     -87.721226,
     41.966411
    ]
   }
  },
  {
   "type": "Feature",
   "properties": {
    "name": "NORTH-GRAND HS",
    "category": "schools",
    "source": "chicago_data_portal_pb6d-zzuh",
    "source_id": "609691",
    "retrieved": "2026-08-19",
    "subtype": "HS"
   },
   "geometry": {
    "type": "Point",
    "coordinates": [
     -87.735238,
     41.911674
    ]
   }
  },
  {
   "type": "Feature",
   "properties": {
    "name": "NORTHSIDE LEARNING HS",
    "category": "schools",
    "source": "chicago_data_portal_pb6d-zzuh",
    "source_id": "609744",
    "retrieved": "2026-08-19",
    "subtype": "HS"
   },
   "geometry": {
    "type": "Point",
    "coordinates": [
     -87.722386,
     41.982973
    ]
   }
  },
  {
   "type": "Feature",
   "properties": {
    "name": "NORTHSIDE PREP HS",
    "category": "schools",
    "source": "chicago_data_portal_pb6d-zzuh",
    "source_id": "609749",
    "retrieved": "2026-08-19",
    "subtype": "HS"
   },
   "geometry": {
    "type": "Point",
    "coordinates": [
     -87.708708,
     41.981315
    ]
   }
  },
  {
   "type": "Feature",
   "properties": {
    "name": "NORTHWEST",
    "category": "schools",
    "source": "chicago_data_portal_pb6d-zzuh",
    "source_id": "610051",
    "retrieved": "2026-08-19",
    "subtype": "ES"
   },
   "geometry": {
    "type": "Point",
    "coordinates": [
     -87.757921,
     41.920611
    ]
   }
  },
  {
   "type": "Feature",
   "properties": {
    "name": "NORWOOD PARK",
    "category": "schools",
    "source": "chicago_data_portal_pb6d-zzuh",
    "source_id": "610099",
    "retrieved": "2026-08-19",
    "subtype": "ES"
   },
   "geometry": {
    "type": "Point",
    "coordinates": [
     -87.802979,
     41.988153
    ]
   }
  },
  {
   "type": "Feature",
   "properties": {
    "name": "OGDEN ES",
    "category": "schools",
    "source": "chicago_data_portal_pb6d-zzuh",
    "source_id": "610101",
    "retrieved": "2026-08-19",
    "subtype": "ES"
   },
   "geometry": {
    "type": "Point",
    "coordinates": [
     -87.629297,
     41.899976
    ]
   }
  },
  {
   "type": "Feature",
   "properties": {
    "name": "OGDEN HS",
    "category": "schools",
    "source": "chicago_data_portal_pb6d-zzuh",
    "source_id": "610529",
    "retrieved": "2026-08-19",
    "subtype": "HS"
   },
   "geometry": {
    "type": "Point",
    "coordinates": [
     -87.659405,
     41.893548
    ]
   }
  },
  {
   "type": "Feature",
   "properties": {
    "name": "OGLESBY",
    "category": "schools",
    "source": "chicago_data_portal_pb6d-zzuh",
    "source_id": "610102",
    "retrieved": "2026-08-19",
    "subtype": "ES"
   },
   "geometry": {
    "type": "Point",
    "coordinates": [
     -87.64547,
     41.75467
    ]
   }
  },
  {
   "type": "Feature",
   "properties": {
    "name": "OKEEFFE",
    "category": "schools",
    "source": "chicago_data_portal_pb6d-zzuh",
    "source_id": "610103",
    "retrieved": "2026-08-19",
    "subtype": "ES"
   },
   "geometry": {
    "type": "Point",
    "coordinates": [
     -87.572806,
     41.768602
    ]
   }
  },
  {
   "type": "Feature",
   "properties": {
    "name": "OMBUDSMAN - NORTHWEST HS",
    "category": "schools",
    "source": "chicago_data_portal_pb6d-zzuh",
    "source_id": "610569",
    "retrieved": "2026-08-19",
    "subtype": "HS"
   },
   "geometry": {
    "type": "Point",
    "coordinates": [
     -87.806682,
     42.017171
    ]
   }
  },
  {
   "type": "Feature",
   "properties": {
    "name": "OMBUDSMAN - ROSELAND HS",
    "category": "schools",
    "source": "chicago_data_portal_pb6d-zzuh",
    "source_id": "610593",
    "retrieved": "2026-08-19",
    "subtype": "HS"
   },
   "geometry": {
    "type": "Point",
    "coordinates": [
     -87.642816,
     41.695105
    ]
   }
  },
  {
   "type": "Feature",
   "properties": {
    "name": "OMBUDSMAN - SOUTH HS",
    "category": "schools",
    "source": "chicago_data_portal_pb6d-zzuh",
    "source_id": "610570",
    "retrieved": "2026-08-19",
    "subtype": "HS"
   },
   "geometry": {
    "type": "Point",
    "coordinates": [
     -87.683635,
     41.783027
    ]
   }
  },
  {
   "type": "Feature",
   "properties": {
    "name": "OMBUDSMAN - WEST HS",
    "category": "schools",
    "source": "chicago_data_portal_pb6d-zzuh",
    "source_id": "610571",
    "retrieved": "2026-08-19",
    "subtype": "HS"
   },
   "geometry": {
    "type": "Point",
    "coordinates": [
     -87.706137,
     41.866426
    ]
   }
  },
  {
   "type": "Feature",
   "properties": {
    "name": "ONAHAN",
    "category": "schools",
    "source": "chicago_data_portal_pb6d-zzuh",
    "source_id": "610104",
    "retrieved": "2026-08-19",
    "subtype": "ES"
   },
   "geometry": {
    "type": "Point",
    "coordinates": [
     -87.793108,
     41.99379
    ]
   }
  },
  {
   "type": "Feature",
   "properties": {
    "name": "ORIOLE PARK",
    "category": "schools",
    "source": "chicago_data_portal_pb6d-zzuh",
    "source_id": "610105",
    "retrieved": "2026-08-19",
    "subtype": "ES"
   },
   "geometry": {
    "type": "Point",
    "coordinates": [
     -87.812054,
     41.978501
    ]
   }
  },
  {
   "type": "Feature",
   "properties": {
    "name": "OROZCO",
    "category": "schools",
    "source": "chicago_data_portal_pb6d-zzuh",
    "source_id": "610329",
    "retrieved": "2026-08-19",
    "subtype": "ES"
   },
   "geometry": {
    "type": "Point",
    "coordinates": [
     -87.67521,
     41.857755
    ]
   }
  },
  {
   "type": "Feature",
   "properties": {
    "name": "ORR HS",
    "category": "schools",
    "source": "chicago_data_portal_pb6d-zzuh",
    "source_id": "610389",
    "retrieved": "2026-08-19",
    "subtype": "HS"
   },
   "geometry": {
    "type": "Point",
    "coordinates": [
     -87.72666,
     41.894547
    ]
   }
  },
  {
   "type": "Feature",
   "properties": {
    "name": "ORTIZ DE DOMINGUEZ",
    "category": "schools",
    "source": "chicago_data_portal_pb6d-zzuh",
    "source_id": "609950",
    "retrieved": "2026-08-19",
    "subtype": "ES"
   },
   "geometry": {
    "type": "Point",
    "coordinates": [
     -87.71719,
     41.838791
    ]
   }
  },
  {
   "type": "Feature",
   "properties": {
    "name": "OTIS",
    "category": "schools",
    "source": "chicago_data_portal_pb6d-zzuh",
    "source_id": "610107",
    "retrieved": "2026-08-19",
    "subtype": "ES"
   },
   "geometry": {
    "type": "Point",
    "coordinates": [
     -87.665426,
     41.891806
    ]
   }
  },
  {
   "type": "Feature",
   "properties": {
    "name": "OTOOLE",
    "category": "schools",
    "source": "chicago_data_portal_pb6d-zzuh",
    "source_id": "610108",
    "retrieved": "2026-08-19",
    "subtype": "ES"
   },
   "geometry": {
    "type": "Point",
    "coordinates": [
     -87.674865,
     41.774571
    ]
   }
  },
  {
   "type": "Feature",
   "properties": {
    "name": "OWEN",
    "category": "schools",
    "source": "chicago_data_portal_pb6d-zzuh",
    "source_id": "610109",
    "retrieved": "2026-08-19",
    "subtype": "ES"
   },
   "geometry": {
    "type": "Point",
    "coordinates": [
     -87.705749,
     41.74285
    ]
   }
  },
  {
   "type": "Feature",
   "properties": {
    "name": "OWENS",
    "category": "schools",
    "source": "chicago_data_portal_pb6d-zzuh",
    "source_id": "609943",
    "retrieved": "2026-08-19",
    "subtype": "ES"
   },
   "geometry": {
    "type": "Point",
    "coordinates": [
     -87.622546,
     41.670618
    ]
   }
  },
  {
   "type": "Feature",
   "properties": {
    "name": "PALMER",
    "category": "schools",
    "source": "chicago_data_portal_pb6d-zzuh",
    "source_id": "610111",
    "retrieved": "2026-08-19",
    "subtype": "ES"
   },
   "geometry": {
    "type": "Point",
    "coordinates": [
     -87.739213,
     41.973289
    ]
   }
  },
  {
   "type": "Feature",
   "properties": {
    "name": "PARK MANOR",
    "category": "schools",
    "source": "chicago_data_portal_pb6d-zzuh",
    "source_id": "610115",
    "retrieved": "2026-08-19",
    "subtype": "ES"
   },
   "geometry": {
    "type": "Point",
    "coordinates": [
     -87.611546,
     41.766477
    ]
   }
  },
  {
   "type": "Feature",
   "properties": {
    "name": "PARKER",
    "category": "schools",
    "source": "chicago_data_portal_pb6d-zzuh",
    "source_id": "610112",
    "retrieved": "2026-08-19",
    "subtype": "ES"
   },
   "geometry": {
    "type": "Point",
    "coordinates": [
     -87.634086,
     41.77078
    ]
   }
  },
  {
   "type": "Feature",
   "properties": {
    "name": "PARKSIDE",
    "category": "schools",
    "source": "chicago_data_portal_pb6d-zzuh",
    "source_id": "610116",
    "retrieved": "2026-08-19",
    "subtype": "ES"
   },
   "geometry": {
    "type": "Point",
    "coordinates": [
     -87.582954,
     41.768555
    ]
   }
  },
  {
   "type": "Feature",
   "properties": {
    "name": "PASSAGES",
    "category": "schools",
    "source": "chicago_data_portal_pb6d-zzuh",
    "source_id": "400060",
    "retrieved": "2026-08-19",
    "subtype": "ES"
   },
   "geometry": {
    "type": "Point",
    "coordinates": [
     -87.67116,
     41.983371
    ]
   }
  },
  {
   "type": "Feature",
   "properties": {
    "name": "PASTEUR",
    "category": "schools",
    "source": "chicago_data_portal_pb6d-zzuh",
    "source_id": "610117",
    "retrieved": "2026-08-19",
    "subtype": "ES"
   },
   "geometry": {
    "type": "Point",
    "coordinates": [
     -87.732666,
     41.786895
    ]
   }
  },
  {
   "type": "Feature",
   "properties": {
    "name": "PATHWAYS - ASHBURN HS",
    "category": "schools",
    "source": "chicago_data_portal_pb6d-zzuh",
    "source_id": "610557",
    "retrieved": "2026-08-19",
    "subtype": "HS"
   },
   "geometry": {
    "type": "Point",
    "coordinates": [
     -87.70406,
     41.735239
    ]
   }
  },
  {
   "type": "Feature",
   "properties": {
    "name": "PATHWAYS - AVONDALE HS",
    "category": "schools",
    "source": "chicago_data_portal_pb6d-zzuh",
    "source_id": "610568",
    "retrieved": "2026-08-19",
    "subtype": "HS"
   },
   "geometry": {
    "type": "Point",
    "coordinates": [
     -87.705206,
     41.939433
    ]
   }
  },
  {
   "type": "Feature",
   "properties": {
    "name": "PATHWAYS - BRIGHTON PARK HS",
    "category": "schools",
    "source": "chicago_data_portal_pb6d-zzuh",
    "source_id": "400173",
    "retrieved": "2026-08-19",
    "subtype": "HS"
   },
   "geometry": {
    "type": "Point",
    "coordinates": [
     -87.702645,
     41.808226
    ]
   }
  },
  {
   "type": "Feature",
   "properties": {
    "name": "PATHWAYS - HUMBOLDT PARK HS",
    "category": "schools",
    "source": "chicago_data_portal_pb6d-zzuh",
    "source_id": "610594",
    "retrieved": "2026-08-19",
    "subtype": "HS"
   },
   "geometry": {
    "type": "Point",
    "coordinates": [
     -87.687946,
     41.902841
    ]
   }
  },
  {
   "type": "Feature",
   "properties": {
    "name": "PAYTON HS",
    "category": "schools",
    "source": "chicago_data_portal_pb6d-zzuh",
    "source_id": "609680",
    "retrieved": "2026-08-19",
    "subtype": "HS"
   },
   "geometry": {
    "type": "Point",
    "coordinates": [
     -87.635385,
     41.901575
    ]
   }
  },
  {
   "type": "Feature",
   "properties": {
    "name": "PEACE AND EDUCATION HS",
    "category": "schools",
    "source": "chicago_data_portal_pb6d-zzuh",
    "source_id": "610386",
    "retrieved": "2026-08-19",
    "subtype": "HS"
   },
   "geometry": {
    "type": "Point",
    "coordinates": [
     -87.667378,
     41.803515
    ]
   }
  },
  {
   "type": "Feature",
   "properties": {
    "name": "PECK",
    "category": "schools",
    "source": "chicago_data_portal_pb6d-zzuh",
    "source_id": "610120",
    "retrieved": "2026-08-19",
    "subtype": "ES"
   },
   "geometry": {
    "type": "Point",
    "coordinates": [
     -87.719216,
     41.787899
    ]
   }
  },
  {
   "type": "Feature",
   "properties": {
    "name": "PEIRCE",
    "category": "schools",
    "source": "chicago_data_portal_pb6d-zzuh",
    "source_id": "610122",
    "retrieved": "2026-08-19",
    "subtype": "ES"
   },
   "geometry": {
    "type": "Point",
    "coordinates": [
     -87.66585,
     41.983456
    ]
   }
  },
  {
   "type": "Feature",
   "properties": {
    "name": "PENN",
    "category": "schools",
    "source": "chicago_data_portal_pb6d-zzuh",
    "source_id": "610123",
    "retrieved": "2026-08-19",
    "subtype": "ES"
   },
   "geometry": {
    "type": "Point",
    "coordinates": [
     -87.722386,
     41.858372
    ]
   }
  },
  {
   "type": "Feature",
   "properties": {
    "name": "PEREZ",
    "category": "schools",
    "source": "chicago_data_portal_pb6d-zzuh",
    "source_id": "609872",
    "retrieved": "2026-08-19",
    "subtype": "ES"
   },
   "geometry": {
    "type": "Point",
    "coordinates": [
     -87.65798,
     41.856029
    ]
   }
  },
  {
   "type": "Feature",
   "properties": {
    "name": "PERSHING",
    "category": "schools",
    "source": "chicago_data_portal_pb6d-zzuh",
    "source_id": "610126",
    "retrieved": "2026-08-19",
    "subtype": "ES"
   },
   "geometry": {
    "type": "Point",
    "coordinates": [
     -87.618338,
     41.836527
    ]
   }
  },
  {
   "type": "Feature",
   "properties": {
    "name": "PERSPECTIVES - JOSLIN HS",
    "category": "schools",
    "source": "chicago_data_portal_pb6d-zzuh",
    "source_id": "400064",
    "retrieved": "2026-08-19",
    "subtype": "HS"
   },
   "geometry": {
    "type": "Point",
    "coordinates": [
     -87.628531,
     41.855999
    ]
   }
  },
  {
   "type": "Feature",
   "properties": {
    "name": "PERSPECTIVES - LEADERSHIP HS",
    "category": "schools",
    "source": "chicago_data_portal_pb6d-zzuh",
    "source_id": "400061",
    "retrieved": "2026-08-19",
    "subtype": "HS"
   },
   "geometry": {
    "type": "Point",
    "coordinates": [
     -87.626501,
     41.738791
    ]
   }
  },
  {
   "type": "Feature",
   "properties": {
    "name": "PERSPECTIVES - MATH & SCI HS",
    "category": "schools",
    "source": "chicago_data_portal_pb6d-zzuh",
    "source_id": "400066",
    "retrieved": "2026-08-19",
    "subtype": "HS"
   },
   "geometry": {
    "type": "Point",
    "coordinates": [
     -87.624788,
     41.827784
    ]
   }
  },
  {
   "type": "Feature",
   "properties": {
    "name": "PERSPECTIVES - TECH HS",
    "category": "schools",
    "source": "chicago_data_portal_pb6d-zzuh",
    "source_id": "400062",
    "retrieved": "2026-08-19",
    "subtype": "HS"
   },
   "geometry": {
    "type": "Point",
    "coordinates": [
     -87.626495,
     41.737525
    ]
   }
  },
  {
   "type": "Feature",
   "properties": {
    "name": "PETERSON",
    "category": "schools",
    "source": "chicago_data_portal_pb6d-zzuh",
    "source_id": "610127",
    "retrieved": "2026-08-19",
    "subtype": "ES"
   },
   "geometry": {
    "type": "Point",
    "coordinates": [
     -87.712583,
     41.981557
    ]
   }
  },
  {
   "type": "Feature",
   "properties": {
    "name": "PHILLIPS HS",
    "category": "schools",
    "source": "chicago_data_portal_pb6d-zzuh",
    "source_id": "609727",
    "retrieved": "2026-08-19",
    "subtype": "HS"
   },
   "geometry": {
    "type": "Point",
    "coordinates": [
     -87.619796,
     41.82388
    ]
   }
  },
  {
   "type": "Feature",
   "properties": {
    "name": "PHOENIX MILITARY HS",
    "category": "schools",
    "source": "chicago_data_portal_pb6d-zzuh",
    "source_id": "610304",
    "retrieved": "2026-08-19",
    "subtype": "HS"
   },
   "geometry": {
    "type": "Point",
    "coordinates": [
     -87.68696,
     41.879118
    ]
   }
  },
  {
   "type": "Feature",
   "properties": {
    "name": "PICCOLO",
    "category": "schools",
    "source": "chicago_data_portal_pb6d-zzuh",
    "source_id": "610106",
    "retrieved": "2026-08-19",
    "subtype": "ES"
   },
   "geometry": {
    "type": "Point",
    "coordinates": [
     -87.731261,
     41.90014
    ]
   }
  },
  {
   "type": "Feature",
   "properties": {
    "name": "PICKARD",
    "category": "schools",
    "source": "chicago_data_portal_pb6d-zzuh",
    "source_id": "610129",
    "retrieved": "2026-08-19",
    "subtype": "ES"
   },
   "geometry": {
    "type": "Point",
    "coordinates": [
     -87.683291,
     41.8529
    ]
   }
  },
  {
   "type": "Feature",
   "properties": {
    "name": "PILSEN",
    "category": "schools",
    "source": "chicago_data_portal_pb6d-zzuh",
    "source_id": "610013",
    "retrieved": "2026-08-19",
    "subtype": "ES"
   },
   "geometry": {
    "type": "Point",
    "coordinates": [
     -87.662209,
     41.858849
    ]
   }
  },
  {
   "type": "Feature",
   "properties": {
    "name": "PIRIE",
    "category": "schools",
    "source": "chicago_data_portal_pb6d-zzuh",
    "source_id": "610130",
    "retrieved": "2026-08-19",
    "subtype": "ES"
   },
   "geometry": {
    "type": "Point",
    "coordinates": [
     -87.607891,
     41.74034
    ]
   }
  },
  {
   "type": "Feature",
   "properties": {
    "name": "PLAMONDON",
    "category": "schools",
    "source": "chicago_data_portal_pb6d-zzuh",
    "source_id": "610131",
    "retrieved": "2026-08-19",
    "subtype": "ES"
   },
   "geometry": {
    "type": "Point",
    "coordinates": [
     -87.692526,
     41.860259
    ]
   }
  },
  {
   "type": "Feature",
   "properties": {
    "name": "POE",
    "category": "schools",
    "source": "chicago_data_portal_pb6d-zzuh",
    "source_id": "610132",
    "retrieved": "2026-08-19",
    "subtype": "ES"
   },
   "geometry": {
    "type": "Point",
    "coordinates": [
     -87.606419,
     41.70263
    ]
   }
  },
  {
   "type": "Feature",
   "properties": {
    "name": "POLARIS",
    "category": "schools",
    "source": "chicago_data_portal_pb6d-zzuh",
    "source_id": "400069",
    "retrieved": "2026-08-19",
    "subtype": "ES"
   },
   "geometry": {
    "type": "Point",
    "coordinates": [
     -87.707796,
     41.89255
    ]
   }
  },
  {
   "type": "Feature",
   "properties": {
    "name": "PORTAGE PARK",
    "category": "schools",
    "source": "chicago_data_portal_pb6d-zzuh",
    "source_id": "610135",
    "retrieved": "2026-08-19",
    "subtype": "ES"
   },
   "geometry": {
    "type": "Point",
    "coordinates": [
     -87.761007,
     41.956988
    ]
   }
  },
  {
   "type": "Feature",
   "properties": {
    "name": "POWELL",
    "category": "schools",
    "source": "chicago_data_portal_pb6d-zzuh",
    "source_id": "610281",
    "retrieved": "2026-08-19",
    "subtype": "ES"
   },
   "geometry": {
    "type": "Point",
    "coordinates": [
     -87.556789,
     41.760332
    ]
   }
  },
  {
   "type": "Feature",
   "properties": {
    "name": "PRESCOTT",
    "category": "schools",
    "source": "chicago_data_portal_pb6d-zzuh",
    "source_id": "610136",
    "retrieved": "2026-08-19",
    "subtype": "ES"
   },
   "geometry": {
    "type": "Point",
    "coordinates": [
     -87.669528,
     41.928841
    ]
   }
  },
  {
   "type": "Feature",
   "properties": {
    "name": "PRIETO",
    "category": "schools",
    "source": "chicago_data_portal_pb6d-zzuh",
    "source_id": "610533",
    "retrieved": "2026-08-19",
    "subtype": "ES"
   },
   "geometry": {
    "type": "Point",
    "coordinates": [
     -87.765781,
     41.921318
    ]
   }
  },
  {
   "type": "Feature",
   "properties": {
    "name": "PRITZKER",
    "category": "schools",
    "source": "chicago_data_portal_pb6d-zzuh",
    "source_id": "610229",
    "retrieved": "2026-08-19",
    "subtype": "ES"
   },
   "geometry": {
    "type": "Point",
    "coordinates": [
     -87.677761,
     41.907053
    ]
   }
  },
  {
   "type": "Feature",
   "properties": {
    "name": "PROSSER HS",
    "category": "schools",
    "source": "chicago_data_portal_pb6d-zzuh",
    "source_id": "609679",
    "retrieved": "2026-08-19",
    "subtype": "HS"
   },
   "geometry": {
    "type": "Point",
    "coordinates": [
     -87.761048,
     41.920059
    ]
   }
  },
  {
   "type": "Feature",
   "properties": {
    "name": "PROVIDENCE ENGLEWOOD",
    "category": "schools",
    "source": "chicago_data_portal_pb6d-zzuh",
    "source_id": "400071",
    "retrieved": "2026-08-19",
    "subtype": "ES"
   },
   "geometry": {
    "type": "Point",
    "coordinates": [
     -87.663996,
     41.775367
    ]
   }
  },
  {
   "type": "Feature",
   "properties": {
    "name": "PRUSSING",
    "category": "schools",
    "source": "chicago_data_portal_pb6d-zzuh",
    "source_id": "610137",
    "retrieved": "2026-08-19",
    "subtype": "ES"
   },
   "geometry": {
    "type": "Point",
    "coordinates": [
     -87.772414,
     41.965619
    ]
   }
  },
  {
   "type": "Feature",
   "properties": {
    "name": "PULASKI",
    "category": "schools",
    "source": "chicago_data_portal_pb6d-zzuh",
    "source_id": "610138",
    "retrieved": "2026-08-19",
    "subtype": "ES"
   },
   "geometry": {
    "type": "Point",
    "coordinates": [
     -87.683801,
     41.918486
    ]
   }
  },
  {
   "type": "Feature",
   "properties": {
    "name": "PULLMAN",
    "category": "schools",
    "source": "chicago_data_portal_pb6d-zzuh",
    "source_id": "610139",
    "retrieved": "2026-08-19",
    "subtype": "ES"
   },
   "geometry": {
    "type": "Point",
    "coordinates": [
     -87.609431,
     41.688819
    ]
   }
  },
  {
   "type": "Feature",
   "properties": {
    "name": "RABY HS",
    "category": "schools",
    "source": "chicago_data_portal_pb6d-zzuh",
    "source_id": "610334",
    "retrieved": "2026-08-19",
    "subtype": "HS"
   },
   "geometry": {
    "type": "Point",
    "coordinates": [
     -87.715423,
     41.88621
    ]
   }
  },
  {
   "type": "Feature",
   "properties": {
    "name": "RANDOLPH",
    "category": "schools",
    "source": "chicago_data_portal_pb6d-zzuh",
    "source_id": "609941",
    "retrieved": "2026-08-19",
    "subtype": "ES"
   },
   "geometry": {
    "type": "Point",
    "coordinates": [
     -87.675966,
     41.760614
    ]
   }
  },
  {
   "type": "Feature",
   "properties": {
    "name": "RAVENSWOOD",
    "category": "schools",
    "source": "chicago_data_portal_pb6d-zzuh",
    "source_id": "610141",
    "retrieved": "2026-08-19",
    "subtype": "ES"
   },
   "geometry": {
    "type": "Point",
    "coordinates": [
     -87.670922,
     41.960746
    ]
   }
  },
  {
   "type": "Feature",
   "properties": {
    "name": "RAY",
    "category": "schools",
    "source": "chicago_data_portal_pb6d-zzuh",
    "source_id": "610142",
    "retrieved": "2026-08-19",
    "subtype": "ES"
   },
   "geometry": {
    "type": "Point",
    "coordinates": [
     -87.594752,
     41.792348
    ]
   }
  },
  {
   "type": "Feature",
   "properties": {
    "name": "REAVIS",
    "category": "schools",
    "source": "chicago_data_portal_pb6d-zzuh",
    "source_id": "610143",
    "retrieved": "2026-08-19",
    "subtype": "ES"
   },
   "geometry": {
    "type": "Point",
    "coordinates": [
     -87.604925,
     41.804174
    ]
   }
  },
  {
   "type": "Feature",
   "properties": {
    "name": "REILLY",
    "category": "schools",
    "source": "chicago_data_portal_pb6d-zzuh",
    "source_id": "610144",
    "retrieved": "2026-08-19",
    "subtype": "ES"
   },
   "geometry": {
    "type": "Point",
    "coordinates": [
     -87.719541,
     41.941094
    ]
   }
  },
  {
   "type": "Feature",
   "properties": {
    "name": "REINBERG",
    "category": "schools",
    "source": "chicago_data_portal_pb6d-zzuh",
    "source_id": "610145",
    "retrieved": "2026-08-19",
    "subtype": "ES"
   },
   "geometry": {
    "type": "Point",
    "coordinates": [
     -87.768983,
     41.943019
    ]
   }
  },
  {
   "type": "Feature",
   "properties": {
    "name": "REVERE",
    "category": "schools",
    "source": "chicago_data_portal_pb6d-zzuh",
    "source_id": "610146",
    "retrieved": "2026-08-19",
    "subtype": "ES"
   },
   "geometry": {
    "type": "Point",
    "coordinates": [
     -87.600177,
     41.764196
    ]
   }
  },
  {
   "type": "Feature",
   "properties": {
    "name": "RICHARDS HS",
    "category": "schools",
    "source": "chicago_data_portal_pb6d-zzuh",
    "source_id": "609682",
    "retrieved": "2026-08-19",
    "subtype": "HS"
   },
   "geometry": {
    "type": "Point",
    "coordinates": [
     -87.662278,
     41.802881
    ]
   }
  },
  {
   "type": "Feature",
   "properties": {
    "name": "RICHARDSON",
    "category": "schools",
    "source": "chicago_data_portal_pb6d-zzuh",
    "source_id": "610588",
    "retrieved": "2026-08-19",
    "subtype": "ES"
   },
   "geometry": {
    "type": "Point",
    "coordinates": [
     -87.725422,
     41.783826
    ]
   }
  },
  {
   "type": "Feature",
   "properties": {
    "name": "RICKOVER MILITARY HS",
    "category": "schools",
    "source": "chicago_data_portal_pb6d-zzuh",
    "source_id": "610390",
    "retrieved": "2026-08-19",
    "subtype": "HS"
   },
   "geometry": {
    "type": "Point",
    "coordinates": [
     -87.769938,
     41.957599
    ]
   }
  },
  {
   "type": "Feature",
   "properties": {
    "name": "ROBINSON",
    "category": "schools",
    "source": "chicago_data_portal_pb6d-zzuh",
    "source_id": "610256",
    "retrieved": "2026-08-19",
    "subtype": "ES"
   },
   "geometry": {
    "type": "Point",
    "coordinates": [
     -87.599067,
     41.817349
    ]
   }
  },
  {
   "type": "Feature",
   "properties": {
    "name": "ROGERS",
    "category": "schools",
    "source": "chicago_data_portal_pb6d-zzuh",
    "source_id": "610147",
    "retrieved": "2026-08-19",
    "subtype": "ES"
   },
   "geometry": {
    "type": "Point",
    "coordinates": [
     -87.697185,
     42.015265
    ]
   }
  },
  {
   "type": "Feature",
   "properties": {
    "name": "ROOSEVELT HS",
    "category": "schools",
    "source": "chicago_data_portal_pb6d-zzuh",
    "source_id": "609728",
    "retrieved": "2026-08-19",
    "subtype": "HS"
   },
   "geometry": {
    "type": "Point",
    "coordinates": [
     -87.714819,
     41.964828
    ]
   }
  },
  {
   "type": "Feature",
   "properties": {
    "name": "ROWE",
    "category": "schools",
    "source": "chicago_data_portal_pb6d-zzuh",
    "source_id": "400096",
    "retrieved": "2026-08-19",
    "subtype": "ES"
   },
   "geometry": {
    "type": "Point",
    "coordinates": [
     -87.664072,
     41.907797
    ]
   }
  },
  {
   "type": "Feature",
   "properties": {
    "name": "RUDOLPH",
    "category": "schools",
    "source": "chicago_data_portal_pb6d-zzuh",
    "source_id": "610308",
    "retrieved": "2026-08-19",
    "subtype": "ES"
   },
   "geometry": {
    "type": "Point",
    "coordinates": [
     -87.668091,
     41.883907
    ]
   }
  },
  {
   "type": "Feature",
   "properties": {
    "name": "RUGGLES",
    "category": "schools",
    "source": "chicago_data_portal_pb6d-zzuh",
    "source_id": "610152",
    "retrieved": "2026-08-19",
    "subtype": "ES"
   },
   "geometry": {
    "type": "Point",
    "coordinates": [
     -87.618066,
     41.751946
    ]
   }
  },
  {
   "type": "Feature",
   "properties": {
    "name": "RUIZ",
    "category": "schools",
    "source": "chicago_data_portal_pb6d-zzuh",
    "source_id": "610125",
    "retrieved": "2026-08-19",
    "subtype": "ES"
   },
   "geometry": {
    "type": "Point",
    "coordinates": [
     -87.680745,
     41.848101
    ]
   }
  },
  {
   "type": "Feature",
   "properties": {
    "name": "RYDER",
    "category": "schools",
    "source": "chicago_data_portal_pb6d-zzuh",
    "source_id": "610153",
    "retrieved": "2026-08-19",
    "subtype": "ES"
   },
   "geometry": {
    "type": "Point",
    "coordinates": [
     -87.638843,
     41.735379
    ]
   }
  },
  {
   "type": "Feature",
   "properties": {
    "name": "SABIN",
    "category": "schools",
    "source": "chicago_data_portal_pb6d-zzuh",
    "source_id": "610342",
    "retrieved": "2026-08-19",
    "subtype": "ES"
   },
   "geometry": {
    "type": "Point",
    "coordinates": [
     -87.68305,
     41.906816
    ]
   }
  },
  {
   "type": "Feature",
   "properties": {
    "name": "SADLOWSKI",
    "category": "schools",
    "source": "chicago_data_portal_pb6d-zzuh",
    "source_id": "610586",
    "retrieved": "2026-08-19",
    "subtype": "ES"
   },
   "geometry": {
    "type": "Point",
    "coordinates": [
     -87.527985,
     41.704859
    ]
   }
  },
  {
   "type": "Feature",
   "properties": {
    "name": "SAFE ACHIEVE ES",
    "category": "schools",
    "source": "chicago_data_portal_pb6d-zzuh",
    "source_id": "610572",
    "retrieved": "2026-08-19",
    "subtype": "ES"
   },
   "geometry": {
    "type": "Point",
    "coordinates": [
     -87.550513,
     41.753117
    ]
   }
  },
  {
   "type": "Feature",
   "properties": {
    "name": "SAFE ACHIEVE HS",
    "category": "schools",
    "source": "chicago_data_portal_pb6d-zzuh",
    "source_id": "610573",
    "retrieved": "2026-08-19",
    "subtype": "HS"
   },
   "geometry": {
    "type": "Point",
    "coordinates": [
     -87.551804,
     41.753115
    ]
   }
  },
  {
   "type": "Feature",
   "properties": {
    "name": "SAFE ACHIEVE WEST HS",
    "category": "schools",
    "source": "chicago_data_portal_pb6d-zzuh",
    "source_id": "610601",
    "retrieved": "2026-08-19",
    "subtype": "HS"
   },
   "geometry": {
    "type": "Point",
    "coordinates": [
     -87.73925,
     41.8843
    ]
   }
  },
  {
   "type": "Feature",
   "properties": {
    "name": "SALAZAR",
    "category": "schools",
    "source": "chicago_data_portal_pb6d-zzuh",
    "source_id": "610250",
    "retrieved": "2026-08-19",
    "subtype": "ES"
   },
   "geometry": {
    "type": "Point",
    "coordinates": [
     -87.633632,
     41.901417
    ]
   }
  },
  {
   "type": "Feature",
   "properties": {
    "name": "SANDOVAL",
    "category": "schools",
    "source": "chicago_data_portal_pb6d-zzuh",
    "source_id": "610226",
    "retrieved": "2026-08-19",
    "subtype": "ES"
   },
   "geometry": {
    "type": "Point",
    "coordinates": [
     -87.710987,
     41.792346
    ]
   }
  },
  {
   "type": "Feature",
   "properties": {
    "name": "SAUCEDO",
    "category": "schools",
    "source": "chicago_data_portal_pb6d-zzuh",
    "source_id": "610017",
    "retrieved": "2026-08-19",
    "subtype": "ES"
   },
   "geometry": {
    "type": "Point",
    "coordinates": [
     -87.697316,
     41.847941
    ]
   }
  },
  {
   "type": "Feature",
   "properties": {
    "name": "SAUGANASH",
    "category": "schools",
    "source": "chicago_data_portal_pb6d-zzuh",
    "source_id": "610155",
    "retrieved": "2026-08-19",
    "subtype": "ES"
   },
   "geometry": {
    "type": "Point",
    "coordinates": [
     -87.745951,
     41.991169
    ]
   }
  },
  {
   "type": "Feature",
   "properties": {
    "name": "SAWYER",
    "category": "schools",
    "source": "chicago_data_portal_pb6d-zzuh",
    "source_id": "610157",
    "retrieved": "2026-08-19",
    "subtype": "ES"
   },
   "geometry": {
    "type": "Point",
    "coordinates": [
     -87.705006,
     41.797498
    ]
   }
  },
  {
   "type": "Feature",
   "properties": {
    "name": "SAYRE",
    "category": "schools",
    "source": "chicago_data_portal_pb6d-zzuh",
    "source_id": "610158",
    "retrieved": "2026-08-19",
    "subtype": "ES"
   },
   "geometry": {
    "type": "Point",
    "coordinates": [
     -87.798721,
     41.914151
    ]
   }
  },
  {
   "type": "Feature",
   "properties": {
    "name": "SCAMMON",
    "category": "schools",
    "source": "chicago_data_portal_pb6d-zzuh",
    "source_id": "610159",
    "retrieved": "2026-08-19",
    "subtype": "ES"
   },
   "geometry": {
    "type": "Point",
    "coordinates": [
     -87.732179,
     41.941678
    ]
   }
  },
  {
   "type": "Feature",
   "properties": {
    "name": "SCHMID",
    "category": "schools",
    "source": "chicago_data_portal_pb6d-zzuh",
    "source_id": "610178",
    "retrieved": "2026-08-19",
    "subtype": "ES"
   },
   "geometry": {
    "type": "Point",
    "coordinates": [
     -87.596932,
     41.716989
    ]
   }
  },
  {
   "type": "Feature",
   "properties": {
    "name": "SCHUBERT",
    "category": "schools",
    "source": "chicago_data_portal_pb6d-zzuh",
    "source_id": "610165",
    "retrieved": "2026-08-19",
    "subtype": "ES"
   },
   "geometry": {
    "type": "Point",
    "coordinates": [
     -87.76119,
     41.930403
    ]
   }
  },
  {
   "type": "Feature",
   "properties": {
    "name": "SCHURZ HS",
    "category": "schools",
    "source": "chicago_data_portal_pb6d-zzuh",
    "source_id": "609729",
    "retrieved": "2026-08-19",
    "subtype": "HS"
   },
   "geometry": {
    "type": "Point",
    "coordinates": [
     -87.735612,
     41.946365
    ]
   }
  },
  {
   "type": "Feature",
   "properties": {
    "name": "SENN HS",
    "category": "schools",
    "source": "chicago_data_portal_pb6d-zzuh",
    "source_id": "609730",
    "retrieved": "2026-08-19",
    "subtype": "HS"
   },
   "geometry": {
    "type": "Point",
    "coordinates": [
     -87.667136,
     41.989029
    ]
   }
  },
  {
   "type": "Feature",
   "properties": {
    "name": "SEWARD",
    "category": "schools",
    "source": "chicago_data_portal_pb6d-zzuh",
    "source_id": "610167",
    "retrieved": "2026-08-19",
    "subtype": "ES"
   },
   "geometry": {
    "type": "Point",
    "coordinates": [
     -87.668772,
     41.810333
    ]
   }
  },
  {
   "type": "Feature",
   "properties": {
    "name": "SHERIDAN",
    "category": "schools",
    "source": "chicago_data_portal_pb6d-zzuh",
    "source_id": "610081",
    "retrieved": "2026-08-19",
    "subtype": "ES"
   },
   "geometry": {
    "type": "Point",
    "coordinates": [
     -87.64134,
     41.8444
    ]
   }
  },
  {
   "type": "Feature",
   "properties": {
    "name": "SHERMAN",
    "category": "schools",
    "source": "chicago_data_portal_pb6d-zzuh",
    "source_id": "610172",
    "retrieved": "2026-08-19",
    "subtype": "ES"
   },
   "geometry": {
    "type": "Point",
    "coordinates": [
     -87.650221,
     41.799766
    ]
   }
  },
  {
   "type": "Feature",
   "properties": {
    "name": "SHERWOOD",
    "category": "schools",
    "source": "chicago_data_portal_pb6d-zzuh",
    "source_id": "610173",
    "retrieved": "2026-08-19",
    "subtype": "ES"
   },
   "geometry": {
    "type": "Point",
    "coordinates": [
     -87.632279,
     41.7908
    ]
   }
  },
  {
   "type": "Feature",
   "properties": {
    "name": "SHIELDS",
    "category": "schools",
    "source": "chicago_data_portal_pb6d-zzuh",
    "source_id": "610174",
    "retrieved": "2026-08-19",
    "subtype": "ES"
   },
   "geometry": {
    "type": "Point",
    "coordinates": [
     -87.689647,
     41.815909
    ]
   }
  },
  {
   "type": "Feature",
   "properties": {
    "name": "SHIELDS MIDDLE",
    "category": "schools",
    "source": "chicago_data_portal_pb6d-zzuh",
    "source_id": "610559",
    "retrieved": "2026-08-19",
    "subtype": "ES"
   },
   "geometry": {
    "type": "Point",
    "coordinates": [
     -87.68978,
     41.806491
    ]
   }
  },
  {
   "type": "Feature",
   "properties": {
    "name": "SHOESMITH",
    "category": "schools",
    "source": "chicago_data_portal_pb6d-zzuh",
    "source_id": "610175",
    "retrieved": "2026-08-19",
    "subtype": "ES"
   },
   "geometry": {
    "type": "Point",
    "coordinates": [
     -87.593905,
     41.804294
    ]
   }
  },
  {
   "type": "Feature",
   "properties": {
    "name": "SHOOP",
    "category": "schools",
    "source": "chicago_data_portal_pb6d-zzuh",
    "source_id": "610176",
    "retrieved": "2026-08-19",
    "subtype": "ES"
   },
   "geometry": {
    "type": "Point",
    "coordinates": [
     -87.658669,
     41.690919
    ]
   }
  },
  {
   "type": "Feature",
   "properties": {
    "name": "SIMEON HS",
    "category": "schools",
    "source": "chicago_data_portal_pb6d-zzuh",
    "source_id": "609692",
    "retrieved": "2026-08-19",
    "subtype": "HS"
   },
   "geometry": {
    "type": "Point",
    "coordinates": [
     -87.63541,
     41.745781
    ]
   }
  },
  {
   "type": "Feature",
   "properties": {
    "name": "SIMPSON HS",
    "category": "schools",
    "source": "chicago_data_portal_pb6d-zzuh",
    "source_id": "609750",
    "retrieved": "2026-08-19",
    "subtype": "HS"
   },
   "geometry": {
    "type": "Point",
    "coordinates": [
     -87.668722,
     41.864365
    ]
   }
  },
  {
   "type": "Feature",
   "properties": {
    "name": "SKINNER",
    "category": "schools",
    "source": "chicago_data_portal_pb6d-zzuh",
    "source_id": "610177",
    "retrieved": "2026-08-19",
    "subtype": "ES"
   },
   "geometry": {
    "type": "Point",
    "coordinates": [
     -87.659419,
     41.879103
    ]
   }
  },
  {
   "type": "Feature",
   "properties": {
    "name": "SKINNER NORTH",
    "category": "schools",
    "source": "chicago_data_portal_pb6d-zzuh",
    "source_id": "610534",
    "retrieved": "2026-08-19",
    "subtype": "ES"
   },
   "geometry": {
    "type": "Point",
    "coordinates": [
     -87.644841,
     41.905109
    ]
   }
  },
  {
   "type": "Feature",
   "properties": {
    "name": "SMITH",
    "category": "schools",
    "source": "chicago_data_portal_pb6d-zzuh",
    "source_id": "609978",
    "retrieved": "2026-08-19",
    "subtype": "ES"
   },
   "geometry": {
    "type": "Point",
    "coordinates": [
     -87.60466,
     41.707558
    ]
   }
  },
  {
   "type": "Feature",
   "properties": {
    "name": "SMYSER",
    "category": "schools",
    "source": "chicago_data_portal_pb6d-zzuh",
    "source_id": "610179",
    "retrieved": "2026-08-19",
    "subtype": "ES"
   },
   "geometry": {
    "type": "Point",
    "coordinates": [
     -87.781975,
     41.958868
    ]
   }
  },
  {
   "type": "Feature",
   "properties": {
    "name": "SMYTH",
    "category": "schools",
    "source": "chicago_data_portal_pb6d-zzuh",
    "source_id": "610180",
    "retrieved": "2026-08-19",
    "subtype": "ES"
   },
   "geometry": {
    "type": "Point",
    "coordinates": [
     -87.653445,
     41.865351
    ]
   }
  },
  {
   "type": "Feature",
   "properties": {
    "name": "SOCIAL JUSTICE HS",
    "category": "schools",
    "source": "chicago_data_portal_pb6d-zzuh",
    "source_id": "610383",
    "retrieved": "2026-08-19",
    "subtype": "HS"
   },
   "geometry": {
    "type": "Point",
    "coordinates": [
     -87.735299,
     41.833507
    ]
   }
  },
  {
   "type": "Feature",
   "properties": {
    "name": "SOLOMON",
    "category": "schools",
    "source": "chicago_data_portal_pb6d-zzuh",
    "source_id": "610182",
    "retrieved": "2026-08-19",
    "subtype": "ES"
   },
   "geometry": {
    "type": "Point",
    "coordinates": [
     -87.724043,
     41.993942
    ]
   }
  },
  {
   "type": "Feature",
   "properties": {
    "name": "SOLORIO HS",
    "category": "schools",
    "source": "chicago_data_portal_pb6d-zzuh",
    "source_id": "610543",
    "retrieved": "2026-08-19",
    "subtype": "HS"
   },
   "geometry": {
    "type": "Point",
    "coordinates": [
     -87.711059,
     41.795201
    ]
   }
  },
  {
   "type": "Feature",
   "properties": {
    "name": "SOR JUANA",
    "category": "schools",
    "source": "chicago_data_portal_pb6d-zzuh",
    "source_id": "610589",
    "retrieved": "2026-08-19",
    "subtype": "ES"
   },
   "geometry": {
    "type": "Point",
    "coordinates": [
     -87.72447,
     41.791464
    ]
   }
  },
  {
   "type": "Feature",
   "properties": {
    "name": "SOUTH LOOP",
    "category": "schools",
    "source": "chicago_data_portal_pb6d-zzuh",
    "source_id": "609990",
    "retrieved": "2026-08-19",
    "subtype": "ES"
   },
   "geometry": {
    "type": "Point",
    "coordinates": [
     -87.628349,
     41.859741
    ]
   }
  },
  {
   "type": "Feature",
   "properties": {
    "name": "SOUTH SHORE ES",
    "category": "schools",
    "source": "chicago_data_portal_pb6d-zzuh",
    "source_id": "610530",
    "retrieved": "2026-08-19",
    "subtype": "ES"
   },
   "geometry": {
    "type": "Point",
    "coordinates": [
     -87.590396,
     41.767755
    ]
   }
  },
  {
   "type": "Feature",
   "properties": {
    "name": "SOUTH SHORE INTL HS",
    "category": "schools",
    "source": "chicago_data_portal_pb6d-zzuh",
    "source_id": "610547",
    "retrieved": "2026-08-19",
    "subtype": "HS"
   },
   "geometry": {
    "type": "Point",
    "coordinates": [
     -87.576353,
     41.758792
    ]
   }
  },
  {
   "type": "Feature",
   "properties": {
    "name": "SOUTHSIDE HS",
    "category": "schools",
    "source": "chicago_data_portal_pb6d-zzuh",
    "source_id": "609745",
    "retrieved": "2026-08-19",
    "subtype": "HS"
   },
   "geometry": {
    "type": "Point",
    "coordinates": [
     -87.675947,
     41.759852
    ]
   }
  },
  {
   "type": "Feature",
   "properties": {
    "name": "SPENCER",
    "category": "schools",
    "source": "chicago_data_portal_pb6d-zzuh",
    "source_id": "610183",
    "retrieved": "2026-08-19",
    "subtype": "ES"
   },
   "geometry": {
    "type": "Point",
    "coordinates": [
     -87.750445,
     41.884876
    ]
   }
  },
  {
   "type": "Feature",
   "properties": {
    "name": "SPRY ES",
    "category": "schools",
    "source": "chicago_data_portal_pb6d-zzuh",
    "source_id": "610184",
    "retrieved": "2026-08-19",
    "subtype": "ES"
   },
   "geometry": {
    "type": "Point",
    "coordinates": [
     -87.700184,
     41.847747
    ]
   }
  },
  {
   "type": "Feature",
   "properties": {
    "name": "SPRY HS",
    "category": "schools",
    "source": "chicago_data_portal_pb6d-zzuh",
    "source_id": "610357",
    "retrieved": "2026-08-19",
    "subtype": "HS"
   },
   "geometry": {
    "type": "Point",
    "coordinates": [
     -87.698946,
     41.847762
    ]
   }
  },
  {
   "type": "Feature",
   "properties": {
    "name": "STAGG",
    "category": "schools",
    "source": "chicago_data_portal_pb6d-zzuh",
    "source_id": "610339",
    "retrieved": "2026-08-19",
    "subtype": "ES"
   },
   "geometry": {
    "type": "Point",
    "coordinates": [
     -87.649217,
     41.758925
    ]
   }
  },
  {
   "type": "Feature",
   "properties": {
    "name": "STEINMETZ HS",
    "category": "schools",
    "source": "chicago_data_portal_pb6d-zzuh",
    "source_id": "609732",
    "retrieved": "2026-08-19",
    "subtype": "HS"
   },
   "geometry": {
    "type": "Point",
    "coordinates": [
     -87.783515,
     41.935634
    ]
   }
  },
  {
   "type": "Feature",
   "properties": {
    "name": "STEM",
    "category": "schools",
    "source": "chicago_data_portal_pb6d-zzuh",
    "source_id": "610548",
    "retrieved": "2026-08-19",
    "subtype": "ES"
   },
   "geometry": {
    "type": "Point",
    "coordinates": [
     -87.664969,
     41.868576
    ]
   }
  },
  {
   "type": "Feature",
   "properties": {
    "name": "STEVENSON",
    "category": "schools",
    "source": "chicago_data_portal_pb6d-zzuh",
    "source_id": "610185",
    "retrieved": "2026-08-19",
    "subtype": "ES"
   },
   "geometry": {
    "type": "Point",
    "coordinates": [
     -87.731666,
     41.747107
    ]
   }
  },
  {
   "type": "Feature",
   "properties": {
    "name": "STOCK",
    "category": "schools",
    "source": "chicago_data_portal_pb6d-zzuh",
    "source_id": "610163",
    "retrieved": "2026-08-19",
    "subtype": "ES"
   },
   "geometry": {
    "type": "Point",
    "coordinates": [
     -87.814195,
     42.016892
    ]
   }
  },
  {
   "type": "Feature",
   "properties": {
    "name": "STONE",
    "category": "schools",
    "source": "chicago_data_portal_pb6d-zzuh",
    "source_id": "610191",
    "retrieved": "2026-08-19",
    "subtype": "ES"
   },
   "geometry": {
    "type": "Point",
    "coordinates": [
     -87.684793,
     41.995359
    ]
   }
  },
  {
   "type": "Feature",
   "properties": {
    "name": "STOWE",
    "category": "schools",
    "source": "chicago_data_portal_pb6d-zzuh",
    "source_id": "610192",
    "retrieved": "2026-08-19",
    "subtype": "ES"
   },
   "geometry": {
    "type": "Point",
    "coordinates": [
     -87.713318,
     41.911938
    ]
   }
  },
  {
   "type": "Feature",
   "properties": {
    "name": "SUDER",
    "category": "schools",
    "source": "chicago_data_portal_pb6d-zzuh",
    "source_id": "610405",
    "retrieved": "2026-08-19",
    "subtype": "ES"
   },
   "geometry": {
    "type": "Point",
    "coordinates": [
     -87.677636,
     41.883215
    ]
   }
  },
  {
   "type": "Feature",
   "properties": {
    "name": "SULLIVAN HS",
    "category": "schools",
    "source": "chicago_data_portal_pb6d-zzuh",
    "source_id": "609733",
    "retrieved": "2026-08-19",
    "subtype": "HS"
   },
   "geometry": {
    "type": "Point",
    "coordinates": [
     -87.669192,
     42.002688
    ]
   }
  },
  {
   "type": "Feature",
   "properties": {
    "name": "SUMNER",
    "category": "schools",
    "source": "chicago_data_portal_pb6d-zzuh",
    "source_id": "610194",
    "retrieved": "2026-08-19",
    "subtype": "ES"
   },
   "geometry": {
    "type": "Point",
    "coordinates": [
     -87.733524,
     41.870828
    ]
   }
  },
  {
   "type": "Feature",
   "properties": {
    "name": "SUTHERLAND",
    "category": "schools",
    "source": "chicago_data_portal_pb6d-zzuh",
    "source_id": "610195",
    "retrieved": "2026-08-19",
    "subtype": "ES"
   },
   "geometry": {
    "type": "Point",
    "coordinates": [
     -87.676821,
     41.711445
    ]
   }
  },
  {
   "type": "Feature",
   "properties": {
    "name": "SWIFT",
    "category": "schools",
    "source": "chicago_data_portal_pb6d-zzuh",
    "source_id": "610196",
    "retrieved": "2026-08-19",
    "subtype": "ES"
   },
   "geometry": {
    "type": "Point",
    "coordinates": [
     -87.658296,
     41.989139
    ]
   }
  },
  {
   "type": "Feature",
   "properties": {
    "name": "TAFT HS",
    "category": "schools",
    "source": "chicago_data_portal_pb6d-zzuh",
    "source_id": "609734",
    "retrieved": "2026-08-19",
    "subtype": "HS"
   },
   "geometry": {
    "type": "Point",
    "coordinates": [
     -87.791547,
     41.982961
    ]
   }
  },
  {
   "type": "Feature",
   "properties": {
    "name": "TALCOTT",
    "category": "schools",
    "source": "chicago_data_portal_pb6d-zzuh",
    "source_id": "610197",
    "retrieved": "2026-08-19",
    "subtype": "ES"
   },
   "geometry": {
    "type": "Point",
    "coordinates": [
     -87.673723,
     41.892405
    ]
   }
  },
  {
   "type": "Feature",
   "properties": {
    "name": "TALMAN",
    "category": "schools",
    "source": "chicago_data_portal_pb6d-zzuh",
    "source_id": "610249",
    "retrieved": "2026-08-19",
    "subtype": "ES"
   },
   "geometry": {
    "type": "Point",
    "coordinates": [
     -87.690261,
     41.794048
    ]
   }
  },
  {
   "type": "Feature",
   "properties": {
    "name": "TANNER",
    "category": "schools",
    "source": "chicago_data_portal_pb6d-zzuh",
    "source_id": "610279",
    "retrieved": "2026-08-19",
    "subtype": "ES"
   },
   "geometry": {
    "type": "Point",
    "coordinates": [
     -87.606791,
     41.760673
    ]
   }
  },
  {
   "type": "Feature",
   "properties": {
    "name": "TARKINGTON",
    "category": "schools",
    "source": "chicago_data_portal_pb6d-zzuh",
    "source_id": "610396",
    "retrieved": "2026-08-19",
    "subtype": "ES"
   },
   "geometry": {
    "type": "Point",
    "coordinates": [
     -87.706445,
     41.764407
    ]
   }
  },
  {
   "type": "Feature",
   "properties": {
    "name": "TAYLOR",
    "category": "schools",
    "source": "chicago_data_portal_pb6d-zzuh",
    "source_id": "610198",
    "retrieved": "2026-08-19",
    "subtype": "ES"
   },
   "geometry": {
    "type": "Point",
    "coordinates": [
     -87.532971,
     41.71547
    ]
   }
  },
  {
   "type": "Feature",
   "properties": {
    "name": "TELPOCHCALLI",
    "category": "schools",
    "source": "chicago_data_portal_pb6d-zzuh",
    "source_id": "609921",
    "retrieved": "2026-08-19",
    "subtype": "ES"
   },
   "geometry": {
    "type": "Point",
    "coordinates": [
     -87.696006,
     41.847947
    ]
   }
  },
  {
   "type": "Feature",
   "properties": {
    "name": "THOMAS",
    "category": "schools",
    "source": "chicago_data_portal_pb6d-zzuh",
    "source_id": "610504",
    "retrieved": "2026-08-19",
    "subtype": "ES"
   },
   "geometry": {
    "type": "Point",
    "coordinates": [
     -87.677542,
     41.827775
    ]
   }
  },
  {
   "type": "Feature",
   "properties": {
    "name": "THORP J",
    "category": "schools",
    "source": "chicago_data_portal_pb6d-zzuh",
    "source_id": "610200",
    "retrieved": "2026-08-19",
    "subtype": "ES"
   },
   "geometry": {
    "type": "Point",
    "coordinates": [
     -87.54428,
     41.733324
    ]
   }
  },
  {
   "type": "Feature",
   "properties": {
    "name": "THORP O",
    "category": "schools",
    "source": "chicago_data_portal_pb6d-zzuh",
    "source_id": "610201",
    "retrieved": "2026-08-19",
    "subtype": "ES"
   },
   "geometry": {
    "type": "Point",
    "coordinates": [
     -87.777631,
     41.948571
    ]
   }
  },
  {
   "type": "Feature",
   "properties": {
    "name": "TILDEN HS",
    "category": "schools",
    "source": "chicago_data_portal_pb6d-zzuh",
    "source_id": "609735",
    "retrieved": "2026-08-19",
    "subtype": "HS"
   },
   "geometry": {
    "type": "Point",
    "coordinates": [
     -87.642966,
     41.80751
    ]
   }
  },
  {
   "type": "Feature",
   "properties": {
    "name": "TILL",
    "category": "schools",
    "source": "chicago_data_portal_pb6d-zzuh",
    "source_id": "610065",
    "retrieved": "2026-08-19",
    "subtype": "ES"
   },
   "geometry": {
    "type": "Point",
    "coordinates": [
     -87.609357,
     41.775424
    ]
   }
  },
  {
   "type": "Feature",
   "properties": {
    "name": "TILTON",
    "category": "schools",
    "source": "chicago_data_portal_pb6d-zzuh",
    "source_id": "610202",
    "retrieved": "2026-08-19",
    "subtype": "ES"
   },
   "geometry": {
    "type": "Point",
    "coordinates": [
     -87.730566,
     41.884102
    ]
   }
  },
  {
   "type": "Feature",
   "properties": {
    "name": "TUBMAN",
    "category": "schools",
    "source": "chicago_data_portal_pb6d-zzuh",
    "source_id": "609773",
    "retrieved": "2026-08-19",
    "subtype": "ES"
   },
   "geometry": {
    "type": "Point",
    "coordinates": [
     -87.656229,
     41.934126
    ]
   }
  },
  {
   "type": "Feature",
   "properties": {
    "name": "TURNER-DREW",
    "category": "schools",
    "source": "chicago_data_portal_pb6d-zzuh",
    "source_id": "609895",
    "retrieved": "2026-08-19",
    "subtype": "ES"
   },
   "geometry": {
    "type": "Point",
    "coordinates": [
     -87.630164,
     41.725609
    ]
   }
  },
  {
   "type": "Feature",
   "properties": {
    "name": "TWAIN",
    "category": "schools",
    "source": "chicago_data_portal_pb6d-zzuh",
    "source_id": "610206",
    "retrieved": "2026-08-19",
    "subtype": "ES"
   },
   "geometry": {
    "type": "Point",
    "coordinates": [
     -87.758928,
     41.799046
    ]
   }
  },
  {
   "type": "Feature",
   "properties": {
    "name": "U OF C - DONOGHUE",
    "category": "schools",
    "source": "chicago_data_portal_pb6d-zzuh",
    "source_id": "400075",
    "retrieved": "2026-08-19",
    "subtype": "ES"
   },
   "geometry": {
    "type": "Point",
    "coordinates": [
     -87.608501,
     41.827726
    ]
   }
  },
  {
   "type": "Feature",
   "properties": {
    "name": "U OF C - NKO",
    "category": "schools",
    "source": "chicago_data_portal_pb6d-zzuh",
    "source_id": "400076",
    "retrieved": "2026-08-19",
    "subtype": "ES"
   },
   "geometry": {
    "type": "Point",
    "coordinates": [
     -87.598786,
     41.811183
    ]
   }
  },
  {
   "type": "Feature",
   "properties": {
    "name": "U OF C - WOODLAWN HS",
    "category": "schools",
    "source": "chicago_data_portal_pb6d-zzuh",
    "source_id": "400077",
    "retrieved": "2026-08-19",
    "subtype": "HS"
   },
   "geometry": {
    "type": "Point",
    "coordinates": [
     -87.59738,
     41.780412
    ]
   }
  },
  {
   "type": "Feature",
   "properties": {
    "name": "UPLIFT HS",
    "category": "schools",
    "source": "chicago_data_portal_pb6d-zzuh",
    "source_id": "610394",
    "retrieved": "2026-08-19",
    "subtype": "HS"
   },
   "geometry": {
    "type": "Point",
    "coordinates": [
     -87.652473,
     41.965547
    ]
   }
  },
  {
   "type": "Feature",
   "properties": {
    "name": "URBAN PREP - BRONZEVILLE HS",
    "category": "schools",
    "source": "chicago_data_portal_pb6d-zzuh",
    "source_id": "400105",
    "retrieved": "2026-08-19",
    "subtype": "HS"
   },
   "geometry": {
    "type": "Point",
    "coordinates": [
     -87.613629,
     41.831118
    ]
   }
  },
  {
   "type": "Feature",
   "properties": {
    "name": "URBAN PREP - ENGLEWOOD HS",
    "category": "schools",
    "source": "chicago_data_portal_pb6d-zzuh",
    "source_id": "400086",
    "retrieved": "2026-08-19",
    "subtype": "HS"
   },
   "geometry": {
    "type": "Point",
    "coordinates": [
     -87.634357,
     41.781498
    ]
   }
  },
  {
   "type": "Feature",
   "properties": {
    "name": "VANDERPOEL",
    "category": "schools",
    "source": "chicago_data_portal_pb6d-zzuh",
    "source_id": "610207",
    "retrieved": "2026-08-19",
    "subtype": "ES"
   },
   "geometry": {
    "type": "Point",
    "coordinates": [
     -87.665559,
     41.720817
    ]
   }
  },
  {
   "type": "Feature",
   "properties": {
    "name": "VAUGHN HS",
    "category": "schools",
    "source": "chicago_data_portal_pb6d-zzuh",
    "source_id": "609766",
    "retrieved": "2026-08-19",
    "subtype": "HS"
   },
   "geometry": {
    "type": "Point",
    "coordinates": [
     -87.764663,
     41.960364
    ]
   }
  },
  {
   "type": "Feature",
   "properties": {
    "name": "VICK",
    "category": "schools",
    "source": "chicago_data_portal_pb6d-zzuh",
    "source_id": "609871",
    "retrieved": "2026-08-19",
    "subtype": "ES"
   },
   "geometry": {
    "type": "Point",
    "coordinates": [
     -87.685677,
     41.688191
    ]
   }
  },
  {
   "type": "Feature",
   "properties": {
    "name": "VIRTUAL ACADEMY ES",
    "category": "schools",
    "source": "chicago_data_portal_pb6d-zzuh",
    "source_id": "610596",
    "retrieved": "2026-08-19",
    "subtype": "ES"
   },
   "geometry": {
    "type": "Point",
    "coordinates": [
     -87.659506,
     41.863454
    ]
   }
  },
  {
   "type": "Feature",
   "properties": {
    "name": "VIRTUAL ACADEMY HS",
    "category": "schools",
    "source": "chicago_data_portal_pb6d-zzuh",
    "source_id": "610597",
    "retrieved": "2026-08-19",
    "subtype": "HS"
   },
   "geometry": {
    "type": "Point",
    "coordinates": [
     -87.659946,
     41.863452
    ]
   }
  },
  {
   "type": "Feature",
   "properties": {
    "name": "VOLTA",
    "category": "schools",
    "source": "chicago_data_portal_pb6d-zzuh",
    "source_id": "610209",
    "retrieved": "2026-08-19",
    "subtype": "ES"
   },
   "geometry": {
    "type": "Point",
    "coordinates": [
     -87.724605,
     41.971634
    ]
   }
  },
  {
   "type": "Feature",
   "properties": {
    "name": "VON LINNE",
    "category": "schools",
    "source": "chicago_data_portal_pb6d-zzuh",
    "source_id": "610039",
    "retrieved": "2026-08-19",
    "subtype": "ES"
   },
   "geometry": {
    "type": "Point",
    "coordinates": [
     -87.702635,
     41.940009
    ]
   }
  },
  {
   "type": "Feature",
   "properties": {
    "name": "VON STEUBEN HS",
    "category": "schools",
    "source": "chicago_data_portal_pb6d-zzuh",
    "source_id": "609737",
    "retrieved": "2026-08-19",
    "subtype": "HS"
   },
   "geometry": {
    "type": "Point",
    "coordinates": [
     -87.713386,
     41.973185
    ]
   }
  },
  {
   "type": "Feature",
   "properties": {
    "name": "WACKER",
    "category": "schools",
    "source": "chicago_data_portal_pb6d-zzuh",
    "source_id": "610366",
    "retrieved": "2026-08-19",
    "subtype": "ES"
   },
   "geometry": {
    "type": "Point",
    "coordinates": [
     -87.648044,
     41.716193
    ]
   }
  },
  {
   "type": "Feature",
   "properties": {
    "name": "WADSWORTH",
    "category": "schools",
    "source": "chicago_data_portal_pb6d-zzuh",
    "source_id": "610213",
    "retrieved": "2026-08-19",
    "subtype": "ES"
   },
   "geometry": {
    "type": "Point",
    "coordinates": [
     -87.601018,
     41.773478
    ]
   }
  },
  {
   "type": "Feature",
   "properties": {
    "name": "WALSH",
    "category": "schools",
    "source": "chicago_data_portal_pb6d-zzuh",
    "source_id": "610216",
    "retrieved": "2026-08-19",
    "subtype": "ES"
   },
   "geometry": {
    "type": "Point",
    "coordinates": [
     -87.648086,
     41.854836
    ]
   }
  },
  {
   "type": "Feature",
   "properties": {
    "name": "WARD J",
    "category": "schools",
    "source": "chicago_data_portal_pb6d-zzuh",
    "source_id": "610217",
    "retrieved": "2026-08-19",
    "subtype": "ES"
   },
   "geometry": {
    "type": "Point",
    "coordinates": [
     -87.635356,
     41.84398
    ]
   }
  },
  {
   "type": "Feature",
   "properties": {
    "name": "WARD L",
    "category": "schools",
    "source": "chicago_data_portal_pb6d-zzuh",
    "source_id": "610133",
    "retrieved": "2026-08-19",
    "subtype": "ES"
   },
   "geometry": {
    "type": "Point",
    "coordinates": [
     -87.718797,
     41.893236
    ]
   }
  },
  {
   "type": "Feature",
   "properties": {
    "name": "WARREN",
    "category": "schools",
    "source": "chicago_data_portal_pb6d-zzuh",
    "source_id": "610218",
    "retrieved": "2026-08-19",
    "subtype": "ES"
   },
   "geometry": {
    "type": "Point",
    "coordinates": [
     -87.575353,
     41.726763
    ]
   }
  },
  {
   "type": "Feature",
   "properties": {
    "name": "WASHINGTON G ES",
    "category": "schools",
    "source": "chicago_data_portal_pb6d-zzuh",
    "source_id": "610219",
    "retrieved": "2026-08-19",
    "subtype": "ES"
   },
   "geometry": {
    "type": "Point",
    "coordinates": [
     -87.536015,
     41.688131
    ]
   }
  },
  {
   "type": "Feature",
   "properties": {
    "name": "WASHINGTON H ES",
    "category": "schools",
    "source": "chicago_data_portal_pb6d-zzuh",
    "source_id": "610124",
    "retrieved": "2026-08-19",
    "subtype": "ES"
   },
   "geometry": {
    "type": "Point",
    "coordinates": [
     -87.596257,
     41.728534
    ]
   }
  },
  {
   "type": "Feature",
   "properties": {
    "name": "WASHINGTON HS",
    "category": "schools",
    "source": "chicago_data_portal_pb6d-zzuh",
    "source_id": "609739",
    "retrieved": "2026-08-19",
    "subtype": "HS"
   },
   "geometry": {
    "type": "Point",
    "coordinates": [
     -87.53757,
     41.688137
    ]
   }
  },
  {
   "type": "Feature",
   "properties": {
    "name": "WATERS",
    "category": "schools",
    "source": "chicago_data_portal_pb6d-zzuh",
    "source_id": "610220",
    "retrieved": "2026-08-19",
    "subtype": "ES"
   },
   "geometry": {
    "type": "Point",
    "coordinates": [
     -87.691333,
     41.964365
    ]
   }
  },
  {
   "type": "Feature",
   "properties": {
    "name": "WEBSTER",
    "category": "schools",
    "source": "chicago_data_portal_pb6d-zzuh",
    "source_id": "610221",
    "retrieved": "2026-08-19",
    "subtype": "ES"
   },
   "geometry": {
    "type": "Point",
    "coordinates": [
     -87.727524,
     41.869916
    ]
   }
  },
  {
   "type": "Feature",
   "properties": {
    "name": "WELLS ES",
    "category": "schools",
    "source": "chicago_data_portal_pb6d-zzuh",
    "source_id": "610110",
    "retrieved": "2026-08-19",
    "subtype": "ES"
   },
   "geometry": {
    "type": "Point",
    "coordinates": [
     -87.61978,
     41.827355
    ]
   }
  },
  {
   "type": "Feature",
   "properties": {
    "name": "WELLS HS",
    "category": "schools",
    "source": "chicago_data_portal_pb6d-zzuh",
    "source_id": "609740",
    "retrieved": "2026-08-19",
    "subtype": "HS"
   },
   "geometry": {
    "type": "Point",
    "coordinates": [
     -87.667483,
     41.898995
    ]
   }
  },
  {
   "type": "Feature",
   "properties": {
    "name": "WENTWORTH",
    "category": "schools",
    "source": "chicago_data_portal_pb6d-zzuh",
    "source_id": "610223",
    "retrieved": "2026-08-19",
    "subtype": "ES"
   },
   "geometry": {
    "type": "Point",
    "coordinates": [
     -87.658205,
     41.765076
    ]
   }
  },
  {
   "type": "Feature",
   "properties": {
    "name": "WEST PARK",
    "category": "schools",
    "source": "chicago_data_portal_pb6d-zzuh",
    "source_id": "610100",
    "retrieved": "2026-08-19",
    "subtype": "ES"
   },
   "geometry": {
    "type": "Point",
    "coordinates": [
     -87.732443,
     41.906907
    ]
   }
  },
  {
   "type": "Feature",
   "properties": {
    "name": "WEST RIDGE",
    "category": "schools",
    "source": "chicago_data_portal_pb6d-zzuh",
    "source_id": "610542",
    "retrieved": "2026-08-19",
    "subtype": "ES"
   },
   "geometry": {
    "type": "Point",
    "coordinates": [
     -87.705917,
     42.002959
    ]
   }
  },
  {
   "type": "Feature",
   "properties": {
    "name": "WESTCOTT",
    "category": "schools",
    "source": "chicago_data_portal_pb6d-zzuh",
    "source_id": "610300",
    "retrieved": "2026-08-19",
    "subtype": "ES"
   },
   "geometry": {
    "type": "Point",
    "coordinates": [
     -87.634751,
     41.748868
    ]
   }
  },
  {
   "type": "Feature",
   "properties": {
    "name": "WESTINGHOUSE HS",
    "category": "schools",
    "source": "chicago_data_portal_pb6d-zzuh",
    "source_id": "609693",
    "retrieved": "2026-08-19",
    "subtype": "HS"
   },
   "geometry": {
    "type": "Point",
    "coordinates": [
     -87.707332,
     41.889977
    ]
   }
  },
  {
   "type": "Feature",
   "properties": {
    "name": "WHISTLER",
    "category": "schools",
    "source": "chicago_data_portal_pb6d-zzuh",
    "source_id": "610225",
    "retrieved": "2026-08-19",
    "subtype": "ES"
   },
   "geometry": {
    "type": "Point",
    "coordinates": [
     -87.655384,
     41.683907
    ]
   }
  },
  {
   "type": "Feature",
   "properties": {
    "name": "WHITE",
    "category": "schools",
    "source": "chicago_data_portal_pb6d-zzuh",
    "source_id": "610315",
    "retrieved": "2026-08-19",
    "subtype": "ES"
   },
   "geometry": {
    "type": "Point",
    "coordinates": [
     -87.650539,
     41.672309
    ]
   }
  },
  {
   "type": "Feature",
   "properties": {
    "name": "WHITNEY",
    "category": "schools",
    "source": "chicago_data_portal_pb6d-zzuh",
    "source_id": "610227",
    "retrieved": "2026-08-19",
    "subtype": "ES"
   },
   "geometry": {
    "type": "Point",
    "coordinates": [
     -87.725546,
     41.84008
    ]
   }
  },
  {
   "type": "Feature",
   "properties": {
    "name": "WHITTIER",
    "category": "schools",
    "source": "chicago_data_portal_pb6d-zzuh",
    "source_id": "610228",
    "retrieved": "2026-08-19",
    "subtype": "ES"
   },
   "geometry": {
    "type": "Point",
    "coordinates": [
     -87.673392,
     41.850481
    ]
   }
  },
  {
   "type": "Feature",
   "properties": {
    "name": "WILDWOOD",
    "category": "schools",
    "source": "chicago_data_portal_pb6d-zzuh",
    "source_id": "610230",
    "retrieved": "2026-08-19",
    "subtype": "ES"
   },
   "geometry": {
    "type": "Point",
    "coordinates": [
     -87.778345,
     42.007491
    ]
   }
  },
  {
   "type": "Feature",
   "properties": {
    "name": "WILLIAMS HS",
    "category": "schools",
    "source": "chicago_data_portal_pb6d-zzuh",
    "source_id": "610380",
    "retrieved": "2026-08-19",
    "subtype": "HS"
   },
   "geometry": {
    "type": "Point",
    "coordinates": [
     -87.62503,
     41.806118
    ]
   }
  },
  {
   "type": "Feature",
   "properties": {
    "name": "WOODLAWN",
    "category": "schools",
    "source": "chicago_data_portal_pb6d-zzuh",
    "source_id": "609977",
    "retrieved": "2026-08-19",
    "subtype": "ES"
   },
   "geometry": {
    "type": "Point",
    "coordinates": [
     -87.594392,
     41.773366
    ]
   }
  },
  {
   "type": "Feature",
   "properties": {
    "name": "WOODSON",
    "category": "schools",
    "source": "chicago_data_portal_pb6d-zzuh",
    "source_id": "610345",
    "retrieved": "2026-08-19",
    "subtype": "ES"
   },
   "geometry": {
    "type": "Point",
    "coordinates": [
     -87.608419,
     41.814499
    ]
   }
  },
  {
   "type": "Feature",
   "properties": {
    "name": "WORLD LANGUAGE HS",
    "category": "schools",
    "source": "chicago_data_portal_pb6d-zzuh",
    "source_id": "610392",
    "retrieved": "2026-08-19",
    "subtype": "HS"
   },
   "geometry": {
    "type": "Point",
    "coordinates": [
     -87.735292,
     41.834397
    ]
   }
  },
  {
   "type": "Feature",
   "properties": {
    "name": "YATES",
    "category": "schools",
    "source": "chicago_data_portal_pb6d-zzuh",
    "source_id": "610234",
    "retrieved": "2026-08-19",
    "subtype": "ES"
   },
   "geometry": {
    "type": "Point",
    "coordinates": [
     -87.70028,
     41.915039
    ]
   }
  },
  {
   "type": "Feature",
   "properties": {
    "name": "YCCS - ASPIRA PANTOJA",
    "category": "schools",
    "source": "chicago_data_portal_pb6d-zzuh",
    "source_id": "400125",
    "retrieved": "2026-08-19",
    "subtype": "HS"
   },
   "geometry": {
    "type": "Point",
    "coordinates": [
     -87.727137,
     41.938187
    ]
   }
  },
  {
   "type": "Feature",
   "properties": {
    "name": "YCCS - ASSOCIATION HOUSE",
    "category": "schools",
    "source": "chicago_data_portal_pb6d-zzuh",
    "source_id": "400126",
    "retrieved": "2026-08-19",
    "subtype": "HS"
   },
   "geometry": {
    "type": "Point",
    "coordinates": [
     -87.70686,
     41.901572
    ]
   }
  },
  {
   "type": "Feature",
   "properties": {
    "name": "YCCS - CAMPOS",
    "category": "schools",
    "source": "chicago_data_portal_pb6d-zzuh",
    "source_id": "400131",
    "retrieved": "2026-08-19",
    "subtype": "HS"
   },
   "geometry": {
    "type": "Point",
    "coordinates": [
     -87.696006,
     41.90285
    ]
   }
  },
  {
   "type": "Feature",
   "properties": {
    "name": "YCCS - CCA ACADEMY",
    "category": "schools",
    "source": "chicago_data_portal_pb6d-zzuh",
    "source_id": "400128",
    "retrieved": "2026-08-19",
    "subtype": "HS"
   },
   "geometry": {
    "type": "Point",
    "coordinates": [
     -87.723662,
     41.864943
    ]
   }
  },
  {
   "type": "Feature",
   "properties": {
    "name": "YCCS - CHATHAM",
    "category": "schools",
    "source": "chicago_data_portal_pb6d-zzuh",
    "source_id": "400150",
    "retrieved": "2026-08-19",
    "subtype": "HS"
   },
   "geometry": {
    "type": "Point",
    "coordinates": [
     -87.60698,
     41.730131
    ]
   }
  },
  {
   "type": "Feature",
   "properties": {
    "name": "YCCS - INNOVATIONS",
    "category": "schools",
    "source": "chicago_data_portal_pb6d-zzuh",
    "source_id": "400133",
    "retrieved": "2026-08-19",
    "subtype": "HS"
   },
   "geometry": {
    "type": "Point",
    "coordinates": [
     -87.627734,
     41.883047
    ]
   }
  },
  {
   "type": "Feature",
   "properties": {
    "name": "YCCS - LATINO YOUTH",
    "category": "schools",
    "source": "chicago_data_portal_pb6d-zzuh",
    "source_id": "400135",
    "retrieved": "2026-08-19",
    "subtype": "HS"
   },
   "geometry": {
    "type": "Point",
    "coordinates": [
     -87.69543,
     41.854665
    ]
   }
  },
  {
   "type": "Feature",
   "properties": {
    "name": "YCCS - MCKINLEY",
    "category": "schools",
    "source": "chicago_data_portal_pb6d-zzuh",
    "source_id": "400124",
    "retrieved": "2026-08-19",
    "subtype": "HS"
   },
   "geometry": {
    "type": "Point",
    "coordinates": [
     -87.625331,
     41.841331
    ]
   }
  },
  {
   "type": "Feature",
   "properties": {
    "name": "YCCS - OLIVE HARVEY",
    "category": "schools",
    "source": "chicago_data_portal_pb6d-zzuh",
    "source_id": "400136",
    "retrieved": "2026-08-19",
    "subtype": "HS"
   },
   "geometry": {
    "type": "Point",
    "coordinates": [
     -87.592333,
     41.712922
    ]
   }
  },
  {
   "type": "Feature",
   "properties": {
    "name": "YCCS - PROGRESSIVE LEADERSHIP",
    "category": "schools",
    "source": "chicago_data_portal_pb6d-zzuh",
    "source_id": "400129",
    "retrieved": "2026-08-19",
    "subtype": "HS"
   },
   "geometry": {
    "type": "Point",
    "coordinates": [
     -87.615842,
     41.77417
    ]
   }
  },
  {
   "type": "Feature",
   "properties": {
    "name": "YCCS - SCHOLASTIC ACHIEVEMENT",
    "category": "schools",
    "source": "chicago_data_portal_pb6d-zzuh",
    "source_id": "400123",
    "retrieved": "2026-08-19",
    "subtype": "HS"
   },
   "geometry": {
    "type": "Point",
    "coordinates": [
     -87.742539,
     41.880447
    ]
   }
  },
  {
   "type": "Feature",
   "properties": {
    "name": "YCCS - SULLIVAN",
    "category": "schools",
    "source": "chicago_data_portal_pb6d-zzuh",
    "source_id": "400139",
    "retrieved": "2026-08-19",
    "subtype": "HS"
   },
   "geometry": {
    "type": "Point",
    "coordinates": [
     -87.578492,
     41.746287
    ]
   }
  },
  {
   "type": "Feature",
   "properties": {
    "name": "YCCS - TRUMAN",
    "category": "schools",
    "source": "chicago_data_portal_pb6d-zzuh",
    "source_id": "400141",
    "retrieved": "2026-08-19",
    "subtype": "HS"
   },
   "geometry": {
    "type": "Point",
    "coordinates": [
     -87.659239,
     41.965295
    ]
   }
  },
  {
   "type": "Feature",
   "properties": {
    "name": "YCCS - WEST",
    "category": "schools",
    "source": "chicago_data_portal_pb6d-zzuh",
    "source_id": "400144",
    "retrieved": "2026-08-19",
    "subtype": "HS"
   },
   "geometry": {
    "type": "Point",
    "coordinates": [
     -87.74881,
     41.90224
    ]
   }
  },
  {
   "type": "Feature",
   "properties": {
    "name": "YCCS - WEST TOWN",
    "category": "schools",
    "source": "chicago_data_portal_pb6d-zzuh",
    "source_id": "400143",
    "retrieved": "2026-08-19",
    "subtype": "HS"
   },
   "geometry": {
    "type": "Point",
    "coordinates": [
     -87.702053,
     41.890803
    ]
   }
  },
  {
   "type": "Feature",
   "properties": {
    "name": "YCCS - YOUTH CONNECTION",
    "category": "schools",
    "source": "chicago_data_portal_pb6d-zzuh",
    "source_id": "400145",
    "retrieved": "2026-08-19",
    "subtype": "HS"
   },
   "geometry": {
    "type": "Point",
    "coordinates": [
     -87.644888,
     41.857208
    ]
   }
  },
  {
   "type": "Feature",
   "properties": {
    "name": "YCCS - YOUTH DEVELOPMENT",
    "category": "schools",
    "source": "chicago_data_portal_pb6d-zzuh",
    "source_id": "400130",
    "retrieved": "2026-08-19",
    "subtype": "HS"
   },
   "geometry": {
    "type": "Point",
    "coordinates": [
     -87.641731,
     41.751377
    ]
   }
  },
  {
   "type": "Feature",
   "properties": {
    "name": "YORK HS",
    "category": "schools",
    "source": "chicago_data_portal_pb6d-zzuh",
    "source_id": "609748",
    "retrieved": "2026-08-19",
    "subtype": "HS"
   },
   "geometry": {
    "type": "Point",
    "coordinates": [
     -87.695261,
     41.842533
    ]
   }
  },
  {
   "type": "Feature",
   "properties": {
    "name": "YOUNG ES",
    "category": "schools",
    "source": "chicago_data_portal_pb6d-zzuh",
    "source_id": "610235",
    "retrieved": "2026-08-19",
    "subtype": "ES"
   },
   "geometry": {
    "type": "Point",
    "coordinates": [
     -87.767143,
     41.906791
    ]
   }
  },
  {
   "type": "Feature",
   "properties": {
    "name": "YOUNG HS",
    "category": "schools",
    "source": "chicago_data_portal_pb6d-zzuh",
    "source_id": "609755",
    "retrieved": "2026-08-19",
    "subtype": "HS"
   },
   "geometry": {
    "type": "Point",
    "coordinates": [
     -87.664233,
     41.878603
    ]
   }
  },
  {
   "type": "Feature",
   "properties": {
    "name": "ZAPATA",
    "category": "schools",
    "source": "chicago_data_portal_pb6d-zzuh",
    "source_id": "609973",
    "retrieved": "2026-08-19",
    "subtype": "ES"
   },
   "geometry": {
    "type": "Point",
    "coordinates": [
     -87.734313,
     41.841394
    ]
   }
  }
 ]
}
